s_open_time;open_time;ticker;open;high;low;close;adj_close;volume;type;ema_adj_close_200p;ema_adj_close_200p_diff;ema_close_200p;ema_close_200p_diff;rsi;previsao
2001-04-30;988588800000;MAPT3.SA;9000.0;9000.0;9000.0;9000.0;9000.0;0;stock;8776.69;2.54;8776.69;2.54;82.81;CAIR
2001-05-01;988675200000;MAPT3.SA;9000.0;9000.0;9000.0;9000.0;9000.0;0;stock;8779.25;2.51;8779.25;2.51;82.81;CAIR
2001-05-02;988761600000;MAPT3.SA;9000.0;9000.0;9000.0;9000.0;9000.0;0;stock;8781.79;2.48;8781.79;2.48;82.81;CAIR
2001-05-03;988848000000;MAPT3.SA;9000.0;9000.0;9000.0;9000.0;9000.0;0;stock;8784.29;2.46;8784.29;2.46;82.81;CAIR
2001-05-04;988934400000;MAPT3.SA;9000.0;9000.0;9000.0;9000.0;9000.0;0;stock;8786.75;2.43;8786.75;2.43;82.81;CAIR
2001-05-07;989193600000;MAPT3.SA;9000.0;9000.0;9000.0;9000.0;9000.0;0;stock;8789.19;2.4;8789.19;2.4;82.81;CAIR
2001-05-08;989280000000;MAPT3.SA;9000.0;9000.0;9000.0;9000.0;9000.0;0;stock;8791.59;2.37;8791.59;2.37;82.81;CAIR
2001-05-09;989366400000;MAPT3.SA;9000.0;9000.0;9000.0;9000.0;9000.0;0;stock;8793.97;2.34;8793.97;2.34;82.81;CAIR
2001-05-10;989452800000;MAPT3.SA;9000.0;9000.0;9000.0;9000.0;9000.0;0;stock;8796.31;2.32;8796.31;2.32;82.81;CAIR
2001-05-11;989539200000;MAPT3.SA;9000.0;9000.0;9000.0;9000.0;9000.0;0;stock;8798.62;2.29;8798.62;2.29;82.81;CAIR
2001-05-14;989798400000;MAPT3.SA;9000.0;9000.0;9000.0;9000.0;9000.0;0;stock;8800.9;2.26;8800.9;2.26;82.81;CAIR
2001-05-15;989884800000;MAPT3.SA;9000.0;9000.0;9000.0;9000.0;9000.0;0;stock;8803.16;2.24;8803.16;2.24;82.81;CAIR
2001-05-16;989971200000;MAPT3.SA;9000.0;9000.0;9000.0;9000.0;9000.0;0;stock;8805.38;2.21;8805.38;2.21;82.81;CAIR
2001-05-17;990057600000;MAPT3.SA;9000.0;9000.0;9000.0;9000.0;9000.0;0;stock;8807.58;2.18;8807.58;2.18;82.81;CAIR
2001-05-18;990144000000;MAPT3.SA;9000.0;9000.0;9000.0;9000.0;9000.0;0;stock;8809.75;2.16;8809.75;2.16;82.81;CAIR
2001-05-21;990403200000;MAPT3.SA;9000.0;9000.0;9000.0;9000.0;9000.0;0;stock;8811.9;2.13;8811.9;2.13;82.81;CAIR
2001-05-22;990489600000;MAPT3.SA;9000.0;9000.0;9000.0;9000.0;9000.0;0;stock;8814.01;2.11;8814.01;2.11;82.81;CAIR
2001-05-23;990576000000;MAPT3.SA;9000.0;9000.0;9000.0;9000.0;9000.0;0;stock;8816.1;2.09;8816.1;2.09;82.81;CAIR
2001-05-24;990662400000;MAPT3.SA;9000.0;9000.0;9000.0;9000.0;9000.0;0;stock;8818.16;2.06;8818.16;2.06;82.81;CAIR
2001-05-25;990748800000;MAPT3.SA;9000.0;9000.0;9000.0;9000.0;9000.0;0;stock;8820.2;2.04;8820.2;2.04;82.81;CAIR
2001-05-28;991008000000;MAPT3.SA;9000.0;9000.0;9000.0;9000.0;9000.0;0;stock;8822.21;2.02;8822.21;2.02;82.81;CAIR
2001-05-29;991094400000;MAPT3.SA;9000.0;9000.0;9000.0;9000.0;9000.0;0;stock;8824.2;1.99;8824.2;1.99;82.81;CAIR
2001-05-30;991180800000;MAPT3.SA;9000.0;9000.0;9000.0;9000.0;9000.0;0;stock;8826.16;1.97;8826.16;1.97;82.81;CAIR
2001-05-31;991267200000;MAPT3.SA;9000.0;9000.0;9000.0;9000.0;9000.0;0;stock;8828.1;1.95;8828.1;1.95;82.81;CAIR
2001-06-01;991353600000;MAPT3.SA;9000.0;9000.0;9000.0;9000.0;9000.0;0;stock;8830.01;1.93;8830.01;1.93;82.81;CAIR
2001-06-04;991612800000;MAPT3.SA;9000.0;9000.0;9000.0;9000.0;9000.0;0;stock;8831.9;1.9;8831.9;1.9;82.81;CAIR
2001-06-05;991699200000;MAPT3.SA;9000.0;9000.0;9000.0;9000.0;9000.0;0;stock;8833.77;1.88;8833.77;1.88;82.81;CAIR
2001-06-06;991785600000;MAPT3.SA;9000.0;9000.0;9000.0;9000.0;9000.0;0;stock;8835.62;1.86;8835.62;1.86;82.81;CAIR
2001-06-07;991872000000;MAPT3.SA;9000.0;9000.0;9000.0;9000.0;9000.0;0;stock;8837.44;1.84;8837.44;1.84;82.81;CAIR
2001-06-08;991958400000;MAPT3.SA;9000.0;9000.0;9000.0;9000.0;9000.0;0;stock;8839.24;1.82;8839.24;1.82;82.81;CAIR
2001-06-11;992217600000;MAPT3.SA;9000.0;9000.0;9000.0;9000.0;9000.0;0;stock;8841.02;1.8;8841.02;1.8;82.81;CAIR
2001-06-12;992304000000;MAPT3.SA;9000.0;9000.0;9000.0;9000.0;9000.0;0;stock;8842.77;1.78;8842.77;1.78;82.81;CAIR
2001-06-13;992390400000;MAPT3.SA;9000.0;9000.0;9000.0;9000.0;9000.0;0;stock;8844.51;1.76;8844.51;1.76;82.81;CAIR
2001-06-14;992476800000;MAPT3.SA;9000.0;9000.0;9000.0;9000.0;9000.0;0;stock;8846.22;1.74;8846.22;1.74;82.81;CAIR
2001-06-15;992563200000;MAPT3.SA;9000.0;9000.0;9000.0;9000.0;9000.0;0;stock;8847.92;1.72;8847.92;1.72;82.81;CAIR
2001-06-18;992822400000;MAPT3.SA;9000.0;9000.0;9000.0;9000.0;9000.0;0;stock;8849.59;1.7;8849.59;1.7;82.81;CAIR
2001-06-19;992908800000;MAPT3.SA;9000.0;9000.0;9000.0;9000.0;9000.0;0;stock;8851.24;1.68;8851.24;1.68;82.81;CAIR
2001-06-20;992995200000;MAPT3.SA;9000.0;9000.0;9000.0;9000.0;9000.0;0;stock;8852.87;1.66;8852.87;1.66;82.81;CAIR
2001-06-21;993081600000;MAPT3.SA;9000.0;9000.0;9000.0;9000.0;9000.0;0;stock;8854.49;1.64;8854.49;1.64;82.81;CAIR
2001-06-22;993168000000;MAPT3.SA;9000.0;9000.0;9000.0;9000.0;9000.0;0;stock;8856.08;1.63;8856.08;1.63;82.81;CAIR
2001-06-25;993427200000;MAPT3.SA;9000.0;9000.0;9000.0;9000.0;9000.0;0;stock;8857.66;1.61;8857.66;1.61;82.81;CAIR
2001-06-26;993513600000;MAPT3.SA;9000.0;9000.0;9000.0;9000.0;9000.0;0;stock;8859.21;1.59;8859.21;1.59;82.81;CAIR
2001-06-27;993600000000;MAPT3.SA;9000.0;9000.0;9000.0;9000.0;9000.0;0;stock;8860.75;1.57;8860.75;1.57;82.81;CAIR
2001-06-28;993686400000;MAPT3.SA;9000.0;9000.0;9000.0;9000.0;9000.0;0;stock;8862.27;1.55;8862.27;1.55;82.81;CAIR
2001-06-29;993772800000;MAPT3.SA;9000.0;9000.0;9000.0;9000.0;9000.0;0;stock;8863.77;1.54;8863.77;1.54;82.81;CAIR
2001-07-02;994032000000;MAPT3.SA;9000.0;9000.0;9000.0;9000.0;9000.0;0;stock;8865.25;1.52;8865.25;1.52;82.81;CAIR
2001-07-03;994118400000;MAPT3.SA;9000.0;9000.0;9000.0;9000.0;9000.0;0;stock;8866.72;1.5;8866.72;1.5;82.81;CAIR
2001-07-04;994204800000;MAPT3.SA;9000.0;9000.0;9000.0;9000.0;9000.0;0;stock;8868.17;1.49;8868.17;1.49;82.81;CAIR
2001-07-05;994291200000;MAPT3.SA;9000.0;9000.0;9000.0;9000.0;9000.0;0;stock;8869.6;1.47;8869.6;1.47;82.81;CAIR
2001-07-06;994377600000;MAPT3.SA;9000.0;9000.0;9000.0;9000.0;9000.0;0;stock;8871.01;1.45;8871.01;1.45;82.81;CAIR
2001-07-09;994636800000;MAPT3.SA;9000.0;9000.0;9000.0;9000.0;9000.0;0;stock;8872.41;1.44;8872.41;1.44;82.81;CAIR
2001-07-10;994723200000;MAPT3.SA;9000.0;9000.0;9000.0;9000.0;9000.0;0;stock;8873.79;1.42;8873.79;1.42;82.81;CAIR
2001-07-11;994809600000;MAPT3.SA;9000.0;9000.0;9000.0;9000.0;9000.0;0;stock;8875.16;1.41;8875.16;1.41;82.81;CAIR
2001-07-12;994896000000;MAPT3.SA;9000.0;9000.0;9000.0;9000.0;9000.0;0;stock;8876.51;1.39;8876.51;1.39;82.81;CAIR
2001-07-13;994982400000;MAPT3.SA;9000.0;9000.0;9000.0;9000.0;9000.0;0;stock;8877.84;1.38;8877.84;1.38;82.81;CAIR
2001-07-16;995241600000;MAPT3.SA;9000.0;9000.0;9000.0;9000.0;9000.0;0;stock;8879.16;1.36;8879.16;1.36;82.81;CAIR
2001-07-17;995328000000;MAPT3.SA;9000.0;9000.0;9000.0;9000.0;9000.0;0;stock;8880.46;1.35;8880.46;1.35;82.81;CAIR
2001-07-18;995414400000;MAPT3.SA;9000.0;9000.0;9000.0;9000.0;9000.0;0;stock;8881.75;1.33;8881.75;1.33;82.81;CAIR
2001-07-19;995500800000;MAPT3.SA;9000.0;9000.0;9000.0;9000.0;9000.0;0;stock;8883.03;1.32;8883.03;1.32;82.81;CAIR
2001-07-20;995587200000;MAPT3.SA;9000.0;9000.0;9000.0;9000.0;9000.0;0;stock;8884.28;1.3;8884.28;1.3;82.81;CAIR
2001-07-23;995846400000;MAPT3.SA;9000.0;9000.0;9000.0;9000.0;9000.0;0;stock;8885.53;1.29;8885.53;1.29;82.81;CAIR
2001-07-24;995932800000;MAPT3.SA;9000.0;9000.0;9000.0;9000.0;9000.0;0;stock;8886.76;1.27;8886.76;1.27;82.81;CAIR
2001-07-25;996019200000;MAPT3.SA;9000.0;9000.0;9000.0;9000.0;9000.0;0;stock;8887.97;1.26;8887.97;1.26;82.81;CAIR
2001-07-26;996105600000;MAPT3.SA;9000.0;9000.0;9000.0;9000.0;9000.0;0;stock;8889.18;1.25;8889.18;1.25;82.81;CAIR
2001-07-27;996192000000;MAPT3.SA;9000.0;9000.0;9000.0;9000.0;9000.0;0;stock;8890.36;1.23;8890.36;1.23;82.81;CAIR
2001-07-30;996451200000;MAPT3.SA;9000.0;9000.0;9000.0;9000.0;9000.0;0;stock;8891.54;1.22;8891.54;1.22;82.81;CAIR
2001-07-31;996537600000;MAPT3.SA;9000.0;9000.0;9000.0;9000.0;9000.0;0;stock;8892.7;1.21;8892.7;1.21;82.81;CAIR
2001-08-01;996624000000;MAPT3.SA;9000.0;9000.0;9000.0;9000.0;9000.0;0;stock;8893.84;1.19;8893.84;1.19;82.81;CAIR
2001-08-02;996710400000;MAPT3.SA;9000.0;9000.0;9000.0;9000.0;9000.0;0;stock;8894.98;1.18;8894.98;1.18;82.81;CAIR
2001-08-03;996796800000;MAPT3.SA;9000.0;9000.0;9000.0;9000.0;9000.0;0;stock;8896.1;1.17;8896.1;1.17;82.81;CAIR
2001-08-06;997056000000;MAPT3.SA;9000.0;9000.0;9000.0;9000.0;9000.0;0;stock;8897.21;1.16;8897.21;1.16;82.81;CAIR
2001-08-07;997142400000;MAPT3.SA;9000.0;9000.0;9000.0;9000.0;9000.0;0;stock;8898.3;1.14;8898.3;1.14;82.81;CAIR
2001-08-08;997228800000;MAPT3.SA;9000.0;9000.0;9000.0;9000.0;9000.0;0;stock;8899.39;1.13;8899.39;1.13;82.81;CAIR
2001-08-09;997315200000;MAPT3.SA;9000.0;9000.0;9000.0;9000.0;9000.0;0;stock;8900.46;1.12;8900.46;1.12;82.81;CAIR
2001-08-10;997401600000;MAPT3.SA;9000.0;9000.0;9000.0;9000.0;9000.0;0;stock;8901.52;1.11;8901.52;1.11;82.81;CAIR
2001-08-13;997660800000;MAPT3.SA;9000.0;9000.0;9000.0;9000.0;9000.0;0;stock;8902.56;1.09;8902.56;1.09;82.81;CAIR
2001-08-14;997747200000;MAPT3.SA;9000.0;9000.0;9000.0;9000.0;9000.0;0;stock;8903.6;1.08;8903.6;1.08;82.81;CAIR
2001-08-15;997833600000;MAPT3.SA;9000.0;9000.0;9000.0;9000.0;9000.0;0;stock;8904.62;1.07;8904.62;1.07;82.81;CAIR
2001-08-16;997920000000;MAPT3.SA;9000.0;9000.0;9000.0;9000.0;9000.0;0;stock;8905.63;1.06;8905.63;1.06;82.81;CAIR
2001-08-17;998006400000;MAPT3.SA;9000.0;9000.0;9000.0;9000.0;9000.0;0;stock;8906.63;1.05;8906.63;1.05;82.81;CAIR
2001-08-20;998265600000;MAPT3.SA;9000.0;9000.0;9000.0;9000.0;9000.0;0;stock;8907.62;1.04;8907.62;1.04;82.81;CAIR
2001-08-21;998352000000;MAPT3.SA;9000.0;9000.0;9000.0;9000.0;9000.0;0;stock;8908.6;1.03;8908.6;1.03;82.81;CAIR
2001-08-22;998438400000;MAPT3.SA;9000.0;9000.0;9000.0;9000.0;9000.0;0;stock;8909.57;1.02;8909.57;1.02;82.81;CAIR
2001-08-23;998524800000;MAPT3.SA;9000.0;9000.0;9000.0;9000.0;9000.0;0;stock;8910.52;1.0;8910.52;1.0;82.81;CAIR
2001-08-24;998611200000;MAPT3.SA;9000.0;9000.0;9000.0;9000.0;9000.0;0;stock;8911.47;0.99;8911.47;0.99;82.81;CAIR
2001-08-27;998870400000;MAPT3.SA;9000.0;9000.0;9000.0;9000.0;9000.0;0;stock;8912.4;0.98;8912.4;0.98;82.81;CAIR
2001-08-28;998956800000;MAPT3.SA;9000.0;9000.0;9000.0;9000.0;9000.0;0;stock;8913.33;0.97;8913.33;0.97;82.81;CAIR
2001-08-29;999043200000;MAPT3.SA;9000.0;9000.0;9000.0;9000.0;9000.0;0;stock;8914.24;0.96;8914.24;0.96;82.81;CAIR
2001-08-30;999129600000;MAPT3.SA;9000.0;9000.0;9000.0;9000.0;9000.0;0;stock;8915.15;0.95;8915.15;0.95;82.81;CAIR
2001-08-31;999216000000;MAPT3.SA;9000.0;9000.0;9000.0;9000.0;9000.0;0;stock;8916.04;0.94;8916.04;0.94;82.81;CAIR
2001-09-03;999475200000;MAPT3.SA;9000.0;9000.0;9000.0;9000.0;9000.0;0;stock;8916.92;0.93;8916.92;0.93;82.81;CAIR
2001-09-04;999561600000;MAPT3.SA;9000.0;9000.0;9000.0;9000.0;9000.0;0;stock;8917.8;0.92;8917.8;0.92;82.81;CAIR
2001-09-05;999648000000;MAPT3.SA;9000.0;9000.0;9000.0;9000.0;9000.0;0;stock;8918.66;0.91;8918.66;0.91;82.81;CAIR
2001-09-06;999734400000;MAPT3.SA;9000.0;9000.0;9000.0;9000.0;9000.0;0;stock;8919.52;0.9;8919.52;0.9;82.81;CAIR
2001-09-07;999820800000;MAPT3.SA;9000.0;9000.0;9000.0;9000.0;9000.0;0;stock;8920.36;0.89;8920.36;0.89;82.81;CAIR
2001-09-10;1000080000000;MAPT3.SA;9000.0;9000.0;9000.0;9000.0;9000.0;0;stock;8921.2;0.88;8921.2;0.88;82.81;CAIR
2001-09-11;1000166400000;MAPT3.SA;9000.0;9000.0;9000.0;9000.0;9000.0;0;stock;8922.03;0.87;8922.03;0.87;82.81;CAIR
2001-09-12;1000252800000;MAPT3.SA;9000.0;9000.0;9000.0;9000.0;9000.0;0;stock;8922.84;0.86;8922.84;0.86;82.81;CAIR
2001-09-13;1000339200000;MAPT3.SA;9000.0;9000.0;9000.0;9000.0;9000.0;0;stock;8923.65;0.86;8923.65;0.86;82.81;CAIR
2001-09-14;1000425600000;MAPT3.SA;9000.0;9000.0;9000.0;9000.0;9000.0;0;stock;8924.45;0.85;8924.45;0.85;82.81;CAIR
2001-09-17;1000684800000;MAPT3.SA;9000.0;9000.0;9000.0;9000.0;9000.0;0;stock;8925.24;0.84;8925.24;0.84;82.81;CAIR
2001-09-18;1000771200000;MAPT3.SA;9000.0;9000.0;9000.0;9000.0;9000.0;0;stock;8926.03;0.83;8926.03;0.83;82.81;CAIR
2001-09-19;1000857600000;MAPT3.SA;9000.0;9000.0;9000.0;9000.0;9000.0;0;stock;8926.8;0.82;8926.8;0.82;82.81;CAIR
2001-09-20;1000944000000;MAPT3.SA;9000.0;9000.0;9000.0;9000.0;9000.0;0;stock;8927.57;0.81;8927.57;0.81;82.81;CAIR
2001-09-21;1001030400000;MAPT3.SA;9000.0;9000.0;9000.0;9000.0;9000.0;0;stock;8928.32;0.8;8928.32;0.8;82.81;CAIR
2001-09-24;1001289600000;MAPT3.SA;9000.0;9000.0;9000.0;9000.0;9000.0;0;stock;8929.07;0.79;8929.07;0.79;82.81;CAIR
2001-09-25;1001376000000;MAPT3.SA;9000.0;9000.0;9000.0;9000.0;9000.0;0;stock;8929.81;0.79;8929.81;0.79;82.81;CAIR
2001-09-26;1001462400000;MAPT3.SA;9000.0;9000.0;9000.0;9000.0;9000.0;0;stock;8930.54;0.78;8930.54;0.78;82.81;CAIR
2001-09-27;1001548800000;MAPT3.SA;9000.0;9000.0;9000.0;9000.0;9000.0;0;stock;8931.27;0.77;8931.27;0.77;82.81;CAIR
2001-09-28;1001635200000;MAPT3.SA;9000.0;9000.0;9000.0;9000.0;9000.0;0;stock;8931.99;0.76;8931.99;0.76;82.81;CAIR
2001-10-01;1001894400000;MAPT3.SA;9000.0;9000.0;9000.0;9000.0;9000.0;0;stock;8932.69;0.75;8932.69;0.75;82.81;CAIR
2001-10-02;1001980800000;MAPT3.SA;9000.0;9000.0;9000.0;9000.0;9000.0;0;stock;8933.4;0.75;8933.4;0.75;82.81;CAIR
2001-10-03;1002067200000;MAPT3.SA;9000.0;9000.0;9000.0;9000.0;9000.0;0;stock;8934.09;0.74;8934.09;0.74;82.81;CAIR
2001-10-04;1002153600000;MAPT3.SA;9000.0;9000.0;9000.0;9000.0;9000.0;0;stock;8934.77;0.73;8934.77;0.73;82.81;CAIR
2001-10-05;1002240000000;MAPT3.SA;9000.0;9000.0;9000.0;9000.0;9000.0;0;stock;8935.45;0.72;8935.45;0.72;82.81;CAIR
2001-10-08;1002499200000;MAPT3.SA;9000.0;9000.0;9000.0;9000.0;9000.0;0;stock;8936.12;0.71;8936.12;0.71;82.81;CAIR
2001-10-09;1002585600000;MAPT3.SA;9000.0;9000.0;9000.0;9000.0;9000.0;0;stock;8936.79;0.71;8936.79;0.71;82.81;CAIR
2001-10-10;1002672000000;MAPT3.SA;9000.0;9000.0;9000.0;9000.0;9000.0;0;stock;8937.44;0.7;8937.44;0.7;82.81;CAIR
2001-10-11;1002758400000;MAPT3.SA;9000.0;9000.0;9000.0;9000.0;9000.0;0;stock;8938.09;0.69;8938.09;0.69;82.81;CAIR
2001-10-12;1002844800000;MAPT3.SA;9000.0;9000.0;9000.0;9000.0;9000.0;0;stock;8938.74;0.69;8938.74;0.69;82.81;CAIR
2001-10-15;1003104000000;MAPT3.SA;9000.0;9000.0;9000.0;9000.0;9000.0;0;stock;8939.37;0.68;8939.37;0.68;82.81;CAIR
2001-10-16;1003190400000;MAPT3.SA;9000.0;9000.0;9000.0;9000.0;9000.0;0;stock;8940.0;0.67;8940.0;0.67;82.81;CAIR
2001-10-17;1003276800000;MAPT3.SA;9000.0;9000.0;9000.0;9000.0;9000.0;0;stock;8940.62;0.66;8940.62;0.66;82.81;CAIR
2001-10-18;1003363200000;MAPT3.SA;9000.0;9000.0;9000.0;9000.0;9000.0;0;stock;8941.24;0.66;8941.24;0.66;82.81;CAIR
2001-10-19;1003449600000;MAPT3.SA;9000.0;9000.0;9000.0;9000.0;9000.0;0;stock;8941.85;0.65;8941.85;0.65;82.81;CAIR
2001-10-22;1003708800000;MAPT3.SA;9000.0;9000.0;9000.0;9000.0;9000.0;0;stock;8942.45;0.64;8942.45;0.64;82.81;CAIR
2001-10-23;1003795200000;MAPT3.SA;9000.0;9000.0;9000.0;9000.0;9000.0;0;stock;8943.04;0.64;8943.04;0.64;82.81;CAIR
2001-10-24;1003881600000;MAPT3.SA;9000.0;9000.0;9000.0;9000.0;9000.0;0;stock;8943.63;0.63;8943.63;0.63;82.81;CAIR
2001-10-25;1003968000000;MAPT3.SA;9000.0;9000.0;9000.0;9000.0;9000.0;0;stock;8944.22;0.62;8944.22;0.62;82.81;CAIR
2001-10-26;1004054400000;MAPT3.SA;9000.0;9000.0;9000.0;9000.0;9000.0;0;stock;8944.79;0.62;8944.79;0.62;82.81;CAIR
2001-10-29;1004313600000;MAPT3.SA;9000.0;9000.0;9000.0;9000.0;9000.0;0;stock;8945.36;0.61;8945.36;0.61;82.81;CAIR
2001-10-30;1004400000000;MAPT3.SA;9000.0;9000.0;9000.0;9000.0;9000.0;0;stock;8945.93;0.6;8945.93;0.6;82.81;CAIR
2001-10-31;1004486400000;MAPT3.SA;9000.0;9000.0;9000.0;9000.0;9000.0;0;stock;8946.48;0.6;8946.48;0.6;82.81;CAIR
2001-11-01;1004572800000;MAPT3.SA;9000.0;9000.0;9000.0;9000.0;9000.0;0;stock;8947.04;0.59;8947.04;0.59;82.81;CAIR
2001-11-02;1004659200000;MAPT3.SA;9000.0;9000.0;9000.0;9000.0;9000.0;0;stock;8947.58;0.59;8947.58;0.59;82.81;CAIR
2001-11-05;1004918400000;MAPT3.SA;9000.0;9000.0;9000.0;9000.0;9000.0;0;stock;8948.12;0.58;8948.12;0.58;82.81;CAIR
2001-11-06;1005004800000;MAPT3.SA;9000.0;9000.0;9000.0;9000.0;9000.0;0;stock;8948.66;0.57;8948.66;0.57;82.81;CAIR
2001-11-07;1005091200000;MAPT3.SA;9000.0;9000.0;9000.0;9000.0;9000.0;0;stock;8949.19;0.57;8949.19;0.57;82.81;CAIR
2001-11-08;1005177600000;MAPT3.SA;9000.0;9000.0;9000.0;9000.0;9000.0;0;stock;8949.71;0.56;8949.71;0.56;82.81;CAIR
2001-11-09;1005264000000;MAPT3.SA;9000.0;9000.0;9000.0;9000.0;9000.0;0;stock;8950.23;0.56;8950.23;0.56;82.81;CAIR
2001-11-12;1005523200000;MAPT3.SA;9000.0;9000.0;9000.0;9000.0;9000.0;0;stock;8950.74;0.55;8950.74;0.55;82.81;CAIR
2001-11-13;1005609600000;MAPT3.SA;9000.0;9000.0;9000.0;9000.0;9000.0;0;stock;8951.25;0.54;8951.25;0.54;82.81;CAIR
2001-11-14;1005696000000;MAPT3.SA;9000.0;9000.0;9000.0;9000.0;9000.0;0;stock;8951.75;0.54;8951.75;0.54;82.81;CAIR
2001-11-15;1005782400000;MAPT3.SA;9000.0;9000.0;9000.0;9000.0;9000.0;0;stock;8952.25;0.53;8952.25;0.53;82.81;CAIR
2001-11-16;1005868800000;MAPT3.SA;9000.0;9000.0;9000.0;9000.0;9000.0;0;stock;8952.74;0.53;8952.74;0.53;82.81;CAIR
2001-11-19;1006128000000;MAPT3.SA;9000.0;9000.0;9000.0;9000.0;9000.0;0;stock;8953.22;0.52;8953.22;0.52;82.81;CAIR
2001-11-20;1006214400000;MAPT3.SA;9000.0;9000.0;9000.0;9000.0;9000.0;0;stock;8953.7;0.52;8953.7;0.52;82.81;CAIR
2001-11-21;1006300800000;MAPT3.SA;9000.0;9000.0;9000.0;9000.0;9000.0;0;stock;8954.18;0.51;8954.18;0.51;82.81;CAIR
2001-11-22;1006387200000;MAPT3.SA;9000.0;9000.0;9000.0;9000.0;9000.0;0;stock;8954.65;0.51;8954.65;0.51;82.81;CAIR
2001-11-23;1006473600000;MAPT3.SA;9000.0;9000.0;9000.0;9000.0;9000.0;0;stock;8955.11;0.5;8955.11;0.5;82.81;CAIR
2001-11-26;1006732800000;MAPT3.SA;9000.0;9000.0;9000.0;9000.0;9000.0;0;stock;8955.58;0.5;8955.58;0.5;82.81;CAIR
2001-11-27;1006819200000;MAPT3.SA;9000.0;9000.0;9000.0;9000.0;9000.0;0;stock;8956.03;0.49;8956.03;0.49;82.81;CAIR
2001-11-28;1006905600000;MAPT3.SA;9000.0;9000.0;9000.0;9000.0;9000.0;0;stock;8956.48;0.49;8956.48;0.49;82.81;CAIR
2001-11-29;1006992000000;MAPT3.SA;9000.0;9000.0;9000.0;9000.0;9000.0;0;stock;8956.93;0.48;8956.93;0.48;82.81;CAIR
2001-11-30;1007078400000;MAPT3.SA;9000.0;9000.0;9000.0;9000.0;9000.0;0;stock;8957.37;0.48;8957.37;0.48;82.81;CAIR
2001-12-03;1007337600000;MAPT3.SA;9000.0;9000.0;9000.0;9000.0;9000.0;0;stock;8957.81;0.47;8957.81;0.47;82.81;CAIR
2001-12-04;1007424000000;MAPT3.SA;9000.0;9000.0;9000.0;9000.0;9000.0;0;stock;8958.24;0.47;8958.24;0.47;82.81;CAIR
2001-12-05;1007510400000;MAPT3.SA;9000.0;9000.0;9000.0;9000.0;9000.0;0;stock;8958.66;0.46;8958.66;0.46;82.81;CAIR
2001-12-06;1007596800000;MAPT3.SA;9000.0;9000.0;9000.0;9000.0;9000.0;0;stock;8959.09;0.46;8959.09;0.46;82.81;CAIR
2001-12-07;1007683200000;MAPT3.SA;9000.0;9000.0;9000.0;9000.0;9000.0;0;stock;8959.51;0.45;8959.51;0.45;82.81;CAIR
2001-12-10;1007942400000;MAPT3.SA;9000.0;9000.0;9000.0;9000.0;9000.0;0;stock;8959.92;0.45;8959.92;0.45;82.81;CAIR
2001-12-11;1008028800000;MAPT3.SA;9000.0;9000.0;9000.0;9000.0;9000.0;0;stock;8960.33;0.44;8960.33;0.44;82.81;CAIR
2001-12-12;1008115200000;MAPT3.SA;9000.0;9000.0;9000.0;9000.0;9000.0;0;stock;8960.74;0.44;8960.74;0.44;82.81;CAIR
2001-12-13;1008201600000;MAPT3.SA;9000.0;9000.0;9000.0;9000.0;9000.0;0;stock;8961.14;0.43;8961.14;0.43;82.81;CAIR
2001-12-14;1008288000000;MAPT3.SA;9000.0;9000.0;9000.0;9000.0;9000.0;0;stock;8961.54;0.43;8961.54;0.43;82.81;CAIR
2001-12-17;1008547200000;MAPT3.SA;9000.0;9000.0;9000.0;9000.0;9000.0;0;stock;8961.93;0.42;8961.93;0.42;82.81;CAIR
2001-12-18;1008633600000;MAPT3.SA;9000.0;9000.0;9000.0;9000.0;9000.0;0;stock;8962.32;0.42;8962.32;0.42;82.81;CAIR
2001-12-19;1008720000000;MAPT3.SA;9000.0;9000.0;9000.0;9000.0;9000.0;0;stock;8962.7;0.42;8962.7;0.42;82.81;CAIR
2001-12-20;1008806400000;MAPT3.SA;9000.0;9000.0;9000.0;9000.0;9000.0;0;stock;8963.08;0.41;8963.08;0.41;82.81;CAIR
2001-12-21;1008892800000;MAPT3.SA;9000.0;9000.0;9000.0;9000.0;9000.0;0;stock;8963.46;0.41;8963.46;0.41;82.81;CAIR
2001-12-24;1009152000000;MAPT3.SA;9000.0;9000.0;9000.0;9000.0;9000.0;0;stock;8963.83;0.4;8963.83;0.4;82.81;CAIR
2001-12-25;1009238400000;MAPT3.SA;9000.0;9000.0;9000.0;9000.0;9000.0;0;stock;8964.2;0.4;8964.2;0.4;82.81;CAIR
2001-12-26;1009324800000;MAPT3.SA;9000.0;9000.0;9000.0;9000.0;9000.0;0;stock;8964.57;0.4;8964.57;0.4;82.81;CAIR
2001-12-27;1009411200000;MAPT3.SA;9000.0;9000.0;9000.0;9000.0;9000.0;0;stock;8964.93;0.39;8964.93;0.39;82.81;CAIR
2001-12-28;1009497600000;MAPT3.SA;9000.0;9000.0;9000.0;9000.0;9000.0;0;stock;8965.28;0.39;8965.28;0.39;82.81;CAIR
2001-12-31;1009756800000;MAPT3.SA;9000.0;9000.0;9000.0;9000.0;9000.0;0;stock;8965.64;0.38;8965.64;0.38;82.81;CAIR
2002-01-01;1009843200000;MAPT3.SA;9000.0;9000.0;9000.0;9000.0;9000.0;0;stock;8965.99;0.38;8965.99;0.38;82.81;CAIR
2002-01-02;1009929600000;MAPT3.SA;9000.0;9000.0;9000.0;9000.0;9000.0;0;stock;8966.34;0.38;8966.34;0.38;82.81;CAIR
2002-01-03;1010016000000;MAPT3.SA;9000.0;9000.0;9000.0;9000.0;9000.0;0;stock;8966.68;0.37;8966.68;0.37;82.81;CAIR
2002-01-04;1010102400000;MAPT3.SA;9000.0;9000.0;9000.0;9000.0;9000.0;0;stock;8967.02;0.37;8967.02;0.37;82.81;CAIR
2002-01-07;1010361600000;MAPT3.SA;9000.0;9000.0;9000.0;9000.0;9000.0;0;stock;8967.35;0.36;8967.35;0.36;82.81;CAIR
2002-01-08;1010448000000;MAPT3.SA;9000.0;9000.0;9000.0;9000.0;9000.0;0;stock;8967.68;0.36;8967.68;0.36;82.81;CAIR
2002-01-09;1010534400000;MAPT3.SA;9000.0;9000.0;9000.0;9000.0;9000.0;0;stock;8968.01;0.36;8968.01;0.36;82.81;CAIR
2002-01-10;1010620800000;MAPT3.SA;9000.0;9000.0;9000.0;9000.0;9000.0;0;stock;8968.34;0.35;8968.34;0.35;82.81;CAIR
2002-01-11;1010707200000;MAPT3.SA;9000.0;9000.0;9000.0;9000.0;9000.0;0;stock;8968.66;0.35;8968.66;0.35;82.81;CAIR
2002-01-14;1010966400000;MAPT3.SA;9000.0;9000.0;9000.0;9000.0;9000.0;0;stock;8968.98;0.35;8968.98;0.35;82.81;CAIR
2002-01-15;1011052800000;MAPT3.SA;9000.0;9000.0;9000.0;9000.0;9000.0;0;stock;8969.3;0.34;8969.3;0.34;82.81;CAIR
2002-01-16;1011139200000;MAPT3.SA;9000.0;9000.0;9000.0;9000.0;9000.0;0;stock;8969.61;0.34;8969.61;0.34;82.81;CAIR
2002-01-17;1011225600000;MAPT3.SA;9000.0;9000.0;9000.0;9000.0;9000.0;0;stock;8969.92;0.34;8969.92;0.34;82.81;CAIR
2002-01-18;1011312000000;MAPT3.SA;9000.0;9000.0;9000.0;9000.0;9000.0;0;stock;8970.22;0.33;8970.22;0.33;82.81;CAIR
2002-01-21;1011571200000;MAPT3.SA;9000.0;9000.0;9000.0;9000.0;9000.0;0;stock;8970.52;0.33;8970.52;0.33;82.81;CAIR
2002-01-22;1011657600000;MAPT3.SA;9000.0;9000.0;9000.0;9000.0;9000.0;0;stock;8970.82;0.33;8970.82;0.33;82.81;CAIR
2002-01-23;1011744000000;MAPT3.SA;9000.0;9000.0;9000.0;9000.0;9000.0;0;stock;8971.12;0.32;8971.12;0.32;82.81;CAIR
2002-01-24;1011830400000;MAPT3.SA;9000.0;9000.0;9000.0;9000.0;9000.0;0;stock;8971.41;0.32;8971.41;0.32;82.81;CAIR
2002-01-25;1011916800000;MAPT3.SA;9000.0;9000.0;9000.0;9000.0;9000.0;0;stock;8971.7;0.32;8971.7;0.32;82.81;CAIR
2002-01-28;1012176000000;MAPT3.SA;9000.0;9000.0;9000.0;9000.0;9000.0;0;stock;8971.99;0.31;8971.99;0.31;82.81;CAIR
2002-01-29;1012262400000;MAPT3.SA;9000.0;9000.0;9000.0;9000.0;9000.0;0;stock;8972.27;0.31;8972.27;0.31;82.81;CAIR
2002-01-30;1012348800000;MAPT3.SA;9000.0;9000.0;9000.0;9000.0;9000.0;0;stock;8972.56;0.31;8972.56;0.31;82.81;CAIR
2002-01-31;1012435200000;MAPT3.SA;9000.0;9000.0;9000.0;9000.0;9000.0;0;stock;8972.83;0.3;8972.83;0.3;82.81;CAIR
2002-02-01;1012521600000;MAPT3.SA;9000.0;9000.0;9000.0;9000.0;9000.0;0;stock;8973.11;0.3;8973.11;0.3;82.81;CAIR
2002-02-04;1012780800000;MAPT3.SA;9000.0;9000.0;9000.0;9000.0;9000.0;0;stock;8973.38;0.3;8973.38;0.3;82.81;CAIR
2002-02-05;1012867200000;MAPT3.SA;9000.0;9000.0;9000.0;9000.0;9000.0;0;stock;8973.65;0.29;8973.65;0.29;82.81;CAIR
2002-02-06;1012953600000;MAPT3.SA;9000.0;9000.0;9000.0;9000.0;9000.0;0;stock;8973.92;0.29;8973.92;0.29;82.81;CAIR
2002-02-07;1013040000000;MAPT3.SA;9000.0;9000.0;9000.0;9000.0;9000.0;0;stock;8974.18;0.29;8974.18;0.29;82.81;CAIR
2002-02-08;1013126400000;MAPT3.SA;9000.0;9000.0;9000.0;9000.0;9000.0;0;stock;8974.44;0.28;8974.44;0.28;82.81;CAIR
2002-02-11;1013385600000;MAPT3.SA;9000.0;9000.0;9000.0;9000.0;9000.0;0;stock;8974.7;0.28;8974.7;0.28;82.81;CAIR
2002-02-12;1013472000000;MAPT3.SA;9000.0;9000.0;9000.0;9000.0;9000.0;0;stock;8974.96;0.28;8974.96;0.28;82.81;CAIR
2002-02-13;1013558400000;MAPT3.SA;9000.0;9000.0;9000.0;9000.0;9000.0;0;stock;8975.21;0.28;8975.21;0.28;82.81;CAIR
2002-02-14;1013644800000;MAPT3.SA;9000.0;9000.0;9000.0;9000.0;9000.0;0;stock;8975.46;0.27;8975.46;0.27;82.81;CAIR
2002-02-15;1013731200000;MAPT3.SA;9000.0;9000.0;9000.0;9000.0;9000.0;0;stock;8975.71;0.27;8975.71;0.27;82.81;CAIR
2002-02-18;1013990400000;MAPT3.SA;9000.0;9000.0;9000.0;9000.0;9000.0;0;stock;8975.96;0.27;8975.96;0.27;82.81;CAIR
2002-02-19;1014076800000;MAPT3.SA;9000.0;9000.0;9000.0;9000.0;9000.0;0;stock;8976.2;0.27;8976.2;0.27;82.81;CAIR
2002-02-20;1014163200000;MAPT3.SA;9000.0;9000.0;9000.0;9000.0;9000.0;0;stock;8976.44;0.26;8976.44;0.26;82.81;CAIR
2002-02-21;1014249600000;MAPT3.SA;9000.0;9000.0;9000.0;9000.0;9000.0;0;stock;8976.68;0.26;8976.68;0.26;82.81;CAIR
2002-02-22;1014336000000;MAPT3.SA;9000.0;9000.0;9000.0;9000.0;9000.0;0;stock;8976.92;0.26;8976.92;0.26;82.81;CAIR
2002-02-25;1014595200000;MAPT3.SA;9000.0;9000.0;9000.0;9000.0;9000.0;0;stock;8977.15;0.25;8977.15;0.25;82.81;CAIR
2002-02-26;1014681600000;MAPT3.SA;9000.0;9000.0;9000.0;9000.0;9000.0;0;stock;8977.38;0.25;8977.38;0.25;82.81;CAIR
2002-02-27;1014768000000;MAPT3.SA;9000.0;9000.0;9000.0;9000.0;9000.0;0;stock;8977.61;0.25;8977.61;0.25;82.81;CAIR
2002-02-28;1014854400000;MAPT3.SA;9000.0;9000.0;9000.0;9000.0;9000.0;0;stock;8977.83;0.25;8977.83;0.25;82.81;CAIR
2002-03-01;1014940800000;MAPT3.SA;9000.0;9000.0;9000.0;9000.0;9000.0;0;stock;8978.06;0.24;8978.06;0.24;82.81;CAIR
2002-03-04;1015200000000;MAPT3.SA;9000.0;9000.0;9000.0;9000.0;9000.0;0;stock;8978.28;0.24;8978.28;0.24;82.81;CAIR
2002-03-05;1015286400000;MAPT3.SA;9000.0;9000.0;9000.0;9000.0;9000.0;0;stock;8978.5;0.24;8978.5;0.24;82.81;CAIR
2002-03-06;1015372800000;MAPT3.SA;9000.0;9000.0;9000.0;9000.0;9000.0;0;stock;8978.72;0.24;8978.72;0.24;82.81;CAIR
2002-03-07;1015459200000;MAPT3.SA;9000.0;9000.0;9000.0;9000.0;9000.0;0;stock;8978.93;0.23;8978.93;0.23;82.81;CAIR
2002-03-08;1015545600000;MAPT3.SA;9000.0;9000.0;9000.0;9000.0;9000.0;0;stock;8979.14;0.23;8979.14;0.23;82.81;CAIR
2002-03-11;1015804800000;MAPT3.SA;9000.0;9000.0;9000.0;9000.0;9000.0;0;stock;8979.35;0.23;8979.35;0.23;82.81;CAIR
2002-03-12;1015891200000;MAPT3.SA;9000.0;9000.0;9000.0;9000.0;9000.0;0;stock;8979.56;0.23;8979.56;0.23;82.81;CAIR
2002-03-13;1015977600000;MAPT3.SA;9000.0;9000.0;9000.0;9000.0;9000.0;0;stock;8979.77;0.23;8979.77;0.23;82.81;CAIR
2002-03-14;1016064000000;MAPT3.SA;9000.0;9000.0;9000.0;9000.0;9000.0;0;stock;8979.97;0.22;8979.97;0.22;82.81;CAIR
2002-03-15;1016150400000;MAPT3.SA;9000.0;9000.0;9000.0;9000.0;9000.0;0;stock;8980.18;0.22;8980.18;0.22;82.81;CAIR
2002-03-18;1016409600000;MAPT3.SA;9000.0;9000.0;9000.0;9000.0;9000.0;0;stock;8980.38;0.22;8980.38;0.22;82.81;CAIR
2002-03-19;1016496000000;MAPT3.SA;9000.0;9000.0;9000.0;9000.0;9000.0;0;stock;8980.57;0.22;8980.57;0.22;82.81;CAIR
2002-03-20;1016582400000;MAPT3.SA;9000.0;9000.0;9000.0;9000.0;9000.0;0;stock;8980.77;0.21;8980.77;0.21;82.81;CAIR
2002-03-21;1016668800000;MAPT3.SA;9000.0;9000.0;9000.0;9000.0;9000.0;0;stock;8980.96;0.21;8980.96;0.21;82.81;CAIR
2002-03-22;1016755200000;MAPT3.SA;9000.0;9000.0;9000.0;9000.0;9000.0;0;stock;8981.15;0.21;8981.15;0.21;82.81;CAIR
2002-03-25;1017014400000;MAPT3.SA;9000.0;9000.0;9000.0;9000.0;9000.0;0;stock;8981.34;0.21;8981.34;0.21;82.81;CAIR
2002-03-26;1017100800000;MAPT3.SA;9000.0;9000.0;9000.0;9000.0;9000.0;0;stock;8981.53;0.21;8981.53;0.21;82.81;CAIR
2002-03-27;1017187200000;MAPT3.SA;9000.0;9000.0;9000.0;9000.0;9000.0;0;stock;8981.72;0.2;8981.72;0.2;82.81;CAIR
2002-03-28;1017273600000;MAPT3.SA;9000.0;9000.0;9000.0;9000.0;9000.0;0;stock;8981.9;0.2;8981.9;0.2;82.81;CAIR
2002-03-29;1017360000000;MAPT3.SA;9000.0;9000.0;9000.0;9000.0;9000.0;0;stock;8982.08;0.2;8982.08;0.2;82.81;CAIR
2002-04-01;1017619200000;MAPT3.SA;9000.0;9000.0;9000.0;9000.0;9000.0;0;stock;8982.27;0.2;8982.27;0.2;82.81;CAIR
2002-04-02;1017705600000;MAPT3.SA;9000.0;9000.0;9000.0;9000.0;9000.0;0;stock;8982.44;0.2;8982.44;0.2;82.81;CAIR
2002-04-03;1017792000000;MAPT3.SA;9000.0;9000.0;9000.0;9000.0;9000.0;0;stock;8982.62;0.19;8982.62;0.19;82.81;CAIR
2002-04-04;1017878400000;MAPT3.SA;9000.0;9000.0;9000.0;9000.0;9000.0;0;stock;8982.8;0.19;8982.8;0.19;82.81;CAIR
2002-04-05;1017964800000;MAPT3.SA;9000.0;9000.0;9000.0;9000.0;9000.0;0;stock;8982.97;0.19;8982.97;0.19;82.81;CAIR
2002-04-08;1018224000000;MAPT3.SA;9000.0;9000.0;9000.0;9000.0;9000.0;0;stock;8983.14;0.19;8983.14;0.19;82.81;CAIR
2002-04-09;1018310400000;MAPT3.SA;9000.0;9000.0;9000.0;9000.0;9000.0;0;stock;8983.31;0.19;8983.31;0.19;82.81;CAIR
2002-04-10;1018396800000;MAPT3.SA;9000.0;9000.0;9000.0;9000.0;9000.0;0;stock;8983.48;0.18;8983.48;0.18;82.81;CAIR
2002-04-11;1018483200000;MAPT3.SA;9000.0;9000.0;9000.0;9000.0;9000.0;0;stock;8983.64;0.18;8983.64;0.18;82.81;CAIR
2002-04-12;1018569600000;MAPT3.SA;9000.0;9000.0;9000.0;9000.0;9000.0;0;stock;8983.81;0.18;8983.81;0.18;82.81;CAIR
2002-04-15;1018828800000;MAPT3.SA;9000.0;9000.0;9000.0;9000.0;9000.0;0;stock;8983.97;0.18;8983.97;0.18;82.81;CAIR
2002-04-16;1018915200000;MAPT3.SA;9000.0;9000.0;9000.0;9000.0;9000.0;0;stock;8984.13;0.18;8984.13;0.18;82.81;CAIR
2002-04-17;1019001600000;MAPT3.SA;9000.0;9000.0;9000.0;9000.0;9000.0;0;stock;8984.29;0.17;8984.29;0.17;82.81;CAIR
2002-04-18;1019088000000;MAPT3.SA;9000.0;9000.0;9000.0;9000.0;9000.0;0;stock;8984.45;0.17;8984.45;0.17;82.81;CAIR
2002-04-19;1019174400000;MAPT3.SA;9000.0;9000.0;9000.0;9000.0;9000.0;0;stock;8984.61;0.17;8984.61;0.17;82.81;CAIR
2002-04-22;1019433600000;MAPT3.SA;9000.0;9000.0;9000.0;9000.0;9000.0;0;stock;8984.76;0.17;8984.76;0.17;82.81;CAIR
2002-04-23;1019520000000;MAPT3.SA;9000.0;9000.0;9000.0;9000.0;9000.0;0;stock;8984.92;0.17;8984.92;0.17;82.81;CAIR
2002-04-24;1019606400000;MAPT3.SA;9000.0;9000.0;9000.0;9000.0;9000.0;0;stock;8985.07;0.17;8985.07;0.17;82.81;CAIR
2002-04-25;1019692800000;MAPT3.SA;9000.0;9000.0;9000.0;9000.0;9000.0;0;stock;8985.22;0.16;8985.22;0.16;82.81;CAIR
2002-04-26;1019779200000;MAPT3.SA;9000.0;9000.0;9000.0;9000.0;9000.0;0;stock;8985.37;0.16;8985.37;0.16;82.81;CAIR
2002-04-29;1020038400000;MAPT3.SA;9000.0;9000.0;9000.0;9000.0;9000.0;0;stock;8985.51;0.16;8985.51;0.16;82.81;CAIR
2002-04-30;1020124800000;MAPT3.SA;9000.0;9000.0;9000.0;9000.0;9000.0;0;stock;8985.66;0.16;8985.66;0.16;82.81;CAIR
2002-05-01;1020211200000;MAPT3.SA;9000.0;9000.0;9000.0;9000.0;9000.0;0;stock;8985.8;0.16;8985.8;0.16;82.81;CAIR
2002-05-02;1020297600000;MAPT3.SA;9000.0;9000.0;9000.0;9000.0;9000.0;0;stock;8985.94;0.16;8985.94;0.16;82.81;CAIR
2002-05-03;1020384000000;MAPT3.SA;9000.0;9000.0;9000.0;9000.0;9000.0;0;stock;8986.09;0.15;8986.09;0.15;82.81;CAIR
2002-05-06;1020643200000;MAPT3.SA;9000.0;9000.0;9000.0;9000.0;9000.0;0;stock;8986.23;0.15;8986.23;0.15;82.81;CAIR
2002-05-07;1020729600000;MAPT3.SA;9000.0;9000.0;9000.0;9000.0;9000.0;0;stock;8986.36;0.15;8986.36;0.15;82.81;CAIR
2002-05-08;1020816000000;MAPT3.SA;9000.0;9000.0;9000.0;9000.0;9000.0;0;stock;8986.5;0.15;8986.5;0.15;82.81;CAIR
2002-05-09;1020902400000;MAPT3.SA;9000.0;9000.0;9000.0;9000.0;9000.0;0;stock;8986.64;0.15;8986.64;0.15;82.81;CAIR
2002-05-10;1020988800000;MAPT3.SA;9000.0;9000.0;9000.0;9000.0;9000.0;0;stock;8986.77;0.15;8986.77;0.15;82.81;CAIR
2002-05-13;1021248000000;MAPT3.SA;9000.0;9000.0;9000.0;9000.0;9000.0;0;stock;8986.9;0.15;8986.9;0.15;82.81;CAIR
2002-05-14;1021334400000;MAPT3.SA;9000.0;9000.0;9000.0;9000.0;9000.0;0;stock;8987.04;0.14;8987.04;0.14;82.81;CAIR
2002-05-15;1021420800000;MAPT3.SA;9000.0;9000.0;9000.0;9000.0;9000.0;0;stock;8987.17;0.14;8987.17;0.14;82.81;CAIR
2002-05-16;1021507200000;MAPT3.SA;9000.0;9000.0;9000.0;9000.0;9000.0;0;stock;8987.3;0.14;8987.3;0.14;82.81;CAIR
2002-05-17;1021593600000;MAPT3.SA;9000.0;9000.0;9000.0;9000.0;9000.0;0;stock;8987.42;0.14;8987.42;0.14;82.81;CAIR
2002-05-20;1021852800000;MAPT3.SA;9000.0;9000.0;9000.0;9000.0;9000.0;0;stock;8987.55;0.14;8987.55;0.14;82.81;CAIR
2002-05-21;1021939200000;MAPT3.SA;9000.0;9000.0;9000.0;9000.0;9000.0;0;stock;8987.67;0.14;8987.67;0.14;82.81;CAIR
2002-05-22;1022025600000;MAPT3.SA;9000.0;9000.0;9000.0;9000.0;9000.0;0;stock;8987.8;0.14;8987.8;0.14;82.81;CAIR
2002-05-23;1022112000000;MAPT3.SA;9000.0;9000.0;9000.0;9000.0;9000.0;0;stock;8987.92;0.13;8987.92;0.13;82.81;CAIR
2002-05-24;1022198400000;MAPT3.SA;9000.0;9000.0;9000.0;9000.0;9000.0;0;stock;8988.04;0.13;8988.04;0.13;82.81;CAIR
2002-05-27;1022457600000;MAPT3.SA;9000.0;9000.0;9000.0;9000.0;9000.0;0;stock;8988.16;0.13;8988.16;0.13;82.81;CAIR
2002-05-28;1022544000000;MAPT3.SA;9000.0;9000.0;9000.0;9000.0;9000.0;0;stock;8988.28;0.13;8988.28;0.13;82.81;CAIR
2002-05-29;1022630400000;MAPT3.SA;9000.0;9000.0;9000.0;9000.0;9000.0;0;stock;8988.4;0.13;8988.4;0.13;82.81;CAIR
2002-05-30;1022716800000;MAPT3.SA;9000.0;9000.0;9000.0;9000.0;9000.0;0;stock;8988.51;0.13;8988.51;0.13;82.81;CAIR
2002-05-31;1022803200000;MAPT3.SA;9000.0;9000.0;9000.0;9000.0;9000.0;0;stock;8988.63;0.13;8988.63;0.13;82.81;CAIR
2002-06-03;1023062400000;MAPT3.SA;9000.0;9000.0;9000.0;9000.0;9000.0;0;stock;8988.74;0.13;8988.74;0.13;82.81;CAIR
2002-06-04;1023148800000;MAPT3.SA;9000.0;9000.0;9000.0;9000.0;9000.0;0;stock;8988.86;0.12;8988.86;0.12;82.81;CAIR
2002-06-05;1023235200000;MAPT3.SA;9000.0;9000.0;9000.0;9000.0;9000.0;0;stock;8988.97;0.12;8988.97;0.12;82.81;CAIR
2002-06-06;1023321600000;MAPT3.SA;9000.0;9000.0;9000.0;9000.0;9000.0;0;stock;8989.08;0.12;8989.08;0.12;82.81;CAIR
2002-06-07;1023408000000;MAPT3.SA;9000.0;9000.0;9000.0;9000.0;9000.0;0;stock;8989.19;0.12;8989.19;0.12;82.81;CAIR
2002-06-10;1023667200000;MAPT3.SA;9000.0;9000.0;9000.0;9000.0;9000.0;0;stock;8989.3;0.12;8989.3;0.12;82.81;CAIR
2002-06-11;1023753600000;MAPT3.SA;9000.0;9000.0;9000.0;9000.0;9000.0;0;stock;8989.4;0.12;8989.4;0.12;82.81;CAIR
2002-06-12;1023840000000;MAPT3.SA;9000.0;9000.0;9000.0;9000.0;9000.0;0;stock;8989.51;0.12;8989.51;0.12;82.81;CAIR
2002-06-13;1023926400000;MAPT3.SA;9000.0;9000.0;9000.0;9000.0;9000.0;0;stock;8989.62;0.12;8989.62;0.12;82.81;CAIR
2002-06-14;1024012800000;MAPT3.SA;9000.0;9000.0;9000.0;9000.0;9000.0;0;stock;8989.72;0.11;8989.72;0.11;82.81;CAIR
2002-06-17;1024272000000;MAPT3.SA;9000.0;9000.0;9000.0;9000.0;9000.0;0;stock;8989.82;0.11;8989.82;0.11;82.81;CAIR
2002-06-18;1024358400000;MAPT3.SA;9000.0;9000.0;9000.0;9000.0;9000.0;0;stock;8989.92;0.11;8989.92;0.11;82.81;CAIR
2002-06-19;1024444800000;MAPT3.SA;9000.0;9000.0;9000.0;9000.0;9000.0;0;stock;8990.02;0.11;8990.02;0.11;82.81;CAIR
2002-06-20;1024531200000;MAPT3.SA;9000.0;9000.0;9000.0;9000.0;9000.0;0;stock;8990.12;0.11;8990.12;0.11;82.81;CAIR
2002-06-21;1024617600000;MAPT3.SA;2000.0;2000.0;2000.0;2000.0;2000.0;800;stock;8920.1;-77.58;8920.1;-77.58;0.0;SUBIR
2002-06-24;1024876800000;MAPT3.SA;2000.0;2000.0;2000.0;2000.0;2000.0;0;stock;8850.77;-77.4;8850.77;-77.4;0.0;SUBIR
2002-06-25;1024963200000;MAPT3.SA;2000.0;2000.0;2000.0;2000.0;2000.0;0;stock;8782.15;-77.23;8782.15;-77.23;0.0;SUBIR
2002-06-26;1025049600000;MAPT3.SA;2000.0;2000.0;2000.0;2000.0;2000.0;0;stock;8714.21;-77.05;8714.21;-77.05;0.0;SUBIR
2002-06-27;1025136000000;MAPT3.SA;2000.0;2000.0;2000.0;2000.0;2000.0;0;stock;8646.97;-76.87;8646.97;-76.87;0.0;SUBIR
2002-06-28;1025222400000;MAPT3.SA;2000.0;2000.0;2000.0;2000.0;2000.0;0;stock;8580.4;-76.69;8580.4;-76.69;0.0;SUBIR
2002-07-01;1025481600000;MAPT3.SA;2000.0;2000.0;2000.0;2000.0;2000.0;0;stock;8514.5;-76.51;8514.5;-76.51;0.0;SUBIR
2002-07-02;1025568000000;MAPT3.SA;2000.0;2000.0;2000.0;2000.0;2000.0;0;stock;8449.26;-76.33;8449.26;-76.33;0.0;SUBIR
2002-07-03;1025654400000;MAPT3.SA;2000.0;2000.0;2000.0;2000.0;2000.0;0;stock;8384.68;-76.15;8384.68;-76.15;0.0;SUBIR
2002-07-04;1025740800000;MAPT3.SA;2000.0;2000.0;2000.0;2000.0;2000.0;0;stock;8320.76;-75.96;8320.76;-75.96;0.0;SUBIR
2002-07-05;1025827200000;MAPT3.SA;2000.0;2000.0;2000.0;2000.0;2000.0;0;stock;8257.48;-75.78;8257.48;-75.78;0.0;SUBIR
2002-07-08;1026086400000;MAPT3.SA;2000.0;2000.0;2000.0;2000.0;2000.0;0;stock;8194.83;-75.59;8194.83;-75.59;0.0;SUBIR
2002-07-09;1026172800000;MAPT3.SA;2000.0;2000.0;2000.0;2000.0;2000.0;0;stock;8132.82;-75.41;8132.82;-75.41;0.0;SUBIR
2002-07-10;1026259200000;MAPT3.SA;2000.0;2000.0;2000.0;2000.0;2000.0;330;stock;8071.42;-75.22;8071.42;-75.22;0.0;SUBIR
2002-07-11;1026345600000;MAPT3.SA;2000.0;2000.0;2000.0;2000.0;2000.0;0;stock;8010.65;-75.03;8010.65;-75.03;0.0;SUBIR
2002-07-12;1026432000000;MAPT3.SA;2000.0;2000.0;2000.0;2000.0;2000.0;0;stock;7950.49;-74.84;7950.49;-74.84;0.0;SUBIR
2002-07-15;1026691200000;MAPT3.SA;2000.0;2000.0;2000.0;2000.0;2000.0;140;stock;7890.94;-74.65;7890.94;-74.65;0.0;SUBIR
2002-07-16;1026777600000;MAPT3.SA;2000.0;2000.0;2000.0;2000.0;2000.0;0;stock;7831.98;-74.46;7831.98;-74.46;0.0;SUBIR
2002-07-17;1026864000000;MAPT3.SA;2000.0;2000.0;2000.0;2000.0;2000.0;80;stock;7773.62;-74.27;7773.62;-74.27;0.0;SUBIR
2002-07-18;1026950400000;MAPT3.SA;2000.0;2000.0;2000.0;2000.0;2000.0;0;stock;7715.85;-74.08;7715.85;-74.08;0.0;SUBIR
2002-07-19;1027036800000;MAPT3.SA;2000.0;2000.0;2000.0;2000.0;2000.0;0;stock;7658.66;-73.89;7658.66;-73.89;0.0;SUBIR
2002-07-22;1027296000000;MAPT3.SA;2000.0;2000.0;2000.0;2000.0;2000.0;0;stock;7602.04;-73.69;7602.04;-73.69;0.0;SUBIR
2002-07-23;1027382400000;MAPT3.SA;2000.0;2000.0;2000.0;2000.0;2000.0;0;stock;7545.99;-73.5;7545.99;-73.5;0.0;SUBIR
2002-07-24;1027468800000;MAPT3.SA;2000.0;2000.0;2000.0;2000.0;2000.0;0;stock;7490.51;-73.3;7490.51;-73.3;0.0;SUBIR
2002-07-25;1027555200000;MAPT3.SA;2000.0;2000.0;2000.0;2000.0;2000.0;0;stock;7435.58;-73.1;7435.58;-73.1;0.0;SUBIR
2002-07-26;1027641600000;MAPT3.SA;2000.0;2000.0;2000.0;2000.0;2000.0;0;stock;7381.21;-72.9;7381.21;-72.9;0.0;SUBIR
2002-07-29;1027900800000;MAPT3.SA;2000.0;2000.0;2000.0;2000.0;2000.0;0;stock;7327.38;-72.71;7327.38;-72.71;0.0;SUBIR
2002-07-30;1027987200000;MAPT3.SA;2000.0;2000.0;2000.0;2000.0;2000.0;0;stock;7274.1;-72.51;7274.1;-72.51;0.0;SUBIR
2002-07-31;1028073600000;MAPT3.SA;2000.0;2000.0;2000.0;2000.0;2000.0;0;stock;7221.35;-72.3;7221.35;-72.3;0.0;SUBIR
2002-08-01;1028160000000;MAPT3.SA;2000.0;2000.0;2000.0;2000.0;2000.0;0;stock;7169.13;-72.1;7169.13;-72.1;0.0;SUBIR
2002-08-02;1028246400000;MAPT3.SA;2000.0;2000.0;2000.0;2000.0;2000.0;0;stock;7117.43;-71.9;7117.43;-71.9;0.0;SUBIR
2002-08-05;1028505600000;MAPT3.SA;2000.0;2000.0;2000.0;2000.0;2000.0;0;stock;7066.26;-71.7;7066.26;-71.7;0.0;SUBIR
2002-08-06;1028592000000;MAPT3.SA;2000.0;2000.0;2000.0;2000.0;2000.0;0;stock;7015.6;-71.49;7015.6;-71.49;0.0;SUBIR
2002-08-07;1028678400000;MAPT3.SA;2000.0;2000.0;2000.0;2000.0;2000.0;0;stock;6965.44;-71.29;6965.44;-71.29;0.0;SUBIR
2002-08-08;1028764800000;MAPT3.SA;2000.0;2000.0;2000.0;2000.0;2000.0;0;stock;6915.8;-71.08;6915.8;-71.08;0.0;SUBIR
2002-08-09;1028851200000;MAPT3.SA;2000.0;2000.0;2000.0;2000.0;2000.0;0;stock;6866.65;-70.87;6866.65;-70.87;0.0;SUBIR
2002-08-12;1029110400000;MAPT3.SA;2000.0;2000.0;2000.0;2000.0;2000.0;0;stock;6817.99;-70.67;6817.99;-70.67;0.0;SUBIR
2002-08-13;1029196800000;MAPT3.SA;2000.0;2000.0;2000.0;2000.0;2000.0;0;stock;6769.82;-70.46;6769.82;-70.46;0.0;SUBIR
2002-08-14;1029283200000;MAPT3.SA;2000.0;2000.0;2000.0;2000.0;2000.0;0;stock;6722.14;-70.25;6722.14;-70.25;0.0;SUBIR
2002-08-15;1029369600000;MAPT3.SA;2000.0;2000.0;2000.0;2000.0;2000.0;0;stock;6674.94;-70.04;6674.94;-70.04;0.0;SUBIR
2002-08-16;1029456000000;MAPT3.SA;2000.0;2000.0;2000.0;2000.0;2000.0;0;stock;6628.21;-69.83;6628.21;-69.83;0.0;SUBIR
2002-08-19;1029715200000;MAPT3.SA;2000.0;2000.0;2000.0;2000.0;2000.0;0;stock;6581.95;-69.61;6581.95;-69.61;0.0;SUBIR
2002-08-20;1029801600000;MAPT3.SA;2000.0;2000.0;2000.0;2000.0;2000.0;0;stock;6536.15;-69.4;6536.15;-69.4;0.0;SUBIR
2002-08-21;1029888000000;MAPT3.SA;2000.0;2000.0;2000.0;2000.0;2000.0;0;stock;6490.81;-69.19;6490.81;-69.19;0.0;SUBIR
2002-08-22;1029974400000;MAPT3.SA;2000.0;2000.0;2000.0;2000.0;2000.0;0;stock;6445.93;-68.97;6445.93;-68.97;0.0;SUBIR
2002-08-23;1030060800000;MAPT3.SA;2000.0;2000.0;2000.0;2000.0;2000.0;0;stock;6401.5;-68.76;6401.5;-68.76;0.0;SUBIR
2002-08-26;1030320000000;MAPT3.SA;2000.0;2000.0;2000.0;2000.0;2000.0;0;stock;6357.52;-68.54;6357.52;-68.54;0.0;SUBIR
2002-08-27;1030406400000;MAPT3.SA;2000.0;2000.0;2000.0;2000.0;2000.0;0;stock;6313.97;-68.32;6313.97;-68.32;0.0;SUBIR
2002-08-28;1030492800000;MAPT3.SA;2000.0;2000.0;2000.0;2000.0;2000.0;0;stock;6270.87;-68.11;6270.87;-68.11;0.0;SUBIR
2002-08-29;1030579200000;MAPT3.SA;2000.0;2000.0;2000.0;2000.0;2000.0;0;stock;6228.19;-67.89;6228.19;-67.89;0.0;SUBIR
2002-08-30;1030665600000;MAPT3.SA;2000.0;2000.0;2000.0;2000.0;2000.0;0;stock;6185.95;-67.67;6185.95;-67.67;0.0;SUBIR
2002-09-02;1030924800000;MAPT3.SA;2000.0;2000.0;2000.0;2000.0;2000.0;0;stock;6144.12;-67.45;6144.12;-67.45;0.0;SUBIR
2002-09-03;1031011200000;MAPT3.SA;2000.0;2000.0;2000.0;2000.0;2000.0;0;stock;6102.72;-67.23;6102.72;-67.23;0.0;SUBIR
2002-09-04;1031097600000;MAPT3.SA;2000.0;2000.0;2000.0;2000.0;2000.0;0;stock;6061.73;-67.01;6061.73;-67.01;0.0;SUBIR
2002-09-05;1031184000000;MAPT3.SA;2000.0;2000.0;2000.0;2000.0;2000.0;0;stock;6021.16;-66.78;6021.16;-66.78;0.0;SUBIR
2002-09-06;1031270400000;MAPT3.SA;2000.0;2000.0;2000.0;2000.0;2000.0;0;stock;5980.99;-66.56;5980.99;-66.56;0.0;SUBIR
2002-09-09;1031529600000;MAPT3.SA;2000.0;2000.0;2000.0;2000.0;2000.0;0;stock;5941.22;-66.34;5941.22;-66.34;0.0;SUBIR
2002-09-10;1031616000000;MAPT3.SA;2000.0;2000.0;2000.0;2000.0;2000.0;0;stock;5901.86;-66.11;5901.86;-66.11;0.0;SUBIR
2002-09-11;1031702400000;MAPT3.SA;2000.0;2000.0;2000.0;2000.0;2000.0;0;stock;5862.88;-65.89;5862.88;-65.89;0.0;SUBIR
2002-09-12;1031788800000;MAPT3.SA;2000.0;2000.0;2000.0;2000.0;2000.0;100;stock;5824.3;-65.66;5824.3;-65.66;0.0;SUBIR
2002-09-13;1031875200000;MAPT3.SA;2000.0;2000.0;2000.0;2000.0;2000.0;0;stock;5786.1;-65.43;5786.1;-65.43;0.0;SUBIR
2002-09-16;1032134400000;MAPT3.SA;2000.0;2000.0;2000.0;2000.0;2000.0;0;stock;5748.29;-65.21;5748.29;-65.21;0.0;SUBIR
2002-09-17;1032220800000;MAPT3.SA;2000.0;2000.0;2000.0;2000.0;2000.0;0;stock;5710.86;-64.98;5710.86;-64.98;0.0;SUBIR
2002-09-18;1032307200000;MAPT3.SA;2000.0;2000.0;2000.0;2000.0;2000.0;0;stock;5673.8;-64.75;5673.8;-64.75;0.0;SUBIR
2002-09-19;1032393600000;MAPT3.SA;2000.0;2000.0;2000.0;2000.0;2000.0;0;stock;5637.11;-64.52;5637.11;-64.52;0.0;SUBIR
2002-09-20;1032480000000;MAPT3.SA;2000.0;2000.0;2000.0;2000.0;2000.0;0;stock;5600.79;-64.29;5600.79;-64.29;0.0;SUBIR
2002-09-23;1032739200000;MAPT3.SA;2000.0;2000.0;2000.0;2000.0;2000.0;0;stock;5564.84;-64.06;5564.84;-64.06;0.0;SUBIR
2002-09-24;1032825600000;MAPT3.SA;2000.0;2000.0;2000.0;2000.0;2000.0;0;stock;5529.24;-63.83;5529.24;-63.83;0.0;SUBIR
2002-09-25;1032912000000;MAPT3.SA;2000.0;2000.0;2000.0;2000.0;2000.0;0;stock;5494.01;-63.6;5494.01;-63.6;0.0;SUBIR
2002-09-26;1032998400000;MAPT3.SA;2000.0;2000.0;2000.0;2000.0;2000.0;0;stock;5459.12;-63.36;5459.12;-63.36;0.0;SUBIR
2002-09-27;1033084800000;MAPT3.SA;2000.0;2000.0;2000.0;2000.0;2000.0;0;stock;5424.58;-63.13;5424.58;-63.13;0.0;SUBIR
2002-09-30;1033344000000;MAPT3.SA;2000.0;2000.0;2000.0;2000.0;2000.0;0;stock;5390.39;-62.9;5390.39;-62.9;0.0;SUBIR
2002-10-01;1033430400000;MAPT3.SA;2000.0;2000.0;2000.0;2000.0;2000.0;0;stock;5356.55;-62.66;5356.55;-62.66;0.0;SUBIR
2002-10-02;1033516800000;MAPT3.SA;2000.0;2000.0;2000.0;2000.0;2000.0;0;stock;5323.04;-62.43;5323.04;-62.43;0.0;SUBIR
2002-10-03;1033603200000;MAPT3.SA;2000.0;2000.0;2000.0;2000.0;2000.0;0;stock;5289.87;-62.19;5289.87;-62.19;0.0;SUBIR
2002-10-04;1033689600000;MAPT3.SA;3400.0;3400.0;3400.0;3400.0;3400.0;40;stock;5271.0;-35.5;5271.0;-35.5;98.11;ESTAVEL
2002-10-07;1033948800000;MAPT3.SA;3400.0;3400.0;3400.0;3400.0;3400.0;0;stock;5252.32;-35.27;5252.32;-35.27;98.11;ESTAVEL
2002-10-08;1034035200000;MAPT3.SA;3400.0;3400.0;3400.0;3400.0;3400.0;0;stock;5233.84;-35.04;5233.84;-35.04;98.11;ESTAVEL
2002-10-09;1034121600000;MAPT3.SA;3000.0;3000.0;3000.0;3000.0;3000.0;20;stock;5211.54;-42.44;5211.54;-42.44;72.67;ESTAVEL
2002-10-10;1034208000000;MAPT3.SA;3000.0;3000.0;3000.0;3000.0;3000.0;0;stock;5189.46;-42.19;5189.46;-42.19;72.67;ESTAVEL
2002-10-11;1034294400000;MAPT3.SA;3000.0;3000.0;3000.0;3000.0;3000.0;0;stock;5167.61;-41.95;5167.61;-41.95;72.67;ESTAVEL
2002-10-14;1034553600000;MAPT3.SA;3000.0;3000.0;3000.0;3000.0;3000.0;0;stock;5145.98;-41.7;5145.98;-41.7;72.67;ESTAVEL
2002-10-15;1034640000000;MAPT3.SA;3000.0;3000.0;3000.0;3000.0;3000.0;0;stock;5124.56;-41.46;5124.56;-41.46;72.67;ESTAVEL
2002-10-16;1034726400000;MAPT3.SA;3000.0;3000.0;3000.0;3000.0;3000.0;0;stock;5103.36;-41.22;5103.36;-41.22;72.67;ESTAVEL
2002-10-17;1034812800000;MAPT3.SA;3000.0;3000.0;3000.0;3000.0;3000.0;0;stock;5082.37;-40.97;5082.37;-40.97;72.67;ESTAVEL
2002-10-18;1034899200000;MAPT3.SA;3000.0;3000.0;3000.0;3000.0;3000.0;0;stock;5061.59;-40.73;5061.59;-40.73;72.67;ESTAVEL
2002-10-21;1035158400000;MAPT3.SA;3000.0;3000.0;3000.0;3000.0;3000.0;0;stock;5041.01;-40.49;5041.01;-40.49;72.67;ESTAVEL
2002-10-22;1035244800000;MAPT3.SA;3000.0;3000.0;3000.0;3000.0;3000.0;0;stock;5020.65;-40.25;5020.65;-40.25;72.67;ESTAVEL
2002-10-23;1035331200000;MAPT3.SA;3000.0;3000.0;3000.0;3000.0;3000.0;0;stock;5000.49;-40.01;5000.49;-40.01;72.67;ESTAVEL
2002-10-24;1035417600000;MAPT3.SA;3000.0;3000.0;3000.0;3000.0;3000.0;0;stock;4980.52;-39.77;4980.52;-39.77;72.67;ESTAVEL
2002-10-25;1035504000000;MAPT3.SA;3000.0;3000.0;3000.0;3000.0;3000.0;0;stock;4960.76;-39.53;4960.76;-39.53;72.67;ESTAVEL
2002-10-28;1035763200000;MAPT3.SA;3000.0;3000.0;3000.0;3000.0;3000.0;0;stock;4941.2;-39.29;4941.2;-39.29;72.67;ESTAVEL
2002-10-29;1035849600000;MAPT3.SA;3000.0;3000.0;3000.0;3000.0;3000.0;0;stock;4921.83;-39.05;4921.83;-39.05;72.67;ESTAVEL
2002-10-30;1035936000000;MAPT3.SA;3000.0;3000.0;3000.0;3000.0;3000.0;0;stock;4902.66;-38.81;4902.66;-38.81;72.67;ESTAVEL
2002-10-31;1036022400000;MAPT3.SA;3000.0;3000.0;3000.0;3000.0;3000.0;0;stock;4883.67;-38.57;4883.67;-38.57;72.67;ESTAVEL
2002-11-01;1036108800000;MAPT3.SA;3000.0;3000.0;3000.0;3000.0;3000.0;0;stock;4864.88;-38.33;4864.88;-38.33;72.67;ESTAVEL
2002-11-04;1036368000000;MAPT3.SA;3000.0;3000.0;3000.0;3000.0;3000.0;0;stock;4846.28;-38.1;4846.28;-38.1;72.67;ESTAVEL
2002-11-05;1036454400000;MAPT3.SA;3000.0;3000.0;3000.0;3000.0;3000.0;0;stock;4827.86;-37.86;4827.86;-37.86;72.67;ESTAVEL
2002-11-06;1036540800000;MAPT3.SA;3000.0;3000.0;3000.0;3000.0;3000.0;0;stock;4809.62;-37.63;4809.62;-37.63;72.67;ESTAVEL
2002-11-07;1036627200000;MAPT3.SA;3000.0;3000.0;3000.0;3000.0;3000.0;0;stock;4791.57;-37.39;4791.57;-37.39;72.67;ESTAVEL
2002-11-08;1036713600000;MAPT3.SA;3000.0;3000.0;3000.0;3000.0;3000.0;0;stock;4773.7;-37.16;4773.7;-37.16;72.67;ESTAVEL
2002-11-11;1036972800000;MAPT3.SA;3000.0;3000.0;3000.0;3000.0;3000.0;0;stock;4756.01;-36.92;4756.01;-36.92;72.67;ESTAVEL
2002-11-12;1037059200000;MAPT3.SA;3000.0;3000.0;3000.0;3000.0;3000.0;0;stock;4738.49;-36.69;4738.49;-36.69;72.67;ESTAVEL
2002-11-13;1037145600000;MAPT3.SA;3000.0;3000.0;3000.0;3000.0;3000.0;0;stock;4721.15;-36.46;4721.15;-36.46;72.67;ESTAVEL
2002-11-14;1037232000000;MAPT3.SA;3000.0;3000.0;3000.0;3000.0;3000.0;0;stock;4703.99;-36.22;4703.99;-36.22;72.67;ESTAVEL
2002-11-15;1037318400000;MAPT3.SA;3000.0;3000.0;3000.0;3000.0;3000.0;0;stock;4686.99;-35.99;4686.99;-35.99;72.67;ESTAVEL
2002-11-18;1037577600000;MAPT3.SA;3000.0;3000.0;3000.0;3000.0;3000.0;0;stock;4670.16;-35.76;4670.16;-35.76;72.67;ESTAVEL
2002-11-19;1037664000000;MAPT3.SA;3000.0;3000.0;3000.0;3000.0;3000.0;0;stock;4653.51;-35.53;4653.51;-35.53;72.67;ESTAVEL
2002-11-20;1037750400000;MAPT3.SA;3000.0;3000.0;3000.0;3000.0;3000.0;0;stock;4637.02;-35.3;4637.02;-35.3;72.67;ESTAVEL
2002-11-21;1037836800000;MAPT3.SA;3000.0;3000.0;3000.0;3000.0;3000.0;0;stock;4620.69;-35.07;4620.69;-35.07;72.67;ESTAVEL
2002-11-22;1037923200000;MAPT3.SA;3000.0;3000.0;3000.0;3000.0;3000.0;0;stock;4604.53;-34.85;4604.53;-34.85;72.67;ESTAVEL
2002-11-25;1038182400000;MAPT3.SA;3000.0;3000.0;3000.0;3000.0;3000.0;0;stock;4588.53;-34.62;4588.53;-34.62;72.67;ESTAVEL
2002-11-26;1038268800000;MAPT3.SA;3000.0;3000.0;3000.0;3000.0;3000.0;0;stock;4572.68;-34.39;4572.68;-34.39;72.67;ESTAVEL
2002-11-27;1038355200000;MAPT3.SA;3000.0;3000.0;3000.0;3000.0;3000.0;0;stock;4557.0;-34.17;4557.0;-34.17;72.67;ESTAVEL
2002-11-28;1038441600000;MAPT3.SA;3000.0;3000.0;3000.0;3000.0;3000.0;0;stock;4541.48;-33.94;4541.48;-33.94;72.67;ESTAVEL
2002-11-29;1038528000000;MAPT3.SA;3000.0;3000.0;3000.0;3000.0;3000.0;0;stock;4526.1;-33.72;4526.1;-33.72;72.67;ESTAVEL
2002-12-02;1038787200000;MAPT3.SA;3000.0;3000.0;3000.0;3000.0;3000.0;0;stock;4510.89;-33.49;4510.89;-33.49;72.67;ESTAVEL
2002-12-03;1038873600000;MAPT3.SA;3000.0;3000.0;3000.0;3000.0;3000.0;0;stock;4495.82;-33.27;4495.82;-33.27;72.67;ESTAVEL
2002-12-04;1038960000000;MAPT3.SA;3000.0;3000.0;3000.0;3000.0;3000.0;0;stock;4480.91;-33.05;4480.91;-33.05;72.67;ESTAVEL
2002-12-05;1039046400000;MAPT3.SA;3000.0;3000.0;3000.0;3000.0;3000.0;0;stock;4466.14;-32.83;4466.14;-32.83;72.67;ESTAVEL
2002-12-06;1039132800000;MAPT3.SA;3000.0;3000.0;3000.0;3000.0;3000.0;0;stock;4451.52;-32.61;4451.52;-32.61;72.67;ESTAVEL
2002-12-09;1039392000000;MAPT3.SA;3000.0;3000.0;3000.0;3000.0;3000.0;0;stock;4437.05;-32.39;4437.05;-32.39;72.67;ESTAVEL
2002-12-10;1039478400000;MAPT3.SA;3000.0;3000.0;3000.0;3000.0;3000.0;0;stock;4422.72;-32.17;4422.72;-32.17;72.67;ESTAVEL
2002-12-11;1039564800000;MAPT3.SA;3000.0;3000.0;3000.0;3000.0;3000.0;0;stock;4408.54;-31.95;4408.54;-31.95;72.67;ESTAVEL
2002-12-12;1039651200000;MAPT3.SA;3000.0;3000.0;3000.0;3000.0;3000.0;0;stock;4394.49;-31.73;4394.49;-31.73;72.67;ESTAVEL
2002-12-13;1039737600000;MAPT3.SA;3000.0;3000.0;3000.0;3000.0;3000.0;0;stock;4380.59;-31.52;4380.59;-31.52;72.67;ESTAVEL
2002-12-16;1039996800000;MAPT3.SA;3000.0;3000.0;3000.0;3000.0;3000.0;0;stock;4366.83;-31.3;4366.83;-31.3;72.67;ESTAVEL
2002-12-17;1040083200000;MAPT3.SA;3000.0;3000.0;3000.0;3000.0;3000.0;0;stock;4353.2;-31.09;4353.2;-31.09;72.67;ESTAVEL
2002-12-18;1040169600000;MAPT3.SA;3000.0;3000.0;3000.0;3000.0;3000.0;0;stock;4339.71;-30.87;4339.71;-30.87;72.67;ESTAVEL
2002-12-19;1040256000000;MAPT3.SA;3000.0;3000.0;3000.0;3000.0;3000.0;0;stock;4326.36;-30.66;4326.36;-30.66;72.67;ESTAVEL
2002-12-20;1040342400000;MAPT3.SA;3000.0;3000.0;3000.0;3000.0;3000.0;0;stock;4313.13;-30.44;4313.13;-30.44;72.67;ESTAVEL
2002-12-23;1040601600000;MAPT3.SA;3000.0;3000.0;3000.0;3000.0;3000.0;0;stock;4300.04;-30.23;4300.04;-30.23;72.67;ESTAVEL
2002-12-24;1040688000000;MAPT3.SA;3000.0;3000.0;3000.0;3000.0;3000.0;0;stock;4287.08;-30.02;4287.08;-30.02;72.67;ESTAVEL
2002-12-25;1040774400000;MAPT3.SA;3000.0;3000.0;3000.0;3000.0;3000.0;0;stock;4274.25;-29.81;4274.25;-29.81;72.67;ESTAVEL
2002-12-26;1040860800000;MAPT3.SA;3000.0;3000.0;3000.0;3000.0;3000.0;0;stock;4261.55;-29.6;4261.55;-29.6;72.67;ESTAVEL
2002-12-27;1040947200000;MAPT3.SA;3000.0;3000.0;3000.0;3000.0;3000.0;0;stock;4248.98;-29.39;4248.98;-29.39;72.67;ESTAVEL
2002-12-30;1041206400000;MAPT3.SA;3000.0;3000.0;3000.0;3000.0;3000.0;0;stock;4236.53;-29.19;4236.53;-29.19;72.67;ESTAVEL
2002-12-31;1041292800000;MAPT3.SA;3000.0;3000.0;3000.0;3000.0;3000.0;0;stock;4224.2;-28.98;4224.2;-28.98;72.67;ESTAVEL
2003-01-01;1041379200000;MAPT3.SA;3000.0;3000.0;3000.0;3000.0;3000.0;0;stock;4212.0;-28.77;4212.0;-28.77;72.67;ESTAVEL
2003-01-02;1041465600000;MAPT3.SA;3000.0;3000.0;3000.0;3000.0;3000.0;0;stock;4199.92;-28.57;4199.92;-28.57;72.67;ESTAVEL
2003-01-03;1041552000000;MAPT3.SA;3000.0;3000.0;3000.0;3000.0;3000.0;0;stock;4187.96;-28.37;4187.96;-28.37;72.67;ESTAVEL
2003-01-06;1041811200000;MAPT3.SA;3000.0;3000.0;3000.0;3000.0;3000.0;0;stock;4176.12;-28.16;4176.12;-28.16;72.67;ESTAVEL
2003-01-07;1041897600000;MAPT3.SA;3000.0;3000.0;3000.0;3000.0;3000.0;0;stock;4164.4;-27.96;4164.4;-27.96;72.67;ESTAVEL
2003-01-08;1041984000000;MAPT3.SA;3000.0;3000.0;3000.0;3000.0;3000.0;0;stock;4152.79;-27.76;4152.79;-27.76;72.67;ESTAVEL
2003-01-09;1042070400000;MAPT3.SA;3000.0;3000.0;3000.0;3000.0;3000.0;0;stock;4141.3;-27.56;4141.3;-27.56;72.67;ESTAVEL
2003-01-10;1042156800000;MAPT3.SA;3000.0;3000.0;3000.0;3000.0;3000.0;0;stock;4129.93;-27.36;4129.93;-27.36;72.67;ESTAVEL
2003-01-13;1042416000000;MAPT3.SA;3000.0;3000.0;3000.0;3000.0;3000.0;0;stock;4118.67;-27.16;4118.67;-27.16;72.67;ESTAVEL
2003-01-14;1042502400000;MAPT3.SA;3000.0;3000.0;3000.0;3000.0;3000.0;0;stock;4107.52;-26.96;4107.52;-26.96;72.67;ESTAVEL
2003-01-15;1042588800000;MAPT3.SA;3000.0;3000.0;3000.0;3000.0;3000.0;0;stock;4096.48;-26.77;4096.48;-26.77;72.67;ESTAVEL
2003-01-16;1042675200000;MAPT3.SA;3000.0;3000.0;3000.0;3000.0;3000.0;0;stock;4085.56;-26.57;4085.56;-26.57;72.67;ESTAVEL
2003-01-17;1042761600000;MAPT3.SA;3000.0;3000.0;3000.0;3000.0;3000.0;0;stock;4074.74;-26.38;4074.74;-26.38;72.67;ESTAVEL
2003-01-20;1043020800000;MAPT3.SA;3000.0;3000.0;3000.0;3000.0;3000.0;0;stock;4064.03;-26.18;4064.03;-26.18;72.67;ESTAVEL
2003-01-21;1043107200000;MAPT3.SA;3000.0;3000.0;3000.0;3000.0;3000.0;0;stock;4053.43;-25.99;4053.43;-25.99;72.67;ESTAVEL
2003-01-22;1043193600000;MAPT3.SA;3000.0;3000.0;3000.0;3000.0;3000.0;0;stock;4042.93;-25.8;4042.93;-25.8;72.67;ESTAVEL
2003-01-23;1043280000000;MAPT3.SA;3000.0;3000.0;3000.0;3000.0;3000.0;0;stock;4032.54;-25.61;4032.54;-25.61;72.67;ESTAVEL
2003-01-24;1043366400000;MAPT3.SA;3000.0;3000.0;3000.0;3000.0;3000.0;0;stock;4022.25;-25.41;4022.25;-25.41;72.67;ESTAVEL
2003-01-27;1043625600000;MAPT3.SA;3000.0;3000.0;3000.0;3000.0;3000.0;0;stock;4012.06;-25.23;4012.06;-25.23;72.67;ESTAVEL
2003-01-28;1043712000000;MAPT3.SA;3000.0;3000.0;3000.0;3000.0;3000.0;0;stock;4001.98;-25.04;4001.98;-25.04;72.67;ESTAVEL
2003-01-29;1043798400000;MAPT3.SA;3000.0;3000.0;3000.0;3000.0;3000.0;0;stock;3991.99;-24.85;3991.99;-24.85;72.67;ESTAVEL
2003-01-30;1043884800000;MAPT3.SA;3000.0;3000.0;3000.0;3000.0;3000.0;0;stock;3982.11;-24.66;3982.11;-24.66;72.67;ESTAVEL
2003-01-31;1043971200000;MAPT3.SA;3000.0;3000.0;3000.0;3000.0;3000.0;0;stock;3972.32;-24.48;3972.32;-24.48;72.67;ESTAVEL
2003-02-03;1044230400000;MAPT3.SA;3000.0;3000.0;3000.0;3000.0;3000.0;0;stock;3962.63;-24.29;3962.63;-24.29;72.67;ESTAVEL
2003-02-04;1044316800000;MAPT3.SA;3000.0;3000.0;3000.0;3000.0;3000.0;0;stock;3953.04;-24.11;3953.04;-24.11;72.67;ESTAVEL
2003-02-05;1044403200000;MAPT3.SA;3000.0;3000.0;3000.0;3000.0;3000.0;0;stock;3943.55;-23.93;3943.55;-23.93;72.67;ESTAVEL
2003-02-06;1044489600000;MAPT3.SA;3000.0;3000.0;3000.0;3000.0;3000.0;0;stock;3934.15;-23.74;3934.15;-23.74;72.67;ESTAVEL
2003-02-07;1044576000000;MAPT3.SA;5100.0;5100.0;5100.0;5100.0;5100.0;10;stock;3945.76;29.25;3945.76;29.25;99.97;CAIR
2003-02-10;1044835200000;MAPT3.SA;5100.0;5100.0;5100.0;5100.0;5100.0;0;stock;3957.26;28.88;3957.26;28.88;99.97;CAIR
2003-02-11;1044921600000;MAPT3.SA;5100.0;5100.0;5100.0;5100.0;5100.0;0;stock;3968.65;28.51;3968.65;28.51;99.97;CAIR
2003-02-12;1045008000000;MAPT3.SA;5100.0;5100.0;5100.0;5100.0;5100.0;0;stock;3979.92;28.14;3979.92;28.14;99.97;CAIR
2003-02-13;1045094400000;MAPT3.SA;5100.0;5100.0;5100.0;5100.0;5100.0;0;stock;3991.08;27.79;3991.08;27.79;99.97;CAIR
2003-02-14;1045180800000;MAPT3.SA;5100.0;5100.0;5100.0;5100.0;5100.0;0;stock;4002.13;27.43;4002.13;27.43;99.97;CAIR
2003-02-17;1045440000000;MAPT3.SA;5100.0;5100.0;5100.0;5100.0;5100.0;0;stock;4013.06;27.08;4013.06;27.08;99.97;CAIR
2003-02-18;1045526400000;MAPT3.SA;5100.0;5100.0;5100.0;5100.0;5100.0;0;stock;4023.89;26.74;4023.89;26.74;99.97;CAIR
2003-02-19;1045612800000;MAPT3.SA;5100.0;5100.0;5100.0;5100.0;5100.0;0;stock;4034.61;26.41;4034.61;26.41;99.97;CAIR
2003-02-20;1045699200000;MAPT3.SA;5100.0;5100.0;5100.0;5100.0;5100.0;0;stock;4045.23;26.07;4045.23;26.07;99.97;CAIR
2003-02-21;1045785600000;MAPT3.SA;2100.0;2100.0;2100.0;2100.0;2100.0;10;stock;4025.85;-47.84;4025.85;-47.84;25.03;SUBIR
2003-02-24;1046044800000;MAPT3.SA;2100.0;2100.0;2100.0;2100.0;2100.0;0;stock;4006.66;-47.59;4006.66;-47.59;25.03;SUBIR
2003-02-25;1046131200000;MAPT3.SA;2100.0;2100.0;2100.0;2100.0;2100.0;0;stock;3987.67;-47.34;3987.67;-47.34;25.03;SUBIR
2003-02-26;1046217600000;MAPT3.SA;2100.0;2100.0;2100.0;2100.0;2100.0;0;stock;3968.86;-47.09;3968.86;-47.09;25.03;SUBIR
2003-02-27;1046304000000;MAPT3.SA;2100.0;2100.0;2100.0;2100.0;2100.0;0;stock;3950.25;-46.84;3950.25;-46.84;25.03;SUBIR
2003-02-28;1046390400000;MAPT3.SA;2100.0;2100.0;2100.0;2100.0;2100.0;0;stock;3931.82;-46.59;3931.82;-46.59;25.03;SUBIR
2003-03-03;1046649600000;MAPT3.SA;2100.0;2100.0;2100.0;2100.0;2100.0;0;stock;3913.57;-46.34;3913.57;-46.34;25.03;SUBIR
2003-03-04;1046736000000;MAPT3.SA;2100.0;2100.0;2100.0;2100.0;2100.0;0;stock;3895.5;-46.09;3895.5;-46.09;25.03;SUBIR
2003-03-05;1046822400000;MAPT3.SA;2100.0;2100.0;2100.0;2100.0;2100.0;0;stock;3877.62;-45.84;3877.62;-45.84;25.03;SUBIR
2003-03-06;1046908800000;MAPT3.SA;2100.0;2100.0;2100.0;2100.0;2100.0;0;stock;3859.91;-45.59;3859.91;-45.59;25.03;SUBIR
2003-03-07;1046995200000;MAPT3.SA;2100.0;2100.0;2100.0;2100.0;2100.0;0;stock;3842.38;-45.35;3842.38;-45.35;25.03;SUBIR
2003-03-10;1047254400000;MAPT3.SA;2100.0;2100.0;2100.0;2100.0;2100.0;0;stock;3825.02;-45.1;3825.02;-45.1;25.03;SUBIR
2003-03-11;1047340800000;MAPT3.SA;2100.0;2100.0;2100.0;2100.0;2100.0;0;stock;3807.84;-44.85;3807.84;-44.85;25.03;SUBIR
2003-03-12;1047427200000;MAPT3.SA;2100.0;2100.0;2100.0;2100.0;2100.0;0;stock;3790.83;-44.6;3790.83;-44.6;25.03;SUBIR
2003-03-13;1047513600000;MAPT3.SA;2100.0;2100.0;2100.0;2100.0;2100.0;0;stock;3773.99;-44.36;3773.99;-44.36;25.03;SUBIR
2003-03-14;1047600000000;MAPT3.SA;2100.0;2100.0;2100.0;2100.0;2100.0;0;stock;3757.32;-44.11;3757.32;-44.11;25.03;SUBIR
2003-03-17;1047859200000;MAPT3.SA;2100.0;2100.0;2100.0;2100.0;2100.0;0;stock;3740.81;-43.86;3740.81;-43.86;25.03;SUBIR
2003-03-18;1047945600000;MAPT3.SA;2100.0;2100.0;2100.0;2100.0;2100.0;0;stock;3724.47;-43.62;3724.47;-43.62;25.03;SUBIR
2003-03-19;1048032000000;MAPT3.SA;2100.0;2100.0;2100.0;2100.0;2100.0;0;stock;3708.29;-43.37;3708.29;-43.37;25.03;SUBIR
2003-03-20;1048118400000;MAPT3.SA;2100.0;2100.0;2100.0;2100.0;2100.0;0;stock;3692.27;-43.12;3692.27;-43.12;25.03;SUBIR
2003-03-21;1048204800000;MAPT3.SA;2100.0;2100.0;2100.0;2100.0;2100.0;0;stock;3676.41;-42.88;3676.41;-42.88;25.03;SUBIR
2003-03-24;1048464000000;MAPT3.SA;2100.0;2100.0;2100.0;2100.0;2100.0;0;stock;3660.71;-42.63;3660.71;-42.63;25.03;SUBIR
2003-03-25;1048550400000;MAPT3.SA;2100.0;2100.0;2100.0;2100.0;2100.0;0;stock;3645.16;-42.39;3645.16;-42.39;25.03;SUBIR
2003-03-26;1048636800000;MAPT3.SA;2100.0;2100.0;2100.0;2100.0;2100.0;0;stock;3629.78;-42.15;3629.78;-42.15;25.03;SUBIR
2003-03-27;1048723200000;MAPT3.SA;2100.0;2100.0;2100.0;2100.0;2100.0;0;stock;3614.54;-41.9;3614.54;-41.9;25.03;SUBIR
2003-03-28;1048809600000;MAPT3.SA;2100.0;2100.0;2100.0;2100.0;2100.0;0;stock;3599.46;-41.66;3599.46;-41.66;25.03;SUBIR
2003-03-31;1049068800000;MAPT3.SA;2100.0;2100.0;2100.0;2100.0;2100.0;0;stock;3584.52;-41.41;3584.52;-41.41;25.03;SUBIR
2003-04-01;1049155200000;MAPT3.SA;2100.0;2100.0;2100.0;2100.0;2100.0;0;stock;3569.74;-41.17;3569.74;-41.17;25.03;SUBIR
2003-04-02;1049241600000;MAPT3.SA;2100.0;2100.0;2100.0;2100.0;2100.0;0;stock;3555.1;-40.93;3555.1;-40.93;25.03;SUBIR
2003-04-03;1049328000000;MAPT3.SA;2100.0;2100.0;2100.0;2100.0;2100.0;0;stock;3540.61;-40.69;3540.61;-40.69;25.03;SUBIR
2003-04-04;1049414400000;MAPT3.SA;2100.0;2100.0;2100.0;2100.0;2100.0;0;stock;3526.26;-40.45;3526.26;-40.45;25.03;SUBIR
2003-04-07;1049673600000;MAPT3.SA;2100.0;2100.0;2100.0;2100.0;2100.0;0;stock;3512.06;-40.21;3512.06;-40.21;25.03;SUBIR
2003-04-08;1049760000000;MAPT3.SA;2100.0;2100.0;2100.0;2100.0;2100.0;0;stock;3498.0;-39.97;3498.0;-39.97;25.03;SUBIR
2003-04-09;1049846400000;MAPT3.SA;2100.0;2100.0;2100.0;2100.0;2100.0;0;stock;3484.07;-39.73;3484.07;-39.73;25.03;SUBIR
2003-04-10;1049932800000;MAPT3.SA;2100.0;2100.0;2100.0;2100.0;2100.0;0;stock;3470.29;-39.49;3470.29;-39.49;25.03;SUBIR
2003-04-11;1050019200000;MAPT3.SA;2100.0;2100.0;2100.0;2100.0;2100.0;0;stock;3456.64;-39.25;3456.64;-39.25;25.03;SUBIR
2003-04-14;1050278400000;MAPT3.SA;2100.0;2100.0;2100.0;2100.0;2100.0;0;stock;3443.13;-39.01;3443.13;-39.01;25.03;SUBIR
2003-04-15;1050364800000;MAPT3.SA;2100.0;2100.0;2100.0;2100.0;2100.0;0;stock;3429.76;-38.77;3429.76;-38.77;25.03;SUBIR
2003-04-16;1050451200000;MAPT3.SA;2100.0;2100.0;2100.0;2100.0;2100.0;0;stock;3416.52;-38.53;3416.52;-38.53;25.03;SUBIR
2003-04-17;1050537600000;MAPT3.SA;2100.0;2100.0;2100.0;2100.0;2100.0;0;stock;3403.41;-38.3;3403.41;-38.3;25.03;SUBIR
2003-04-18;1050624000000;MAPT3.SA;2100.0;2100.0;2100.0;2100.0;2100.0;0;stock;3390.43;-38.06;3390.43;-38.06;25.03;SUBIR
2003-04-21;1050883200000;MAPT3.SA;2100.0;2100.0;2100.0;2100.0;2100.0;0;stock;3377.58;-37.83;3377.58;-37.83;25.03;SUBIR
2003-04-22;1050969600000;MAPT3.SA;6000.0;6000.0;6000.0;6000.0;6000.0;30;stock;3403.69;76.28;3403.69;76.28;96.73;CAIR
2003-04-23;1051056000000;MAPT3.SA;6000.0;6000.0;6000.0;6000.0;6000.0;0;stock;3429.54;74.95;3429.54;74.95;96.73;CAIR
2003-04-24;1051142400000;MAPT3.SA;6000.0;6000.0;6000.0;6000.0;6000.0;0;stock;3455.14;73.65;3455.14;73.65;96.73;CAIR
2003-04-25;1051228800000;MAPT3.SA;6000.0;6000.0;6000.0;6000.0;6000.0;0;stock;3480.48;72.39;3480.48;72.39;96.73;CAIR
2003-04-28;1051488000000;MAPT3.SA;6000.0;6000.0;6000.0;6000.0;6000.0;0;stock;3505.57;71.16;3505.57;71.16;96.73;CAIR
2003-04-29;1051574400000;MAPT3.SA;6000.0;6000.0;6000.0;6000.0;6000.0;0;stock;3530.41;69.95;3530.41;69.95;96.73;CAIR
2003-04-30;1051660800000;MAPT3.SA;6000.0;6000.0;6000.0;6000.0;6000.0;0;stock;3555.0;68.78;3555.0;68.78;96.73;CAIR
2003-05-01;1051747200000;MAPT3.SA;6000.0;6000.0;6000.0;6000.0;6000.0;0;stock;3579.34;67.63;3579.34;67.63;96.73;CAIR
2003-05-02;1051833600000;MAPT3.SA;6000.0;6000.0;6000.0;6000.0;6000.0;0;stock;3603.45;66.51;3603.45;66.51;96.73;CAIR
2003-05-05;1052092800000;MAPT3.SA;6000.0;6000.0;6000.0;6000.0;6000.0;0;stock;3627.31;65.41;3627.31;65.41;96.73;CAIR
2003-05-06;1052179200000;MAPT3.SA;6000.0;6000.0;6000.0;6000.0;6000.0;0;stock;3650.94;64.34;3650.94;64.34;96.73;CAIR
2003-05-07;1052265600000;MAPT3.SA;6000.0;6000.0;6000.0;6000.0;6000.0;0;stock;3674.33;63.3;3674.33;63.3;96.73;CAIR
2003-05-08;1052352000000;MAPT3.SA;6000.0;6000.0;6000.0;6000.0;6000.0;0;stock;3697.48;62.27;3697.48;62.27;96.73;CAIR
2003-05-09;1052438400000;MAPT3.SA;6000.0;6000.0;6000.0;6000.0;6000.0;0;stock;3720.41;61.27;3720.41;61.27;96.73;CAIR
2003-05-12;1052697600000;MAPT3.SA;6000.0;6000.0;6000.0;6000.0;6000.0;0;stock;3743.11;60.29;3743.11;60.29;96.73;CAIR
2003-05-13;1052784000000;MAPT3.SA;6000.0;6000.0;6000.0;6000.0;6000.0;0;stock;3765.58;59.34;3765.58;59.34;96.73;CAIR
2003-05-14;1052870400000;MAPT3.SA;6000.0;6000.0;6000.0;6000.0;6000.0;0;stock;3787.83;58.4;3787.83;58.4;96.73;CAIR
2003-05-15;1052956800000;MAPT3.SA;6000.0;6000.0;6000.0;6000.0;6000.0;0;stock;3809.85;57.49;3809.85;57.49;96.73;CAIR
2003-05-16;1053043200000;MAPT3.SA;6000.0;6000.0;6000.0;6000.0;6000.0;0;stock;3831.66;56.59;3831.66;56.59;96.73;CAIR
2003-05-19;1053302400000;MAPT3.SA;6000.0;6000.0;6000.0;6000.0;6000.0;0;stock;3853.25;55.71;3853.25;55.71;96.73;CAIR
2003-05-20;1053388800000;MAPT3.SA;6000.0;6000.0;6000.0;6000.0;6000.0;0;stock;3874.62;54.85;3874.62;54.85;96.73;CAIR
2003-05-21;1053475200000;MAPT3.SA;4400.0;4400.0;4400.0;4400.0;4400.0;50;stock;3879.86;13.41;3879.86;13.41;33.82;ESTAVEL
2003-05-22;1053561600000;MAPT3.SA;4400.0;4400.0;4400.0;4400.0;4400.0;0;stock;3885.03;13.26;3885.03;13.26;33.82;ESTAVEL
2003-05-23;1053648000000;MAPT3.SA;4400.0;4400.0;4400.0;4400.0;4400.0;0;stock;3890.16;13.11;3890.16;13.11;33.82;ESTAVEL
2003-05-26;1053907200000;MAPT3.SA;4400.0;4400.0;4400.0;4400.0;4400.0;0;stock;3895.24;12.96;3895.24;12.96;33.82;ESTAVEL
2003-05-27;1053993600000;MAPT3.SA;4400.0;4400.0;4400.0;4400.0;4400.0;0;stock;3900.26;12.81;3900.26;12.81;33.82;ESTAVEL
2003-05-28;1054080000000;MAPT3.SA;4400.0;4400.0;4400.0;4400.0;4400.0;0;stock;3905.24;12.67;3905.24;12.67;33.82;ESTAVEL
2003-05-29;1054166400000;MAPT3.SA;4400.0;4400.0;4400.0;4400.0;4400.0;0;stock;3910.16;12.53;3910.16;12.53;33.82;ESTAVEL
2003-05-30;1054252800000;MAPT3.SA;4400.0;4400.0;4400.0;4400.0;4400.0;0;stock;3915.04;12.39;3915.04;12.39;33.82;ESTAVEL
2003-06-02;1054512000000;MAPT3.SA;4300.0;4300.0;4300.0;4300.0;4300.0;20;stock;3918.87;9.73;3918.87;9.73;31.5;ESTAVEL
2003-06-03;1054598400000;MAPT3.SA;4300.0;4300.0;4300.0;4300.0;4300.0;0;stock;3922.67;9.62;3922.67;9.62;31.5;ESTAVEL
2003-06-04;1054684800000;MAPT3.SA;4300.0;4300.0;4300.0;4300.0;4300.0;0;stock;3926.42;9.51;3926.42;9.51;31.5;ESTAVEL
2003-06-05;1054771200000;MAPT3.SA;4300.0;4300.0;4300.0;4300.0;4300.0;20;stock;3930.14;9.41;3930.14;9.41;31.5;ESTAVEL
2003-06-06;1054857600000;MAPT3.SA;4300.0;4300.0;4300.0;4300.0;4300.0;0;stock;3933.83;9.31;3933.83;9.31;31.5;ESTAVEL
2003-06-09;1055116800000;MAPT3.SA;4300.0;4300.0;4300.0;4300.0;4300.0;0;stock;3937.47;9.21;3937.47;9.21;31.5;ESTAVEL
2003-06-10;1055203200000;MAPT3.SA;4300.0;4300.0;4300.0;4300.0;4300.0;0;stock;3941.08;9.11;3941.08;9.11;31.5;ESTAVEL
2003-06-11;1055289600000;MAPT3.SA;4300.0;4300.0;4300.0;4300.0;4300.0;0;stock;3944.65;9.01;3944.65;9.01;31.5;ESTAVEL
2003-06-12;1055376000000;MAPT3.SA;4300.0;4300.0;4300.0;4300.0;4300.0;0;stock;3948.19;8.91;3948.19;8.91;31.5;ESTAVEL
2003-06-13;1055462400000;MAPT3.SA;4300.0;4300.0;4300.0;4300.0;4300.0;0;stock;3951.69;8.81;3951.69;8.81;31.5;ESTAVEL
2003-06-16;1055721600000;MAPT3.SA;4300.0;4300.0;4300.0;4300.0;4300.0;0;stock;3955.16;8.72;3955.16;8.72;31.5;ESTAVEL
2003-06-17;1055808000000;MAPT3.SA;4300.0;4300.0;4300.0;4300.0;4300.0;0;stock;3958.6;8.62;3958.6;8.62;31.5;ESTAVEL
2003-06-18;1055894400000;MAPT3.SA;4300.0;4300.0;4300.0;4300.0;4300.0;0;stock;3961.99;8.53;3961.99;8.53;31.5;ESTAVEL
2003-06-19;1055980800000;MAPT3.SA;4300.0;4300.0;4300.0;4300.0;4300.0;0;stock;3965.36;8.44;3965.36;8.44;31.5;ESTAVEL
2003-06-20;1056067200000;MAPT3.SA;4300.0;4300.0;4300.0;4300.0;4300.0;0;stock;3968.69;8.35;3968.69;8.35;31.5;ESTAVEL
2003-06-23;1056326400000;MAPT3.SA;4300.0;4300.0;4300.0;4300.0;4300.0;0;stock;3971.99;8.26;3971.99;8.26;31.5;ESTAVEL
2003-06-24;1056412800000;MAPT3.SA;4300.0;4300.0;4300.0;4300.0;4300.0;0;stock;3975.25;8.17;3975.25;8.17;31.5;ESTAVEL
2003-06-25;1056499200000;MAPT3.SA;4300.0;4300.0;4300.0;4300.0;4300.0;0;stock;3978.49;8.08;3978.49;8.08;31.5;ESTAVEL
2003-06-26;1056585600000;MAPT3.SA;4300.0;4300.0;4300.0;4300.0;4300.0;0;stock;3981.69;7.99;3981.69;7.99;31.5;ESTAVEL
2003-06-27;1056672000000;MAPT3.SA;4300.0;4300.0;4300.0;4300.0;4300.0;0;stock;3984.86;7.91;3984.86;7.91;31.5;ESTAVEL
2003-06-30;1056931200000;MAPT3.SA;4300.0;4300.0;4300.0;4300.0;4300.0;0;stock;3987.99;7.82;3987.99;7.82;31.5;ESTAVEL
2003-07-01;1057017600000;MAPT3.SA;4300.0;4300.0;4300.0;4300.0;4300.0;0;stock;3991.1;7.74;3991.1;7.74;31.5;ESTAVEL
2003-07-02;1057104000000;MAPT3.SA;4300.0;4300.0;4300.0;4300.0;4300.0;0;stock;3994.17;7.66;3994.17;7.66;31.5;ESTAVEL
2003-07-03;1057190400000;MAPT3.SA;4300.0;4300.0;4300.0;4300.0;4300.0;0;stock;3997.22;7.57;3997.22;7.57;31.5;ESTAVEL
2003-07-04;1057276800000;MAPT3.SA;4300.0;4300.0;4300.0;4300.0;4300.0;0;stock;4000.23;7.49;4000.23;7.49;31.5;ESTAVEL
2003-07-07;1057536000000;MAPT3.SA;4300.0;4300.0;4300.0;4300.0;4300.0;0;stock;4003.22;7.41;4003.22;7.41;31.5;ESTAVEL
2003-07-08;1057622400000;MAPT3.SA;4300.0;4300.0;4300.0;4300.0;4300.0;0;stock;4006.17;7.33;4006.17;7.33;31.5;ESTAVEL
2003-07-09;1057708800000;MAPT3.SA;4300.0;4300.0;4300.0;4300.0;4300.0;0;stock;4009.1;7.26;4009.1;7.26;31.5;ESTAVEL
2003-07-10;1057795200000;MAPT3.SA;4300.0;4300.0;4300.0;4300.0;4300.0;0;stock;4011.99;7.18;4011.99;7.18;31.5;ESTAVEL
2003-07-11;1057881600000;MAPT3.SA;4300.0;4300.0;4300.0;4300.0;4300.0;0;stock;4014.86;7.1;4014.86;7.1;31.5;ESTAVEL
2003-07-14;1058140800000;MAPT3.SA;4300.0;4300.0;4300.0;4300.0;4300.0;0;stock;4017.7;7.03;4017.7;7.03;31.5;ESTAVEL
2003-07-15;1058227200000;MAPT3.SA;4300.0;4300.0;4300.0;4300.0;4300.0;0;stock;4020.51;6.95;4020.51;6.95;31.5;ESTAVEL
2003-07-16;1058313600000;MAPT3.SA;4300.0;4300.0;4300.0;4300.0;4300.0;0;stock;4023.29;6.88;4023.29;6.88;31.5;ESTAVEL
2003-07-17;1058400000000;MAPT3.SA;4300.0;4300.0;4300.0;4300.0;4300.0;0;stock;4026.04;6.8;4026.04;6.8;31.5;ESTAVEL
2003-07-18;1058486400000;MAPT3.SA;4300.0;4300.0;4300.0;4300.0;4300.0;0;stock;4028.77;6.73;4028.77;6.73;31.5;ESTAVEL
2003-07-21;1058745600000;MAPT3.SA;4300.0;4300.0;4300.0;4300.0;4300.0;0;stock;4031.47;6.66;4031.47;6.66;31.5;ESTAVEL
2003-07-22;1058832000000;MAPT3.SA;4300.0;4300.0;4300.0;4300.0;4300.0;0;stock;4034.14;6.59;4034.14;6.59;31.5;ESTAVEL
2003-07-23;1058918400000;MAPT3.SA;4300.0;4300.0;4300.0;4300.0;4300.0;0;stock;4036.79;6.52;4036.79;6.52;31.5;ESTAVEL
2003-07-24;1059004800000;MAPT3.SA;4300.0;4300.0;4300.0;4300.0;4300.0;0;stock;4039.41;6.45;4039.41;6.45;31.5;ESTAVEL
2003-07-25;1059091200000;MAPT3.SA;4300.0;4300.0;4300.0;4300.0;4300.0;0;stock;4042.0;6.38;4042.0;6.38;31.5;ESTAVEL
2003-07-28;1059350400000;MAPT3.SA;4300.0;4300.0;4300.0;4300.0;4300.0;10;stock;4044.57;6.32;4044.57;6.32;31.5;ESTAVEL
2003-07-29;1059436800000;MAPT3.SA;3600.0;3600.0;3600.0;3600.0;3600.0;20;stock;4040.15;-10.89;4040.15;-10.89;2.86;SUBIR
2003-07-30;1059523200000;MAPT3.SA;3600.0;3600.0;3600.0;3600.0;3600.0;0;stock;4035.77;-10.8;4035.77;-10.8;2.86;SUBIR
2003-07-31;1059609600000;MAPT3.SA;3600.0;3600.0;3600.0;3600.0;3600.0;0;stock;4031.43;-10.7;4031.43;-10.7;2.86;SUBIR
2003-08-01;1059696000000;MAPT3.SA;3600.0;3600.0;3600.0;3600.0;3600.0;0;stock;4027.13;-10.61;4027.13;-10.61;2.86;SUBIR
2003-08-04;1059955200000;MAPT3.SA;3600.0;3600.0;3600.0;3600.0;3600.0;0;stock;4022.88;-10.51;4022.88;-10.51;2.86;SUBIR
2003-08-05;1060041600000;MAPT3.SA;3600.0;3600.0;3600.0;3600.0;3600.0;0;stock;4018.67;-10.42;4018.67;-10.42;2.86;SUBIR
2003-08-06;1060128000000;MAPT3.SA;3600.0;3600.0;3600.0;3600.0;3600.0;0;stock;4014.51;-10.33;4014.51;-10.33;2.86;SUBIR
2003-08-07;1060214400000;MAPT3.SA;3600.0;3600.0;3600.0;3600.0;3600.0;0;stock;4010.38;-10.23;4010.38;-10.23;2.86;SUBIR
2003-08-08;1060300800000;MAPT3.SA;3600.0;3600.0;3600.0;3600.0;3600.0;0;stock;4006.3;-10.14;4006.3;-10.14;2.86;SUBIR
2003-08-11;1060560000000;MAPT3.SA;3600.0;3600.0;3600.0;3600.0;3600.0;0;stock;4002.25;-10.05;4002.25;-10.05;2.86;SUBIR
2003-08-12;1060646400000;MAPT3.SA;3600.0;3600.0;3600.0;3600.0;3600.0;0;stock;3998.25;-9.96;3998.25;-9.96;2.86;SUBIR
2003-08-13;1060732800000;MAPT3.SA;3600.0;3600.0;3600.0;3600.0;3600.0;0;stock;3994.28;-9.87;3994.28;-9.87;2.86;SUBIR
2003-08-14;1060819200000;MAPT3.SA;3600.0;3600.0;3600.0;3600.0;3600.0;0;stock;3990.36;-9.78;3990.36;-9.78;2.86;SUBIR
2003-08-15;1060905600000;MAPT3.SA;3600.0;3600.0;3600.0;3600.0;3600.0;0;stock;3986.47;-9.69;3986.47;-9.69;2.86;SUBIR
2003-08-18;1061164800000;MAPT3.SA;3600.0;3600.0;3600.0;3600.0;3600.0;0;stock;3982.63;-9.61;3982.63;-9.61;2.86;SUBIR
2003-08-19;1061251200000;MAPT3.SA;3600.0;3600.0;3600.0;3600.0;3600.0;0;stock;3978.82;-9.52;3978.82;-9.52;2.86;SUBIR
2003-08-20;1061337600000;MAPT3.SA;3600.0;3600.0;3600.0;3600.0;3600.0;0;stock;3975.05;-9.44;3975.05;-9.44;2.86;SUBIR
2003-08-21;1061424000000;MAPT3.SA;3600.0;3600.0;3600.0;3600.0;3600.0;0;stock;3971.31;-9.35;3971.31;-9.35;2.86;SUBIR
2003-08-22;1061510400000;MAPT3.SA;3600.0;3600.0;3600.0;3600.0;3600.0;0;stock;3967.62;-9.27;3967.62;-9.27;2.86;SUBIR
2003-08-25;1061769600000;MAPT3.SA;4600.0;4600.0;4600.0;4600.0;4600.0;20;stock;3973.91;15.75;3973.91;15.75;84.6;CAIR
2003-08-26;1061856000000;MAPT3.SA;3600.0;3600.0;3600.0;3600.0;3600.0;10;stock;3970.19;-9.32;3970.19;-9.32;44.38;ESTAVEL
2003-08-27;1061942400000;MAPT3.SA;3600.0;3600.0;3600.0;3600.0;3600.0;0;stock;3966.51;-9.24;3966.51;-9.24;44.38;ESTAVEL
2003-08-28;1062028800000;MAPT3.SA;3600.0;3600.0;3600.0;3600.0;3600.0;0;stock;3962.86;-9.16;3962.86;-9.16;44.38;ESTAVEL
2003-08-29;1062115200000;MAPT3.SA;3600.0;3600.0;3600.0;3600.0;3600.0;0;stock;3959.25;-9.07;3959.25;-9.07;44.38;ESTAVEL
2003-09-01;1062374400000;MAPT3.SA;3600.0;3600.0;3600.0;3600.0;3600.0;0;stock;3955.67;-8.99;3955.67;-8.99;44.38;ESTAVEL
2003-09-02;1062460800000;MAPT3.SA;3600.0;3600.0;3600.0;3600.0;3600.0;0;stock;3952.13;-8.91;3952.13;-8.91;44.38;ESTAVEL
2003-09-03;1062547200000;MAPT3.SA;3600.0;3600.0;3600.0;3600.0;3600.0;0;stock;3948.63;-8.83;3948.63;-8.83;44.38;ESTAVEL
2003-09-04;1062633600000;MAPT3.SA;3600.0;3600.0;3600.0;3600.0;3600.0;0;stock;3945.16;-8.75;3945.16;-8.75;44.38;ESTAVEL
2003-09-05;1062720000000;MAPT3.SA;3600.0;3600.0;3600.0;3600.0;3600.0;0;stock;3941.72;-8.67;3941.72;-8.67;44.38;ESTAVEL
2003-09-08;1062979200000;MAPT3.SA;3600.0;3600.0;3600.0;3600.0;3600.0;0;stock;3938.32;-8.59;3938.32;-8.59;44.38;ESTAVEL
2003-09-09;1063065600000;MAPT3.SA;3600.0;3600.0;3600.0;3600.0;3600.0;0;stock;3934.95;-8.51;3934.95;-8.51;44.38;ESTAVEL
2003-09-10;1063152000000;MAPT3.SA;3600.0;3600.0;3600.0;3600.0;3600.0;0;stock;3931.62;-8.43;3931.62;-8.43;44.38;ESTAVEL
2003-09-11;1063238400000;MAPT3.SA;3600.0;3600.0;3600.0;3600.0;3600.0;0;stock;3928.32;-8.36;3928.32;-8.36;44.38;ESTAVEL
2003-09-12;1063324800000;MAPT3.SA;3600.0;3600.0;3600.0;3600.0;3600.0;0;stock;3925.05;-8.28;3925.05;-8.28;44.38;ESTAVEL
2003-09-15;1063584000000;MAPT3.SA;3600.0;3600.0;3600.0;3600.0;3600.0;0;stock;3921.82;-8.21;3921.82;-8.21;44.38;ESTAVEL
2003-09-16;1063670400000;MAPT3.SA;3600.0;3600.0;3600.0;3600.0;3600.0;0;stock;3918.61;-8.13;3918.61;-8.13;44.38;ESTAVEL
2003-09-17;1063756800000;MAPT3.SA;3600.0;3600.0;3600.0;3600.0;3600.0;0;stock;3915.44;-8.06;3915.44;-8.06;44.38;ESTAVEL
2003-09-18;1063843200000;MAPT3.SA;3600.0;3600.0;3600.0;3600.0;3600.0;0;stock;3912.3;-7.98;3912.3;-7.98;44.38;ESTAVEL
2003-09-19;1063929600000;MAPT3.SA;3600.0;3600.0;3600.0;3600.0;3600.0;0;stock;3909.19;-7.91;3909.19;-7.91;44.38;ESTAVEL
2003-09-22;1064188800000;MAPT3.SA;3600.0;3600.0;3600.0;3600.0;3600.0;0;stock;3906.12;-7.84;3906.12;-7.84;44.38;ESTAVEL
2003-09-23;1064275200000;MAPT3.SA;3600.0;3600.0;3600.0;3600.0;3600.0;0;stock;3903.07;-7.76;3903.07;-7.76;44.38;ESTAVEL
2003-09-24;1064361600000;MAPT3.SA;3600.0;3600.0;3600.0;3600.0;3600.0;0;stock;3900.05;-7.69;3900.05;-7.69;44.38;ESTAVEL
2003-09-25;1064448000000;MAPT3.SA;3600.0;3600.0;3600.0;3600.0;3600.0;0;stock;3897.07;-7.62;3897.07;-7.62;44.38;ESTAVEL
2003-09-26;1064534400000;MAPT3.SA;3600.0;3600.0;3600.0;3600.0;3600.0;0;stock;3894.11;-7.55;3894.11;-7.55;44.38;ESTAVEL
2003-09-29;1064793600000;MAPT3.SA;3600.0;3600.0;3600.0;3600.0;3600.0;0;stock;3891.18;-7.48;3891.18;-7.48;44.38;ESTAVEL
2003-09-30;1064880000000;MAPT3.SA;3600.0;3600.0;3600.0;3600.0;3600.0;0;stock;3888.28;-7.41;3888.28;-7.41;44.38;ESTAVEL
2003-10-01;1064966400000;MAPT3.SA;3600.0;3600.0;3600.0;3600.0;3600.0;0;stock;3885.42;-7.35;3885.42;-7.35;44.38;ESTAVEL
2003-10-02;1065052800000;MAPT3.SA;3600.0;3600.0;3600.0;3600.0;3600.0;0;stock;3882.57;-7.28;3882.57;-7.28;44.38;ESTAVEL
2003-10-03;1065139200000;MAPT3.SA;3600.0;3600.0;3600.0;3600.0;3600.0;0;stock;3879.76;-7.21;3879.76;-7.21;44.38;ESTAVEL
2003-10-06;1065398400000;MAPT3.SA;3600.0;3600.0;3600.0;3600.0;3600.0;0;stock;3876.98;-7.14;3876.98;-7.14;44.38;ESTAVEL
2003-10-07;1065484800000;MAPT3.SA;3600.0;3600.0;3600.0;3600.0;3600.0;0;stock;3874.22;-7.08;3874.22;-7.08;44.38;ESTAVEL
2003-10-08;1065571200000;MAPT3.SA;3600.0;3600.0;3600.0;3600.0;3600.0;0;stock;3871.49;-7.01;3871.49;-7.01;44.38;ESTAVEL
2003-10-09;1065657600000;MAPT3.SA;3600.0;3600.0;3600.0;3600.0;3600.0;0;stock;3868.79;-6.95;3868.79;-6.95;44.38;ESTAVEL
2003-10-10;1065744000000;MAPT3.SA;3600.0;3600.0;3600.0;3600.0;3600.0;0;stock;3866.11;-6.88;3866.11;-6.88;44.38;ESTAVEL
2003-10-13;1066003200000;MAPT3.SA;3600.0;3600.0;3600.0;3600.0;3600.0;0;stock;3863.47;-6.82;3863.47;-6.82;44.38;ESTAVEL
2003-10-14;1066089600000;MAPT3.SA;3600.0;3600.0;3600.0;3600.0;3600.0;0;stock;3860.84;-6.76;3860.84;-6.76;44.38;ESTAVEL
2003-10-15;1066176000000;MAPT3.SA;3600.0;3600.0;3600.0;3600.0;3600.0;0;stock;3858.25;-6.69;3858.25;-6.69;44.38;ESTAVEL
2003-10-16;1066262400000;MAPT3.SA;3600.0;3600.0;3600.0;3600.0;3600.0;0;stock;3855.68;-6.63;3855.68;-6.63;44.38;ESTAVEL
2003-10-17;1066348800000;MAPT3.SA;3600.0;3600.0;3600.0;3600.0;3600.0;0;stock;3853.13;-6.57;3853.13;-6.57;44.38;ESTAVEL
2003-10-20;1066608000000;MAPT3.SA;3600.0;3600.0;3600.0;3600.0;3600.0;0;stock;3850.61;-6.51;3850.61;-6.51;44.38;ESTAVEL
2003-10-21;1066694400000;MAPT3.SA;3600.0;3600.0;3600.0;3600.0;3600.0;0;stock;3848.12;-6.45;3848.12;-6.45;44.38;ESTAVEL
2003-10-22;1066780800000;MAPT3.SA;3600.0;3600.0;3600.0;3600.0;3600.0;0;stock;3845.65;-6.39;3845.65;-6.39;44.38;ESTAVEL
2003-10-23;1066867200000;MAPT3.SA;4900.0;4900.0;4900.0;4900.0;4900.0;10;stock;3856.14;27.07;3856.14;27.07;96.27;CAIR
2003-10-24;1066953600000;MAPT3.SA;4900.0;4900.0;4900.0;4900.0;4900.0;0;stock;3866.53;26.73;3866.53;26.73;96.27;CAIR
2003-10-27;1067212800000;MAPT3.SA;4900.0;4900.0;4900.0;4900.0;4900.0;0;stock;3876.82;26.39;3876.82;26.39;96.27;CAIR
2003-10-28;1067299200000;MAPT3.SA;4900.0;4900.0;4900.0;4900.0;4900.0;0;stock;3887.0;26.06;3887.0;26.06;96.27;CAIR
2003-10-29;1067385600000;MAPT3.SA;4900.0;4900.0;4900.0;4900.0;4900.0;0;stock;3897.08;25.74;3897.08;25.74;96.27;CAIR
2003-10-30;1067472000000;MAPT3.SA;4900.0;4900.0;4900.0;4900.0;4900.0;0;stock;3907.06;25.41;3907.06;25.41;96.27;CAIR
2003-10-31;1067558400000;MAPT3.SA;6400.0;6400.0;6400.0;6400.0;6400.0;40;stock;3931.87;62.77;3931.87;62.77;98.61;CAIR
2003-11-03;1067817600000;MAPT3.SA;6400.0;6400.0;6400.0;6400.0;6400.0;0;stock;3956.44;61.76;3956.44;61.76;98.61;CAIR
2003-11-04;1067904000000;MAPT3.SA;6400.0;6400.0;6400.0;6400.0;6400.0;0;stock;3980.76;60.77;3980.76;60.77;98.61;CAIR
2003-11-05;1067990400000;MAPT3.SA;6400.0;6400.0;6400.0;6400.0;6400.0;0;stock;4004.83;59.81;4004.83;59.81;98.61;CAIR
2003-11-06;1068076800000;MAPT3.SA;7000.0;7000.0;7000.0;7000.0;7000.0;10;stock;4034.64;73.5;4034.64;73.5;98.96;CAIR
2003-11-07;1068163200000;MAPT3.SA;7500.0;7500.0;7500.0;7500.0;7500.0;10;stock;4069.13;84.31;4069.13;84.31;99.15;CAIR
2003-11-10;1068422400000;MAPT3.SA;7500.0;7500.0;7500.0;7500.0;7500.0;0;stock;4103.27;82.78;4103.27;82.78;99.15;CAIR
2003-11-11;1068508800000;MAPT3.SA;7500.0;7500.0;7500.0;7500.0;7500.0;0;stock;4137.08;81.29;4137.08;81.29;99.15;CAIR
2003-11-12;1068595200000;MAPT3.SA;7500.0;7500.0;7500.0;7500.0;7500.0;0;stock;4170.54;79.83;4170.54;79.83;99.15;CAIR
2003-11-13;1068681600000;MAPT3.SA;7500.0;7500.0;7500.0;7500.0;7500.0;0;stock;4203.68;78.42;4203.68;78.42;99.15;CAIR
2003-11-14;1068768000000;MAPT3.SA;7500.0;7500.0;7500.0;7500.0;7500.0;0;stock;4236.48;77.03;4236.48;77.03;99.15;CAIR
2003-11-17;1069027200000;MAPT3.SA;7500.0;7500.0;7500.0;7500.0;7500.0;0;stock;4268.96;75.69;4268.96;75.69;99.15;CAIR
2003-11-18;1069113600000;MAPT3.SA;5000.0;5000.0;5000.0;5000.0;5000.0;20;stock;4276.24;16.93;4276.24;16.93;38.88;ESTAVEL
2003-11-19;1069200000000;MAPT3.SA;5000.0;5000.0;5000.0;5000.0;5000.0;0;stock;4283.44;16.73;4283.44;16.73;38.88;ESTAVEL
2003-11-20;1069286400000;MAPT3.SA;5000.0;5000.0;5000.0;5000.0;5000.0;0;stock;4290.57;16.53;4290.57;16.53;38.88;ESTAVEL
2003-11-21;1069372800000;MAPT3.SA;5000.0;5000.0;5000.0;5000.0;5000.0;0;stock;4297.63;16.34;4297.63;16.34;38.88;ESTAVEL
2003-11-24;1069632000000;MAPT3.SA;5000.0;5000.0;5000.0;5000.0;5000.0;0;stock;4304.62;16.15;4304.62;16.15;38.88;ESTAVEL
2003-11-25;1069718400000;MAPT3.SA;5000.0;5000.0;5000.0;5000.0;5000.0;0;stock;4311.54;15.97;4311.54;15.97;38.88;ESTAVEL
2003-11-26;1069804800000;MAPT3.SA;5000.0;5000.0;5000.0;5000.0;5000.0;0;stock;4318.39;15.78;4318.39;15.78;38.88;ESTAVEL
2003-11-27;1069891200000;MAPT3.SA;5000.0;5000.0;5000.0;5000.0;5000.0;0;stock;4325.18;15.6;4325.18;15.6;38.88;ESTAVEL
2003-11-28;1069977600000;MAPT3.SA;5000.0;5000.0;5000.0;5000.0;5000.0;0;stock;4331.89;15.42;4331.89;15.42;38.88;ESTAVEL
2003-12-01;1070236800000;MAPT3.SA;5000.0;5000.0;5000.0;5000.0;5000.0;0;stock;4338.54;15.25;4338.54;15.25;38.88;ESTAVEL
2003-12-02;1070323200000;MAPT3.SA;5000.0;5000.0;5000.0;5000.0;5000.0;0;stock;4345.12;15.07;4345.12;15.07;38.88;ESTAVEL
2003-12-03;1070409600000;MAPT3.SA;5000.0;5000.0;5000.0;5000.0;5000.0;0;stock;4351.64;14.9;4351.64;14.9;38.88;ESTAVEL
2003-12-04;1070496000000;MAPT3.SA;3900.0;3900.0;3900.0;3900.0;3900.0;10;stock;4347.15;-10.29;4347.15;-10.29;23.55;SUBIR
2003-12-05;1070582400000;MAPT3.SA;3900.0;3900.0;3900.0;3900.0;3900.0;0;stock;4342.7;-10.19;4342.7;-10.19;23.55;SUBIR
2003-12-08;1070841600000;MAPT3.SA;3900.0;3900.0;3900.0;3900.0;3900.0;0;stock;4338.29;-10.1;4338.29;-10.1;23.55;SUBIR
2003-12-09;1070928000000;MAPT3.SA;3900.0;3900.0;3900.0;3900.0;3900.0;0;stock;4333.93;-10.01;4333.93;-10.01;23.55;SUBIR
2003-12-10;1071014400000;MAPT3.SA;3900.0;3900.0;3900.0;3900.0;3900.0;0;stock;4329.61;-9.92;4329.61;-9.92;23.55;SUBIR
2003-12-11;1071100800000;MAPT3.SA;3900.0;3900.0;3900.0;3900.0;3900.0;0;stock;4325.34;-9.83;4325.34;-9.83;23.55;SUBIR
2003-12-12;1071187200000;MAPT3.SA;3900.0;3900.0;3900.0;3900.0;3900.0;0;stock;4321.1;-9.75;4321.1;-9.75;23.55;SUBIR
2003-12-15;1071446400000;MAPT3.SA;3900.0;3900.0;3900.0;3900.0;3900.0;0;stock;4316.91;-9.66;4316.91;-9.66;23.55;SUBIR
2003-12-16;1071532800000;MAPT3.SA;3900.0;3900.0;3900.0;3900.0;3900.0;0;stock;4312.76;-9.57;4312.76;-9.57;23.55;SUBIR
2003-12-17;1071619200000;MAPT3.SA;3900.0;3900.0;3900.0;3900.0;3900.0;0;stock;4308.66;-9.48;4308.66;-9.48;23.55;SUBIR
2003-12-18;1071705600000;MAPT3.SA;3900.0;3900.0;3900.0;3900.0;3900.0;0;stock;4304.59;-9.4;4304.59;-9.4;23.55;SUBIR
2003-12-19;1071792000000;MAPT3.SA;3900.0;3900.0;3900.0;3900.0;3900.0;0;stock;4300.56;-9.31;4300.56;-9.31;23.55;SUBIR
2003-12-22;1072051200000;MAPT3.SA;3900.0;3900.0;3900.0;3900.0;3900.0;0;stock;4296.58;-9.23;4296.58;-9.23;23.55;SUBIR
2003-12-23;1072137600000;MAPT3.SA;3900.0;3900.0;3900.0;3900.0;3900.0;0;stock;4292.63;-9.15;4292.63;-9.15;23.55;SUBIR
2003-12-24;1072224000000;MAPT3.SA;3900.0;3900.0;3900.0;3900.0;3900.0;0;stock;4288.72;-9.06;4288.72;-9.06;23.55;SUBIR
2003-12-25;1072310400000;MAPT3.SA;3900.0;3900.0;3900.0;3900.0;3900.0;0;stock;4284.85;-8.98;4284.85;-8.98;23.55;SUBIR
2003-12-26;1072396800000;MAPT3.SA;3900.0;3900.0;3900.0;3900.0;3900.0;0;stock;4281.02;-8.9;4281.02;-8.9;23.55;SUBIR
2003-12-29;1072656000000;MAPT3.SA;3900.0;3900.0;3900.0;3900.0;3900.0;0;stock;4277.23;-8.82;4277.23;-8.82;23.55;SUBIR
2003-12-30;1072742400000;MAPT3.SA;3900.0;3900.0;3900.0;3900.0;3900.0;0;stock;4273.48;-8.74;4273.48;-8.74;23.55;SUBIR
2003-12-31;1072828800000;MAPT3.SA;3900.0;3900.0;3900.0;3900.0;3900.0;0;stock;4269.76;-8.66;4269.76;-8.66;23.55;SUBIR
2004-01-01;1072915200000;MAPT3.SA;3900.0;3900.0;3900.0;3900.0;3900.0;0;stock;4266.08;-8.58;4266.08;-8.58;23.55;SUBIR
2004-01-02;1073001600000;MAPT3.SA;3900.0;3900.0;3900.0;3900.0;3900.0;0;stock;4262.44;-8.5;4262.44;-8.5;23.55;SUBIR
2004-01-05;1073260800000;MAPT3.SA;3900.0;3900.0;3900.0;3900.0;3900.0;0;stock;4258.83;-8.43;4258.83;-8.43;23.55;SUBIR
2004-01-06;1073347200000;MAPT3.SA;3900.0;3900.0;3900.0;3900.0;3900.0;0;stock;4255.26;-8.35;4255.26;-8.35;23.55;SUBIR
2004-01-07;1073433600000;MAPT3.SA;3900.0;3900.0;3900.0;3900.0;3900.0;0;stock;4251.73;-8.27;4251.73;-8.27;23.55;SUBIR
2004-01-08;1073520000000;MAPT3.SA;3200.0;3200.0;3200.0;3200.0;3200.0;10;stock;4241.26;-24.55;4241.26;-24.55;9.06;SUBIR
2004-01-09;1073606400000;MAPT3.SA;3200.0;3200.0;3200.0;3200.0;3200.0;0;stock;4230.9;-24.37;4230.9;-24.37;9.06;SUBIR
2004-01-12;1073865600000;MAPT3.SA;3200.0;3200.0;3200.0;3200.0;3200.0;0;stock;4220.64;-24.18;4220.64;-24.18;9.06;SUBIR
2004-01-13;1073952000000;MAPT3.SA;3200.0;3200.0;3200.0;3200.0;3200.0;0;stock;4210.48;-24.0;4210.48;-24.0;9.06;SUBIR
2004-01-14;1074038400000;MAPT3.SA;3200.0;3200.0;3200.0;3200.0;3200.0;0;stock;4200.43;-23.82;4200.43;-23.82;9.06;SUBIR
2004-01-15;1074124800000;MAPT3.SA;3200.0;3200.0;3200.0;3200.0;3200.0;0;stock;4190.47;-23.64;4190.47;-23.64;9.06;SUBIR
2004-01-16;1074211200000;MAPT3.SA;3200.0;3200.0;3200.0;3200.0;3200.0;0;stock;4180.61;-23.46;4180.61;-23.46;9.06;SUBIR
2004-01-19;1074470400000;MAPT3.SA;4500.0;4500.0;4500.0;4500.0;4500.0;10;stock;4183.79;7.56;4183.79;7.56;68.85;ESTAVEL
2004-01-20;1074556800000;MAPT3.SA;4500.0;4500.0;4500.0;4500.0;4500.0;0;stock;4186.94;7.48;4186.94;7.48;68.85;ESTAVEL
2004-01-21;1074643200000;MAPT3.SA;4500.0;4500.0;4500.0;4500.0;4500.0;0;stock;4190.06;7.4;4190.06;7.4;68.85;ESTAVEL
2004-01-22;1074729600000;MAPT3.SA;4500.0;4500.0;4500.0;4500.0;4500.0;0;stock;4193.14;7.32;4193.14;7.32;68.85;ESTAVEL
2004-01-23;1074816000000;MAPT3.SA;4500.0;4500.0;4500.0;4500.0;4500.0;0;stock;4196.19;7.24;4196.19;7.24;68.85;ESTAVEL
2004-01-26;1075075200000;MAPT3.SA;4500.0;4500.0;4500.0;4500.0;4500.0;0;stock;4199.22;7.16;4199.22;7.16;68.85;ESTAVEL
2004-01-27;1075161600000;MAPT3.SA;4900.0;4900.0;4900.0;4900.0;4900.0;300;stock;4206.19;16.49;4206.19;16.49;76.33;CAIR
2004-01-28;1075248000000;MAPT3.SA;4900.0;4900.0;4900.0;4900.0;4900.0;0;stock;4213.09;16.3;4213.09;16.3;76.33;CAIR
2004-01-29;1075334400000;MAPT3.SA;4700.0;4700.0;4700.0;4700.0;4700.0;100;stock;4217.94;11.43;4217.94;11.43;67.01;ESTAVEL
2004-01-30;1075420800000;MAPT3.SA;4700.0;4700.0;4700.0;4700.0;4700.0;10;stock;4222.74;11.3;4222.74;11.3;67.01;ESTAVEL
2004-02-02;1075680000000;MAPT3.SA;4700.0;4700.0;4700.0;4700.0;4700.0;0;stock;4227.49;11.18;4227.49;11.18;67.01;ESTAVEL
2004-02-03;1075766400000;MAPT3.SA;4700.0;4700.0;4700.0;4700.0;4700.0;0;stock;4232.19;11.05;4232.19;11.05;67.01;ESTAVEL
2004-02-04;1075852800000;MAPT3.SA;4700.0;4700.0;4700.0;4700.0;4700.0;0;stock;4236.84;10.93;4236.84;10.93;67.01;ESTAVEL
2004-02-05;1075939200000;MAPT3.SA;4700.0;4700.0;4700.0;4700.0;4700.0;10;stock;4241.45;10.81;4241.45;10.81;67.01;ESTAVEL
2004-02-06;1076025600000;MAPT3.SA;4700.0;4700.0;4700.0;4700.0;4700.0;0;stock;4246.02;10.69;4246.02;10.69;67.01;ESTAVEL
2004-02-09;1076284800000;MAPT3.SA;4700.0;4700.0;4700.0;4700.0;4700.0;0;stock;4250.53;10.57;4250.53;10.57;67.01;ESTAVEL
2004-02-10;1076371200000;MAPT3.SA;4700.0;4700.0;4700.0;4700.0;4700.0;0;stock;4255.01;10.46;4255.01;10.46;67.01;ESTAVEL
2004-02-11;1076457600000;MAPT3.SA;4700.0;4700.0;4700.0;4700.0;4700.0;0;stock;4259.43;10.34;4259.43;10.34;67.01;ESTAVEL
2004-02-12;1076544000000;MAPT3.SA;4700.0;4700.0;4700.0;4700.0;4700.0;0;stock;4263.82;10.23;4263.82;10.23;67.01;ESTAVEL
2004-02-13;1076630400000;MAPT3.SA;4700.0;4700.0;4700.0;4700.0;4700.0;0;stock;4268.16;10.12;4268.16;10.12;67.01;ESTAVEL
2004-02-16;1076889600000;MAPT3.SA;4700.0;4700.0;4700.0;4700.0;4700.0;0;stock;4272.46;10.01;4272.46;10.01;67.01;ESTAVEL
2004-02-17;1076976000000;MAPT3.SA;4700.0;4700.0;4700.0;4700.0;4700.0;0;stock;4276.71;9.9;4276.71;9.9;67.01;ESTAVEL
2004-02-18;1077062400000;MAPT3.SA;4700.0;4700.0;4700.0;4700.0;4700.0;0;stock;4280.92;9.79;4280.92;9.79;67.01;ESTAVEL
2004-02-19;1077148800000;MAPT3.SA;4700.0;4700.0;4700.0;4700.0;4700.0;0;stock;4285.09;9.68;4285.09;9.68;67.01;ESTAVEL
2004-02-20;1077235200000;MAPT3.SA;4700.0;4700.0;4700.0;4700.0;4700.0;0;stock;4289.22;9.58;4289.22;9.58;67.01;ESTAVEL
2004-02-23;1077494400000;MAPT3.SA;4700.0;4700.0;4700.0;4700.0;4700.0;0;stock;4293.31;9.47;4293.31;9.47;67.01;ESTAVEL
2004-02-24;1077580800000;MAPT3.SA;4700.0;4700.0;4700.0;4700.0;4700.0;0;stock;4297.36;9.37;4297.36;9.37;67.01;ESTAVEL
2004-02-25;1077667200000;MAPT3.SA;4700.0;4700.0;4700.0;4700.0;4700.0;0;stock;4301.36;9.27;4301.36;9.27;67.01;ESTAVEL
2004-02-26;1077753600000;MAPT3.SA;4700.0;4700.0;4700.0;4700.0;4700.0;0;stock;4305.33;9.17;4305.33;9.17;67.01;ESTAVEL
2004-02-27;1077840000000;MAPT3.SA;4700.0;4700.0;4700.0;4700.0;4700.0;0;stock;4309.26;9.07;4309.26;9.07;67.01;ESTAVEL
2004-03-01;1078099200000;MAPT3.SA;4700.0;4700.0;4700.0;4700.0;4700.0;0;stock;4313.15;8.97;4313.15;8.97;67.01;ESTAVEL
2004-03-02;1078185600000;MAPT3.SA;4700.0;4700.0;4700.0;4700.0;4700.0;0;stock;4317.0;8.87;4317.0;8.87;67.01;ESTAVEL
2004-03-03;1078272000000;MAPT3.SA;4700.0;4700.0;4700.0;4700.0;4700.0;0;stock;4320.81;8.78;4320.81;8.78;67.01;ESTAVEL
2004-03-04;1078358400000;MAPT3.SA;4700.0;4700.0;4700.0;4700.0;4700.0;0;stock;4324.58;8.68;4324.58;8.68;67.01;ESTAVEL
2004-03-05;1078444800000;MAPT3.SA;4700.0;4700.0;4700.0;4700.0;4700.0;0;stock;4328.32;8.59;4328.32;8.59;67.01;ESTAVEL
2004-03-08;1078704000000;MAPT3.SA;4700.0;4700.0;4700.0;4700.0;4700.0;0;stock;4332.01;8.49;4332.01;8.49;67.01;ESTAVEL
2004-03-09;1078790400000;MAPT3.SA;4700.0;4700.0;4700.0;4700.0;4700.0;0;stock;4335.68;8.4;4335.68;8.4;67.01;ESTAVEL
2004-03-10;1078876800000;MAPT3.SA;4700.0;4700.0;4700.0;4700.0;4700.0;0;stock;4339.3;8.31;4339.3;8.31;67.01;ESTAVEL
2004-03-11;1078963200000;MAPT3.SA;4700.0;4700.0;4700.0;4700.0;4700.0;0;stock;4342.89;8.22;4342.89;8.22;67.01;ESTAVEL
2004-03-12;1079049600000;MAPT3.SA;4700.0;4700.0;4700.0;4700.0;4700.0;0;stock;4346.44;8.13;4346.44;8.13;67.01;ESTAVEL
2004-03-15;1079308800000;MAPT3.SA;4700.0;4700.0;4700.0;4700.0;4700.0;0;stock;4349.96;8.05;4349.96;8.05;67.01;ESTAVEL
2004-03-16;1079395200000;MAPT3.SA;4700.0;4700.0;4700.0;4700.0;4700.0;0;stock;4353.45;7.96;4353.45;7.96;67.01;ESTAVEL
2004-03-17;1079481600000;MAPT3.SA;4700.0;4700.0;4700.0;4700.0;4700.0;0;stock;4356.9;7.87;4356.9;7.87;67.01;ESTAVEL
2004-03-18;1079568000000;MAPT3.SA;4700.0;4700.0;4700.0;4700.0;4700.0;0;stock;4360.31;7.79;4360.31;7.79;67.01;ESTAVEL
2004-03-19;1079654400000;MAPT3.SA;4700.0;4700.0;4700.0;4700.0;4700.0;0;stock;4363.69;7.71;4363.69;7.71;67.01;ESTAVEL
2004-03-22;1079913600000;MAPT3.SA;4700.0;4700.0;4700.0;4700.0;4700.0;0;stock;4367.04;7.62;4367.04;7.62;67.01;ESTAVEL
2004-03-23;1080000000000;MAPT3.SA;4700.0;4700.0;4700.0;4700.0;4700.0;0;stock;4370.35;7.54;4370.35;7.54;67.01;ESTAVEL
2004-03-24;1080086400000;MAPT3.SA;4700.0;4700.0;4700.0;4700.0;4700.0;0;stock;4373.63;7.46;4373.63;7.46;67.01;ESTAVEL
2004-03-25;1080172800000;MAPT3.SA;4700.0;4700.0;4700.0;4700.0;4700.0;0;stock;4376.88;7.38;4376.88;7.38;67.01;ESTAVEL
2004-03-26;1080259200000;MAPT3.SA;4700.0;4700.0;4700.0;4700.0;4700.0;0;stock;4380.09;7.3;4380.09;7.3;67.01;ESTAVEL
2004-03-29;1080518400000;MAPT3.SA;4700.0;4700.0;4700.0;4700.0;4700.0;0;stock;4383.28;7.23;4383.28;7.23;67.01;ESTAVEL
2004-03-30;1080604800000;MAPT3.SA;4700.0;4700.0;4700.0;4700.0;4700.0;0;stock;4386.43;7.15;4386.43;7.15;67.01;ESTAVEL
2004-03-31;1080691200000;MAPT3.SA;4700.0;4700.0;4700.0;4700.0;4700.0;0;stock;4389.55;7.07;4389.55;7.07;67.01;ESTAVEL
2004-04-01;1080777600000;MAPT3.SA;4700.0;4700.0;4700.0;4700.0;4700.0;0;stock;4392.64;7.0;4392.64;7.0;67.01;ESTAVEL
2004-04-02;1080864000000;MAPT3.SA;4700.0;4700.0;4700.0;4700.0;4700.0;0;stock;4395.7;6.92;4395.7;6.92;67.01;ESTAVEL
2004-04-05;1081123200000;MAPT3.SA;4700.0;4700.0;4700.0;4700.0;4700.0;0;stock;4398.72;6.85;4398.72;6.85;67.01;ESTAVEL
2004-04-06;1081209600000;MAPT3.SA;3700.0;3700.0;3700.0;3700.0;3700.0;10;stock;4391.77;-15.75;4391.77;-15.75;2.99;SUBIR
2004-04-07;1081296000000;MAPT3.SA;3700.0;3700.0;3700.0;3700.0;3700.0;0;stock;4384.89;-15.62;4384.89;-15.62;2.99;SUBIR
2004-04-08;1081382400000;MAPT3.SA;3700.0;3700.0;3700.0;3700.0;3700.0;0;stock;4378.07;-15.49;4378.07;-15.49;2.99;SUBIR
2004-04-09;1081468800000;MAPT3.SA;3700.0;3700.0;3700.0;3700.0;3700.0;0;stock;4371.32;-15.36;4371.32;-15.36;2.99;SUBIR
2004-04-12;1081728000000;MAPT3.SA;3700.0;3700.0;3700.0;3700.0;3700.0;0;stock;4364.64;-15.23;4364.64;-15.23;2.99;SUBIR
2004-04-13;1081814400000;MAPT3.SA;3700.0;3700.0;3700.0;3700.0;3700.0;0;stock;4358.03;-15.1;4358.03;-15.1;2.99;SUBIR
2004-04-14;1081900800000;MAPT3.SA;3700.0;3700.0;3700.0;3700.0;3700.0;0;stock;4351.48;-14.97;4351.48;-14.97;2.99;SUBIR
2004-04-15;1081987200000;MAPT3.SA;3700.0;3700.0;3700.0;3700.0;3700.0;0;stock;4345.0;-14.84;4345.0;-14.84;2.99;SUBIR
2004-04-16;1082073600000;MAPT3.SA;3700.0;3700.0;3700.0;3700.0;3700.0;0;stock;4338.58;-14.72;4338.58;-14.72;2.99;SUBIR
2004-04-19;1082332800000;MAPT3.SA;3700.0;3700.0;3700.0;3700.0;3700.0;0;stock;4332.23;-14.59;4332.23;-14.59;2.99;SUBIR
2004-04-20;1082419200000;MAPT3.SA;3700.0;3700.0;3700.0;3700.0;3700.0;0;stock;4325.94;-14.47;4325.94;-14.47;2.99;SUBIR
2004-04-21;1082505600000;MAPT3.SA;3700.0;3700.0;3700.0;3700.0;3700.0;0;stock;4319.71;-14.35;4319.71;-14.35;2.99;SUBIR
2004-04-22;1082592000000;MAPT3.SA;3700.0;3700.0;3700.0;3700.0;3700.0;0;stock;4313.54;-14.22;4313.54;-14.22;2.99;SUBIR
2004-04-23;1082678400000;MAPT3.SA;3700.0;3700.0;3700.0;3700.0;3700.0;0;stock;4307.44;-14.1;4307.44;-14.1;2.99;SUBIR
2004-04-26;1082937600000;MAPT3.SA;3700.0;3700.0;3700.0;3700.0;3700.0;0;stock;4301.39;-13.98;4301.39;-13.98;2.99;SUBIR
2004-04-27;1083024000000;MAPT3.SA;3700.0;3700.0;3700.0;3700.0;3700.0;0;stock;4295.41;-13.86;4295.41;-13.86;2.99;SUBIR
2004-04-28;1083110400000;MAPT3.SA;3700.0;3700.0;3700.0;3700.0;3700.0;0;stock;4289.48;-13.74;4289.48;-13.74;2.99;SUBIR
2004-04-29;1083196800000;MAPT3.SA;3700.0;3700.0;3700.0;3700.0;3700.0;0;stock;4283.62;-13.62;4283.62;-13.62;2.99;SUBIR
2004-04-30;1083283200000;MAPT3.SA;3700.0;3700.0;3700.0;3700.0;3700.0;0;stock;4277.81;-13.51;4277.81;-13.51;2.99;SUBIR
2004-05-03;1083542400000;MAPT3.SA;3700.0;3700.0;3700.0;3700.0;3700.0;0;stock;4272.06;-13.39;4272.06;-13.39;2.99;SUBIR
2004-05-04;1083628800000;MAPT3.SA;3700.0;3700.0;3700.0;3700.0;3700.0;0;stock;4266.37;-13.28;4266.37;-13.28;2.99;SUBIR
2004-05-05;1083715200000;MAPT3.SA;3700.0;3700.0;3700.0;3700.0;3700.0;0;stock;4260.73;-13.16;4260.73;-13.16;2.99;SUBIR
2004-05-06;1083801600000;MAPT3.SA;3700.0;3700.0;3700.0;3700.0;3700.0;0;stock;4255.15;-13.05;4255.15;-13.05;2.99;SUBIR
2004-05-07;1083888000000;MAPT3.SA;3700.0;3700.0;3700.0;3700.0;3700.0;0;stock;4249.63;-12.93;4249.63;-12.93;2.99;SUBIR
2004-05-10;1084147200000;MAPT3.SA;3700.0;3700.0;3700.0;3700.0;3700.0;0;stock;4244.16;-12.82;4244.16;-12.82;2.99;SUBIR
2004-05-11;1084233600000;MAPT3.SA;3700.0;3700.0;3700.0;3700.0;3700.0;0;stock;4238.74;-12.71;4238.74;-12.71;2.99;SUBIR
2004-05-12;1084320000000;MAPT3.SA;3700.0;3700.0;3700.0;3700.0;3700.0;0;stock;4233.38;-12.6;4233.38;-12.6;2.99;SUBIR
2004-05-13;1084406400000;MAPT3.SA;3700.0;3700.0;3700.0;3700.0;3700.0;0;stock;4228.07;-12.49;4228.07;-12.49;2.99;SUBIR
2004-05-14;1084492800000;MAPT3.SA;3700.0;3700.0;3700.0;3700.0;3700.0;0;stock;4222.82;-12.38;4222.82;-12.38;2.99;SUBIR
2004-05-17;1084752000000;MAPT3.SA;3700.0;3700.0;3700.0;3700.0;3700.0;0;stock;4217.62;-12.27;4217.62;-12.27;2.99;SUBIR
2004-05-18;1084838400000;MAPT3.SA;3700.0;3700.0;3700.0;3700.0;3700.0;0;stock;4212.47;-12.17;4212.47;-12.17;2.99;SUBIR
2004-05-19;1084924800000;MAPT3.SA;3700.0;3700.0;3700.0;3700.0;3700.0;0;stock;4207.37;-12.06;4207.37;-12.06;2.99;SUBIR
2004-05-20;1085011200000;MAPT3.SA;3700.0;3700.0;3700.0;3700.0;3700.0;0;stock;4202.32;-11.95;4202.32;-11.95;2.99;SUBIR
2004-05-21;1085097600000;MAPT3.SA;3700.0;3700.0;3700.0;3700.0;3700.0;0;stock;4197.32;-11.85;4197.32;-11.85;2.99;SUBIR
2004-05-24;1085356800000;MAPT3.SA;3700.0;3700.0;3700.0;3700.0;3700.0;0;stock;4192.37;-11.74;4192.37;-11.74;2.99;SUBIR
2004-05-25;1085443200000;MAPT3.SA;3700.0;3700.0;3700.0;3700.0;3700.0;0;stock;4187.47;-11.64;4187.47;-11.64;2.99;SUBIR
2004-05-26;1085529600000;MAPT3.SA;3700.0;3700.0;3700.0;3700.0;3700.0;0;stock;4182.62;-11.54;4182.62;-11.54;2.99;SUBIR
2004-05-27;1085616000000;MAPT3.SA;3700.0;3700.0;3700.0;3700.0;3700.0;0;stock;4177.82;-11.44;4177.82;-11.44;2.99;SUBIR
2004-05-28;1085702400000;MAPT3.SA;3700.0;3700.0;3700.0;3700.0;3700.0;0;stock;4173.06;-11.34;4173.06;-11.34;2.99;SUBIR
2004-05-31;1085961600000;MAPT3.SA;3700.0;3700.0;3700.0;3700.0;3700.0;0;stock;4168.36;-11.24;4168.36;-11.24;2.99;SUBIR
2004-06-01;1086048000000;MAPT3.SA;3700.0;3700.0;3700.0;3700.0;3700.0;0;stock;4163.7;-11.14;4163.7;-11.14;2.99;SUBIR
2004-06-02;1086134400000;MAPT3.SA;3700.0;3700.0;3700.0;3700.0;3700.0;0;stock;4159.08;-11.04;4159.08;-11.04;2.99;SUBIR
2004-06-03;1086220800000;MAPT3.SA;3700.0;3700.0;3700.0;3700.0;3700.0;0;stock;4154.51;-10.94;4154.51;-10.94;2.99;SUBIR
2004-06-04;1086307200000;MAPT3.SA;3700.0;3700.0;3700.0;3700.0;3700.0;0;stock;4149.99;-10.84;4149.99;-10.84;2.99;SUBIR
2004-06-07;1086566400000;MAPT3.SA;3700.0;3700.0;3700.0;3700.0;3700.0;0;stock;4145.51;-10.75;4145.51;-10.75;2.99;SUBIR
2004-06-08;1086652800000;MAPT3.SA;3700.0;3700.0;3700.0;3700.0;3700.0;0;stock;4141.08;-10.65;4141.08;-10.65;2.99;SUBIR
2004-06-09;1086739200000;MAPT3.SA;3700.0;3700.0;3700.0;3700.0;3700.0;0;stock;4136.69;-10.56;4136.69;-10.56;2.99;SUBIR
2004-06-10;1086825600000;MAPT3.SA;3700.0;3700.0;3700.0;3700.0;3700.0;0;stock;4132.35;-10.46;4132.35;-10.46;2.99;SUBIR
2004-06-11;1086912000000;MAPT3.SA;3700.0;3700.0;3700.0;3700.0;3700.0;0;stock;4128.04;-10.37;4128.04;-10.37;2.99;SUBIR
2004-06-14;1087171200000;MAPT3.SA;3700.0;3700.0;3700.0;3700.0;3700.0;0;stock;4123.78;-10.28;4123.78;-10.28;2.99;SUBIR
2004-06-15;1087257600000;MAPT3.SA;3700.0;3700.0;3700.0;3700.0;3700.0;0;stock;4119.57;-10.18;4119.57;-10.18;2.99;SUBIR
2004-06-16;1087344000000;MAPT3.SA;3700.0;3700.0;3700.0;3700.0;3700.0;0;stock;4115.39;-10.09;4115.39;-10.09;2.99;SUBIR
2004-06-17;1087430400000;MAPT3.SA;3700.0;3700.0;3700.0;3700.0;3700.0;0;stock;4111.26;-10.0;4111.26;-10.0;2.99;SUBIR
2004-06-18;1087516800000;MAPT3.SA;3700.0;3700.0;3700.0;3700.0;3700.0;0;stock;4107.17;-9.91;4107.17;-9.91;2.99;SUBIR
2004-06-21;1087776000000;MAPT3.SA;3700.0;3700.0;3700.0;3700.0;3700.0;0;stock;4103.12;-9.82;4103.12;-9.82;2.99;SUBIR
2004-06-22;1087862400000;MAPT3.SA;3700.0;3700.0;3700.0;3700.0;3700.0;0;stock;4099.1;-9.74;4099.1;-9.74;2.99;SUBIR
2004-06-23;1087948800000;MAPT3.SA;3700.0;3700.0;3700.0;3700.0;3700.0;0;stock;4095.13;-9.65;4095.13;-9.65;2.99;SUBIR
2004-06-24;1088035200000;MAPT3.SA;3700.0;3700.0;3700.0;3700.0;3700.0;0;stock;4091.2;-9.56;4091.2;-9.56;2.99;SUBIR
2004-06-25;1088121600000;MAPT3.SA;3700.0;3700.0;3700.0;3700.0;3700.0;0;stock;4087.31;-9.48;4087.31;-9.48;2.99;SUBIR
2004-06-28;1088380800000;MAPT3.SA;3700.0;3700.0;3700.0;3700.0;3700.0;0;stock;4083.45;-9.39;4083.45;-9.39;2.99;SUBIR
2004-06-29;1088467200000;MAPT3.SA;3700.0;3700.0;3700.0;3700.0;3700.0;0;stock;4079.64;-9.31;4079.64;-9.31;2.99;SUBIR
2004-06-30;1088553600000;MAPT3.SA;3700.0;3700.0;3700.0;3700.0;3700.0;0;stock;4075.86;-9.22;4075.86;-9.22;2.99;SUBIR
2004-07-01;1088640000000;MAPT3.SA;3700.0;3700.0;3700.0;3700.0;3700.0;0;stock;4072.12;-9.14;4072.12;-9.14;2.99;SUBIR
2004-07-02;1088726400000;MAPT3.SA;3700.0;3700.0;3700.0;3700.0;3700.0;0;stock;4068.42;-9.06;4068.42;-9.06;2.99;SUBIR
2004-07-05;1088985600000;MAPT3.SA;3700.0;3700.0;3700.0;3700.0;3700.0;0;stock;4064.75;-8.97;4064.75;-8.97;2.99;SUBIR
2004-07-06;1089072000000;MAPT3.SA;3700.0;3700.0;3700.0;3700.0;3700.0;0;stock;4061.12;-8.89;4061.12;-8.89;2.99;SUBIR
2004-07-07;1089158400000;MAPT3.SA;3700.0;3700.0;3700.0;3700.0;3700.0;0;stock;4057.53;-8.81;4057.53;-8.81;2.99;SUBIR
2004-07-08;1089244800000;MAPT3.SA;3700.0;3700.0;3700.0;3700.0;3700.0;0;stock;4053.97;-8.73;4053.97;-8.73;2.99;SUBIR
2004-07-09;1089331200000;MAPT3.SA;3700.0;3700.0;3700.0;3700.0;3700.0;0;stock;4050.45;-8.65;4050.45;-8.65;2.99;SUBIR
2004-07-12;1089590400000;MAPT3.SA;3700.0;3700.0;3700.0;3700.0;3700.0;0;stock;4046.96;-8.57;4046.96;-8.57;2.99;SUBIR
2004-07-13;1089676800000;MAPT3.SA;3700.0;3700.0;3700.0;3700.0;3700.0;0;stock;4043.51;-8.5;4043.51;-8.5;2.99;SUBIR
2004-07-14;1089763200000;MAPT3.SA;3700.0;3700.0;3700.0;3700.0;3700.0;0;stock;4040.09;-8.42;4040.09;-8.42;2.99;SUBIR
2004-07-15;1089849600000;MAPT3.SA;3700.0;3700.0;3700.0;3700.0;3700.0;0;stock;4036.71;-8.34;4036.71;-8.34;2.99;SUBIR
2004-07-16;1089936000000;MAPT3.SA;3700.0;3700.0;3700.0;3700.0;3700.0;0;stock;4033.36;-8.27;4033.36;-8.27;2.99;SUBIR
2004-07-19;1090195200000;MAPT3.SA;3700.0;3700.0;3700.0;3700.0;3700.0;0;stock;4030.04;-8.19;4030.04;-8.19;2.99;SUBIR
2004-07-20;1090281600000;MAPT3.SA;3700.0;3700.0;3700.0;3700.0;3700.0;0;stock;4026.76;-8.11;4026.76;-8.11;2.99;SUBIR
2004-07-21;1090368000000;MAPT3.SA;3700.0;3700.0;3700.0;3700.0;3700.0;0;stock;4023.5;-8.04;4023.5;-8.04;2.99;SUBIR
2004-07-22;1090454400000;MAPT3.SA;3700.0;3700.0;3700.0;3700.0;3700.0;0;stock;4020.29;-7.97;4020.29;-7.97;2.99;SUBIR
2004-07-23;1090540800000;MAPT3.SA;3700.0;3700.0;3700.0;3700.0;3700.0;0;stock;4017.1;-7.89;4017.1;-7.89;2.99;SUBIR
2004-07-26;1090800000000;MAPT3.SA;3700.0;3700.0;3700.0;3700.0;3700.0;0;stock;4013.94;-7.82;4013.94;-7.82;2.99;SUBIR
2004-07-27;1090886400000;MAPT3.SA;3700.0;3700.0;3700.0;3700.0;3700.0;0;stock;4010.82;-7.75;4010.82;-7.75;2.99;SUBIR
2004-07-28;1090972800000;MAPT3.SA;3700.0;3700.0;3700.0;3700.0;3700.0;0;stock;4007.73;-7.68;4007.73;-7.68;2.99;SUBIR
2004-07-29;1091059200000;MAPT3.SA;3700.0;3700.0;3700.0;3700.0;3700.0;0;stock;4004.66;-7.61;4004.66;-7.61;2.99;SUBIR
2004-07-30;1091145600000;MAPT3.SA;3700.0;3700.0;3700.0;3700.0;3700.0;0;stock;4001.63;-7.54;4001.63;-7.54;2.99;SUBIR
2004-08-02;1091404800000;MAPT3.SA;3700.0;3700.0;3700.0;3700.0;3700.0;0;stock;3998.63;-7.47;3998.63;-7.47;2.99;SUBIR
2004-08-03;1091491200000;MAPT3.SA;3700.0;3700.0;3700.0;3700.0;3700.0;0;stock;3995.66;-7.4;3995.66;-7.4;2.99;SUBIR
2004-08-04;1091577600000;MAPT3.SA;3700.0;3700.0;3700.0;3700.0;3700.0;0;stock;3992.72;-7.33;3992.72;-7.33;2.99;SUBIR
2004-08-05;1091664000000;MAPT3.SA;3700.0;3700.0;3700.0;3700.0;3700.0;0;stock;3989.81;-7.26;3989.81;-7.26;2.99;SUBIR
2004-08-06;1091750400000;MAPT3.SA;3700.0;3700.0;3700.0;3700.0;3700.0;0;stock;3986.92;-7.2;3986.92;-7.2;2.99;SUBIR
2004-08-09;1092009600000;MAPT3.SA;3700.0;3700.0;3700.0;3700.0;3700.0;0;stock;3984.07;-7.13;3984.07;-7.13;2.99;SUBIR
2004-08-10;1092096000000;MAPT3.SA;3700.0;3700.0;3700.0;3700.0;3700.0;0;stock;3981.24;-7.06;3981.24;-7.06;2.99;SUBIR
2004-08-11;1092182400000;MAPT3.SA;3700.0;3700.0;3700.0;3700.0;3700.0;0;stock;3978.44;-7.0;3978.44;-7.0;2.99;SUBIR
2004-08-12;1092268800000;MAPT3.SA;3700.0;3700.0;3700.0;3700.0;3700.0;0;stock;3975.67;-6.93;3975.67;-6.93;2.99;SUBIR
2004-08-13;1092355200000;MAPT3.SA;3700.0;3700.0;3700.0;3700.0;3700.0;0;stock;3972.93;-6.87;3972.93;-6.87;2.99;SUBIR
2004-08-16;1092614400000;MAPT3.SA;3700.0;3700.0;3700.0;3700.0;3700.0;0;stock;3970.21;-6.81;3970.21;-6.81;2.99;SUBIR
2004-08-17;1092700800000;MAPT3.SA;3700.0;3700.0;3700.0;3700.0;3700.0;0;stock;3967.52;-6.74;3967.52;-6.74;2.99;SUBIR
2004-08-18;1092787200000;MAPT3.SA;3700.0;3700.0;3700.0;3700.0;3700.0;0;stock;3964.86;-6.68;3964.86;-6.68;2.99;SUBIR
2004-08-19;1092873600000;MAPT3.SA;3700.0;3700.0;3700.0;3700.0;3700.0;0;stock;3962.23;-6.62;3962.23;-6.62;2.99;SUBIR
2004-08-20;1092960000000;MAPT3.SA;3700.0;3700.0;3700.0;3700.0;3700.0;0;stock;3959.62;-6.56;3959.62;-6.56;2.99;SUBIR
2004-08-23;1093219200000;MAPT3.SA;3700.0;3700.0;3700.0;3700.0;3700.0;0;stock;3957.03;-6.5;3957.03;-6.5;2.99;SUBIR
2004-08-24;1093305600000;MAPT3.SA;3700.0;3700.0;3700.0;3700.0;3700.0;0;stock;3954.48;-6.44;3954.48;-6.44;2.99;SUBIR
2004-08-25;1093392000000;MAPT3.SA;3700.0;3700.0;3700.0;3700.0;3700.0;0;stock;3951.94;-6.38;3951.94;-6.38;2.99;SUBIR
2004-08-26;1093478400000;MAPT3.SA;3700.0;3700.0;3700.0;3700.0;3700.0;0;stock;3949.44;-6.32;3949.44;-6.32;2.99;SUBIR
2004-08-27;1093564800000;MAPT3.SA;3700.0;3700.0;3700.0;3700.0;3700.0;0;stock;3946.95;-6.26;3946.95;-6.26;2.99;SUBIR
2004-08-30;1093824000000;MAPT3.SA;3700.0;3700.0;3700.0;3700.0;3700.0;0;stock;3944.5;-6.2;3944.5;-6.2;2.99;SUBIR
2004-08-31;1093910400000;MAPT3.SA;3700.0;3700.0;3700.0;3700.0;3700.0;0;stock;3942.06;-6.14;3942.06;-6.14;2.99;SUBIR
2004-09-01;1093996800000;MAPT3.SA;3700.0;3700.0;3700.0;3700.0;3700.0;0;stock;3939.66;-6.08;3939.66;-6.08;2.99;SUBIR
2004-09-02;1094083200000;MAPT3.SA;3700.0;3700.0;3700.0;3700.0;3700.0;0;stock;3937.27;-6.03;3937.27;-6.03;2.99;SUBIR
2004-09-03;1094169600000;MAPT3.SA;3700.0;3700.0;3700.0;3700.0;3700.0;0;stock;3934.91;-5.97;3934.91;-5.97;2.99;SUBIR
2004-09-06;1094428800000;MAPT3.SA;3700.0;3700.0;3700.0;3700.0;3700.0;0;stock;3932.57;-5.91;3932.57;-5.91;2.99;SUBIR
2004-09-07;1094515200000;MAPT3.SA;3700.0;3700.0;3700.0;3700.0;3700.0;0;stock;3930.26;-5.86;3930.26;-5.86;2.99;SUBIR
2004-09-08;1094601600000;MAPT3.SA;3700.0;3700.0;3700.0;3700.0;3700.0;0;stock;3927.97;-5.8;3927.97;-5.8;2.99;SUBIR
2004-09-09;1094688000000;MAPT3.SA;3700.0;3700.0;3700.0;3700.0;3700.0;0;stock;3925.7;-5.75;3925.7;-5.75;2.99;SUBIR
2004-09-10;1094774400000;MAPT3.SA;3700.0;3700.0;3700.0;3700.0;3700.0;0;stock;3923.45;-5.7;3923.45;-5.7;2.99;SUBIR
2004-09-13;1095033600000;MAPT3.SA;3700.0;3700.0;3700.0;3700.0;3700.0;0;stock;3921.23;-5.64;3921.23;-5.64;2.99;SUBIR
2004-09-14;1095120000000;MAPT3.SA;3700.0;3700.0;3700.0;3700.0;3700.0;0;stock;3919.03;-5.59;3919.03;-5.59;2.99;SUBIR
2004-09-15;1095206400000;MAPT3.SA;3700.0;3700.0;3700.0;3700.0;3700.0;0;stock;3916.85;-5.54;3916.85;-5.54;2.99;SUBIR
2004-09-16;1095292800000;MAPT3.SA;3700.0;3700.0;3700.0;3700.0;3700.0;0;stock;3914.69;-5.48;3914.69;-5.48;2.99;SUBIR
2004-09-17;1095379200000;MAPT3.SA;3700.0;3700.0;3700.0;3700.0;3700.0;0;stock;3912.56;-5.43;3912.56;-5.43;2.99;SUBIR
2004-09-20;1095638400000;MAPT3.SA;3700.0;3700.0;3700.0;3700.0;3700.0;0;stock;3910.44;-5.38;3910.44;-5.38;2.99;SUBIR
2004-09-21;1095724800000;MAPT3.SA;3700.0;3700.0;3700.0;3700.0;3700.0;0;stock;3908.35;-5.33;3908.35;-5.33;2.99;SUBIR
2004-09-22;1095811200000;MAPT3.SA;3700.0;3700.0;3700.0;3700.0;3700.0;0;stock;3906.27;-5.28;3906.27;-5.28;2.99;SUBIR
2004-09-23;1095897600000;MAPT3.SA;3700.0;3700.0;3700.0;3700.0;3700.0;0;stock;3904.22;-5.23;3904.22;-5.23;2.99;SUBIR
2004-09-24;1095984000000;MAPT3.SA;3700.0;3700.0;3700.0;3700.0;3700.0;0;stock;3902.19;-5.18;3902.19;-5.18;2.99;SUBIR
2004-09-27;1096243200000;MAPT3.SA;3700.0;3700.0;3700.0;3700.0;3700.0;0;stock;3900.18;-5.13;3900.18;-5.13;2.99;SUBIR
2004-09-28;1096329600000;MAPT3.SA;3700.0;3700.0;3700.0;3700.0;3700.0;0;stock;3898.18;-5.08;3898.18;-5.08;2.99;SUBIR
2004-09-29;1096416000000;MAPT3.SA;3700.0;3700.0;3700.0;3700.0;3700.0;0;stock;3896.21;-5.04;3896.21;-5.04;2.99;SUBIR
2004-09-30;1096502400000;MAPT3.SA;3700.0;3700.0;3700.0;3700.0;3700.0;0;stock;3894.26;-4.99;3894.26;-4.99;2.99;SUBIR
2004-10-01;1096588800000;MAPT3.SA;4000.0;4000.0;4000.0;4000.0;4000.0;10;stock;3895.31;2.69;3895.31;2.69;99.97;CAIR
2004-10-04;1096848000000;MAPT3.SA;5500.0;5500.0;5500.0;5500.0;5500.0;10;stock;3911.28;40.62;3911.28;40.62;100.0;CAIR
2004-10-05;1096934400000;MAPT3.SA;5500.0;5500.0;5500.0;5500.0;5500.0;0;stock;3927.09;40.05;3927.09;40.05;100.0;CAIR
2004-10-06;1097020800000;MAPT3.SA;5500.0;5500.0;5500.0;5500.0;5500.0;0;stock;3942.74;39.5;3942.74;39.5;100.0;CAIR
2004-10-07;1097107200000;MAPT3.SA;5500.0;5500.0;5500.0;5500.0;5500.0;0;stock;3958.23;38.95;3958.23;38.95;100.0;CAIR
2004-10-08;1097193600000;MAPT3.SA;5500.0;5500.0;5500.0;5500.0;5500.0;0;stock;3973.58;38.41;3973.58;38.41;100.0;CAIR
2004-10-11;1097452800000;MAPT3.SA;5500.0;5500.0;5500.0;5500.0;5500.0;0;stock;3988.76;37.89;3988.76;37.89;100.0;CAIR
2004-10-12;1097539200000;MAPT3.SA;5500.0;5500.0;5500.0;5500.0;5500.0;0;stock;4003.8;37.37;4003.8;37.37;100.0;CAIR
2004-10-13;1097625600000;MAPT3.SA;5500.0;5500.0;5500.0;5500.0;5500.0;0;stock;4018.69;36.86;4018.69;36.86;100.0;CAIR
2004-10-14;1097712000000;MAPT3.SA;5500.0;5500.0;5500.0;5500.0;5500.0;0;stock;4033.43;36.36;4033.43;36.36;100.0;CAIR
2004-10-15;1097798400000;MAPT3.SA;5500.0;5500.0;5500.0;5500.0;5500.0;0;stock;4048.02;35.87;4048.02;35.87;100.0;CAIR
2004-10-18;1098057600000;MAPT3.SA;5500.0;5500.0;5500.0;5500.0;5500.0;0;stock;4062.47;35.39;4062.47;35.39;100.0;CAIR
2004-10-19;1098144000000;MAPT3.SA;5500.0;5500.0;5500.0;5500.0;5500.0;0;stock;4076.77;34.91;4076.77;34.91;100.0;CAIR
2004-10-20;1098230400000;MAPT3.SA;5500.0;5500.0;5500.0;5500.0;5500.0;0;stock;4090.94;34.44;4090.94;34.44;100.0;CAIR
2004-10-21;1098316800000;MAPT3.SA;5500.0;5500.0;5500.0;5500.0;5500.0;0;stock;4104.96;33.98;4104.96;33.98;100.0;CAIR
2004-10-22;1098403200000;MAPT3.SA;5500.0;5500.0;5500.0;5500.0;5500.0;0;stock;4118.84;33.53;4118.84;33.53;100.0;CAIR
2004-10-25;1098662400000;MAPT3.SA;5500.0;5500.0;5500.0;5500.0;5500.0;0;stock;4132.58;33.09;4132.58;33.09;100.0;CAIR
2004-10-26;1098748800000;MAPT3.SA;5500.0;5500.0;5500.0;5500.0;5500.0;0;stock;4146.19;32.65;4146.19;32.65;100.0;CAIR
2004-10-27;1098835200000;MAPT3.SA;5500.0;5500.0;5500.0;5500.0;5500.0;0;stock;4159.66;32.22;4159.66;32.22;100.0;CAIR
2004-10-28;1098921600000;MAPT3.SA;5500.0;5500.0;5500.0;5500.0;5500.0;0;stock;4173.0;31.8;4173.0;31.8;100.0;CAIR
2004-10-29;1099008000000;MAPT3.SA;5500.0;5500.0;5500.0;5500.0;5500.0;0;stock;4186.2;31.38;4186.2;31.38;100.0;CAIR
2004-11-01;1099267200000;MAPT3.SA;5500.0;5500.0;5500.0;5500.0;5500.0;0;stock;4199.27;30.98;4199.27;30.98;100.0;CAIR
2004-11-03;1099440000000;MAPT3.SA;5500.0;5500.0;5500.0;5500.0;5500.0;0;stock;4212.22;30.57;4212.22;30.57;100.0;CAIR
2004-11-04;1099526400000;MAPT3.SA;5500.0;5500.0;5500.0;5500.0;5500.0;0;stock;4225.03;30.18;4225.03;30.18;100.0;CAIR
2004-11-05;1099612800000;MAPT3.SA;5500.0;5500.0;5500.0;5500.0;5500.0;0;stock;4237.72;29.79;4237.72;29.79;100.0;CAIR
2004-11-08;1099872000000;MAPT3.SA;5500.0;5500.0;5500.0;5500.0;5500.0;0;stock;4250.28;29.4;4250.28;29.4;100.0;CAIR
2004-11-09;1099958400000;MAPT3.SA;5500.0;5500.0;5500.0;5500.0;5500.0;0;stock;4262.71;29.03;4262.71;29.03;100.0;CAIR
2004-11-10;1100044800000;MAPT3.SA;5500.0;5500.0;5500.0;5500.0;5500.0;0;stock;4275.02;28.65;4275.02;28.65;100.0;CAIR
2004-11-11;1100131200000;MAPT3.SA;5500.0;5500.0;5500.0;5500.0;5500.0;0;stock;4287.21;28.29;4287.21;28.29;100.0;CAIR
2004-11-12;1100217600000;MAPT3.SA;5500.0;5500.0;5500.0;5500.0;5500.0;0;stock;4299.28;27.93;4299.28;27.93;100.0;CAIR
2004-11-15;1100476800000;MAPT3.SA;5500.0;5500.0;5500.0;5500.0;5500.0;0;stock;4311.23;27.57;4311.23;27.57;100.0;CAIR
2004-11-16;1100563200000;MAPT3.SA;5500.0;5500.0;5500.0;5500.0;5500.0;0;stock;4323.06;27.22;4323.06;27.22;100.0;CAIR
2004-11-17;1100649600000;MAPT3.SA;5500.0;5500.0;5500.0;5500.0;5500.0;0;stock;4334.77;26.88;4334.77;26.88;100.0;CAIR
2004-11-18;1100736000000;MAPT3.SA;5500.0;5500.0;5500.0;5500.0;5500.0;0;stock;4346.36;26.54;4346.36;26.54;100.0;CAIR
2004-11-19;1100822400000;MAPT3.SA;5500.0;5500.0;5500.0;5500.0;5500.0;0;stock;4357.84;26.21;4357.84;26.21;100.0;CAIR
2004-11-22;1101081600000;MAPT3.SA;5500.0;5500.0;5500.0;5500.0;5500.0;0;stock;4369.2;25.88;4369.2;25.88;100.0;CAIR
2004-11-23;1101168000000;MAPT3.SA;5500.0;5500.0;5500.0;5500.0;5500.0;0;stock;4380.46;25.56;4380.46;25.56;100.0;CAIR
2004-11-24;1101254400000;MAPT3.SA;5500.0;5500.0;5500.0;5500.0;5500.0;0;stock;4391.6;25.24;4391.6;25.24;100.0;CAIR
2004-11-25;1101340800000;MAPT3.SA;5500.0;5500.0;5500.0;5500.0;5500.0;0;stock;4402.63;24.93;4402.63;24.93;100.0;CAIR
2004-11-26;1101427200000;MAPT3.SA;5500.0;5500.0;5500.0;5500.0;5500.0;0;stock;4413.54;24.62;4413.54;24.62;100.0;CAIR
2004-11-29;1101686400000;MAPT3.SA;5500.0;5500.0;5500.0;5500.0;5500.0;0;stock;4424.36;24.31;4424.36;24.31;100.0;CAIR
2004-11-30;1101772800000;MAPT3.SA;5500.0;5500.0;5500.0;5500.0;5500.0;0;stock;4435.06;24.01;4435.06;24.01;100.0;CAIR
2004-12-01;1101859200000;MAPT3.SA;5500.0;5500.0;5500.0;5500.0;5500.0;0;stock;4445.66;23.72;4445.66;23.72;100.0;CAIR
2004-12-02;1101945600000;MAPT3.SA;5500.0;5500.0;5500.0;5500.0;5500.0;0;stock;4456.15;23.43;4456.15;23.43;100.0;CAIR
2004-12-03;1102032000000;MAPT3.SA;5500.0;5500.0;5500.0;5500.0;5500.0;0;stock;4466.53;23.14;4466.53;23.14;100.0;CAIR
2004-12-06;1102291200000;MAPT3.SA;5500.0;5500.0;5500.0;5500.0;5500.0;0;stock;4476.82;22.86;4476.82;22.86;100.0;CAIR
2004-12-07;1102377600000;MAPT3.SA;5500.0;5500.0;5500.0;5500.0;5500.0;0;stock;4487.0;22.58;4487.0;22.58;100.0;CAIR
2004-12-08;1102464000000;MAPT3.SA;5500.0;5500.0;5500.0;5500.0;5500.0;0;stock;4497.08;22.3;4497.08;22.3;100.0;CAIR
2004-12-09;1102550400000;MAPT3.SA;5500.0;5500.0;5500.0;5500.0;5500.0;0;stock;4507.06;22.03;4507.06;22.03;100.0;CAIR
2004-12-10;1102636800000;MAPT3.SA;5500.0;5500.0;5500.0;5500.0;5500.0;0;stock;4516.94;21.76;4516.94;21.76;100.0;CAIR
2004-12-13;1102896000000;MAPT3.SA;5500.0;5500.0;5500.0;5500.0;5500.0;0;stock;4526.72;21.5;4526.72;21.5;100.0;CAIR
2004-12-14;1102982400000;MAPT3.SA;5500.0;5500.0;5500.0;5500.0;5500.0;0;stock;4536.4;21.24;4536.4;21.24;100.0;CAIR
2004-12-15;1103068800000;MAPT3.SA;5500.0;5500.0;5500.0;5500.0;5500.0;0;stock;4545.99;20.99;4545.99;20.99;100.0;CAIR
2004-12-16;1103155200000;MAPT3.SA;5500.0;5500.0;5500.0;5500.0;5500.0;0;stock;4555.48;20.73;4555.48;20.73;100.0;CAIR
2004-12-17;1103241600000;MAPT3.SA;5500.0;5500.0;5500.0;5500.0;5500.0;0;stock;4564.88;20.49;4564.88;20.49;100.0;CAIR
2004-12-20;1103500800000;MAPT3.SA;5500.0;5500.0;5500.0;5500.0;5500.0;0;stock;4574.19;20.24;4574.19;20.24;100.0;CAIR
2004-12-21;1103587200000;MAPT3.SA;5500.0;5500.0;5500.0;5500.0;5500.0;0;stock;4583.4;20.0;4583.4;20.0;100.0;CAIR
2004-12-22;1103673600000;MAPT3.SA;5500.0;5500.0;5500.0;5500.0;5500.0;0;stock;4592.52;19.76;4592.52;19.76;100.0;CAIR
2004-12-23;1103760000000;MAPT3.SA;5500.0;5500.0;5500.0;5500.0;5500.0;0;stock;4601.55;19.52;4601.55;19.52;100.0;CAIR
2004-12-24;1103846400000;MAPT3.SA;5500.0;5500.0;5500.0;5500.0;5500.0;0;stock;4610.49;19.29;4610.49;19.29;100.0;CAIR
2004-12-27;1104105600000;MAPT3.SA;5500.0;5500.0;5500.0;5500.0;5500.0;0;stock;4619.34;19.06;4619.34;19.06;100.0;CAIR
2004-12-28;1104192000000;MAPT3.SA;5500.0;5500.0;5500.0;5500.0;5500.0;0;stock;4628.1;18.84;4628.1;18.84;100.0;CAIR
2004-12-29;1104278400000;MAPT3.SA;5500.0;5500.0;5500.0;5500.0;5500.0;0;stock;4636.78;18.62;4636.78;18.62;100.0;CAIR
2004-12-30;1104364800000;MAPT3.SA;5500.0;5500.0;5500.0;5500.0;5500.0;0;stock;4645.37;18.4;4645.37;18.4;100.0;CAIR
2004-12-31;1104451200000;MAPT3.SA;5500.0;5500.0;5500.0;5500.0;5500.0;0;stock;4653.87;18.18;4653.87;18.18;100.0;CAIR
2005-01-03;1104710400000;MAPT3.SA;5500.0;5500.0;5500.0;5500.0;5500.0;0;stock;4662.29;17.97;4662.29;17.97;100.0;CAIR
2005-01-04;1104796800000;MAPT3.SA;5500.0;5500.0;5500.0;5500.0;5500.0;0;stock;4670.63;17.76;4670.63;17.76;100.0;CAIR
2005-01-05;1104883200000;MAPT3.SA;5500.0;5500.0;5500.0;5500.0;5500.0;0;stock;4678.88;17.55;4678.88;17.55;100.0;CAIR
2005-01-06;1104969600000;MAPT3.SA;5500.0;5500.0;5500.0;5500.0;5500.0;0;stock;4687.05;17.34;4687.05;17.34;100.0;CAIR
2005-01-07;1105056000000;MAPT3.SA;5500.0;5500.0;5500.0;5500.0;5500.0;0;stock;4695.14;17.14;4695.14;17.14;100.0;CAIR
2005-01-10;1105315200000;MAPT3.SA;5500.0;5500.0;5500.0;5500.0;5500.0;0;stock;4703.15;16.94;4703.15;16.94;100.0;CAIR
2005-01-11;1105401600000;MAPT3.SA;5500.0;5500.0;5500.0;5500.0;5500.0;0;stock;4711.08;16.75;4711.08;16.75;100.0;CAIR
2005-01-12;1105488000000;MAPT3.SA;5500.0;5500.0;5500.0;5500.0;5500.0;0;stock;4718.93;16.55;4718.93;16.55;100.0;CAIR
2005-01-13;1105574400000;MAPT3.SA;5500.0;5500.0;5500.0;5500.0;5500.0;0;stock;4726.7;16.36;4726.7;16.36;100.0;CAIR
2005-01-14;1105660800000;MAPT3.SA;5500.0;5500.0;5500.0;5500.0;5500.0;0;stock;4734.39;16.17;4734.39;16.17;100.0;CAIR
2005-01-17;1105920000000;MAPT3.SA;5500.0;5500.0;5500.0;5500.0;5500.0;0;stock;4742.01;15.98;4742.01;15.98;100.0;CAIR
2005-01-18;1106006400000;MAPT3.SA;5500.0;5500.0;5500.0;5500.0;5500.0;0;stock;4749.55;15.8;4749.55;15.8;100.0;CAIR
2005-01-19;1106092800000;MAPT3.SA;5500.0;5500.0;5500.0;5500.0;5500.0;0;stock;4757.02;15.62;4757.02;15.62;100.0;CAIR
2005-01-20;1106179200000;MAPT3.SA;5500.0;5500.0;5500.0;5500.0;5500.0;0;stock;4764.41;15.44;4764.41;15.44;100.0;CAIR
2005-01-21;1106265600000;MAPT3.SA;5500.0;5500.0;5500.0;5500.0;5500.0;0;stock;4771.73;15.26;4771.73;15.26;100.0;CAIR
2005-01-24;1106524800000;MAPT3.SA;5500.0;5500.0;5500.0;5500.0;5500.0;0;stock;4778.98;15.09;4778.98;15.09;100.0;CAIR
2005-01-26;1106697600000;MAPT3.SA;5500.0;5500.0;5500.0;5500.0;5500.0;0;stock;4786.15;14.91;4786.15;14.91;100.0;CAIR
2005-01-27;1106784000000;MAPT3.SA;5500.0;5500.0;5500.0;5500.0;5500.0;0;stock;4793.26;14.74;4793.26;14.74;100.0;CAIR
2005-01-28;1106870400000;MAPT3.SA;5500.0;5500.0;5500.0;5500.0;5500.0;0;stock;4800.29;14.58;4800.29;14.58;100.0;CAIR
2005-01-31;1107129600000;MAPT3.SA;5500.0;5500.0;5500.0;5500.0;5500.0;0;stock;4807.25;14.41;4807.25;14.41;100.0;CAIR
2005-02-01;1107216000000;MAPT3.SA;5500.0;5500.0;5500.0;5500.0;5500.0;0;stock;4814.14;14.25;4814.14;14.25;100.0;CAIR
2005-02-02;1107302400000;MAPT3.SA;5500.0;5500.0;5500.0;5500.0;5500.0;0;stock;4820.97;14.08;4820.97;14.08;100.0;CAIR
2005-02-03;1107388800000;MAPT3.SA;5500.0;5500.0;5500.0;5500.0;5500.0;0;stock;4827.73;13.93;4827.73;13.93;100.0;CAIR
2005-02-04;1107475200000;MAPT3.SA;5500.0;5500.0;5500.0;5500.0;5500.0;0;stock;4834.41;13.77;4834.41;13.77;100.0;CAIR
2005-02-09;1107907200000;MAPT3.SA;5500.0;5500.0;5500.0;5500.0;5500.0;0;stock;4841.04;13.61;4841.04;13.61;100.0;CAIR
2005-02-10;1107993600000;MAPT3.SA;5500.0;5500.0;5500.0;5500.0;5500.0;0;stock;4847.59;13.46;4847.59;13.46;100.0;CAIR
2005-02-11;1108080000000;MAPT3.SA;5500.0;5500.0;5500.0;5500.0;5500.0;0;stock;4854.09;13.31;4854.09;13.31;100.0;CAIR
2005-02-14;1108339200000;MAPT3.SA;5500.0;5500.0;5500.0;5500.0;5500.0;0;stock;4860.51;13.16;4860.51;13.16;100.0;CAIR
2005-02-15;1108425600000;MAPT3.SA;5500.0;5500.0;5500.0;5500.0;5500.0;0;stock;4866.88;13.01;4866.88;13.01;100.0;CAIR
2005-02-16;1108512000000;MAPT3.SA;5500.0;5500.0;5500.0;5500.0;5500.0;0;stock;4873.18;12.86;4873.18;12.86;100.0;CAIR
2005-02-17;1108598400000;MAPT3.SA;5500.0;5500.0;5500.0;5500.0;5500.0;0;stock;4879.41;12.72;4879.41;12.72;100.0;CAIR
2005-02-18;1108684800000;MAPT3.SA;5500.0;5500.0;5500.0;5500.0;5500.0;0;stock;4885.59;12.58;4885.59;12.58;100.0;CAIR
2005-02-21;1108944000000;MAPT3.SA;5500.0;5500.0;5500.0;5500.0;5500.0;0;stock;4891.7;12.44;4891.7;12.44;100.0;CAIR
2005-02-22;1109030400000;MAPT3.SA;5500.0;5500.0;5500.0;5500.0;5500.0;0;stock;4897.75;12.3;4897.75;12.3;100.0;CAIR
2005-02-23;1109116800000;MAPT3.SA;5500.0;5500.0;5500.0;5500.0;5500.0;0;stock;4903.75;12.16;4903.75;12.16;100.0;CAIR
2005-02-24;1109203200000;MAPT3.SA;5500.0;5500.0;5500.0;5500.0;5500.0;0;stock;4909.68;12.02;4909.68;12.02;100.0;CAIR
2005-02-25;1109289600000;MAPT3.SA;5500.0;5500.0;5500.0;5500.0;5500.0;0;stock;4915.55;11.89;4915.55;11.89;100.0;CAIR
2005-02-28;1109548800000;MAPT3.SA;5500.0;5500.0;5500.0;5500.0;5500.0;0;stock;4921.37;11.76;4921.37;11.76;100.0;CAIR
2005-03-01;1109635200000;MAPT3.SA;5500.0;5500.0;5500.0;5500.0;5500.0;0;stock;4927.13;11.63;4927.13;11.63;100.0;CAIR
2005-03-02;1109721600000;MAPT3.SA;5500.0;5500.0;5500.0;5500.0;5500.0;0;stock;4932.83;11.5;4932.83;11.5;100.0;CAIR
2005-03-03;1109808000000;MAPT3.SA;5500.0;5500.0;5500.0;5500.0;5500.0;0;stock;4938.47;11.37;4938.47;11.37;100.0;CAIR
2005-03-04;1109894400000;MAPT3.SA;5500.0;5500.0;5500.0;5500.0;5500.0;0;stock;4944.06;11.24;4944.06;11.24;100.0;CAIR
2005-03-07;1110153600000;MAPT3.SA;5500.0;5500.0;5500.0;5500.0;5500.0;0;stock;4949.59;11.12;4949.59;11.12;100.0;CAIR
2005-03-08;1110240000000;MAPT3.SA;5500.0;5500.0;5500.0;5500.0;5500.0;0;stock;4955.07;11.0;4955.07;11.0;100.0;CAIR
2005-03-09;1110326400000;MAPT3.SA;5500.0;5500.0;5500.0;5500.0;5500.0;0;stock;4960.49;10.88;4960.49;10.88;100.0;CAIR
2005-03-10;1110412800000;MAPT3.SA;5500.0;5500.0;5500.0;5500.0;5500.0;0;stock;4965.86;10.76;4965.86;10.76;100.0;CAIR
2005-03-11;1110499200000;MAPT3.SA;5500.0;5500.0;5500.0;5500.0;5500.0;0;stock;4971.17;10.64;4971.17;10.64;100.0;CAIR
2005-03-14;1110758400000;MAPT3.SA;5500.0;5500.0;5500.0;5500.0;5500.0;0;stock;4976.43;10.52;4976.43;10.52;100.0;CAIR
2005-03-15;1110844800000;MAPT3.SA;5500.0;5500.0;5500.0;5500.0;5500.0;0;stock;4981.64;10.41;4981.64;10.41;100.0;CAIR
2005-03-16;1110931200000;MAPT3.SA;5500.0;5500.0;5500.0;5500.0;5500.0;0;stock;4986.8;10.29;4986.8;10.29;100.0;CAIR
2005-03-17;1111017600000;MAPT3.SA;5500.0;5500.0;5500.0;5500.0;5500.0;0;stock;4991.91;10.18;4991.91;10.18;100.0;CAIR
2005-03-18;1111104000000;MAPT3.SA;5500.0;5500.0;5500.0;5500.0;5500.0;0;stock;4996.96;10.07;4996.96;10.07;100.0;CAIR
2005-03-21;1111363200000;MAPT3.SA;5500.0;5500.0;5500.0;5500.0;5500.0;0;stock;5001.97;9.96;5001.97;9.96;100.0;CAIR
2005-03-22;1111449600000;MAPT3.SA;5500.0;5500.0;5500.0;5500.0;5500.0;0;stock;5006.92;9.85;5006.92;9.85;100.0;CAIR
2005-03-23;1111536000000;MAPT3.SA;5500.0;5500.0;5500.0;5500.0;5500.0;0;stock;5011.83;9.74;5011.83;9.74;100.0;CAIR
2005-03-24;1111622400000;MAPT3.SA;5500.0;5500.0;5500.0;5500.0;5500.0;0;stock;5016.69;9.63;5016.69;9.63;100.0;CAIR
2005-03-28;1111968000000;MAPT3.SA;5500.0;5500.0;5500.0;5500.0;5500.0;0;stock;5021.5;9.53;5021.5;9.53;100.0;CAIR
2005-03-29;1112054400000;MAPT3.SA;5500.0;5500.0;5500.0;5500.0;5500.0;0;stock;5026.26;9.43;5026.26;9.43;100.0;CAIR
2005-03-30;1112140800000;MAPT3.SA;5500.0;5500.0;5500.0;5500.0;5500.0;0;stock;5030.97;9.32;5030.97;9.32;100.0;CAIR
2005-03-31;1112227200000;MAPT3.SA;5500.0;5500.0;5500.0;5500.0;5500.0;0;stock;5035.64;9.22;5035.64;9.22;100.0;CAIR
2005-04-01;1112313600000;MAPT3.SA;5500.0;5500.0;5500.0;5500.0;5500.0;0;stock;5040.26;9.12;5040.26;9.12;100.0;CAIR
2005-04-04;1112572800000;MAPT3.SA;5500.0;5500.0;5500.0;5500.0;5500.0;0;stock;5044.83;9.02;5044.83;9.02;100.0;CAIR
2005-04-05;1112659200000;MAPT3.SA;5500.0;5500.0;5500.0;5500.0;5500.0;0;stock;5049.36;8.92;5049.36;8.92;100.0;CAIR
2005-04-06;1112745600000;MAPT3.SA;5500.0;5500.0;5500.0;5500.0;5500.0;0;stock;5053.85;8.83;5053.85;8.83;100.0;CAIR
2005-04-07;1112832000000;MAPT3.SA;5500.0;5500.0;5500.0;5500.0;5500.0;0;stock;5058.29;8.73;5058.29;8.73;100.0;CAIR
2005-04-08;1112918400000;MAPT3.SA;5500.0;5500.0;5500.0;5500.0;5500.0;0;stock;5062.68;8.64;5062.68;8.64;100.0;CAIR
2005-04-11;1113177600000;MAPT3.SA;5500.0;5500.0;5500.0;5500.0;5500.0;0;stock;5067.03;8.54;5067.03;8.54;100.0;CAIR
2005-04-12;1113264000000;MAPT3.SA;5500.0;5500.0;5500.0;5500.0;5500.0;0;stock;5071.34;8.45;5071.34;8.45;100.0;CAIR
2005-04-13;1113350400000;MAPT3.SA;5500.0;5500.0;5500.0;5500.0;5500.0;0;stock;5075.61;8.36;5075.61;8.36;100.0;CAIR
2005-04-14;1113436800000;MAPT3.SA;5500.0;5500.0;5500.0;5500.0;5500.0;0;stock;5079.83;8.27;5079.83;8.27;100.0;CAIR
2005-04-15;1113523200000;MAPT3.SA;5500.0;5500.0;5500.0;5500.0;5500.0;0;stock;5084.01;8.18;5084.01;8.18;100.0;CAIR
2005-04-18;1113782400000;MAPT3.SA;5500.0;5500.0;5500.0;5500.0;5500.0;0;stock;5088.15;8.09;5088.15;8.09;100.0;CAIR
2005-04-19;1113868800000;MAPT3.SA;5500.0;5500.0;5500.0;5500.0;5500.0;0;stock;5092.25;8.01;5092.25;8.01;100.0;CAIR
2005-04-20;1113955200000;MAPT3.SA;5500.0;5500.0;5500.0;5500.0;5500.0;0;stock;5096.31;7.92;5096.31;7.92;100.0;CAIR
2005-04-22;1114128000000;MAPT3.SA;5500.0;5500.0;5500.0;5500.0;5500.0;0;stock;5100.32;7.84;5100.32;7.84;100.0;CAIR
2005-04-25;1114387200000;MAPT3.SA;5500.0;5500.0;5500.0;5500.0;5500.0;0;stock;5104.3;7.75;5104.3;7.75;100.0;CAIR
2005-04-26;1114473600000;MAPT3.SA;5500.0;5500.0;5500.0;5500.0;5500.0;0;stock;5108.24;7.67;5108.24;7.67;100.0;CAIR
2005-04-27;1114560000000;MAPT3.SA;5500.0;5500.0;5500.0;5500.0;5500.0;0;stock;5112.13;7.59;5112.13;7.59;100.0;CAIR
2005-04-28;1114646400000;MAPT3.SA;5500.0;5500.0;5500.0;5500.0;5500.0;0;stock;5115.99;7.51;5115.99;7.51;100.0;CAIR
2005-04-29;1114732800000;MAPT3.SA;5500.0;5500.0;5500.0;5500.0;5500.0;0;stock;5119.81;7.43;5119.81;7.43;100.0;CAIR
2005-05-02;1114992000000;MAPT3.SA;5500.0;5500.0;5500.0;5500.0;5500.0;0;stock;5123.6;7.35;5123.6;7.35;100.0;CAIR
2005-05-03;1115078400000;MAPT3.SA;5500.0;5500.0;5500.0;5500.0;5500.0;0;stock;5127.34;7.27;5127.34;7.27;100.0;CAIR
2005-05-04;1115164800000;MAPT3.SA;5500.0;5500.0;5500.0;5500.0;5500.0;0;stock;5131.05;7.19;5131.05;7.19;100.0;CAIR
2005-05-05;1115251200000;MAPT3.SA;5500.0;5500.0;5500.0;5500.0;5500.0;0;stock;5134.72;7.11;5134.72;7.11;100.0;CAIR
2005-05-06;1115337600000;MAPT3.SA;5500.0;5500.0;5500.0;5500.0;5500.0;0;stock;5138.36;7.04;5138.36;7.04;100.0;CAIR
2005-05-09;1115596800000;MAPT3.SA;5500.0;5500.0;5500.0;5500.0;5500.0;0;stock;5141.96;6.96;5141.96;6.96;100.0;CAIR
2005-05-10;1115683200000;MAPT3.SA;5500.0;5500.0;5500.0;5500.0;5500.0;0;stock;5145.52;6.89;5145.52;6.89;100.0;CAIR
2005-05-11;1115769600000;MAPT3.SA;5500.0;5500.0;5500.0;5500.0;5500.0;0;stock;5149.04;6.82;5149.04;6.82;100.0;CAIR
2005-05-12;1115856000000;MAPT3.SA;5500.0;5500.0;5500.0;5500.0;5500.0;0;stock;5152.54;6.74;5152.54;6.74;100.0;CAIR
2005-05-13;1115942400000;MAPT3.SA;5500.0;5500.0;5500.0;5500.0;5500.0;0;stock;5155.99;6.67;5155.99;6.67;100.0;CAIR
2005-05-16;1116201600000;MAPT3.SA;5500.0;5500.0;5500.0;5500.0;5500.0;0;stock;5159.42;6.6;5159.42;6.6;100.0;CAIR
2005-05-17;1116288000000;MAPT3.SA;5500.0;5500.0;5500.0;5500.0;5500.0;0;stock;5162.81;6.53;5162.81;6.53;100.0;CAIR
2005-05-18;1116374400000;MAPT3.SA;5500.0;5500.0;5500.0;5500.0;5500.0;0;stock;5166.16;6.46;5166.16;6.46;100.0;CAIR
2005-05-19;1116460800000;MAPT3.SA;5500.0;5500.0;5500.0;5500.0;5500.0;0;stock;5169.48;6.39;5169.48;6.39;100.0;CAIR
2005-05-20;1116547200000;MAPT3.SA;5500.0;5500.0;5500.0;5500.0;5500.0;0;stock;5172.77;6.33;5172.77;6.33;100.0;CAIR
2005-05-23;1116806400000;MAPT3.SA;5500.0;5500.0;5500.0;5500.0;5500.0;0;stock;5176.03;6.26;5176.03;6.26;100.0;CAIR
2005-05-24;1116892800000;MAPT3.SA;5500.0;5500.0;5500.0;5500.0;5500.0;0;stock;5179.25;6.19;5179.25;6.19;100.0;CAIR
2005-05-25;1116979200000;MAPT3.SA;5500.0;5500.0;5500.0;5500.0;5500.0;0;stock;5182.44;6.13;5182.44;6.13;100.0;CAIR
2005-05-27;1117152000000;MAPT3.SA;5500.0;5500.0;5500.0;5500.0;5500.0;0;stock;5185.6;6.06;5185.6;6.06;100.0;CAIR
2005-05-30;1117411200000;MAPT3.SA;5500.0;5500.0;5500.0;5500.0;5500.0;0;stock;5188.73;6.0;5188.73;6.0;100.0;CAIR
2005-05-31;1117497600000;MAPT3.SA;5500.0;5500.0;5500.0;5500.0;5500.0;0;stock;5191.83;5.94;5191.83;5.94;100.0;CAIR
2005-06-01;1117584000000;MAPT3.SA;5500.0;5500.0;5500.0;5500.0;5500.0;0;stock;5194.9;5.87;5194.9;5.87;100.0;CAIR
2005-06-02;1117670400000;MAPT3.SA;5500.0;5500.0;5500.0;5500.0;5500.0;0;stock;5197.93;5.81;5197.93;5.81;100.0;CAIR
2005-06-03;1117756800000;MAPT3.SA;5500.0;5500.0;5500.0;5500.0;5500.0;0;stock;5200.94;5.75;5200.94;5.75;100.0;CAIR
2005-06-06;1118016000000;MAPT3.SA;5500.0;5500.0;5500.0;5500.0;5500.0;0;stock;5203.91;5.69;5203.91;5.69;100.0;CAIR
2005-06-07;1118102400000;MAPT3.SA;5500.0;5500.0;5500.0;5500.0;5500.0;0;stock;5206.86;5.63;5206.86;5.63;100.0;CAIR
2005-06-08;1118188800000;MAPT3.SA;5500.0;5500.0;5500.0;5500.0;5500.0;0;stock;5209.78;5.57;5209.78;5.57;100.0;CAIR
2005-06-09;1118275200000;MAPT3.SA;5500.0;5500.0;5500.0;5500.0;5500.0;0;stock;5212.66;5.51;5212.66;5.51;100.0;CAIR
2005-06-10;1118361600000;MAPT3.SA;5500.0;5500.0;5500.0;5500.0;5500.0;0;stock;5215.52;5.45;5215.52;5.45;100.0;CAIR
2005-06-13;1118620800000;MAPT3.SA;5500.0;5500.0;5500.0;5500.0;5500.0;0;stock;5218.35;5.4;5218.35;5.4;100.0;CAIR
2005-06-14;1118707200000;MAPT3.SA;5500.0;5500.0;5500.0;5500.0;5500.0;0;stock;5221.16;5.34;5221.16;5.34;100.0;CAIR
2005-06-15;1118793600000;MAPT3.SA;5500.0;5500.0;5500.0;5500.0;5500.0;0;stock;5223.93;5.28;5223.93;5.28;100.0;CAIR
2005-06-16;1118880000000;MAPT3.SA;5500.0;5500.0;5500.0;5500.0;5500.0;0;stock;5226.68;5.23;5226.68;5.23;100.0;CAIR
2005-06-17;1118966400000;MAPT3.SA;5500.0;5500.0;5500.0;5500.0;5500.0;0;stock;5229.4;5.17;5229.4;5.17;100.0;CAIR
2005-06-20;1119225600000;MAPT3.SA;5500.0;5500.0;5500.0;5500.0;5500.0;0;stock;5232.09;5.12;5232.09;5.12;100.0;CAIR
2005-06-21;1119312000000;MAPT3.SA;5500.0;5500.0;5500.0;5500.0;5500.0;0;stock;5234.76;5.07;5234.76;5.07;100.0;CAIR
2005-06-22;1119398400000;MAPT3.SA;5500.0;5500.0;5500.0;5500.0;5500.0;0;stock;5237.39;5.01;5237.39;5.01;100.0;CAIR
2005-06-23;1119484800000;MAPT3.SA;5500.0;5500.0;5500.0;5500.0;5500.0;0;stock;5240.01;4.96;5240.01;4.96;100.0;CAIR
2005-06-24;1119571200000;MAPT3.SA;5500.0;5500.0;5500.0;5500.0;5500.0;0;stock;5242.59;4.91;5242.59;4.91;100.0;CAIR
2005-06-27;1119830400000;MAPT3.SA;5500.0;5500.0;5500.0;5500.0;5500.0;0;stock;5245.16;4.86;5245.16;4.86;100.0;CAIR
2005-06-28;1119916800000;MAPT3.SA;5500.0;5500.0;5500.0;5500.0;5500.0;0;stock;5247.69;4.81;5247.69;4.81;100.0;CAIR
2005-06-29;1120003200000;MAPT3.SA;5500.0;5500.0;5500.0;5500.0;5500.0;0;stock;5250.2;4.76;5250.2;4.76;100.0;CAIR
2005-06-30;1120089600000;MAPT3.SA;5500.0;5500.0;5500.0;5500.0;5500.0;0;stock;5252.69;4.71;5252.69;4.71;100.0;CAIR
2005-07-01;1120176000000;MAPT3.SA;5500.0;5500.0;5500.0;5500.0;5500.0;0;stock;5255.15;4.66;5255.15;4.66;100.0;CAIR
2005-07-04;1120435200000;MAPT3.SA;5500.0;5500.0;5500.0;5500.0;5500.0;0;stock;5257.58;4.61;5257.58;4.61;100.0;CAIR
2005-07-05;1120521600000;MAPT3.SA;5500.0;5500.0;5500.0;5500.0;5500.0;0;stock;5260.0;4.56;5260.0;4.56;100.0;CAIR
2005-07-06;1120608000000;MAPT3.SA;5500.0;5500.0;5500.0;5500.0;5500.0;0;stock;5262.38;4.52;5262.38;4.52;100.0;CAIR
2005-07-07;1120694400000;MAPT3.SA;5500.0;5500.0;5500.0;5500.0;5500.0;0;stock;5264.75;4.47;5264.75;4.47;100.0;CAIR
2005-07-08;1120780800000;MAPT3.SA;5500.0;5500.0;5500.0;5500.0;5500.0;0;stock;5267.09;4.42;5267.09;4.42;100.0;CAIR
2005-07-11;1121040000000;MAPT3.SA;5500.0;5500.0;5500.0;5500.0;5500.0;0;stock;5269.41;4.38;5269.41;4.38;100.0;CAIR
2005-07-12;1121126400000;MAPT3.SA;5500.0;5500.0;5500.0;5500.0;5500.0;0;stock;5271.7;4.33;5271.7;4.33;100.0;CAIR
2005-07-13;1121212800000;MAPT3.SA;5500.0;5500.0;5500.0;5500.0;5500.0;0;stock;5273.97;4.29;5273.97;4.29;100.0;CAIR
2005-07-14;1121299200000;MAPT3.SA;5500.0;5500.0;5500.0;5500.0;5500.0;0;stock;5276.22;4.24;5276.22;4.24;100.0;CAIR
2005-07-15;1121385600000;MAPT3.SA;5500.0;5500.0;5500.0;5500.0;5500.0;0;stock;5278.45;4.2;5278.45;4.2;100.0;CAIR
2005-07-18;1121644800000;MAPT3.SA;5500.0;5500.0;5500.0;5500.0;5500.0;0;stock;5280.65;4.15;5280.65;4.15;100.0;CAIR
2005-07-19;1121731200000;MAPT3.SA;5500.0;5500.0;5500.0;5500.0;5500.0;0;stock;5282.84;4.11;5282.84;4.11;100.0;CAIR
2005-07-20;1121817600000;MAPT3.SA;5500.0;5500.0;5500.0;5500.0;5500.0;0;stock;5285.0;4.07;5285.0;4.07;100.0;CAIR
2005-07-21;1121904000000;MAPT3.SA;5500.0;5500.0;5500.0;5500.0;5500.0;0;stock;5287.14;4.03;5287.14;4.03;100.0;CAIR
2005-07-22;1121990400000;MAPT3.SA;5500.0;5500.0;5500.0;5500.0;5500.0;0;stock;5289.25;3.98;5289.25;3.98;100.0;CAIR
2005-07-25;1122249600000;MAPT3.SA;5500.0;5500.0;5500.0;5500.0;5500.0;0;stock;5291.35;3.94;5291.35;3.94;100.0;CAIR
2005-07-26;1122336000000;MAPT3.SA;5500.0;5500.0;5500.0;5500.0;5500.0;0;stock;5293.43;3.9;5293.43;3.9;100.0;CAIR
2005-07-27;1122422400000;MAPT3.SA;5500.0;5500.0;5500.0;5500.0;5500.0;0;stock;5295.48;3.86;5295.48;3.86;100.0;CAIR
2005-07-28;1122508800000;MAPT3.SA;5500.0;5500.0;5500.0;5500.0;5500.0;0;stock;5297.52;3.82;5297.52;3.82;100.0;CAIR
2005-07-29;1122595200000;MAPT3.SA;5500.0;5500.0;5500.0;5500.0;5500.0;0;stock;5299.53;3.78;5299.53;3.78;100.0;CAIR
2005-08-01;1122854400000;MAPT3.SA;5500.0;5500.0;5500.0;5500.0;5500.0;0;stock;5301.53;3.74;5301.53;3.74;100.0;CAIR
2005-08-02;1122940800000;MAPT3.SA;5500.0;5500.0;5500.0;5500.0;5500.0;0;stock;5303.5;3.71;5303.5;3.71;100.0;CAIR
2005-08-03;1123027200000;MAPT3.SA;5500.0;5500.0;5500.0;5500.0;5500.0;0;stock;5305.46;3.67;5305.46;3.67;100.0;CAIR
2005-08-04;1123113600000;MAPT3.SA;5500.0;5500.0;5500.0;5500.0;5500.0;0;stock;5307.39;3.63;5307.39;3.63;100.0;CAIR
2005-08-05;1123200000000;MAPT3.SA;5500.0;5500.0;5500.0;5500.0;5500.0;0;stock;5309.31;3.59;5309.31;3.59;100.0;CAIR
2005-08-08;1123459200000;MAPT3.SA;5500.0;5500.0;5500.0;5500.0;5500.0;0;stock;5311.21;3.55;5311.21;3.55;100.0;CAIR
2005-08-09;1123545600000;MAPT3.SA;5500.0;5500.0;5500.0;5500.0;5500.0;0;stock;5313.09;3.52;5313.09;3.52;100.0;CAIR
2005-08-10;1123632000000;MAPT3.SA;5500.0;5500.0;5500.0;5500.0;5500.0;0;stock;5314.94;3.48;5314.94;3.48;100.0;CAIR
2005-08-11;1123718400000;MAPT3.SA;5500.0;5500.0;5500.0;5500.0;5500.0;0;stock;5316.79;3.45;5316.79;3.45;100.0;CAIR
2005-08-12;1123804800000;MAPT3.SA;5500.0;5500.0;5500.0;5500.0;5500.0;0;stock;5318.61;3.41;5318.61;3.41;100.0;CAIR
2005-08-15;1124064000000;MAPT3.SA;5500.0;5500.0;5500.0;5500.0;5500.0;0;stock;5320.41;3.38;5320.41;3.38;100.0;CAIR
2005-08-16;1124150400000;MAPT3.SA;5500.0;5500.0;5500.0;5500.0;5500.0;0;stock;5322.2;3.34;5322.2;3.34;100.0;CAIR
2005-08-17;1124236800000;MAPT3.SA;5500.0;5500.0;5500.0;5500.0;5500.0;0;stock;5323.97;3.31;5323.97;3.31;100.0;CAIR
2005-08-18;1124323200000;MAPT3.SA;5500.0;5500.0;5500.0;5500.0;5500.0;0;stock;5325.72;3.27;5325.72;3.27;100.0;CAIR
2005-08-19;1124409600000;MAPT3.SA;5500.0;5500.0;5500.0;5500.0;5500.0;0;stock;5327.46;3.24;5327.46;3.24;100.0;CAIR
2005-08-22;1124668800000;MAPT3.SA;5500.0;5500.0;5500.0;5500.0;5500.0;0;stock;5329.17;3.21;5329.17;3.21;100.0;CAIR
2005-08-23;1124755200000;MAPT3.SA;5500.0;5500.0;5500.0;5500.0;5500.0;0;stock;5330.87;3.17;5330.87;3.17;100.0;CAIR
2005-08-24;1124841600000;MAPT3.SA;5500.0;5500.0;5500.0;5500.0;5500.0;0;stock;5332.56;3.14;5332.56;3.14;100.0;CAIR
2005-08-25;1124928000000;MAPT3.SA;5500.0;5500.0;5500.0;5500.0;5500.0;0;stock;5334.22;3.11;5334.22;3.11;100.0;CAIR
2005-08-26;1125014400000;MAPT3.SA;5500.0;5500.0;5500.0;5500.0;5500.0;0;stock;5335.87;3.08;5335.87;3.08;100.0;CAIR
2005-08-29;1125273600000;MAPT3.SA;5500.0;5500.0;5500.0;5500.0;5500.0;0;stock;5337.5;3.04;5337.5;3.04;100.0;CAIR
2005-08-30;1125360000000;MAPT3.SA;5500.0;5500.0;5500.0;5500.0;5500.0;0;stock;5339.12;3.01;5339.12;3.01;100.0;CAIR
2005-08-31;1125446400000;MAPT3.SA;5500.0;5500.0;5500.0;5500.0;5500.0;0;stock;5340.72;2.98;5340.72;2.98;100.0;CAIR
2005-09-01;1125532800000;MAPT3.SA;5500.0;5500.0;5500.0;5500.0;5500.0;0;stock;5342.31;2.95;5342.31;2.95;100.0;CAIR
2005-09-02;1125619200000;MAPT3.SA;5500.0;5500.0;5500.0;5500.0;5500.0;0;stock;5343.88;2.92;5343.88;2.92;100.0;CAIR
2005-09-05;1125878400000;MAPT3.SA;5500.0;5500.0;5500.0;5500.0;5500.0;0;stock;5345.43;2.89;5345.43;2.89;100.0;CAIR
2005-09-06;1125964800000;MAPT3.SA;5500.0;5500.0;5500.0;5500.0;5500.0;0;stock;5346.97;2.86;5346.97;2.86;100.0;CAIR
2005-09-08;1126137600000;MAPT3.SA;5500.0;5500.0;5500.0;5500.0;5500.0;0;stock;5348.49;2.83;5348.49;2.83;100.0;CAIR
2005-09-09;1126224000000;MAPT3.SA;5500.0;5500.0;5500.0;5500.0;5500.0;0;stock;5350.0;2.8;5350.0;2.8;100.0;CAIR
2005-09-12;1126483200000;MAPT3.SA;5500.0;5500.0;5500.0;5500.0;5500.0;0;stock;5351.49;2.78;5351.49;2.78;100.0;CAIR
2005-09-13;1126569600000;MAPT3.SA;5500.0;5500.0;5500.0;5500.0;5500.0;0;stock;5352.97;2.75;5352.97;2.75;100.0;CAIR
2005-09-14;1126656000000;MAPT3.SA;5500.0;5500.0;5500.0;5500.0;5500.0;0;stock;5354.43;2.72;5354.43;2.72;100.0;CAIR
2005-09-15;1126742400000;MAPT3.SA;5500.0;5500.0;5500.0;5500.0;5500.0;0;stock;5355.88;2.69;5355.88;2.69;100.0;CAIR
2005-09-16;1126828800000;MAPT3.SA;5500.0;5500.0;5500.0;5500.0;5500.0;0;stock;5357.31;2.66;5357.31;2.66;100.0;CAIR
2005-09-19;1127088000000;MAPT3.SA;5500.0;5500.0;5500.0;5500.0;5500.0;0;stock;5358.73;2.64;5358.73;2.64;100.0;CAIR
2005-09-20;1127174400000;MAPT3.SA;5500.0;5500.0;5500.0;5500.0;5500.0;0;stock;5360.14;2.61;5360.14;2.61;100.0;CAIR
2005-09-21;1127260800000;MAPT3.SA;5500.0;5500.0;5500.0;5500.0;5500.0;0;stock;5361.53;2.58;5361.53;2.58;100.0;CAIR
2005-09-22;1127347200000;MAPT3.SA;5500.0;5500.0;5500.0;5500.0;5500.0;0;stock;5362.91;2.56;5362.91;2.56;100.0;CAIR
2005-09-23;1127433600000;MAPT3.SA;5500.0;5500.0;5500.0;5500.0;5500.0;0;stock;5364.27;2.53;5364.27;2.53;100.0;CAIR
2005-09-26;1127692800000;MAPT3.SA;5500.0;5500.0;5500.0;5500.0;5500.0;0;stock;5365.62;2.5;5365.62;2.5;100.0;CAIR
2005-09-27;1127779200000;MAPT3.SA;5500.0;5500.0;5500.0;5500.0;5500.0;0;stock;5366.96;2.48;5366.96;2.48;100.0;CAIR
2005-09-28;1127865600000;MAPT3.SA;5500.0;5500.0;5500.0;5500.0;5500.0;0;stock;5368.28;2.45;5368.28;2.45;100.0;CAIR
2005-09-29;1127952000000;MAPT3.SA;5500.0;5500.0;5500.0;5500.0;5500.0;0;stock;5369.6;2.43;5369.6;2.43;100.0;CAIR
2005-09-30;1128038400000;MAPT3.SA;5500.0;5500.0;5500.0;5500.0;5500.0;0;stock;5370.89;2.4;5370.89;2.4;100.0;CAIR
2005-10-03;1128297600000;MAPT3.SA;5500.0;5500.0;5500.0;5500.0;5500.0;0;stock;5372.18;2.38;5372.18;2.38;100.0;CAIR
2005-10-04;1128384000000;MAPT3.SA;5500.0;5500.0;5500.0;5500.0;5500.0;0;stock;5373.45;2.36;5373.45;2.36;100.0;CAIR
2005-10-05;1128470400000;MAPT3.SA;5500.0;5500.0;5500.0;5500.0;5500.0;0;stock;5374.71;2.33;5374.71;2.33;100.0;CAIR
2005-10-06;1128556800000;MAPT3.SA;5500.0;5500.0;5500.0;5500.0;5500.0;0;stock;5375.95;2.31;5375.95;2.31;100.0;CAIR
2005-10-07;1128643200000;MAPT3.SA;5500.0;5500.0;5500.0;5500.0;5500.0;0;stock;5377.19;2.28;5377.19;2.28;100.0;CAIR
2005-10-10;1128902400000;MAPT3.SA;5500.0;5500.0;5500.0;5500.0;5500.0;0;stock;5378.41;2.26;5378.41;2.26;100.0;CAIR
2005-10-11;1128988800000;MAPT3.SA;5500.0;5500.0;5500.0;5500.0;5500.0;0;stock;5379.62;2.24;5379.62;2.24;100.0;CAIR
2005-10-13;1129161600000;MAPT3.SA;5500.0;5500.0;5500.0;5500.0;5500.0;0;stock;5380.82;2.21;5380.82;2.21;100.0;CAIR
2005-10-14;1129248000000;MAPT3.SA;5500.0;5500.0;5500.0;5500.0;5500.0;0;stock;5382.0;2.19;5382.0;2.19;100.0;CAIR
2005-10-17;1129507200000;MAPT3.SA;5500.0;5500.0;5500.0;5500.0;5500.0;0;stock;5383.18;2.17;5383.18;2.17;100.0;CAIR
2005-10-18;1129593600000;MAPT3.SA;5500.0;5500.0;5500.0;5500.0;5500.0;0;stock;5384.34;2.15;5384.34;2.15;100.0;CAIR
2005-10-19;1129680000000;MAPT3.SA;5500.0;5500.0;5500.0;5500.0;5500.0;0;stock;5385.49;2.13;5385.49;2.13;100.0;CAIR
2005-10-20;1129766400000;MAPT3.SA;5500.0;5500.0;5500.0;5500.0;5500.0;0;stock;5386.63;2.1;5386.63;2.1;100.0;CAIR
2005-10-21;1129852800000;MAPT3.SA;5500.0;5500.0;5500.0;5500.0;5500.0;0;stock;5387.76;2.08;5387.76;2.08;100.0;CAIR
2005-10-24;1130112000000;MAPT3.SA;5500.0;5500.0;5500.0;5500.0;5500.0;0;stock;5388.88;2.06;5388.88;2.06;100.0;CAIR
2005-10-25;1130198400000;MAPT3.SA;5500.0;5500.0;5500.0;5500.0;5500.0;0;stock;5389.98;2.04;5389.98;2.04;100.0;CAIR
2005-10-26;1130284800000;MAPT3.SA;5500.0;5500.0;5500.0;5500.0;5500.0;0;stock;5391.08;2.02;5391.08;2.02;100.0;CAIR
2005-10-27;1130371200000;MAPT3.SA;5500.0;5500.0;5500.0;5500.0;5500.0;0;stock;5392.16;2.0;5392.16;2.0;100.0;CAIR
2005-10-28;1130457600000;MAPT3.SA;5500.0;5500.0;5500.0;5500.0;5500.0;0;stock;5393.23;1.98;5393.23;1.98;100.0;CAIR
2005-10-31;1130716800000;MAPT3.SA;5500.0;5500.0;5500.0;5500.0;5500.0;0;stock;5394.3;1.96;5394.3;1.96;100.0;CAIR
2005-11-01;1130803200000;MAPT3.SA;5500.0;5500.0;5500.0;5500.0;5500.0;0;stock;5395.35;1.94;5395.35;1.94;100.0;CAIR
2005-11-03;1130976000000;MAPT3.SA;5500.0;5500.0;5500.0;5500.0;5500.0;0;stock;5396.39;1.92;5396.39;1.92;100.0;CAIR
2005-11-04;1131062400000;MAPT3.SA;5500.0;5500.0;5500.0;5500.0;5500.0;0;stock;5397.42;1.9;5397.42;1.9;100.0;CAIR
2005-11-07;1131321600000;MAPT3.SA;5500.0;5500.0;5500.0;5500.0;5500.0;0;stock;5398.44;1.88;5398.44;1.88;100.0;CAIR
2005-11-08;1131408000000;MAPT3.SA;5500.0;5500.0;5500.0;5500.0;5500.0;0;stock;5399.45;1.86;5399.45;1.86;100.0;CAIR
2005-11-09;1131494400000;MAPT3.SA;5500.0;5500.0;5500.0;5500.0;5500.0;0;stock;5400.45;1.84;5400.45;1.84;100.0;CAIR
2005-11-10;1131580800000;MAPT3.SA;5500.0;5500.0;5500.0;5500.0;5500.0;0;stock;5401.44;1.82;5401.44;1.82;100.0;CAIR
2005-11-11;1131667200000;MAPT3.SA;5500.0;5500.0;5500.0;5500.0;5500.0;0;stock;5402.42;1.81;5402.42;1.81;100.0;CAIR
2005-11-14;1131926400000;MAPT3.SA;5500.0;5500.0;5500.0;5500.0;5500.0;0;stock;5403.39;1.79;5403.39;1.79;100.0;CAIR
2005-11-16;1132099200000;MAPT3.SA;5500.0;5500.0;5500.0;5500.0;5500.0;0;stock;5404.36;1.77;5404.36;1.77;100.0;CAIR
2005-11-17;1132185600000;MAPT3.SA;5500.0;5500.0;5500.0;5500.0;5500.0;0;stock;5405.31;1.75;5405.31;1.75;100.0;CAIR
2005-11-18;1132272000000;MAPT3.SA;5500.0;5500.0;5500.0;5500.0;5500.0;0;stock;5406.25;1.73;5406.25;1.73;100.0;CAIR
2005-11-21;1132531200000;MAPT3.SA;5500.0;5500.0;5500.0;5500.0;5500.0;0;stock;5407.18;1.72;5407.18;1.72;100.0;CAIR
2005-11-22;1132617600000;MAPT3.SA;5500.0;5500.0;5500.0;5500.0;5500.0;0;stock;5408.11;1.7;5408.11;1.7;100.0;CAIR
2005-11-23;1132704000000;MAPT3.SA;5500.0;5500.0;5500.0;5500.0;5500.0;0;stock;5409.02;1.68;5409.02;1.68;100.0;CAIR
2005-11-24;1132790400000;MAPT3.SA;5500.0;5500.0;5500.0;5500.0;5500.0;0;stock;5409.92;1.66;5409.92;1.66;100.0;CAIR
2005-11-25;1132876800000;MAPT3.SA;5500.0;5500.0;5500.0;5500.0;5500.0;0;stock;5410.82;1.65;5410.82;1.65;100.0;CAIR
2005-11-28;1133136000000;MAPT3.SA;5500.0;5500.0;5500.0;5500.0;5500.0;0;stock;5411.71;1.63;5411.71;1.63;100.0;CAIR
2005-11-29;1133222400000;MAPT3.SA;5500.0;5500.0;5500.0;5500.0;5500.0;0;stock;5412.59;1.61;5412.59;1.61;100.0;CAIR
2005-11-30;1133308800000;MAPT3.SA;5500.0;5500.0;5500.0;5500.0;5500.0;0;stock;5413.46;1.6;5413.46;1.6;100.0;CAIR
2005-12-01;1133395200000;MAPT3.SA;5500.0;5500.0;5500.0;5500.0;5500.0;0;stock;5414.32;1.58;5414.32;1.58;100.0;CAIR
2005-12-02;1133481600000;MAPT3.SA;5500.0;5500.0;5500.0;5500.0;5500.0;0;stock;5415.17;1.57;5415.17;1.57;100.0;CAIR
2005-12-05;1133740800000;MAPT3.SA;5500.0;5500.0;5500.0;5500.0;5500.0;0;stock;5416.01;1.55;5416.01;1.55;100.0;CAIR
2005-12-06;1133827200000;MAPT3.SA;5500.0;5500.0;5500.0;5500.0;5500.0;0;stock;5416.85;1.54;5416.85;1.54;100.0;CAIR
2005-12-07;1133913600000;MAPT3.SA;5500.0;5500.0;5500.0;5500.0;5500.0;0;stock;5417.68;1.52;5417.68;1.52;100.0;CAIR
2005-12-08;1134000000000;MAPT3.SA;5500.0;5500.0;5500.0;5500.0;5500.0;0;stock;5418.5;1.5;5418.5;1.5;100.0;CAIR
2005-12-09;1134086400000;MAPT3.SA;5500.0;5500.0;5500.0;5500.0;5500.0;0;stock;5419.31;1.49;5419.31;1.49;100.0;CAIR
2005-12-12;1134345600000;MAPT3.SA;5500.0;5500.0;5500.0;5500.0;5500.0;0;stock;5420.11;1.47;5420.11;1.47;100.0;CAIR
2005-12-13;1134432000000;MAPT3.SA;5500.0;5500.0;5500.0;5500.0;5500.0;0;stock;5420.91;1.46;5420.91;1.46;100.0;CAIR
2005-12-14;1134518400000;MAPT3.SA;5500.0;5500.0;5500.0;5500.0;5500.0;0;stock;5421.69;1.44;5421.69;1.44;100.0;CAIR
2005-12-15;1134604800000;MAPT3.SA;5500.0;5500.0;5500.0;5500.0;5500.0;0;stock;5422.47;1.43;5422.47;1.43;100.0;CAIR
2005-12-16;1134691200000;MAPT3.SA;5500.0;5500.0;5500.0;5500.0;5500.0;0;stock;5423.24;1.42;5423.24;1.42;100.0;CAIR
2005-12-19;1134950400000;MAPT3.SA;5500.0;5500.0;5500.0;5500.0;5500.0;0;stock;5424.01;1.4;5424.01;1.4;100.0;CAIR
2005-12-20;1135036800000;MAPT3.SA;5500.0;5500.0;5500.0;5500.0;5500.0;0;stock;5424.76;1.39;5424.76;1.39;100.0;CAIR
2005-12-21;1135123200000;MAPT3.SA;5500.0;5500.0;5500.0;5500.0;5500.0;0;stock;5425.51;1.37;5425.51;1.37;100.0;CAIR
2005-12-22;1135209600000;MAPT3.SA;5500.0;5500.0;5500.0;5500.0;5500.0;0;stock;5426.25;1.36;5426.25;1.36;100.0;CAIR
2005-12-23;1135296000000;MAPT3.SA;5500.0;5500.0;5500.0;5500.0;5500.0;0;stock;5426.99;1.35;5426.99;1.35;100.0;CAIR
2005-12-26;1135555200000;MAPT3.SA;5500.0;5500.0;5500.0;5500.0;5500.0;0;stock;5427.71;1.33;5427.71;1.33;100.0;CAIR
2005-12-27;1135641600000;MAPT3.SA;5500.0;5500.0;5500.0;5500.0;5500.0;0;stock;5428.43;1.32;5428.43;1.32;100.0;CAIR
2005-12-28;1135728000000;MAPT3.SA;5500.0;5500.0;5500.0;5500.0;5500.0;0;stock;5429.14;1.31;5429.14;1.31;100.0;CAIR
2005-12-29;1135814400000;MAPT3.SA;5500.0;5500.0;5500.0;5500.0;5500.0;0;stock;5429.85;1.29;5429.85;1.29;100.0;CAIR
2006-01-02;1136160000000;MAPT3.SA;5500.0;5500.0;5500.0;5500.0;5500.0;0;stock;5430.55;1.28;5430.55;1.28;100.0;CAIR
2006-01-03;1136246400000;MAPT3.SA;5500.0;5500.0;5500.0;5500.0;5500.0;0;stock;5431.24;1.27;5431.24;1.27;100.0;CAIR
2006-01-04;1136332800000;MAPT3.SA;5500.0;5500.0;5500.0;5500.0;5500.0;0;stock;5431.92;1.25;5431.92;1.25;100.0;CAIR
2006-01-05;1136419200000;MAPT3.SA;5500.0;5500.0;5500.0;5500.0;5500.0;0;stock;5432.6;1.24;5432.6;1.24;100.0;CAIR
2006-01-06;1136505600000;MAPT3.SA;5500.0;5500.0;5500.0;5500.0;5500.0;0;stock;5433.27;1.23;5433.27;1.23;100.0;CAIR
2006-01-09;1136764800000;MAPT3.SA;5500.0;5500.0;5500.0;5500.0;5500.0;0;stock;5433.94;1.22;5433.94;1.22;100.0;CAIR
2006-01-10;1136851200000;MAPT3.SA;5500.0;5500.0;5500.0;5500.0;5500.0;0;stock;5434.59;1.2;5434.59;1.2;100.0;CAIR
2006-01-11;1136937600000;MAPT3.SA;5500.0;5500.0;5500.0;5500.0;5500.0;0;stock;5435.24;1.19;5435.24;1.19;100.0;CAIR
2006-01-12;1137024000000;MAPT3.SA;5500.0;5500.0;5500.0;5500.0;5500.0;0;stock;5435.89;1.18;5435.89;1.18;100.0;CAIR
2006-01-13;1137110400000;MAPT3.SA;5500.0;5500.0;5500.0;5500.0;5500.0;0;stock;5436.53;1.17;5436.53;1.17;100.0;CAIR
2006-01-16;1137369600000;MAPT3.SA;5500.0;5500.0;5500.0;5500.0;5500.0;0;stock;5437.16;1.16;5437.16;1.16;100.0;CAIR
2006-01-17;1137456000000;MAPT3.SA;5500.0;5500.0;5500.0;5500.0;5500.0;0;stock;5437.78;1.14;5437.78;1.14;100.0;CAIR
2006-01-18;1137542400000;MAPT3.SA;5500.0;5500.0;5500.0;5500.0;5500.0;0;stock;5438.4;1.13;5438.4;1.13;100.0;CAIR
2006-01-19;1137628800000;MAPT3.SA;5500.0;5500.0;5500.0;5500.0;5500.0;0;stock;5439.01;1.12;5439.01;1.12;100.0;CAIR
2006-01-20;1137715200000;MAPT3.SA;5500.0;5500.0;5500.0;5500.0;5500.0;0;stock;5439.62;1.11;5439.62;1.11;100.0;CAIR
2006-01-23;1137974400000;MAPT3.SA;5500.0;5500.0;5500.0;5500.0;5500.0;0;stock;5440.22;1.1;5440.22;1.1;100.0;CAIR
2006-01-24;1138060800000;MAPT3.SA;5500.0;5500.0;5500.0;5500.0;5500.0;0;stock;5440.82;1.09;5440.82;1.09;100.0;CAIR
2006-01-25;1138147200000;MAPT3.SA;5500.0;5500.0;5500.0;5500.0;5500.0;0;stock;5441.41;1.08;5441.41;1.08;100.0;CAIR
2006-01-26;1138233600000;MAPT3.SA;5500.0;5500.0;5500.0;5500.0;5500.0;0;stock;5441.99;1.07;5441.99;1.07;100.0;CAIR
2006-01-27;1138320000000;MAPT3.SA;5500.0;5500.0;5500.0;5500.0;5500.0;0;stock;5442.57;1.06;5442.57;1.06;100.0;CAIR
2006-01-30;1138579200000;MAPT3.SA;5500.0;5500.0;5500.0;5500.0;5500.0;0;stock;5443.14;1.04;5443.14;1.04;100.0;CAIR
2006-01-31;1138665600000;MAPT3.SA;5500.0;5500.0;5500.0;5500.0;5500.0;0;stock;5443.7;1.03;5443.7;1.03;100.0;CAIR
2006-02-01;1138752000000;MAPT3.SA;5500.0;5500.0;5500.0;5500.0;5500.0;0;stock;5444.26;1.02;5444.26;1.02;100.0;CAIR
2006-02-02;1138838400000;MAPT3.SA;5500.0;5500.0;5500.0;5500.0;5500.0;0;stock;5444.82;1.01;5444.82;1.01;100.0;CAIR
2006-02-03;1138924800000;MAPT3.SA;5500.0;5500.0;5500.0;5500.0;5500.0;0;stock;5445.37;1.0;5445.37;1.0;100.0;CAIR
2006-02-06;1139184000000;MAPT3.SA;5500.0;5500.0;5500.0;5500.0;5500.0;0;stock;5445.91;0.99;5445.91;0.99;100.0;CAIR
2006-02-07;1139270400000;MAPT3.SA;5500.0;5500.0;5500.0;5500.0;5500.0;0;stock;5446.45;0.98;5446.45;0.98;100.0;CAIR
2006-02-08;1139356800000;MAPT3.SA;5500.0;5500.0;5500.0;5500.0;5500.0;0;stock;5446.98;0.97;5446.98;0.97;100.0;CAIR
2006-02-09;1139443200000;MAPT3.SA;5500.0;5500.0;5500.0;5500.0;5500.0;0;stock;5447.51;0.96;5447.51;0.96;100.0;CAIR
2006-02-10;1139529600000;MAPT3.SA;5500.0;5500.0;5500.0;5500.0;5500.0;0;stock;5448.03;0.95;5448.03;0.95;100.0;CAIR
2006-02-13;1139788800000;MAPT3.SA;5500.0;5500.0;5500.0;5500.0;5500.0;0;stock;5448.55;0.94;5448.55;0.94;100.0;CAIR
2006-02-14;1139875200000;MAPT3.SA;5500.0;5500.0;5500.0;5500.0;5500.0;0;stock;5449.06;0.93;5449.06;0.93;100.0;CAIR
2006-02-15;1139961600000;MAPT3.SA;5500.0;5500.0;5500.0;5500.0;5500.0;0;stock;5449.57;0.93;5449.57;0.93;100.0;CAIR
2006-02-16;1140048000000;MAPT3.SA;5500.0;5500.0;5500.0;5500.0;5500.0;0;stock;5450.07;0.92;5450.07;0.92;100.0;CAIR
2006-02-17;1140134400000;MAPT3.SA;5500.0;5500.0;5500.0;5500.0;5500.0;0;stock;5450.57;0.91;5450.57;0.91;100.0;CAIR
2006-02-20;1140393600000;MAPT3.SA;5500.0;5500.0;5500.0;5500.0;5500.0;0;stock;5451.06;0.9;5451.06;0.9;100.0;CAIR
2006-02-21;1140480000000;MAPT3.SA;5500.0;5500.0;5500.0;5500.0;5500.0;0;stock;5451.54;0.89;5451.54;0.89;100.0;CAIR
2006-02-22;1140566400000;MAPT3.SA;5500.0;5500.0;5500.0;5500.0;5500.0;0;stock;5452.03;0.88;5452.03;0.88;100.0;CAIR
2006-02-23;1140652800000;MAPT3.SA;5500.0;5500.0;5500.0;5500.0;5500.0;0;stock;5452.5;0.87;5452.5;0.87;100.0;CAIR
2006-02-24;1140739200000;MAPT3.SA;5500.0;5500.0;5500.0;5500.0;5500.0;0;stock;5452.98;0.86;5452.98;0.86;100.0;CAIR
2006-02-27;1140998400000;MAPT3.SA;5500.0;5500.0;5500.0;5500.0;5500.0;0;stock;5453.44;0.85;5453.44;0.85;100.0;CAIR
2006-02-28;1141084800000;MAPT3.SA;5500.0;5500.0;5500.0;5500.0;5500.0;0;stock;5453.91;0.85;5453.91;0.85;100.0;CAIR
2006-03-01;1141171200000;MAPT3.SA;5500.0;5500.0;5500.0;5500.0;5500.0;0;stock;5454.37;0.84;5454.37;0.84;100.0;CAIR
2006-03-02;1141257600000;MAPT3.SA;5500.0;5500.0;5500.0;5500.0;5500.0;0;stock;5454.82;0.83;5454.82;0.83;100.0;CAIR
2006-03-03;1141344000000;MAPT3.SA;5500.0;5500.0;5500.0;5500.0;5500.0;0;stock;5455.27;0.82;5455.27;0.82;100.0;CAIR
2006-03-06;1141603200000;MAPT3.SA;5500.0;5500.0;5500.0;5500.0;5500.0;0;stock;5455.72;0.81;5455.72;0.81;100.0;CAIR
2006-03-07;1141689600000;MAPT3.SA;5500.0;5500.0;5500.0;5500.0;5500.0;0;stock;5456.16;0.8;5456.16;0.8;100.0;CAIR
2006-03-08;1141776000000;MAPT3.SA;5500.0;5500.0;5500.0;5500.0;5500.0;0;stock;5456.59;0.8;5456.59;0.8;100.0;CAIR
2006-03-09;1141862400000;MAPT3.SA;5500.0;5500.0;5500.0;5500.0;5500.0;0;stock;5457.02;0.79;5457.02;0.79;100.0;CAIR
2006-03-10;1141948800000;MAPT3.SA;5500.0;5500.0;5500.0;5500.0;5500.0;0;stock;5457.45;0.78;5457.45;0.78;100.0;CAIR
2006-03-13;1142208000000;MAPT3.SA;5500.0;5500.0;5500.0;5500.0;5500.0;0;stock;5457.88;0.77;5457.88;0.77;100.0;CAIR
2006-03-14;1142294400000;MAPT3.SA;5500.0;5500.0;5500.0;5500.0;5500.0;0;stock;5458.29;0.76;5458.29;0.76;100.0;CAIR
2006-03-15;1142380800000;MAPT3.SA;5500.0;5500.0;5500.0;5500.0;5500.0;0;stock;5458.71;0.76;5458.71;0.76;100.0;CAIR
2006-03-16;1142467200000;MAPT3.SA;5500.0;5500.0;5500.0;5500.0;5500.0;0;stock;5459.12;0.75;5459.12;0.75;100.0;CAIR
2006-03-17;1142553600000;MAPT3.SA;5500.0;5500.0;5500.0;5500.0;5500.0;0;stock;5459.53;0.74;5459.53;0.74;100.0;CAIR
2006-03-20;1142812800000;MAPT3.SA;5500.0;5500.0;5500.0;5500.0;5500.0;0;stock;5459.93;0.73;5459.93;0.73;100.0;CAIR
2006-03-21;1142899200000;MAPT3.SA;5500.0;5500.0;5500.0;5500.0;5500.0;0;stock;5460.33;0.73;5460.33;0.73;100.0;CAIR
2006-03-22;1142985600000;MAPT3.SA;5500.0;5500.0;5500.0;5500.0;5500.0;0;stock;5460.72;0.72;5460.72;0.72;100.0;CAIR
2006-03-23;1143072000000;MAPT3.SA;5500.0;5500.0;5500.0;5500.0;5500.0;0;stock;5461.11;0.71;5461.11;0.71;100.0;CAIR
2006-03-24;1143158400000;MAPT3.SA;5500.0;5500.0;5500.0;5500.0;5500.0;0;stock;5461.5;0.7;5461.5;0.7;100.0;CAIR
2006-03-27;1143417600000;MAPT3.SA;5500.0;5500.0;5500.0;5500.0;5500.0;0;stock;5461.88;0.7;5461.88;0.7;100.0;CAIR
2006-03-28;1143504000000;MAPT3.SA;5500.0;5500.0;5500.0;5500.0;5500.0;0;stock;5462.26;0.69;5462.26;0.69;100.0;CAIR
2006-03-29;1143590400000;MAPT3.SA;5500.0;5500.0;5500.0;5500.0;5500.0;0;stock;5462.64;0.68;5462.64;0.68;100.0;CAIR
2006-03-30;1143676800000;MAPT3.SA;5500.0;5500.0;5500.0;5500.0;5500.0;0;stock;5463.01;0.68;5463.01;0.68;100.0;CAIR
2006-03-31;1143763200000;MAPT3.SA;5500.0;5500.0;5500.0;5500.0;5500.0;0;stock;5463.38;0.67;5463.38;0.67;100.0;CAIR
2006-04-03;1144022400000;MAPT3.SA;5500.0;5500.0;5500.0;5500.0;5500.0;0;stock;5463.74;0.66;5463.74;0.66;100.0;CAIR
2006-04-04;1144108800000;MAPT3.SA;5500.0;5500.0;5500.0;5500.0;5500.0;0;stock;5464.1;0.66;5464.1;0.66;100.0;CAIR
2006-04-05;1144195200000;MAPT3.SA;5500.0;5500.0;5500.0;5500.0;5500.0;0;stock;5464.46;0.65;5464.46;0.65;100.0;CAIR
2006-04-06;1144281600000;MAPT3.SA;5500.0;5500.0;5500.0;5500.0;5500.0;0;stock;5464.81;0.64;5464.81;0.64;100.0;CAIR
2006-04-07;1144368000000;MAPT3.SA;5500.0;5500.0;5500.0;5500.0;5500.0;0;stock;5465.16;0.64;5465.16;0.64;100.0;CAIR
2006-04-10;1144627200000;MAPT3.SA;5500.0;5500.0;5500.0;5500.0;5500.0;0;stock;5465.51;0.63;5465.51;0.63;100.0;CAIR
2006-04-11;1144713600000;MAPT3.SA;5500.0;5500.0;5500.0;5500.0;5500.0;0;stock;5465.85;0.62;5465.85;0.62;100.0;CAIR
2006-04-12;1144800000000;MAPT3.SA;5500.0;5500.0;5500.0;5500.0;5500.0;0;stock;5466.19;0.62;5466.19;0.62;100.0;CAIR
2006-04-13;1144886400000;MAPT3.SA;5500.0;5500.0;5500.0;5500.0;5500.0;0;stock;5466.53;0.61;5466.53;0.61;100.0;CAIR
2006-04-14;1144972800000;MAPT3.SA;5500.0;5500.0;5500.0;5500.0;5500.0;0;stock;5466.86;0.61;5466.86;0.61;100.0;CAIR
2006-04-17;1145232000000;MAPT3.SA;5500.0;5500.0;5500.0;5500.0;5500.0;0;stock;5467.19;0.6;5467.19;0.6;100.0;CAIR
2006-04-18;1145318400000;MAPT3.SA;5500.0;5500.0;5500.0;5500.0;5500.0;0;stock;5467.52;0.59;5467.52;0.59;100.0;CAIR
2006-04-19;1145404800000;MAPT3.SA;5500.0;5500.0;5500.0;5500.0;5500.0;0;stock;5467.84;0.59;5467.84;0.59;100.0;CAIR
2006-04-20;1145491200000;MAPT3.SA;5500.0;5500.0;5500.0;5500.0;5500.0;0;stock;5468.16;0.58;5468.16;0.58;100.0;CAIR
2006-04-21;1145577600000;MAPT3.SA;5500.0;5500.0;5500.0;5500.0;5500.0;0;stock;5468.48;0.58;5468.48;0.58;100.0;CAIR
2006-04-24;1145836800000;MAPT3.SA;5500.0;5500.0;5500.0;5500.0;5500.0;0;stock;5468.79;0.57;5468.79;0.57;100.0;CAIR
2006-04-25;1145923200000;MAPT3.SA;5500.0;5500.0;5500.0;5500.0;5500.0;0;stock;5469.1;0.56;5469.1;0.56;100.0;CAIR
2006-04-26;1146009600000;MAPT3.SA;5500.0;5500.0;5500.0;5500.0;5500.0;0;stock;5469.41;0.56;5469.41;0.56;100.0;CAIR
2006-04-27;1146096000000;MAPT3.SA;5500.0;5500.0;5500.0;5500.0;5500.0;0;stock;5469.72;0.55;5469.72;0.55;100.0;CAIR
2006-04-28;1146182400000;MAPT3.SA;5500.0;5500.0;5500.0;5500.0;5500.0;0;stock;5470.02;0.55;5470.02;0.55;100.0;CAIR
2006-05-01;1146441600000;MAPT3.SA;5500.0;5500.0;5500.0;5500.0;5500.0;0;stock;5470.32;0.54;5470.32;0.54;100.0;CAIR
2006-05-02;1146528000000;MAPT3.SA;5500.0;5500.0;5500.0;5500.0;5500.0;0;stock;5470.61;0.54;5470.61;0.54;100.0;CAIR
2006-05-03;1146614400000;MAPT3.SA;5500.0;5500.0;5500.0;5500.0;5500.0;0;stock;5470.9;0.53;5470.9;0.53;100.0;CAIR
2006-05-04;1146700800000;MAPT3.SA;5500.0;5500.0;5500.0;5500.0;5500.0;0;stock;5471.19;0.53;5471.19;0.53;100.0;CAIR
2006-05-05;1146787200000;MAPT3.SA;5500.0;5500.0;5500.0;5500.0;5500.0;0;stock;5471.48;0.52;5471.48;0.52;100.0;CAIR
2006-05-08;1147046400000;MAPT3.SA;5500.0;5500.0;5500.0;5500.0;5500.0;0;stock;5471.76;0.52;5471.76;0.52;100.0;CAIR
2006-05-09;1147132800000;MAPT3.SA;5500.0;5500.0;5500.0;5500.0;5500.0;0;stock;5472.04;0.51;5472.04;0.51;100.0;CAIR
2006-05-10;1147219200000;MAPT3.SA;5500.0;5500.0;5500.0;5500.0;5500.0;0;stock;5472.32;0.51;5472.32;0.51;100.0;CAIR
2006-05-11;1147305600000;MAPT3.SA;5500.0;5500.0;5500.0;5500.0;5500.0;0;stock;5472.6;0.5;5472.6;0.5;100.0;CAIR
2006-05-12;1147392000000;MAPT3.SA;5500.0;5500.0;5500.0;5500.0;5500.0;0;stock;5472.87;0.5;5472.87;0.5;100.0;CAIR
2006-05-15;1147651200000;MAPT3.SA;5500.0;5500.0;5500.0;5500.0;5500.0;0;stock;5473.14;0.49;5473.14;0.49;100.0;CAIR
2006-05-16;1147737600000;MAPT3.SA;5500.0;5500.0;5500.0;5500.0;5500.0;0;stock;5473.41;0.49;5473.41;0.49;100.0;CAIR
2006-05-17;1147824000000;MAPT3.SA;5500.0;5500.0;5500.0;5500.0;5500.0;0;stock;5473.67;0.48;5473.67;0.48;100.0;CAIR
2006-05-18;1147910400000;MAPT3.SA;5500.0;5500.0;5500.0;5500.0;5500.0;0;stock;5473.93;0.48;5473.93;0.48;100.0;CAIR
2006-05-19;1147996800000;MAPT3.SA;5500.0;5500.0;5500.0;5500.0;5500.0;0;stock;5474.19;0.47;5474.19;0.47;100.0;CAIR
2006-05-22;1148256000000;MAPT3.SA;5500.0;5500.0;5500.0;5500.0;5500.0;0;stock;5474.45;0.47;5474.45;0.47;100.0;CAIR
2006-05-23;1148342400000;MAPT3.SA;5500.0;5500.0;5500.0;5500.0;5500.0;0;stock;5474.7;0.46;5474.7;0.46;100.0;CAIR
2006-05-24;1148428800000;MAPT3.SA;5500.0;5500.0;5500.0;5500.0;5500.0;0;stock;5474.96;0.46;5474.96;0.46;100.0;CAIR
2006-05-25;1148515200000;MAPT3.SA;5500.0;5500.0;5500.0;5500.0;5500.0;0;stock;5475.2;0.45;5475.2;0.45;100.0;CAIR
2006-05-26;1148601600000;MAPT3.SA;5500.0;5500.0;5500.0;5500.0;5500.0;0;stock;5475.45;0.45;5475.45;0.45;100.0;CAIR
2006-05-29;1148860800000;MAPT3.SA;5500.0;5500.0;5500.0;5500.0;5500.0;0;stock;5475.7;0.44;5475.7;0.44;100.0;CAIR
2006-05-30;1148947200000;MAPT3.SA;5500.0;5500.0;5500.0;5500.0;5500.0;0;stock;5475.94;0.44;5475.94;0.44;100.0;CAIR
2006-05-31;1149033600000;MAPT3.SA;5500.0;5500.0;5500.0;5500.0;5500.0;0;stock;5476.18;0.44;5476.18;0.44;100.0;CAIR
2006-06-01;1149120000000;MAPT3.SA;5500.0;5500.0;5500.0;5500.0;5500.0;0;stock;5476.41;0.43;5476.41;0.43;100.0;CAIR
2006-06-02;1149206400000;MAPT3.SA;5500.0;5500.0;5500.0;5500.0;5500.0;0;stock;5476.65;0.43;5476.65;0.43;100.0;CAIR
2006-06-05;1149465600000;MAPT3.SA;5500.0;5500.0;5500.0;5500.0;5500.0;0;stock;5476.88;0.42;5476.88;0.42;100.0;CAIR
2006-06-06;1149552000000;MAPT3.SA;5500.0;5500.0;5500.0;5500.0;5500.0;0;stock;5477.11;0.42;5477.11;0.42;100.0;CAIR
2006-06-07;1149638400000;MAPT3.SA;5500.0;5500.0;5500.0;5500.0;5500.0;0;stock;5477.34;0.41;5477.34;0.41;100.0;CAIR
2006-06-08;1149724800000;MAPT3.SA;5500.0;5500.0;5500.0;5500.0;5500.0;0;stock;5477.56;0.41;5477.56;0.41;100.0;CAIR
2006-06-09;1149811200000;MAPT3.SA;5500.0;5500.0;5500.0;5500.0;5500.0;0;stock;5477.79;0.41;5477.79;0.41;100.0;CAIR
2006-06-12;1150070400000;MAPT3.SA;5500.0;5500.0;5500.0;5500.0;5500.0;0;stock;5478.01;0.4;5478.01;0.4;100.0;CAIR
2006-06-13;1150156800000;MAPT3.SA;5500.0;5500.0;5500.0;5500.0;5500.0;0;stock;5478.23;0.4;5478.23;0.4;100.0;CAIR
2006-06-14;1150243200000;MAPT3.SA;5500.0;5500.0;5500.0;5500.0;5500.0;0;stock;5478.44;0.39;5478.44;0.39;100.0;CAIR
2006-06-15;1150329600000;MAPT3.SA;5500.0;5500.0;5500.0;5500.0;5500.0;0;stock;5478.66;0.39;5478.66;0.39;100.0;CAIR
2006-06-16;1150416000000;MAPT3.SA;5500.0;5500.0;5500.0;5500.0;5500.0;0;stock;5478.87;0.39;5478.87;0.39;100.0;CAIR
2006-06-19;1150675200000;MAPT3.SA;5500.0;5500.0;5500.0;5500.0;5500.0;0;stock;5479.08;0.38;5479.08;0.38;100.0;CAIR
2006-06-20;1150761600000;MAPT3.SA;5500.0;5500.0;5500.0;5500.0;5500.0;0;stock;5479.29;0.38;5479.29;0.38;100.0;CAIR
2006-06-21;1150848000000;MAPT3.SA;5500.0;5500.0;5500.0;5500.0;5500.0;0;stock;5479.5;0.37;5479.5;0.37;100.0;CAIR
2006-06-22;1150934400000;MAPT3.SA;5500.0;5500.0;5500.0;5500.0;5500.0;0;stock;5479.7;0.37;5479.7;0.37;100.0;CAIR
2006-06-23;1151020800000;MAPT3.SA;5500.0;5500.0;5500.0;5500.0;5500.0;0;stock;5479.9;0.37;5479.9;0.37;100.0;CAIR
2006-06-26;1151280000000;MAPT3.SA;5500.0;5500.0;5500.0;5500.0;5500.0;0;stock;5480.1;0.36;5480.1;0.36;100.0;CAIR
2006-06-27;1151366400000;MAPT3.SA;5500.0;5500.0;5500.0;5500.0;5500.0;0;stock;5480.3;0.36;5480.3;0.36;100.0;CAIR
2006-06-28;1151452800000;MAPT3.SA;5500.0;5500.0;5500.0;5500.0;5500.0;0;stock;5480.5;0.36;5480.5;0.36;100.0;CAIR
2006-06-29;1151539200000;MAPT3.SA;5500.0;5500.0;5500.0;5500.0;5500.0;0;stock;5480.69;0.35;5480.69;0.35;100.0;CAIR
2006-06-30;1151625600000;MAPT3.SA;5500.0;5500.0;5500.0;5500.0;5500.0;0;stock;5480.88;0.35;5480.88;0.35;100.0;CAIR
2006-07-03;1151884800000;MAPT3.SA;5500.0;5500.0;5500.0;5500.0;5500.0;0;stock;5481.07;0.35;5481.07;0.35;100.0;CAIR
2006-07-04;1151971200000;MAPT3.SA;3500.0;3500.0;3500.0;3500.0;3500.0;10;stock;5461.36;-35.91;5461.36;-35.91;0.0;SUBIR
2006-07-05;1152057600000;MAPT3.SA;3500.0;3500.0;3500.0;3500.0;3500.0;0;stock;5441.84;-35.68;5441.84;-35.68;0.0;SUBIR
2006-07-06;1152144000000;MAPT3.SA;3500.0;3500.0;3500.0;3500.0;3500.0;0;stock;5422.52;-35.45;5422.52;-35.45;0.0;SUBIR
2006-07-07;1152230400000;MAPT3.SA;3500.0;3500.0;3500.0;3500.0;3500.0;0;stock;5403.39;-35.23;5403.39;-35.23;0.0;SUBIR
2006-07-10;1152489600000;MAPT3.SA;3500.0;3500.0;3500.0;3500.0;3500.0;0;stock;5384.45;-35.0;5384.45;-35.0;0.0;SUBIR
2006-07-11;1152576000000;MAPT3.SA;3500.0;3500.0;3500.0;3500.0;3500.0;0;stock;5365.7;-34.77;5365.7;-34.77;0.0;SUBIR
2006-07-12;1152662400000;MAPT3.SA;3500.0;3500.0;3500.0;3500.0;3500.0;20;stock;5347.14;-34.54;5347.14;-34.54;0.0;SUBIR
2006-07-13;1152748800000;MAPT3.SA;3500.0;3500.0;3500.0;3500.0;3500.0;0;stock;5328.76;-34.32;5328.76;-34.32;0.0;SUBIR
2006-07-14;1152835200000;MAPT3.SA;3500.0;3500.0;3500.0;3500.0;3500.0;0;stock;5310.56;-34.09;5310.56;-34.09;0.0;SUBIR
2006-07-17;1153094400000;MAPT3.SA;3500.0;3500.0;3500.0;3500.0;3500.0;0;stock;5292.55;-33.87;5292.55;-33.87;0.0;SUBIR
2006-07-18;1153180800000;MAPT3.SA;3500.0;3500.0;3500.0;3500.0;3500.0;0;stock;5274.71;-33.65;5274.71;-33.65;0.0;SUBIR
2006-07-19;1153267200000;MAPT3.SA;3500.0;3500.0;3500.0;3500.0;3500.0;0;stock;5257.05;-33.42;5257.05;-33.42;0.0;SUBIR
2006-07-20;1153353600000;MAPT3.SA;3500.0;3500.0;3500.0;3500.0;3500.0;0;stock;5239.57;-33.2;5239.57;-33.2;0.0;SUBIR
2006-07-21;1153440000000;MAPT3.SA;3500.0;3500.0;3500.0;3500.0;3500.0;0;stock;5222.26;-32.98;5222.26;-32.98;0.0;SUBIR
2006-07-24;1153699200000;MAPT3.SA;3500.0;3500.0;3500.0;3500.0;3500.0;0;stock;5205.12;-32.76;5205.12;-32.76;0.0;SUBIR
2006-07-25;1153785600000;MAPT3.SA;3500.0;3500.0;3500.0;3500.0;3500.0;0;stock;5188.16;-32.54;5188.16;-32.54;0.0;SUBIR
2006-07-26;1153872000000;MAPT3.SA;3500.0;3500.0;3500.0;3500.0;3500.0;0;stock;5171.36;-32.32;5171.36;-32.32;0.0;SUBIR
2006-07-27;1153958400000;MAPT3.SA;3500.0;3500.0;3500.0;3500.0;3500.0;0;stock;5154.73;-32.1;5154.73;-32.1;0.0;SUBIR
2006-07-28;1154044800000;MAPT3.SA;3500.0;3500.0;3500.0;3500.0;3500.0;0;stock;5138.26;-31.88;5138.26;-31.88;0.0;SUBIR
2006-07-31;1154304000000;MAPT3.SA;3500.0;3500.0;3500.0;3500.0;3500.0;0;stock;5121.96;-31.67;5121.96;-31.67;0.0;SUBIR
2006-08-01;1154390400000;MAPT3.SA;3500.0;3500.0;3500.0;3500.0;3500.0;0;stock;5105.82;-31.45;5105.82;-31.45;0.0;SUBIR
2006-08-02;1154476800000;MAPT3.SA;3500.0;3500.0;3500.0;3500.0;3500.0;0;stock;5089.84;-31.24;5089.84;-31.24;0.0;SUBIR
2006-08-03;1154563200000;MAPT3.SA;3500.0;3500.0;3500.0;3500.0;3500.0;0;stock;5074.03;-31.02;5074.03;-31.02;0.0;SUBIR
2006-08-04;1154649600000;MAPT3.SA;3500.0;3500.0;3500.0;3500.0;3500.0;0;stock;5058.36;-30.81;5058.36;-30.81;0.0;SUBIR
2006-08-07;1154908800000;MAPT3.SA;3500.0;3500.0;3500.0;3500.0;3500.0;0;stock;5042.86;-30.59;5042.86;-30.59;0.0;SUBIR
2006-08-08;1154995200000;MAPT3.SA;3500.0;3500.0;3500.0;3500.0;3500.0;0;stock;5027.51;-30.38;5027.51;-30.38;0.0;SUBIR
2006-08-09;1155081600000;MAPT3.SA;3500.0;3500.0;3500.0;3500.0;3500.0;0;stock;5012.31;-30.17;5012.31;-30.17;0.0;SUBIR
2006-08-10;1155168000000;MAPT3.SA;3500.0;3500.0;3500.0;3500.0;3500.0;0;stock;4997.26;-29.96;4997.26;-29.96;0.0;SUBIR
2006-08-11;1155254400000;MAPT3.SA;3500.0;3500.0;3500.0;3500.0;3500.0;0;stock;4982.36;-29.75;4982.36;-29.75;0.0;SUBIR
2006-08-14;1155513600000;MAPT3.SA;3500.0;3500.0;3500.0;3500.0;3500.0;0;stock;4967.61;-29.54;4967.61;-29.54;0.0;SUBIR
2006-08-15;1155600000000;MAPT3.SA;3500.0;3500.0;3500.0;3500.0;3500.0;0;stock;4953.01;-29.34;4953.01;-29.34;0.0;SUBIR
2006-08-16;1155686400000;MAPT3.SA;1300.0;1300.0;1300.0;1300.0;1300.0;10;stock;4916.66;-73.56;4916.66;-73.56;0.0;SUBIR
2006-08-17;1155772800000;MAPT3.SA;1300.0;1300.0;1300.0;1300.0;1300.0;0;stock;4880.67;-73.36;4880.67;-73.36;0.0;SUBIR
2006-08-18;1155859200000;MAPT3.SA;1300.0;1300.0;1300.0;1300.0;1300.0;0;stock;4845.04;-73.17;4845.04;-73.17;0.0;SUBIR
2006-08-21;1156118400000;MAPT3.SA;1300.0;1300.0;1300.0;1300.0;1300.0;0;stock;4809.77;-72.97;4809.77;-72.97;0.0;SUBIR
2006-08-22;1156204800000;MAPT3.SA;1300.0;1300.0;1300.0;1300.0;1300.0;0;stock;4774.85;-72.77;4774.85;-72.77;0.0;SUBIR
2006-08-23;1156291200000;MAPT3.SA;1300.0;1300.0;1300.0;1300.0;1300.0;0;stock;4740.27;-72.58;4740.27;-72.58;0.0;SUBIR
2006-08-24;1156377600000;MAPT3.SA;1300.0;1300.0;1300.0;1300.0;1300.0;0;stock;4706.04;-72.38;4706.04;-72.38;0.0;SUBIR
2006-08-25;1156464000000;MAPT3.SA;1300.0;1300.0;1300.0;1300.0;1300.0;0;stock;4672.15;-72.18;4672.15;-72.18;0.0;SUBIR
2006-08-28;1156723200000;MAPT3.SA;1300.0;1300.0;1300.0;1300.0;1300.0;0;stock;4638.6;-71.97;4638.6;-71.97;0.0;SUBIR
2006-08-29;1156809600000;MAPT3.SA;1300.0;1300.0;1300.0;1300.0;1300.0;0;stock;4605.38;-71.77;4605.38;-71.77;0.0;SUBIR
2006-08-30;1156896000000;MAPT3.SA;1300.0;1300.0;1300.0;1300.0;1300.0;0;stock;4572.49;-71.57;4572.49;-71.57;0.0;SUBIR
2006-08-31;1156982400000;MAPT3.SA;1300.0;1300.0;1300.0;1300.0;1300.0;0;stock;4539.92;-71.37;4539.92;-71.37;0.0;SUBIR
2006-09-01;1157068800000;MAPT3.SA;1300.0;1300.0;1300.0;1300.0;1300.0;0;stock;4507.69;-71.16;4507.69;-71.16;0.0;SUBIR
2006-09-04;1157328000000;MAPT3.SA;1300.0;1300.0;1300.0;1300.0;1300.0;0;stock;4475.77;-70.95;4475.77;-70.95;0.0;SUBIR
2006-09-05;1157414400000;MAPT3.SA;1300.0;1300.0;1300.0;1300.0;1300.0;0;stock;4444.17;-70.75;4444.17;-70.75;0.0;SUBIR
2006-09-06;1157500800000;MAPT3.SA;1300.0;1300.0;1300.0;1300.0;1300.0;0;stock;4412.88;-70.54;4412.88;-70.54;0.0;SUBIR
2006-09-07;1157587200000;MAPT3.SA;1300.0;1300.0;1300.0;1300.0;1300.0;0;stock;4381.91;-70.33;4381.91;-70.33;0.0;SUBIR
2006-09-08;1157673600000;MAPT3.SA;1300.0;1300.0;1300.0;1300.0;1300.0;0;stock;4351.24;-70.12;4351.24;-70.12;0.0;SUBIR
2006-09-11;1157932800000;MAPT3.SA;1300.0;1300.0;1300.0;1300.0;1300.0;0;stock;4320.88;-69.91;4320.88;-69.91;0.0;SUBIR
2006-09-12;1158019200000;MAPT3.SA;1300.0;1300.0;1300.0;1300.0;1300.0;0;stock;4290.82;-69.7;4290.82;-69.7;0.0;SUBIR
2006-09-13;1158105600000;MAPT3.SA;1300.0;1300.0;1300.0;1300.0;1300.0;0;stock;4261.06;-69.49;4261.06;-69.49;0.0;SUBIR
2006-09-14;1158192000000;MAPT3.SA;1300.0;1300.0;1300.0;1300.0;1300.0;0;stock;4231.6;-69.28;4231.6;-69.28;0.0;SUBIR
2006-09-15;1158278400000;MAPT3.SA;1300.0;1300.0;1300.0;1300.0;1300.0;0;stock;4202.43;-69.07;4202.43;-69.07;0.0;SUBIR
2006-09-18;1158537600000;MAPT3.SA;1300.0;1300.0;1300.0;1300.0;1300.0;0;stock;4173.55;-68.85;4173.55;-68.85;0.0;SUBIR
2006-09-19;1158624000000;MAPT3.SA;1300.0;1300.0;1300.0;1300.0;1300.0;0;stock;4144.96;-68.64;4144.96;-68.64;0.0;SUBIR
2006-09-20;1158710400000;MAPT3.SA;1300.0;1300.0;1300.0;1300.0;1300.0;0;stock;4116.65;-68.42;4116.65;-68.42;0.0;SUBIR
2006-09-21;1158796800000;MAPT3.SA;1300.0;1300.0;1300.0;1300.0;1300.0;0;stock;4088.62;-68.2;4088.62;-68.2;0.0;SUBIR
2006-09-22;1158883200000;MAPT3.SA;1300.0;1300.0;1300.0;1300.0;1300.0;0;stock;4060.88;-67.99;4060.88;-67.99;0.0;SUBIR
2006-09-25;1159142400000;MAPT3.SA;1300.0;1300.0;1300.0;1300.0;1300.0;0;stock;4033.41;-67.77;4033.41;-67.77;0.0;SUBIR
2006-09-26;1159228800000;MAPT3.SA;1300.0;1300.0;1300.0;1300.0;1300.0;0;stock;4006.21;-67.55;4006.21;-67.55;0.0;SUBIR
2006-09-27;1159315200000;MAPT3.SA;1300.0;1300.0;1300.0;1300.0;1300.0;0;stock;3979.28;-67.33;3979.28;-67.33;0.0;SUBIR
2006-09-28;1159401600000;MAPT3.SA;1300.0;1300.0;1300.0;1300.0;1300.0;0;stock;3952.62;-67.11;3952.62;-67.11;0.0;SUBIR
2006-09-29;1159488000000;MAPT3.SA;1300.0;1300.0;1300.0;1300.0;1300.0;0;stock;3926.23;-66.89;3926.23;-66.89;0.0;SUBIR
2006-10-02;1159747200000;MAPT3.SA;1300.0;1300.0;1300.0;1300.0;1300.0;0;stock;3900.1;-66.67;3900.1;-66.67;0.0;SUBIR
2006-10-03;1159833600000;MAPT3.SA;1300.0;1300.0;1300.0;1300.0;1300.0;0;stock;3874.22;-66.44;3874.22;-66.44;0.0;SUBIR
2006-10-04;1159920000000;MAPT3.SA;1300.0;1300.0;1300.0;1300.0;1300.0;10;stock;3848.61;-66.22;3848.61;-66.22;0.0;SUBIR
2006-10-05;1160006400000;MAPT3.SA;1300.0;1300.0;1300.0;1300.0;1300.0;0;stock;3823.25;-66.0;3823.25;-66.0;0.0;SUBIR
2006-10-06;1160092800000;MAPT3.SA;1300.0;1300.0;1300.0;1300.0;1300.0;0;stock;3798.14;-65.77;3798.14;-65.77;0.0;SUBIR
2006-10-09;1160352000000;MAPT3.SA;1300.0;1300.0;1300.0;1300.0;1300.0;0;stock;3773.29;-65.55;3773.29;-65.55;0.0;SUBIR
2006-10-10;1160438400000;MAPT3.SA;1300.0;1300.0;1300.0;1300.0;1300.0;0;stock;3748.68;-65.32;3748.68;-65.32;0.0;SUBIR
2006-10-11;1160524800000;MAPT3.SA;1300.0;1300.0;1300.0;1300.0;1300.0;0;stock;3724.31;-65.09;3724.31;-65.09;0.0;SUBIR
2006-10-12;1160611200000;MAPT3.SA;1300.0;1300.0;1300.0;1300.0;1300.0;0;stock;3700.19;-64.87;3700.19;-64.87;0.0;SUBIR
2006-10-13;1160697600000;MAPT3.SA;1300.0;1300.0;1300.0;1300.0;1300.0;0;stock;3676.31;-64.64;3676.31;-64.64;0.0;SUBIR
2006-10-16;1160956800000;MAPT3.SA;1300.0;1300.0;1300.0;1300.0;1300.0;0;stock;3652.66;-64.41;3652.66;-64.41;0.0;SUBIR
2006-10-17;1161043200000;MAPT3.SA;1300.0;1300.0;1300.0;1300.0;1300.0;0;stock;3629.25;-64.18;3629.25;-64.18;0.0;SUBIR
2006-10-18;1161129600000;MAPT3.SA;1300.0;1300.0;1300.0;1300.0;1300.0;0;stock;3606.08;-63.95;3606.08;-63.95;0.0;SUBIR
2006-10-19;1161216000000;MAPT3.SA;1300.0;1300.0;1300.0;1300.0;1300.0;0;stock;3583.13;-63.72;3583.13;-63.72;0.0;SUBIR
2006-10-20;1161302400000;MAPT3.SA;1300.0;1300.0;1300.0;1300.0;1300.0;0;stock;3560.41;-63.49;3560.41;-63.49;0.0;SUBIR
2006-10-23;1161561600000;MAPT3.SA;1300.0;1300.0;1300.0;1300.0;1300.0;0;stock;3537.92;-63.26;3537.92;-63.26;0.0;SUBIR
2006-10-24;1161648000000;MAPT3.SA;1300.0;1300.0;1300.0;1300.0;1300.0;0;stock;3515.65;-63.02;3515.65;-63.02;0.0;SUBIR
2006-10-25;1161734400000;MAPT3.SA;1300.0;1300.0;1300.0;1300.0;1300.0;0;stock;3493.61;-62.79;3493.61;-62.79;0.0;SUBIR
2006-10-26;1161820800000;MAPT3.SA;1300.0;1300.0;1300.0;1300.0;1300.0;0;stock;3471.78;-62.56;3471.78;-62.56;0.0;SUBIR
2006-10-27;1161907200000;MAPT3.SA;1300.0;1300.0;1300.0;1300.0;1300.0;0;stock;3450.17;-62.32;3450.17;-62.32;0.0;SUBIR
2006-10-30;1162166400000;MAPT3.SA;1300.0;1300.0;1300.0;1300.0;1300.0;0;stock;3428.77;-62.09;3428.77;-62.09;0.0;SUBIR
2006-10-31;1162252800000;MAPT3.SA;1300.0;1300.0;1300.0;1300.0;1300.0;0;stock;3407.59;-61.85;3407.59;-61.85;0.0;SUBIR
2006-11-01;1162339200000;MAPT3.SA;1300.0;1300.0;1300.0;1300.0;1300.0;0;stock;3386.62;-61.61;3386.62;-61.61;0.0;SUBIR
2006-11-02;1162425600000;MAPT3.SA;1300.0;1300.0;1300.0;1300.0;1300.0;0;stock;3365.86;-61.38;3365.86;-61.38;0.0;SUBIR
2006-11-03;1162512000000;MAPT3.SA;1300.0;1300.0;1300.0;1300.0;1300.0;0;stock;3345.3;-61.14;3345.3;-61.14;0.0;SUBIR
2006-11-06;1162771200000;MAPT3.SA;1300.0;1300.0;1300.0;1300.0;1300.0;0;stock;3324.95;-60.9;3324.95;-60.9;0.0;SUBIR
2006-11-07;1162857600000;MAPT3.SA;1300.0;1300.0;1300.0;1300.0;1300.0;0;stock;3304.8;-60.66;3304.8;-60.66;0.0;SUBIR
2006-11-08;1162944000000;MAPT3.SA;1300.0;1300.0;1300.0;1300.0;1300.0;0;stock;3284.85;-60.42;3284.85;-60.42;0.0;SUBIR
2006-11-09;1163030400000;MAPT3.SA;1300.0;1300.0;1300.0;1300.0;1300.0;0;stock;3265.1;-60.19;3265.1;-60.19;0.0;SUBIR
2006-11-10;1163116800000;MAPT3.SA;1300.0;1300.0;1300.0;1300.0;1300.0;0;stock;3245.55;-59.95;3245.55;-59.95;0.0;SUBIR
2006-11-13;1163376000000;MAPT3.SA;1300.0;1300.0;1300.0;1300.0;1300.0;20;stock;3226.19;-59.7;3226.19;-59.7;0.0;SUBIR
2006-11-14;1163462400000;MAPT3.SA;1300.0;1300.0;1300.0;1300.0;1300.0;0;stock;3207.03;-59.46;3207.03;-59.46;0.0;SUBIR
2006-11-15;1163548800000;MAPT3.SA;1300.0;1300.0;1300.0;1300.0;1300.0;0;stock;3188.05;-59.22;3188.05;-59.22;0.0;SUBIR
2006-11-16;1163635200000;MAPT3.SA;1800.0;1800.0;1800.0;1800.0;1800.0;150;stock;3174.24;-43.29;3174.24;-43.29;96.52;ESTAVEL
2006-11-17;1163721600000;MAPT3.SA;1800.0;1800.0;1800.0;1800.0;1800.0;0;stock;3160.57;-43.05;3160.57;-43.05;96.52;ESTAVEL
2006-11-20;1163980800000;MAPT3.SA;1800.0;1800.0;1800.0;1800.0;1800.0;0;stock;3147.03;-42.8;3147.03;-42.8;96.52;ESTAVEL
2006-11-21;1164067200000;MAPT3.SA;1800.0;1800.0;1800.0;1800.0;1800.0;0;stock;3133.62;-42.56;3133.62;-42.56;96.52;ESTAVEL
2006-11-22;1164153600000;MAPT3.SA;1800.0;1800.0;1800.0;1800.0;1800.0;0;stock;3120.35;-42.31;3120.35;-42.31;96.52;ESTAVEL
2006-11-23;1164240000000;MAPT3.SA;1800.0;1800.0;1800.0;1800.0;1800.0;0;stock;3107.22;-42.07;3107.22;-42.07;96.52;ESTAVEL
2006-11-24;1164326400000;MAPT3.SA;1800.0;1800.0;1800.0;1800.0;1800.0;0;stock;3094.21;-41.83;3094.21;-41.83;96.52;ESTAVEL
2006-11-27;1164585600000;MAPT3.SA;1800.0;1800.0;1800.0;1800.0;1800.0;0;stock;3081.33;-41.58;3081.33;-41.58;96.52;ESTAVEL
2006-11-28;1164672000000;MAPT3.SA;1800.0;1800.0;1800.0;1800.0;1800.0;0;stock;3068.58;-41.34;3068.58;-41.34;96.52;ESTAVEL
2006-11-29;1164758400000;MAPT3.SA;1800.0;1800.0;1800.0;1800.0;1800.0;0;stock;3055.96;-41.1;3055.96;-41.1;96.52;ESTAVEL
2006-11-30;1164844800000;MAPT3.SA;1800.0;1800.0;1800.0;1800.0;1800.0;0;stock;3043.46;-40.86;3043.46;-40.86;96.52;ESTAVEL
2006-12-01;1164931200000;MAPT3.SA;1800.0;1800.0;1800.0;1800.0;1800.0;0;stock;3031.09;-40.62;3031.09;-40.62;96.52;ESTAVEL
2006-12-04;1165190400000;MAPT3.SA;1800.0;1800.0;1800.0;1800.0;1800.0;0;stock;3018.84;-40.37;3018.84;-40.37;96.52;ESTAVEL
2006-12-05;1165276800000;MAPT3.SA;1800.0;1800.0;1800.0;1800.0;1800.0;0;stock;3006.71;-40.13;3006.71;-40.13;96.52;ESTAVEL
2006-12-06;1165363200000;MAPT3.SA;1800.0;1800.0;1800.0;1800.0;1800.0;0;stock;2994.71;-39.89;2994.71;-39.89;96.52;ESTAVEL
2006-12-07;1165449600000;MAPT3.SA;1800.0;1800.0;1800.0;1800.0;1800.0;0;stock;2982.82;-39.65;2982.82;-39.65;96.52;ESTAVEL
2006-12-08;1165536000000;MAPT3.SA;1800.0;1800.0;1800.0;1800.0;1800.0;0;stock;2971.05;-39.42;2971.05;-39.42;96.52;ESTAVEL
2006-12-11;1165795200000;MAPT3.SA;1800.0;1800.0;1800.0;1800.0;1800.0;0;stock;2959.4;-39.18;2959.4;-39.18;96.52;ESTAVEL
2006-12-12;1165881600000;MAPT3.SA;1800.0;1800.0;1800.0;1800.0;1800.0;0;stock;2947.86;-38.94;2947.86;-38.94;96.52;ESTAVEL
2006-12-13;1165968000000;MAPT3.SA;1800.0;1800.0;1800.0;1800.0;1800.0;0;stock;2936.44;-38.7;2936.44;-38.7;96.52;ESTAVEL
2006-12-14;1166054400000;MAPT3.SA;1800.0;1800.0;1800.0;1800.0;1800.0;0;stock;2925.13;-38.46;2925.13;-38.46;96.52;ESTAVEL
2006-12-15;1166140800000;MAPT3.SA;1800.0;1800.0;1800.0;1800.0;1800.0;0;stock;2913.94;-38.23;2913.94;-38.23;96.52;ESTAVEL
2006-12-18;1166400000000;MAPT3.SA;1800.0;1800.0;1800.0;1800.0;1800.0;0;stock;2902.85;-37.99;2902.85;-37.99;96.52;ESTAVEL
2006-12-19;1166486400000;MAPT3.SA;1800.0;1800.0;1800.0;1800.0;1800.0;0;stock;2891.88;-37.76;2891.88;-37.76;96.52;ESTAVEL
2006-12-20;1166572800000;MAPT3.SA;1800.0;1800.0;1800.0;1800.0;1800.0;0;stock;2881.01;-37.52;2881.01;-37.52;96.52;ESTAVEL
2006-12-21;1166659200000;MAPT3.SA;1800.0;1800.0;1800.0;1800.0;1800.0;0;stock;2870.26;-37.29;2870.26;-37.29;96.52;ESTAVEL
2006-12-22;1166745600000;MAPT3.SA;1800.0;1800.0;1800.0;1800.0;1800.0;0;stock;2859.61;-37.05;2859.61;-37.05;96.52;ESTAVEL
2006-12-26;1167091200000;MAPT3.SA;1800.0;1800.0;1800.0;1800.0;1800.0;0;stock;2849.06;-36.82;2849.06;-36.82;96.52;ESTAVEL
2006-12-27;1167177600000;MAPT3.SA;1800.0;1800.0;1800.0;1800.0;1800.0;0;stock;2838.63;-36.59;2838.63;-36.59;96.52;ESTAVEL
2006-12-28;1167264000000;MAPT3.SA;1800.0;1800.0;1800.0;1800.0;1800.0;0;stock;2828.29;-36.36;2828.29;-36.36;96.52;ESTAVEL
2007-01-02;1167696000000;MAPT3.SA;1800.0;1800.0;1800.0;1800.0;1800.0;0;stock;2818.06;-36.13;2818.06;-36.13;96.52;ESTAVEL
2007-01-03;1167782400000;MAPT3.SA;1800.0;1800.0;1800.0;1800.0;1800.0;0;stock;2807.93;-35.9;2807.93;-35.9;96.52;ESTAVEL
2007-01-04;1167868800000;MAPT3.SA;1800.0;1800.0;1800.0;1800.0;1800.0;0;stock;2797.9;-35.67;2797.9;-35.67;96.52;ESTAVEL
2007-01-05;1167955200000;MAPT3.SA;1800.0;1800.0;1800.0;1800.0;1800.0;0;stock;2787.97;-35.44;2787.97;-35.44;96.52;ESTAVEL
2007-01-08;1168214400000;MAPT3.SA;1800.0;1800.0;1800.0;1800.0;1800.0;0;stock;2778.14;-35.21;2778.14;-35.21;96.52;ESTAVEL
2007-01-09;1168300800000;MAPT3.SA;1800.0;1800.0;1800.0;1800.0;1800.0;0;stock;2768.41;-34.98;2768.41;-34.98;96.52;ESTAVEL
2007-01-10;1168387200000;MAPT3.SA;12000.0;12000.0;12000.0;12000.0;12000.0;70;stock;2860.26;319.54;2860.26;319.54;99.99;CAIR
2007-01-11;1168473600000;MAPT3.SA;12000.0;12000.0;12000.0;12000.0;12000.0;460;stock;2951.21;306.61;2951.21;306.61;99.99;CAIR
2007-01-12;1168560000000;MAPT3.SA;78100.0;78100.0;78100.0;78100.0;78100.0;420;stock;3698.96;2011.41;3698.96;2011.41;100.0;CAIR
2007-01-15;1168819200000;MAPT3.SA;33000.0;33000.0;33000.0;33000.0;33000.0;370;stock;3990.51;726.96;3990.51;726.96;60.67;ESTAVEL
2007-01-16;1168905600000;MAPT3.SA;44000.0;44000.0;44000.0;44000.0;44000.0;30;stock;4388.61;902.59;4388.61;902.59;64.35;ESTAVEL
2007-01-17;1168992000000;MAPT3.SA;43900.0;43900.0;43900.0;43900.0;43900.0;100;stock;4781.76;818.07;4781.76;818.07;64.29;ESTAVEL
2007-01-18;1169078400000;MAPT3.SA;43900.0;43900.0;43900.0;43900.0;43900.0;0;stock;5171.0;748.97;5171.0;748.97;64.29;ESTAVEL
2007-01-19;1169164800000;MAPT3.SA;43900.0;43900.0;43900.0;43900.0;43900.0;0;stock;5556.36;690.09;5556.36;690.09;64.29;ESTAVEL
2007-01-22;1169424000000;MAPT3.SA;43900.0;43900.0;43900.0;43900.0;43900.0;0;stock;5937.89;639.32;5937.89;639.32;64.29;ESTAVEL
2007-01-23;1169510400000;MAPT3.SA;43900.0;43900.0;43900.0;43900.0;43900.0;0;stock;6315.62;595.1;6315.62;595.1;64.29;ESTAVEL
2007-01-24;1169596800000;MAPT3.SA;43900.0;43900.0;43900.0;43900.0;43900.0;0;stock;6689.6;556.24;6689.6;556.24;64.29;ESTAVEL
2007-01-26;1169769600000;MAPT3.SA;43900.0;43900.0;43900.0;43900.0;43900.0;0;stock;7059.85;521.83;7059.85;521.83;64.29;ESTAVEL
2007-01-29;1170028800000;MAPT3.SA;43900.0;43900.0;43900.0;43900.0;43900.0;0;stock;7426.42;491.13;7426.42;491.13;64.29;ESTAVEL
2007-01-30;1170115200000;MAPT3.SA;34000.0;34000.0;34000.0;34000.0;34000.0;10;stock;7690.83;342.08;7690.83;342.08;55.23;ESTAVEL
2007-01-31;1170201600000;MAPT3.SA;34000.0;34000.0;34000.0;34000.0;34000.0;170;stock;7952.61;327.53;7952.61;327.53;55.23;ESTAVEL
2007-02-01;1170288000000;MAPT3.SA;34000.0;34000.0;34000.0;34000.0;34000.0;0;stock;8211.79;314.04;8211.79;314.04;55.23;ESTAVEL
2007-02-02;1170374400000;MAPT3.SA;34000.0;34000.0;34000.0;34000.0;34000.0;0;stock;8468.39;301.49;8468.39;301.49;55.23;ESTAVEL
2007-02-05;1170633600000;MAPT3.SA;34000.0;34000.0;34000.0;34000.0;34000.0;0;stock;8722.44;289.8;8722.44;289.8;55.23;ESTAVEL
2007-02-06;1170720000000;MAPT3.SA;34000.0;34000.0;34000.0;34000.0;34000.0;0;stock;8973.96;278.87;8973.96;278.87;55.23;ESTAVEL
2007-02-07;1170806400000;MAPT3.SA;33000.0;33000.0;33000.0;33000.0;33000.0;30;stock;9213.02;258.19;9213.02;258.19;54.03;ESTAVEL
2007-02-08;1170892800000;MAPT3.SA;33000.0;33000.0;33000.0;33000.0;33000.0;0;stock;9449.71;249.22;9449.71;249.22;54.03;ESTAVEL
2007-02-09;1170979200000;MAPT3.SA;33000.0;33000.0;33000.0;33000.0;33000.0;30;stock;9684.04;240.77;9684.04;240.77;54.03;ESTAVEL
2007-02-12;1171238400000;MAPT3.SA;33000.0;33000.0;33000.0;33000.0;33000.0;0;stock;9916.04;232.79;9916.04;232.79;54.03;ESTAVEL
2007-02-13;1171324800000;MAPT3.SA;33000.0;33000.0;33000.0;33000.0;33000.0;0;stock;10145.73;225.26;10145.73;225.26;54.03;ESTAVEL
2007-02-14;1171411200000;MAPT3.SA;33000.0;33000.0;33000.0;33000.0;33000.0;0;stock;10373.14;218.13;10373.14;218.13;54.03;ESTAVEL
2007-02-15;1171497600000;MAPT3.SA;33000.0;33000.0;33000.0;33000.0;33000.0;30;stock;10598.28;211.37;10598.28;211.37;54.03;ESTAVEL
2007-02-16;1171584000000;MAPT3.SA;33000.0;33000.0;33000.0;33000.0;33000.0;0;stock;10821.18;204.96;10821.18;204.96;54.03;ESTAVEL
2007-02-21;1172016000000;MAPT3.SA;33000.0;33000.0;33000.0;33000.0;33000.0;0;stock;11041.86;198.86;11041.86;198.86;54.03;ESTAVEL
2007-02-22;1172102400000;MAPT3.SA;33000.0;33000.0;33000.0;33000.0;33000.0;0;stock;11260.35;193.06;11260.35;193.06;54.03;ESTAVEL
2007-02-23;1172188800000;MAPT3.SA;33000.0;33000.0;33000.0;33000.0;33000.0;0;stock;11476.67;187.54;11476.67;187.54;54.03;ESTAVEL
2007-02-26;1172448000000;MAPT3.SA;33000.0;33000.0;33000.0;33000.0;33000.0;0;stock;11690.83;182.27;11690.83;182.27;54.03;ESTAVEL
2007-02-27;1172534400000;MAPT3.SA;33000.0;33000.0;33000.0;33000.0;33000.0;0;stock;11902.86;177.24;11902.86;177.24;54.03;ESTAVEL
2007-02-28;1172620800000;MAPT3.SA;33000.0;33000.0;33000.0;33000.0;33000.0;0;stock;12112.78;172.44;12112.78;172.44;54.03;ESTAVEL
2007-03-01;1172707200000;MAPT3.SA;33000.0;33000.0;33000.0;33000.0;33000.0;0;stock;12320.62;167.84;12320.62;167.84;54.03;ESTAVEL
2007-03-02;1172793600000;MAPT3.SA;33000.0;33000.0;33000.0;33000.0;33000.0;0;stock;12526.38;163.44;12526.38;163.44;54.03;ESTAVEL
2007-03-05;1173052800000;MAPT3.SA;33000.0;33000.0;33000.0;33000.0;33000.0;0;stock;12730.1;159.23;12730.1;159.23;54.03;ESTAVEL
2007-03-06;1173139200000;MAPT3.SA;33000.0;33000.0;33000.0;33000.0;33000.0;0;stock;12931.79;155.19;12931.79;155.19;54.03;ESTAVEL
2007-03-07;1173225600000;MAPT3.SA;33000.0;33000.0;33000.0;33000.0;33000.0;0;stock;13131.48;151.3;13131.48;151.3;54.03;ESTAVEL
2007-03-08;1173312000000;MAPT3.SA;33000.0;33000.0;33000.0;33000.0;33000.0;0;stock;13329.17;147.58;13329.17;147.58;54.03;ESTAVEL
2007-03-09;1173398400000;MAPT3.SA;33000.0;33000.0;33000.0;33000.0;33000.0;0;stock;13524.9;143.99;13524.9;143.99;54.03;ESTAVEL
2007-03-12;1173657600000;MAPT3.SA;33000.0;33000.0;33000.0;33000.0;33000.0;0;stock;13718.68;140.55;13718.68;140.55;54.03;ESTAVEL
2007-03-13;1173744000000;MAPT3.SA;33000.0;33000.0;33000.0;33000.0;33000.0;0;stock;13910.54;137.23;13910.54;137.23;54.03;ESTAVEL
2007-03-14;1173830400000;MAPT3.SA;33000.0;33000.0;33000.0;33000.0;33000.0;0;stock;14100.48;134.03;14100.48;134.03;54.03;ESTAVEL
2007-03-15;1173916800000;MAPT3.SA;33000.0;33000.0;33000.0;33000.0;33000.0;0;stock;14288.54;130.95;14288.54;130.95;54.03;ESTAVEL
2007-03-16;1174003200000;MAPT3.SA;33000.0;33000.0;33000.0;33000.0;33000.0;0;stock;14474.72;127.98;14474.72;127.98;54.03;ESTAVEL
2007-03-19;1174262400000;MAPT3.SA;33000.0;33000.0;33000.0;33000.0;33000.0;0;stock;14659.05;125.12;14659.05;125.12;54.03;ESTAVEL
2007-03-20;1174348800000;MAPT3.SA;43000.0;43000.0;43000.0;43000.0;43000.0;390;stock;14941.05;187.8;14941.05;187.8;82.36;CAIR
2007-03-21;1174435200000;MAPT3.SA;33000.0;33000.0;33000.0;33000.0;33000.0;160;stock;15120.74;118.24;15120.74;118.24;49.51;ESTAVEL
2007-03-22;1174521600000;MAPT3.SA;31000.0;31000.0;31000.0;31000.0;31000.0;60;stock;15278.74;102.9;15278.74;102.9;45.59;ESTAVEL
2007-03-23;1174608000000;MAPT3.SA;31000.0;31000.0;31000.0;31000.0;31000.0;0;stock;15435.18;100.84;15435.18;100.84;45.59;ESTAVEL
2007-03-26;1174867200000;MAPT3.SA;30000.0;30000.0;30000.0;30000.0;30000.0;120;stock;15580.1;92.55;15580.1;92.55;43.59;ESTAVEL
2007-03-27;1174953600000;MAPT3.SA;31000.0;31000.0;31000.0;31000.0;31000.0;20;stock;15733.53;97.03;15733.53;97.03;46.13;ESTAVEL
2007-03-28;1175040000000;MAPT3.SA;31000.0;31000.0;31000.0;31000.0;31000.0;0;stock;15885.44;95.15;15885.44;95.15;46.13;ESTAVEL
2007-03-29;1175126400000;MAPT3.SA;31000.0;31000.0;31000.0;31000.0;31000.0;0;stock;16035.83;93.32;16035.83;93.32;46.13;ESTAVEL
2007-03-30;1175212800000;MAPT3.SA;31000.0;31000.0;31000.0;31000.0;31000.0;0;stock;16184.73;91.54;16184.73;91.54;46.13;ESTAVEL
2007-04-02;1175472000000;MAPT3.SA;31000.0;31000.0;31000.0;31000.0;31000.0;0;stock;16332.14;89.81;16332.14;89.81;46.13;ESTAVEL
2007-04-03;1175558400000;MAPT3.SA;31000.0;31000.0;31000.0;31000.0;31000.0;0;stock;16478.09;88.13;16478.09;88.13;46.13;ESTAVEL
2007-04-04;1175644800000;MAPT3.SA;31000.0;31000.0;31000.0;31000.0;31000.0;0;stock;16622.59;86.49;16622.59;86.49;46.13;ESTAVEL
2007-04-05;1175731200000;MAPT3.SA;31000.0;31000.0;31000.0;31000.0;31000.0;0;stock;16765.65;84.9;16765.65;84.9;46.13;ESTAVEL
2007-04-09;1176076800000;MAPT3.SA;31000.0;31000.0;31000.0;31000.0;31000.0;0;stock;16907.28;83.35;16907.28;83.35;46.13;ESTAVEL
2007-04-10;1176163200000;MAPT3.SA;35000.0;35000.0;35000.0;35000.0;35000.0;170;stock;17087.31;104.83;17087.31;104.83;60.15;ESTAVEL
2007-04-11;1176249600000;MAPT3.SA;35000.0;35000.0;35000.0;35000.0;35000.0;0;stock;17265.54;102.72;17265.54;102.72;60.15;ESTAVEL
2007-04-12;1176336000000;MAPT3.SA;35000.0;35000.0;35000.0;35000.0;35000.0;0;stock;17442.01;100.66;17442.01;100.66;60.15;ESTAVEL
2007-04-13;1176422400000;MAPT3.SA;35000.0;35000.0;35000.0;35000.0;35000.0;0;stock;17616.71;98.67;17616.71;98.67;60.15;ESTAVEL
2007-04-16;1176681600000;MAPT3.SA;35000.0;35000.0;35000.0;35000.0;35000.0;0;stock;17789.68;96.74;17789.68;96.74;60.15;ESTAVEL
2007-04-17;1176768000000;MAPT3.SA;35000.0;35000.0;35000.0;35000.0;35000.0;0;stock;17960.93;94.87;17960.93;94.87;60.15;ESTAVEL
2007-04-18;1176854400000;MAPT3.SA;35000.0;35000.0;35000.0;35000.0;35000.0;0;stock;18130.47;93.05;18130.47;93.05;60.15;ESTAVEL
2007-04-19;1176940800000;MAPT3.SA;35000.0;35000.0;35000.0;35000.0;35000.0;0;stock;18298.33;91.27;18298.33;91.27;60.15;ESTAVEL
2007-04-20;1177027200000;MAPT3.SA;35000.0;35000.0;35000.0;35000.0;35000.0;0;stock;18464.51;89.55;18464.51;89.55;60.15;ESTAVEL
2007-04-23;1177286400000;MAPT3.SA;35000.0;35000.0;35000.0;35000.0;35000.0;0;stock;18629.04;87.88;18629.04;87.88;60.15;ESTAVEL
2007-04-24;1177372800000;MAPT3.SA;35000.0;35000.0;35000.0;35000.0;35000.0;0;stock;18791.94;86.25;18791.94;86.25;60.15;ESTAVEL
2007-04-25;1177459200000;MAPT3.SA;35000.0;35000.0;35000.0;35000.0;35000.0;0;stock;18953.22;84.67;18953.22;84.67;60.15;ESTAVEL
2007-04-26;1177545600000;MAPT3.SA;35000.0;35000.0;35000.0;35000.0;35000.0;0;stock;19112.88;83.12;19112.88;83.12;60.15;ESTAVEL
2007-04-27;1177632000000;MAPT3.SA;35000.0;35000.0;35000.0;35000.0;35000.0;0;stock;19270.96;81.62;19270.96;81.62;60.15;ESTAVEL
2007-04-30;1177891200000;MAPT3.SA;35000.0;35000.0;35000.0;35000.0;35000.0;0;stock;19427.47;80.16;19427.47;80.16;60.15;ESTAVEL
2007-05-02;1178064000000;MAPT3.SA;35000.0;35000.0;35000.0;35000.0;35000.0;0;stock;19582.42;78.73;19582.42;78.73;60.15;ESTAVEL
2007-05-03;1178150400000;MAPT3.SA;30000.0;30000.0;30000.0;30000.0;30000.0;160;stock;19686.08;52.39;19686.08;52.39;29.14;ESTAVEL
2007-05-04;1178236800000;MAPT3.SA;34000.0;34000.0;34000.0;34000.0;34000.0;50;stock;19828.51;71.47;19828.51;71.47;50.93;ESTAVEL
2007-05-07;1178496000000;MAPT3.SA;34000.0;34000.0;34000.0;34000.0;34000.0;0;stock;19969.52;70.26;19969.52;70.26;50.93;ESTAVEL
2007-05-08;1178582400000;MAPT3.SA;28200.0;28200.0;28200.0;28200.0;28200.0;10;stock;20051.41;40.64;20051.41;40.64;33.57;ESTAVEL
2007-05-09;1178668800000;MAPT3.SA;28200.0;28200.0;28200.0;28200.0;28200.0;0;stock;20132.49;40.07;20132.49;40.07;33.57;ESTAVEL
2007-05-10;1178755200000;MAPT3.SA;28200.0;28200.0;28200.0;28200.0;28200.0;0;stock;20212.77;39.52;20212.77;39.52;33.57;ESTAVEL
2007-05-11;1178841600000;MAPT3.SA;28200.0;28200.0;28200.0;28200.0;28200.0;0;stock;20292.24;38.97;20292.24;38.97;33.57;ESTAVEL
2007-05-14;1179100800000;MAPT3.SA;28200.0;28200.0;28200.0;28200.0;28200.0;0;stock;20370.93;38.43;20370.93;38.43;33.57;ESTAVEL
2007-05-15;1179187200000;MAPT3.SA;28600.0;28600.0;28600.0;28600.0;28600.0;50;stock;20452.81;39.83;20452.81;39.83;35.76;ESTAVEL
2007-05-16;1179273600000;MAPT3.SA;28600.0;28600.0;28600.0;28600.0;28600.0;0;stock;20533.88;39.28;20533.88;39.28;35.76;ESTAVEL
2007-05-17;1179360000000;MAPT3.SA;28600.0;28600.0;28600.0;28600.0;28600.0;0;stock;20614.14;38.74;20614.14;38.74;35.76;ESTAVEL
2007-05-18;1179446400000;MAPT3.SA;28600.0;28600.0;28600.0;28600.0;28600.0;0;stock;20693.6;38.21;20693.6;38.21;35.76;ESTAVEL
2007-05-21;1179705600000;MAPT3.SA;28600.0;28600.0;28600.0;28600.0;28600.0;0;stock;20772.26;37.68;20772.26;37.68;35.76;ESTAVEL
2007-05-22;1179792000000;MAPT3.SA;28600.0;28600.0;28600.0;28600.0;28600.0;0;stock;20850.15;37.17;20850.15;37.17;35.76;ESTAVEL
2007-05-23;1179878400000;MAPT3.SA;28600.0;28600.0;28600.0;28600.0;28600.0;0;stock;20927.27;36.66;20927.27;36.66;35.76;ESTAVEL
2007-05-24;1179964800000;MAPT3.SA;28600.0;28600.0;28600.0;28600.0;28600.0;0;stock;21003.61;36.17;21003.61;36.17;35.76;ESTAVEL
2007-05-25;1180051200000;MAPT3.SA;33900.0;33900.0;33900.0;33900.0;33900.0;30;stock;21131.94;60.42;21131.94;60.42;64.1;ESTAVEL
2007-05-28;1180310400000;MAPT3.SA;38700.0;38700.0;38700.0;38700.0;38700.0;30;stock;21306.74;81.63;21306.74;81.63;74.9;CAIR
2007-05-29;1180396800000;MAPT3.SA;38700.0;38700.0;38700.0;38700.0;38700.0;0;stock;21479.81;80.17;21479.81;80.17;74.9;CAIR
2007-05-30;1180483200000;MAPT3.SA;38700.0;38700.0;38700.0;38700.0;38700.0;0;stock;21651.16;78.74;21651.16;78.74;74.9;CAIR
2007-05-31;1180569600000;MAPT3.SA;38700.0;38700.0;38700.0;38700.0;38700.0;0;stock;21820.8;77.35;21820.8;77.35;74.9;CAIR
2007-06-01;1180656000000;MAPT3.SA;31200.0;31200.0;31200.0;31200.0;31200.0;100;stock;21914.12;42.37;21914.12;42.37;45.89;ESTAVEL
2007-06-04;1180915200000;MAPT3.SA;30200.0;30200.0;30200.0;30200.0;30200.0;10;stock;21996.57;37.29;21996.57;37.29;43.47;ESTAVEL
2007-06-05;1181001600000;MAPT3.SA;30200.0;30200.0;30200.0;30200.0;30200.0;0;stock;22078.19;36.79;22078.19;36.79;43.47;ESTAVEL
2007-06-06;1181088000000;MAPT3.SA;30200.0;30200.0;30200.0;30200.0;30200.0;0;stock;22159.0;36.29;22159.0;36.29;43.47;ESTAVEL
2007-06-08;1181260800000;MAPT3.SA;30300.0;30300.0;30300.0;30300.0;30300.0;30;stock;22240.01;36.24;22240.01;36.24;43.84;ESTAVEL
2007-06-11;1181520000000;MAPT3.SA;43000.0;43000.0;43000.0;43000.0;43000.0;260;stock;22446.58;91.57;22446.58;91.57;70.35;CAIR
2007-06-12;1181606400000;MAPT3.SA;43000.0;43000.0;43000.0;43000.0;43000.0;30;stock;22651.09;89.84;22651.09;89.84;70.35;CAIR
2007-06-13;1181692800000;MAPT3.SA;43000.0;43000.0;43000.0;43000.0;43000.0;0;stock;22853.57;88.15;22853.57;88.15;70.35;CAIR
2007-06-14;1181779200000;MAPT3.SA;43000.0;43000.0;43000.0;43000.0;43000.0;0;stock;23054.03;86.52;23054.03;86.52;70.35;CAIR
2007-06-15;1181865600000;MAPT3.SA;43000.0;43000.0;43000.0;43000.0;43000.0;0;stock;23252.5;84.93;23252.5;84.93;70.35;CAIR
2007-06-18;1182124800000;MAPT3.SA;43000.0;43000.0;43000.0;43000.0;43000.0;0;stock;23448.99;83.38;23448.99;83.38;70.35;CAIR
2007-06-19;1182211200000;MAPT3.SA;32100.0;32100.0;32100.0;32100.0;32100.0;70;stock;23535.07;36.39;23535.07;36.39;43.11;ESTAVEL
2007-06-20;1182297600000;MAPT3.SA;33000.0;33000.0;33000.0;33000.0;33000.0;10;stock;23629.24;39.66;23629.24;39.66;45.0;ESTAVEL
2007-06-21;1182384000000;MAPT3.SA;33000.0;33000.0;33000.0;33000.0;33000.0;0;stock;23722.49;39.11;23722.49;39.11;45.0;ESTAVEL
2007-06-22;1182470400000;MAPT3.SA;33000.0;33000.0;33000.0;33000.0;33000.0;0;stock;23814.8;38.57;23814.8;38.57;45.0;ESTAVEL
2007-06-25;1182729600000;MAPT3.SA;32000.0;32000.0;32000.0;32000.0;32000.0;240;stock;23896.24;33.91;23896.24;33.91;43.01;ESTAVEL
2007-06-26;1182816000000;MAPT3.SA;32000.0;32000.0;32000.0;32000.0;32000.0;0;stock;23976.88;33.46;23976.88;33.46;43.01;ESTAVEL
2007-06-27;1182902400000;MAPT3.SA;32000.0;32000.0;32000.0;32000.0;32000.0;0;stock;24056.71;33.02;24056.71;33.02;43.01;ESTAVEL
2007-06-28;1182988800000;MAPT3.SA;34500.0;34500.0;34500.0;34500.0;34500.0;10;stock;24160.63;42.79;24160.63;42.79;49.92;ESTAVEL
2007-06-29;1183075200000;MAPT3.SA;34500.0;34500.0;34500.0;34500.0;34500.0;0;stock;24263.5;42.19;24263.5;42.19;49.92;ESTAVEL
2007-07-02;1183334400000;MAPT3.SA;34500.0;34500.0;34500.0;34500.0;34500.0;0;stock;24365.36;41.59;24365.36;41.59;49.92;ESTAVEL
2007-07-03;1183420800000;MAPT3.SA;34500.0;34500.0;34500.0;34500.0;34500.0;0;stock;24466.2;41.01;24466.2;41.01;49.92;ESTAVEL
2007-07-04;1183507200000;MAPT3.SA;34500.0;34500.0;34500.0;34500.0;34500.0;0;stock;24566.04;40.44;24566.04;40.44;49.92;ESTAVEL
2007-07-05;1183593600000;MAPT3.SA;34000.0;34000.0;34000.0;34000.0;34000.0;20;stock;24659.91;37.88;24659.91;37.88;48.23;ESTAVEL
2007-07-06;1183680000000;MAPT3.SA;30100.0;30100.0;30100.0;30100.0;30100.0;10;stock;24714.04;21.79;24714.04;21.79;37.53;ESTAVEL
2007-07-10;1184025600000;MAPT3.SA;30100.0;30100.0;30100.0;30100.0;30100.0;0;stock;24767.64;21.53;24767.64;21.53;37.53;ESTAVEL
2007-07-11;1184112000000;MAPT3.SA;30100.0;30100.0;30100.0;30100.0;30100.0;0;stock;24820.69;21.27;24820.69;21.27;37.53;ESTAVEL
2007-07-12;1184198400000;MAPT3.SA;30100.0;30100.0;30100.0;30100.0;30100.0;0;stock;24873.22;21.01;24873.22;21.01;37.53;ESTAVEL
2007-07-13;1184284800000;MAPT3.SA;30100.0;30100.0;30100.0;30100.0;30100.0;0;stock;24925.23;20.76;24925.23;20.76;37.53;ESTAVEL
2007-07-16;1184544000000;MAPT3.SA;30100.0;30100.0;30100.0;30100.0;30100.0;0;stock;24976.72;20.51;24976.72;20.51;37.53;ESTAVEL
2007-07-17;1184630400000;MAPT3.SA;34000.0;34000.0;34000.0;34000.0;34000.0;40;stock;25066.5;35.64;25066.5;35.64;53.59;ESTAVEL
2007-07-18;1184716800000;MAPT3.SA;34000.0;34000.0;34000.0;34000.0;34000.0;0;stock;25155.4;35.16;25155.4;35.16;53.59;ESTAVEL
2007-07-19;1184803200000;MAPT3.SA;34000.0;34000.0;34000.0;34000.0;34000.0;0;stock;25243.4;34.69;25243.4;34.69;53.59;ESTAVEL
2007-07-20;1184889600000;MAPT3.SA;32000.0;32000.0;32000.0;32000.0;32000.0;10;stock;25310.63;26.43;25310.63;26.43;46.01;ESTAVEL
2007-07-23;1185148800000;MAPT3.SA;32000.0;32000.0;32000.0;32000.0;32000.0;0;stock;25377.19;26.1;25377.19;26.1;46.01;ESTAVEL
2007-07-24;1185235200000;MAPT3.SA;32000.0;32000.0;32000.0;32000.0;32000.0;0;stock;25443.09;25.77;25443.09;25.77;46.01;ESTAVEL
2007-07-25;1185321600000;MAPT3.SA;32000.0;32000.0;32000.0;32000.0;32000.0;0;stock;25508.34;25.45;25508.34;25.45;46.01;ESTAVEL
2007-07-26;1185408000000;MAPT3.SA;32000.0;32000.0;32000.0;32000.0;32000.0;0;stock;25572.93;25.13;25572.93;25.13;46.01;ESTAVEL
2007-07-27;1185494400000;MAPT3.SA;32000.0;32000.0;32000.0;32000.0;32000.0;0;stock;25636.88;24.82;25636.88;24.82;46.01;ESTAVEL
2007-07-30;1185753600000;MAPT3.SA;32000.0;32000.0;32000.0;32000.0;32000.0;0;stock;25700.19;24.51;25700.19;24.51;46.01;ESTAVEL
2007-07-31;1185840000000;MAPT3.SA;32000.0;32000.0;32000.0;32000.0;32000.0;0;stock;25762.88;24.21;25762.88;24.21;46.01;ESTAVEL
2007-08-01;1185926400000;MAPT3.SA;32000.0;32000.0;32000.0;32000.0;32000.0;0;stock;25824.94;23.91;25824.94;23.91;46.01;ESTAVEL
2007-08-02;1186012800000;MAPT3.SA;32000.0;32000.0;32000.0;32000.0;32000.0;0;stock;25886.38;23.62;25886.38;23.62;46.01;ESTAVEL
2007-08-03;1186099200000;MAPT3.SA;32000.0;32000.0;32000.0;32000.0;32000.0;0;stock;25947.22;23.33;25947.22;23.33;46.01;ESTAVEL
2007-08-06;1186358400000;MAPT3.SA;32000.0;32000.0;32000.0;32000.0;32000.0;0;stock;26007.44;23.04;26007.44;23.04;46.01;ESTAVEL
2007-08-07;1186444800000;MAPT3.SA;32000.0;32000.0;32000.0;32000.0;32000.0;0;stock;26067.07;22.76;26067.07;22.76;46.01;ESTAVEL
2007-08-08;1186531200000;MAPT3.SA;32000.0;32000.0;32000.0;32000.0;32000.0;0;stock;26126.1;22.48;26126.1;22.48;46.01;ESTAVEL
2007-08-09;1186617600000;MAPT3.SA;18000.0;18000.0;18000.0;18000.0;18000.0;60;stock;26045.24;-30.89;26045.24;-30.89;12.13;SUBIR
2007-08-10;1186704000000;MAPT3.SA;18000.0;18000.0;18000.0;18000.0;18000.0;0;stock;25965.19;-30.68;25965.19;-30.68;12.13;SUBIR
2007-08-13;1186963200000;MAPT3.SA;18000.0;18000.0;18000.0;18000.0;18000.0;0;stock;25885.94;-30.46;25885.94;-30.46;12.13;SUBIR
2007-08-14;1187049600000;MAPT3.SA;18000.0;18000.0;18000.0;18000.0;18000.0;0;stock;25807.47;-30.25;25807.47;-30.25;12.13;SUBIR
2007-08-15;1187136000000;MAPT3.SA;18000.0;18000.0;18000.0;18000.0;18000.0;0;stock;25729.78;-30.04;25729.78;-30.04;12.13;SUBIR
2007-08-16;1187222400000;MAPT3.SA;20000.0;20000.0;20000.0;20000.0;20000.0;40;stock;25672.77;-22.1;25672.77;-22.1;23.75;SUBIR
2007-08-17;1187308800000;MAPT3.SA;20000.0;20000.0;20000.0;20000.0;20000.0;0;stock;25616.32;-21.92;25616.32;-21.92;23.75;SUBIR
2007-08-20;1187568000000;MAPT3.SA;20000.0;20000.0;20000.0;20000.0;20000.0;0;stock;25560.44;-21.75;25560.44;-21.75;23.75;SUBIR
2007-08-21;1187654400000;MAPT3.SA;20000.0;20000.0;20000.0;20000.0;20000.0;0;stock;25505.12;-21.58;25505.12;-21.58;23.75;SUBIR
2007-08-22;1187740800000;MAPT3.SA;20000.0;20000.0;20000.0;20000.0;20000.0;0;stock;25450.34;-21.42;25450.34;-21.42;23.75;SUBIR
2007-08-23;1187827200000;MAPT3.SA;20000.0;20000.0;20000.0;20000.0;20000.0;0;stock;25396.1;-21.25;25396.1;-21.25;23.75;SUBIR
2007-08-24;1187913600000;MAPT3.SA;20000.0;20000.0;20000.0;20000.0;20000.0;0;stock;25342.41;-21.08;25342.41;-21.08;23.75;SUBIR
2007-08-27;1188172800000;MAPT3.SA;20000.0;20000.0;20000.0;20000.0;20000.0;0;stock;25289.26;-20.92;25289.26;-20.92;23.75;SUBIR
2007-08-28;1188259200000;MAPT3.SA;20000.0;20000.0;20000.0;20000.0;20000.0;0;stock;25236.62;-20.75;25236.62;-20.75;23.75;SUBIR
2007-08-29;1188345600000;MAPT3.SA;20000.0;20000.0;20000.0;20000.0;20000.0;0;stock;25184.52;-20.59;25184.52;-20.59;23.75;SUBIR
2007-08-30;1188432000000;MAPT3.SA;20000.0;20000.0;20000.0;20000.0;20000.0;0;stock;25132.93;-20.42;25132.93;-20.42;23.75;SUBIR
2007-08-31;1188518400000;MAPT3.SA;20000.0;20000.0;20000.0;20000.0;20000.0;0;stock;25081.86;-20.26;25081.86;-20.26;23.75;SUBIR
2007-09-03;1188777600000;MAPT3.SA;20000.0;20000.0;20000.0;20000.0;20000.0;0;stock;25031.29;-20.1;25031.29;-20.1;23.75;SUBIR
2007-09-04;1188864000000;MAPT3.SA;20000.0;20000.0;20000.0;20000.0;20000.0;0;stock;24981.23;-19.94;24981.23;-19.94;23.75;SUBIR
2007-09-05;1188950400000;MAPT3.SA;20000.0;20000.0;20000.0;20000.0;20000.0;0;stock;24931.66;-19.78;24931.66;-19.78;23.75;SUBIR
2007-09-06;1189036800000;MAPT3.SA;20000.0;20000.0;20000.0;20000.0;20000.0;0;stock;24882.6;-19.62;24882.6;-19.62;23.75;SUBIR
2007-09-10;1189382400000;MAPT3.SA;20000.0;20000.0;20000.0;20000.0;20000.0;0;stock;24834.01;-19.47;24834.01;-19.47;23.75;SUBIR
2007-09-11;1189468800000;MAPT3.SA;20000.0;20000.0;20000.0;20000.0;20000.0;0;stock;24785.91;-19.31;24785.91;-19.31;23.75;SUBIR
2007-09-12;1189555200000;MAPT3.SA;20000.0;20000.0;20000.0;20000.0;20000.0;0;stock;24738.29;-19.15;24738.29;-19.15;23.75;SUBIR
2007-09-13;1189641600000;MAPT3.SA;20000.0;20000.0;20000.0;20000.0;20000.0;0;stock;24691.14;-19.0;24691.14;-19.0;23.75;SUBIR
2007-09-14;1189728000000;MAPT3.SA;20000.0;20000.0;20000.0;20000.0;20000.0;0;stock;24644.46;-18.85;24644.46;-18.85;23.75;SUBIR
2007-09-17;1189987200000;MAPT3.SA;20000.0;20000.0;20000.0;20000.0;20000.0;0;stock;24598.25;-18.69;24598.25;-18.69;23.75;SUBIR
2007-09-18;1190073600000;MAPT3.SA;20000.0;20000.0;20000.0;20000.0;20000.0;0;stock;24552.5;-18.54;24552.5;-18.54;23.75;SUBIR
2007-09-19;1190160000000;MAPT3.SA;20000.0;20000.0;20000.0;20000.0;20000.0;0;stock;24507.2;-18.39;24507.2;-18.39;23.75;SUBIR
2007-09-20;1190246400000;MAPT3.SA;20000.0;20000.0;20000.0;20000.0;20000.0;0;stock;24462.35;-18.24;24462.35;-18.24;23.75;SUBIR
2007-09-21;1190332800000;MAPT3.SA;20000.0;20000.0;20000.0;20000.0;20000.0;0;stock;24417.95;-18.09;24417.95;-18.09;23.75;SUBIR
2007-09-24;1190592000000;MAPT3.SA;20100.0;20100.0;20100.0;20100.0;20100.0;10;stock;24374.98;-17.54;24374.98;-17.54;27.06;SUBIR
2007-09-25;1190678400000;MAPT3.SA;20100.0;20100.0;20100.0;20100.0;20100.0;0;stock;24332.45;-17.39;24332.45;-17.39;27.06;SUBIR
2007-09-26;1190764800000;MAPT3.SA;20100.0;20100.0;20100.0;20100.0;20100.0;0;stock;24290.34;-17.25;24290.34;-17.25;27.06;SUBIR
2007-09-27;1190851200000;MAPT3.SA;20100.0;20100.0;20100.0;20100.0;20100.0;0;stock;24248.64;-17.11;24248.64;-17.11;27.06;SUBIR
2007-09-28;1190937600000;MAPT3.SA;20100.0;20100.0;20100.0;20100.0;20100.0;0;stock;24207.36;-16.97;24207.36;-16.97;27.06;SUBIR
2007-10-01;1191196800000;MAPT3.SA;20100.0;20100.0;20100.0;20100.0;20100.0;0;stock;24166.49;-16.83;24166.49;-16.83;27.06;SUBIR
2007-10-02;1191283200000;MAPT3.SA;20100.0;20100.0;20100.0;20100.0;20100.0;0;stock;24126.03;-16.69;24126.03;-16.69;27.06;SUBIR
2007-10-03;1191369600000;MAPT3.SA;20100.0;20100.0;20100.0;20100.0;20100.0;0;stock;24085.97;-16.55;24085.97;-16.55;27.06;SUBIR
2007-10-04;1191456000000;MAPT3.SA;20100.0;20100.0;20100.0;20100.0;20100.0;0;stock;24046.31;-16.41;24046.31;-16.41;27.06;SUBIR
2007-10-05;1191542400000;MAPT3.SA;20100.0;20100.0;20100.0;20100.0;20100.0;0;stock;24007.04;-16.27;24007.04;-16.27;27.06;SUBIR
2007-10-08;1191801600000;MAPT3.SA;20000.0;20000.0;20000.0;20000.0;20000.0;10;stock;23967.17;-16.55;23967.17;-16.55;24.8;SUBIR
2007-10-09;1191888000000;MAPT3.SA;20000.0;20000.0;20000.0;20000.0;20000.0;40;stock;23927.69;-16.41;23927.69;-16.41;24.8;SUBIR
2007-10-10;1191974400000;MAPT3.SA;20000.0;20000.0;20000.0;20000.0;20000.0;0;stock;23888.61;-16.28;23888.61;-16.28;24.8;SUBIR
2007-10-11;1192060800000;MAPT3.SA;20000.0;20000.0;20000.0;20000.0;20000.0;0;stock;23849.92;-16.14;23849.92;-16.14;24.8;SUBIR
2007-10-15;1192406400000;MAPT3.SA;20000.0;20000.0;20000.0;20000.0;20000.0;0;stock;23811.61;-16.01;23811.61;-16.01;24.8;SUBIR
2007-10-16;1192492800000;MAPT3.SA;20000.0;20000.0;20000.0;20000.0;20000.0;0;stock;23773.68;-15.87;23773.68;-15.87;24.8;SUBIR
2007-10-17;1192579200000;MAPT3.SA;20000.0;20000.0;20000.0;20000.0;20000.0;0;stock;23736.14;-15.74;23736.14;-15.74;24.8;SUBIR
2007-10-18;1192665600000;MAPT3.SA;20000.0;20000.0;20000.0;20000.0;20000.0;0;stock;23698.96;-15.61;23698.96;-15.61;24.8;SUBIR
2007-10-19;1192752000000;MAPT3.SA;20000.0;20000.0;20000.0;20000.0;20000.0;0;stock;23662.16;-15.48;23662.16;-15.48;24.8;SUBIR
2007-10-22;1193011200000;MAPT3.SA;20000.0;20000.0;20000.0;20000.0;20000.0;0;stock;23625.72;-15.35;23625.72;-15.35;24.8;SUBIR
2007-10-23;1193097600000;MAPT3.SA;20000.0;20000.0;20000.0;20000.0;20000.0;0;stock;23589.64;-15.22;23589.64;-15.22;24.8;SUBIR
2007-10-24;1193184000000;MAPT3.SA;20000.0;20000.0;20000.0;20000.0;20000.0;0;stock;23553.92;-15.09;23553.92;-15.09;24.8;SUBIR
2007-10-25;1193270400000;MAPT3.SA;20000.0;20000.0;20000.0;20000.0;20000.0;0;stock;23518.56;-14.96;23518.56;-14.96;24.8;SUBIR
2007-10-26;1193356800000;MAPT3.SA;20000.0;20000.0;20000.0;20000.0;20000.0;0;stock;23483.55;-14.83;23483.55;-14.83;24.8;SUBIR
2007-10-29;1193616000000;MAPT3.SA;20000.0;20000.0;20000.0;20000.0;20000.0;0;stock;23448.89;-14.71;23448.89;-14.71;24.8;SUBIR
2007-10-30;1193702400000;MAPT3.SA;20000.0;20000.0;20000.0;20000.0;20000.0;0;stock;23414.57;-14.58;23414.57;-14.58;24.8;SUBIR
2007-10-31;1193788800000;MAPT3.SA;20000.0;20000.0;20000.0;20000.0;20000.0;0;stock;23380.6;-14.46;23380.6;-14.46;24.8;SUBIR
2007-11-01;1193875200000;MAPT3.SA;20000.0;20000.0;20000.0;20000.0;20000.0;0;stock;23346.96;-14.34;23346.96;-14.34;24.8;SUBIR
2007-11-05;1194220800000;MAPT3.SA;20000.0;20000.0;20000.0;20000.0;20000.0;0;stock;23313.65;-14.21;23313.65;-14.21;24.8;SUBIR
2007-11-06;1194307200000;MAPT3.SA;20000.0;20000.0;20000.0;20000.0;20000.0;0;stock;23280.68;-14.09;23280.68;-14.09;24.8;SUBIR
2007-11-07;1194393600000;MAPT3.SA;20000.0;20000.0;20000.0;20000.0;20000.0;0;stock;23248.04;-13.97;23248.04;-13.97;24.8;SUBIR
2007-11-08;1194480000000;MAPT3.SA;20000.0;20000.0;20000.0;20000.0;20000.0;0;stock;23215.72;-13.85;23215.72;-13.85;24.8;SUBIR
2007-11-09;1194566400000;MAPT3.SA;20000.0;20000.0;20000.0;20000.0;20000.0;0;stock;23183.72;-13.73;23183.72;-13.73;24.8;SUBIR
2007-11-12;1194825600000;MAPT3.SA;20000.0;20000.0;20000.0;20000.0;20000.0;0;stock;23152.04;-13.61;23152.04;-13.61;24.8;SUBIR
2007-11-13;1194912000000;MAPT3.SA;20000.0;20000.0;20000.0;20000.0;20000.0;0;stock;23120.68;-13.5;23120.68;-13.5;24.8;SUBIR
2007-11-14;1194998400000;MAPT3.SA;20000.0;20000.0;20000.0;20000.0;20000.0;0;stock;23089.63;-13.38;23089.63;-13.38;24.8;SUBIR
2007-11-16;1195171200000;MAPT3.SA;20000.0;20000.0;20000.0;20000.0;20000.0;0;stock;23058.88;-13.27;23058.88;-13.27;24.8;SUBIR
2007-11-19;1195430400000;MAPT3.SA;20000.0;20000.0;20000.0;20000.0;20000.0;0;stock;23028.45;-13.15;23028.45;-13.15;24.8;SUBIR
2007-11-21;1195603200000;MAPT3.SA;20000.0;20000.0;20000.0;20000.0;20000.0;0;stock;22998.32;-13.04;22998.32;-13.04;24.8;SUBIR
2007-11-22;1195689600000;MAPT3.SA;20000.0;20000.0;20000.0;20000.0;20000.0;0;stock;22968.48;-12.92;22968.48;-12.92;24.8;SUBIR
2007-11-23;1195776000000;MAPT3.SA;20000.0;20000.0;20000.0;20000.0;20000.0;0;stock;22938.94;-12.81;22938.94;-12.81;24.8;SUBIR
2007-11-26;1196035200000;MAPT3.SA;20000.0;20000.0;20000.0;20000.0;20000.0;0;stock;22909.7;-12.7;22909.7;-12.7;24.8;SUBIR
2007-11-27;1196121600000;MAPT3.SA;20000.0;20000.0;20000.0;20000.0;20000.0;0;stock;22880.75;-12.59;22880.75;-12.59;24.8;SUBIR
2007-11-28;1196208000000;MAPT3.SA;20000.0;20000.0;20000.0;20000.0;20000.0;0;stock;22852.08;-12.48;22852.08;-12.48;24.8;SUBIR
2007-11-29;1196294400000;MAPT3.SA;20000.0;20000.0;20000.0;20000.0;20000.0;0;stock;22823.7;-12.37;22823.7;-12.37;24.8;SUBIR
2007-11-30;1196380800000;MAPT3.SA;20000.0;20000.0;20000.0;20000.0;20000.0;0;stock;22795.61;-12.26;22795.61;-12.26;24.8;SUBIR
2007-12-03;1196640000000;MAPT3.SA;20000.0;20000.0;20000.0;20000.0;20000.0;0;stock;22767.79;-12.16;22767.79;-12.16;24.8;SUBIR
2007-12-04;1196726400000;MAPT3.SA;20000.0;20000.0;20000.0;20000.0;20000.0;0;stock;22740.25;-12.05;22740.25;-12.05;24.8;SUBIR
2007-12-05;1196812800000;MAPT3.SA;20000.0;20000.0;20000.0;20000.0;20000.0;0;stock;22712.98;-11.94;22712.98;-11.94;24.8;SUBIR
2007-12-06;1196899200000;MAPT3.SA;20000.0;20000.0;20000.0;20000.0;20000.0;0;stock;22685.99;-11.84;22685.99;-11.84;24.8;SUBIR
2007-12-07;1196985600000;MAPT3.SA;20000.0;20000.0;20000.0;20000.0;20000.0;0;stock;22659.26;-11.74;22659.26;-11.74;24.8;SUBIR
2007-12-10;1197244800000;MAPT3.SA;45300.0;45300.0;45300.0;45300.0;45300.0;140;stock;22884.54;97.95;22884.54;97.95;99.83;CAIR
2007-12-11;1197331200000;MAPT3.SA;30300.0;30300.0;30300.0;30300.0;30300.0;240;stock;22958.33;31.98;22958.33;31.98;60.98;ESTAVEL
2007-12-12;1197417600000;MAPT3.SA;40000.0;40000.0;40000.0;40000.0;40000.0;70;stock;23127.9;72.95;23127.9;72.95;69.3;ESTAVEL
2007-12-13;1197504000000;MAPT3.SA;40000.0;40000.0;40000.0;40000.0;40000.0;0;stock;23295.78;71.7;23295.78;71.7;69.3;ESTAVEL
2007-12-14;1197590400000;MAPT3.SA;30600.0;30600.0;30600.0;30600.0;30600.0;10;stock;23368.46;30.95;23368.46;30.95;55.9;ESTAVEL
2007-12-17;1197849600000;MAPT3.SA;28000.0;28000.0;28000.0;28000.0;28000.0;100;stock;23414.54;19.58;23414.54;19.58;52.86;ESTAVEL
2007-12-18;1197936000000;MAPT3.SA;28000.0;28000.0;28000.0;28000.0;28000.0;0;stock;23460.17;19.35;23460.17;19.35;52.86;ESTAVEL
2007-12-19;1198022400000;MAPT3.SA;28000.0;28000.0;28000.0;28000.0;28000.0;0;stock;23505.34;19.12;23505.34;19.12;52.86;ESTAVEL
2007-12-20;1198108800000;MAPT3.SA;28000.0;28000.0;28000.0;28000.0;28000.0;0;stock;23550.07;18.9;23550.07;18.9;52.86;ESTAVEL
2007-12-21;1198195200000;MAPT3.SA;28000.0;28000.0;28000.0;28000.0;28000.0;0;stock;23594.34;18.67;23594.34;18.67;52.86;ESTAVEL
2007-12-26;1198627200000;MAPT3.SA;28000.0;28000.0;28000.0;28000.0;28000.0;0;stock;23638.18;18.45;23638.18;18.45;52.86;ESTAVEL
2007-12-27;1198713600000;MAPT3.SA;29900.0;29900.0;29900.0;29900.0;29900.0;10;stock;23700.49;26.16;23700.49;26.16;55.62;ESTAVEL
2007-12-28;1198800000000;MAPT3.SA;29900.0;29900.0;29900.0;29900.0;29900.0;0;stock;23762.18;25.83;23762.18;25.83;55.62;ESTAVEL
2008-01-02;1199232000000;MAPT3.SA;29900.0;29900.0;29900.0;29900.0;29900.0;0;stock;23823.25;25.51;23823.25;25.51;55.62;ESTAVEL
2008-01-03;1199318400000;MAPT3.SA;29900.0;29900.0;29900.0;29900.0;29900.0;0;stock;23883.71;25.19;23883.71;25.19;55.62;ESTAVEL
2008-01-04;1199404800000;MAPT3.SA;29900.0;29900.0;29900.0;29900.0;29900.0;0;stock;23943.58;24.88;23943.58;24.88;55.62;ESTAVEL
2008-01-07;1199664000000;MAPT3.SA;27100.0;27100.0;27100.0;27100.0;27100.0;10;stock;23974.98;13.03;23974.98;13.03;49.45;ESTAVEL
2008-01-08;1199750400000;MAPT3.SA;27100.0;27100.0;27100.0;27100.0;27100.0;10;stock;24006.08;12.89;24006.08;12.89;49.45;ESTAVEL
2008-01-09;1199836800000;MAPT3.SA;27100.0;27100.0;27100.0;27100.0;27100.0;0;stock;24036.86;12.74;24036.86;12.74;49.45;ESTAVEL
2008-01-10;1199923200000;MAPT3.SA;41800.0;41800.0;41800.0;41800.0;41800.0;640;stock;24213.61;72.63;24213.61;72.63;70.73;CAIR
2008-01-11;1200009600000;MAPT3.SA;30000.0;30000.0;30000.0;30000.0;30000.0;220;stock;24271.19;23.6;24271.19;23.6;51.86;ESTAVEL
2008-01-14;1200268800000;MAPT3.SA;31000.0;31000.0;31000.0;31000.0;31000.0;30;stock;24338.14;27.37;24338.14;27.37;53.0;ESTAVEL
2008-01-15;1200355200000;MAPT3.SA;31000.0;31000.0;31000.0;31000.0;31000.0;0;stock;24404.43;27.03;24404.43;27.03;53.0;ESTAVEL
2008-01-16;1200441600000;MAPT3.SA;31000.0;31000.0;31000.0;31000.0;31000.0;0;stock;24470.06;26.69;24470.06;26.69;53.0;ESTAVEL
2008-01-17;1200528000000;MAPT3.SA;29000.0;29000.0;29000.0;29000.0;29000.0;20;stock;24515.13;18.29;24515.13;18.29;50.03;ESTAVEL
2008-01-18;1200614400000;MAPT3.SA;29000.0;29000.0;29000.0;29000.0;29000.0;0;stock;24559.76;18.08;24559.76;18.08;50.03;ESTAVEL
2008-01-21;1200873600000;MAPT3.SA;29000.0;29000.0;29000.0;29000.0;29000.0;0;stock;24603.94;17.87;24603.94;17.87;50.03;ESTAVEL
2008-01-22;1200960000000;MAPT3.SA;44900.0;44900.0;44900.0;44900.0;44900.0;470;stock;24805.89;81.01;24805.89;81.01;67.9;ESTAVEL
2008-01-23;1201046400000;MAPT3.SA;37000.0;37000.0;37000.0;37000.0;37000.0;20;stock;24927.22;48.43;24927.22;48.43;56.99;ESTAVEL
2008-01-24;1201132800000;MAPT3.SA;49000.0;49000.0;49000.0;49000.0;49000.0;100;stock;25166.75;94.7;25166.75;94.7;65.94;ESTAVEL
2008-01-28;1201478400000;MAPT3.SA;49000.0;49000.0;49000.0;49000.0;49000.0;0;stock;25403.9;92.88;25403.9;92.88;65.94;ESTAVEL
2008-01-29;1201564800000;MAPT3.SA;61700.0;61700.0;61700.0;61700.0;61700.0;470;stock;25765.06;139.47;25765.06;139.47;72.87;CAIR
2008-01-30;1201651200000;MAPT3.SA;59800.0;59800.0;59800.0;59800.0;59800.0;280;stock;26103.71;129.09;26103.71;129.09;70.56;CAIR
2008-01-31;1201737600000;MAPT3.SA;50000.0;50000.0;50000.0;50000.0;50000.0;190;stock;26341.48;89.81;26341.48;89.81;59.98;ESTAVEL
2008-02-01;1201824000000;MAPT3.SA;40100.0;40100.0;40100.0;40100.0;40100.0;340;stock;26478.38;51.44;26478.38;51.44;51.58;ESTAVEL
2008-02-06;1202256000000;MAPT3.SA;40100.0;40100.0;40100.0;40100.0;40100.0;0;stock;26613.92;50.67;26613.92;50.67;51.58;ESTAVEL
2008-02-07;1202342400000;MAPT3.SA;40500.0;40500.0;40500.0;40500.0;40500.0;10;stock;26752.1;51.39;26752.1;51.39;51.89;ESTAVEL
2008-02-08;1202428800000;MAPT3.SA;36000.0;36000.0;36000.0;36000.0;36000.0;10;stock;26844.11;34.11;26844.11;34.11;48.09;ESTAVEL
2008-02-11;1202688000000;MAPT3.SA;36000.0;36000.0;36000.0;36000.0;36000.0;0;stock;26935.22;33.65;26935.22;33.65;48.09;ESTAVEL
2008-02-12;1202774400000;MAPT3.SA;36000.0;36000.0;36000.0;36000.0;36000.0;0;stock;27025.41;33.21;27025.41;33.21;48.09;ESTAVEL
2008-02-13;1202860800000;MAPT3.SA;36000.0;36000.0;36000.0;36000.0;36000.0;0;stock;27114.71;32.77;27114.71;32.77;48.09;ESTAVEL
2008-02-14;1202947200000;MAPT3.SA;36000.0;36000.0;36000.0;36000.0;36000.0;0;stock;27203.12;32.34;27203.12;32.34;48.09;ESTAVEL
2008-02-15;1203033600000;MAPT3.SA;36000.0;36000.0;36000.0;36000.0;36000.0;0;stock;27290.66;31.91;27290.66;31.91;48.09;ESTAVEL
2008-02-18;1203292800000;MAPT3.SA;49400.0;49400.0;49400.0;49400.0;49400.0;60;stock;27510.65;79.57;27510.65;79.57;61.27;ESTAVEL
2008-02-19;1203379200000;MAPT3.SA;49400.0;49400.0;49400.0;49400.0;49400.0;0;stock;27728.45;78.16;27728.45;78.16;61.27;ESTAVEL
2008-02-20;1203465600000;MAPT3.SA;49400.0;49400.0;49400.0;49400.0;49400.0;10;stock;27944.09;76.78;27944.09;76.78;61.27;ESTAVEL
2008-02-21;1203552000000;MAPT3.SA;39000.0;39000.0;39000.0;39000.0;39000.0;110;stock;28054.1;39.02;28054.1;39.02;49.17;ESTAVEL
2008-02-22;1203638400000;MAPT3.SA;39000.0;39000.0;39000.0;39000.0;39000.0;0;stock;28163.01;38.48;28163.01;38.48;49.17;ESTAVEL
2008-02-25;1203897600000;MAPT3.SA;35000.0;35000.0;35000.0;35000.0;35000.0;150;stock;28231.04;23.98;28231.04;23.98;45.19;ESTAVEL
2008-02-26;1203984000000;MAPT3.SA;35000.0;35000.0;35000.0;35000.0;35000.0;0;stock;28298.4;23.68;28298.4;23.68;45.19;ESTAVEL
2008-02-27;1204070400000;MAPT3.SA;35000.0;35000.0;35000.0;35000.0;35000.0;10;stock;28365.08;23.39;28365.08;23.39;45.19;ESTAVEL
2008-02-28;1204156800000;MAPT3.SA;35000.0;35000.0;35000.0;35000.0;35000.0;0;stock;28431.1;23.1;28431.1;23.1;45.19;ESTAVEL
2008-02-29;1204243200000;MAPT3.SA;35000.0;35000.0;35000.0;35000.0;35000.0;0;stock;28496.46;22.82;28496.46;22.82;45.19;ESTAVEL
2008-03-03;1204502400000;MAPT3.SA;35000.0;35000.0;35000.0;35000.0;35000.0;0;stock;28561.17;22.54;28561.17;22.54;45.19;ESTAVEL
2008-03-04;1204588800000;MAPT3.SA;35000.0;35000.0;35000.0;35000.0;35000.0;0;stock;28625.24;22.27;28625.24;22.27;45.19;ESTAVEL
2008-03-05;1204675200000;MAPT3.SA;35000.0;35000.0;35000.0;35000.0;35000.0;0;stock;28688.67;22.0;28688.67;22.0;45.19;ESTAVEL
2008-03-06;1204761600000;MAPT3.SA;35000.0;35000.0;35000.0;35000.0;35000.0;0;stock;28751.47;21.73;28751.47;21.73;45.19;ESTAVEL
2008-03-07;1204848000000;MAPT3.SA;35000.0;35000.0;35000.0;35000.0;35000.0;0;stock;28813.64;21.47;28813.64;21.47;45.19;ESTAVEL
2008-03-10;1205107200000;MAPT3.SA;35000.0;35000.0;35000.0;35000.0;35000.0;0;stock;28875.2;21.21;28875.2;21.21;45.19;ESTAVEL
2008-03-11;1205193600000;MAPT3.SA;35000.0;35000.0;35000.0;35000.0;35000.0;0;stock;28936.14;20.96;28936.14;20.96;45.19;ESTAVEL
2008-03-12;1205280000000;MAPT3.SA;35000.0;35000.0;35000.0;35000.0;35000.0;0;stock;28996.48;20.7;28996.48;20.7;45.19;ESTAVEL
2008-03-13;1205366400000;MAPT3.SA;35000.0;35000.0;35000.0;35000.0;35000.0;0;stock;29056.22;20.46;29056.22;20.46;45.19;ESTAVEL
2008-03-14;1205452800000;MAPT3.SA;35000.0;35000.0;35000.0;35000.0;35000.0;0;stock;29115.36;20.21;29115.36;20.21;45.19;ESTAVEL
2008-03-17;1205712000000;MAPT3.SA;35000.0;35000.0;35000.0;35000.0;35000.0;0;stock;29173.91;19.97;29173.91;19.97;45.19;ESTAVEL
2008-03-18;1205798400000;MAPT3.SA;35000.0;35000.0;35000.0;35000.0;35000.0;0;stock;29231.88;19.73;29231.88;19.73;45.19;ESTAVEL
2008-03-19;1205884800000;MAPT3.SA;35000.0;35000.0;35000.0;35000.0;35000.0;0;stock;29289.28;19.5;29289.28;19.5;45.19;ESTAVEL
2008-03-20;1205971200000;MAPT3.SA;35000.0;35000.0;35000.0;35000.0;35000.0;0;stock;29346.1;19.27;29346.1;19.27;45.19;ESTAVEL
2008-03-24;1206316800000;MAPT3.SA;35000.0;35000.0;35000.0;35000.0;35000.0;0;stock;29402.36;19.04;29402.36;19.04;45.19;ESTAVEL
2008-03-25;1206403200000;MAPT3.SA;35000.0;35000.0;35000.0;35000.0;35000.0;0;stock;29458.06;18.81;29458.06;18.81;45.19;ESTAVEL
2008-03-26;1206489600000;MAPT3.SA;34900.0;34900.0;34900.0;34900.0;34900.0;60;stock;29512.2;18.26;29512.2;18.26;44.76;ESTAVEL
2008-03-27;1206576000000;MAPT3.SA;34900.0;34900.0;34900.0;34900.0;34900.0;0;stock;29565.82;18.04;29565.82;18.04;44.76;ESTAVEL
2008-03-28;1206662400000;MAPT3.SA;35000.0;35000.0;35000.0;35000.0;35000.0;10;stock;29619.88;18.16;29619.88;18.16;45.36;ESTAVEL
2008-03-31;1206921600000;MAPT3.SA;35000.0;35000.0;35000.0;35000.0;35000.0;0;stock;29673.42;17.95;29673.42;17.95;45.36;ESTAVEL
2008-04-01;1207008000000;MAPT3.SA;30000.0;30000.0;30000.0;30000.0;30000.0;10;stock;29676.67;1.09;29676.67;1.09;27.79;ESTAVEL
2008-04-02;1207094400000;MAPT3.SA;30000.0;30000.0;30000.0;30000.0;30000.0;30;stock;29679.89;1.08;29679.89;1.08;27.79;ESTAVEL
2008-04-03;1207180800000;MAPT3.SA;30000.0;30000.0;30000.0;30000.0;30000.0;0;stock;29683.07;1.07;29683.07;1.07;27.79;ESTAVEL
2008-04-04;1207267200000;MAPT3.SA;30000.0;30000.0;30000.0;30000.0;30000.0;0;stock;29686.22;1.06;29686.22;1.06;27.79;ESTAVEL
2008-04-07;1207526400000;MAPT3.SA;30000.0;30000.0;30000.0;30000.0;30000.0;0;stock;29689.34;1.05;29689.34;1.05;27.79;ESTAVEL
2008-04-08;1207612800000;MAPT3.SA;30000.0;30000.0;30000.0;30000.0;30000.0;0;stock;29692.44;1.04;29692.44;1.04;27.79;ESTAVEL
2008-04-09;1207699200000;MAPT3.SA;38500.0;38500.0;38500.0;38500.0;38500.0;30;stock;29780.08;29.28;29780.08;29.28;64.38;ESTAVEL
2008-04-10;1207785600000;MAPT3.SA;38500.0;38500.0;38500.0;38500.0;38500.0;0;stock;29866.84;28.91;29866.84;28.91;64.38;ESTAVEL
2008-04-11;1207872000000;MAPT3.SA;38500.0;38500.0;38500.0;38500.0;38500.0;0;stock;29952.74;28.54;29952.74;28.54;64.38;ESTAVEL
2008-04-14;1208131200000;MAPT3.SA;38500.0;38500.0;38500.0;38500.0;38500.0;0;stock;30037.79;28.17;30037.79;28.17;64.38;ESTAVEL
2008-04-15;1208217600000;MAPT3.SA;38500.0;38500.0;38500.0;38500.0;38500.0;0;stock;30121.99;27.81;30121.99;27.81;64.38;ESTAVEL
2008-04-16;1208304000000;MAPT3.SA;38500.0;38500.0;38500.0;38500.0;38500.0;0;stock;30205.35;27.46;30205.35;27.46;64.38;ESTAVEL
2008-04-17;1208390400000;MAPT3.SA;38500.0;38500.0;38500.0;38500.0;38500.0;0;stock;30287.89;27.11;30287.89;27.11;64.38;ESTAVEL
2008-04-18;1208476800000;MAPT3.SA;35000.0;35000.0;35000.0;35000.0;35000.0;80;stock;30334.78;15.38;30334.78;15.38;47.67;ESTAVEL
2008-04-22;1208822400000;MAPT3.SA;35000.0;35000.0;35000.0;35000.0;35000.0;0;stock;30381.2;15.2;30381.2;15.2;47.67;ESTAVEL
2008-04-23;1208908800000;MAPT3.SA;35000.0;35000.0;35000.0;35000.0;35000.0;0;stock;30427.15;15.03;30427.15;15.03;47.67;ESTAVEL
2008-04-24;1208995200000;MAPT3.SA;35000.0;35000.0;35000.0;35000.0;35000.0;0;stock;30472.66;14.86;30472.66;14.86;47.67;ESTAVEL
2008-04-25;1209081600000;MAPT3.SA;35000.0;35000.0;35000.0;35000.0;35000.0;0;stock;30517.7;14.69;30517.7;14.69;47.67;ESTAVEL
2008-04-28;1209340800000;MAPT3.SA;35000.0;35000.0;35000.0;35000.0;35000.0;0;stock;30562.3;14.52;30562.3;14.52;47.67;ESTAVEL
2008-04-29;1209427200000;MAPT3.SA;35000.0;35000.0;35000.0;35000.0;35000.0;0;stock;30606.46;14.35;30606.46;14.35;47.67;ESTAVEL
2008-04-30;1209513600000;MAPT3.SA;35000.0;35000.0;35000.0;35000.0;35000.0;0;stock;30650.18;14.19;30650.18;14.19;47.67;ESTAVEL
2008-05-02;1209686400000;MAPT3.SA;34000.0;34000.0;34000.0;34000.0;34000.0;130;stock;30683.51;10.81;30683.51;10.81;42.03;ESTAVEL
2008-05-05;1209945600000;MAPT3.SA;34000.0;34000.0;34000.0;34000.0;34000.0;0;stock;30716.51;10.69;30716.51;10.69;42.03;ESTAVEL
2008-05-06;1210032000000;MAPT3.SA;34000.0;34000.0;34000.0;34000.0;34000.0;0;stock;30749.18;10.57;30749.18;10.57;42.03;ESTAVEL
2008-05-07;1210118400000;MAPT3.SA;34000.0;34000.0;34000.0;34000.0;34000.0;0;stock;30781.52;10.46;30781.52;10.46;42.03;ESTAVEL
2008-05-08;1210204800000;MAPT3.SA;34000.0;34000.0;34000.0;34000.0;34000.0;0;stock;30813.55;10.34;30813.55;10.34;42.03;ESTAVEL
2008-05-09;1210291200000;MAPT3.SA;34000.0;34000.0;34000.0;34000.0;34000.0;0;stock;30845.26;10.23;30845.26;10.23;42.03;ESTAVEL
2008-05-12;1210550400000;MAPT3.SA;44900.0;44900.0;44900.0;44900.0;44900.0;360;stock;30985.1;44.91;30985.1;44.91;80.75;CAIR
2008-05-13;1210636800000;MAPT3.SA;36000.0;36000.0;36000.0;36000.0;36000.0;430;stock;31035.0;16.0;31035.0;16.0;50.87;ESTAVEL
2008-05-14;1210723200000;MAPT3.SA;35800.0;35800.0;35800.0;35800.0;35800.0;370;stock;31082.42;15.18;31082.42;15.18;50.42;ESTAVEL
2008-05-15;1210809600000;MAPT3.SA;35800.0;35800.0;35800.0;35800.0;35800.0;0;stock;31129.36;15.0;31129.36;15.0;50.42;ESTAVEL
2008-05-16;1210896000000;MAPT3.SA;30000.0;30000.0;30000.0;30000.0;30000.0;170;stock;31118.12;-3.59;31118.12;-3.59;38.83;ESTAVEL
2008-05-19;1211155200000;MAPT3.SA;31600.0;31600.0;31600.0;31600.0;31600.0;50;stock;31122.92;1.53;31122.92;1.53;42.74;ESTAVEL
2008-05-20;1211241600000;MAPT3.SA;31600.0;31600.0;31600.0;31600.0;31600.0;0;stock;31127.66;1.52;31127.66;1.52;42.74;ESTAVEL
2008-05-21;1211328000000;MAPT3.SA;31600.0;31600.0;31600.0;31600.0;31600.0;0;stock;31132.36;1.5;31132.36;1.5;42.74;ESTAVEL
2008-05-23;1211500800000;MAPT3.SA;31600.0;31600.0;31600.0;31600.0;31600.0;0;stock;31137.02;1.49;31137.02;1.49;42.74;ESTAVEL
2008-05-26;1211760000000;MAPT3.SA;31600.0;31600.0;31600.0;31600.0;31600.0;0;stock;31141.62;1.47;31141.62;1.47;42.74;ESTAVEL
2008-05-27;1211846400000;MAPT3.SA;31600.0;31600.0;31600.0;31600.0;31600.0;0;stock;31146.18;1.46;31146.18;1.46;42.74;ESTAVEL
2008-05-28;1211932800000;MAPT3.SA;33300.0;33300.0;33300.0;33300.0;33300.0;10;stock;31167.61;6.84;31167.61;6.84;48.23;ESTAVEL
2008-05-29;1212019200000;MAPT3.SA;33300.0;33300.0;33300.0;33300.0;33300.0;0;stock;31188.83;6.77;31188.83;6.77;48.23;ESTAVEL
2008-05-30;1212105600000;MAPT3.SA;30600.0;30600.0;30600.0;30600.0;30600.0;10;stock;31182.97;-1.87;31182.97;-1.87;40.99;ESTAVEL
2008-06-02;1212364800000;MAPT3.SA;30600.0;30600.0;30600.0;30600.0;30600.0;0;stock;31177.17;-1.85;31177.17;-1.85;40.99;ESTAVEL
2008-06-03;1212451200000;MAPT3.SA;33100.0;33100.0;33100.0;33100.0;33100.0;10;stock;31196.3;6.1;31196.3;6.1;49.18;ESTAVEL
2008-06-04;1212537600000;MAPT3.SA;30600.0;30600.0;30600.0;30600.0;30600.0;20;stock;31190.37;-1.89;31190.37;-1.89;42.79;ESTAVEL
2008-06-05;1212624000000;MAPT3.SA;31000.0;31000.0;31000.0;31000.0;31000.0;10;stock;31188.48;-0.6;31188.48;-0.6;44.04;ESTAVEL
2008-06-06;1212710400000;MAPT3.SA;31000.0;31000.0;31000.0;31000.0;31000.0;0;stock;31186.6;-0.6;31186.6;-0.6;44.04;ESTAVEL
2008-06-09;1212969600000;MAPT3.SA;22.1;22.1;22.1;22.1;22.1;20;stock;30876.5;-99.93;30876.5;-99.93;14.84;SUBIR
2008-06-10;1213056000000;MAPT3.SA;23.1;23.1;23.1;23.1;23.1;10;stock;30569.51;-99.92;30569.51;-99.92;14.84;SUBIR
2008-06-11;1213142400000;MAPT3.SA;23.1;23.1;22.5;22.5;22.5;90;stock;30265.56;-99.93;30265.56;-99.93;14.84;SUBIR
2008-06-12;1213228800000;MAPT3.SA;22.5;22.5;22.5;22.5;22.5;0;stock;29964.63;-99.92;29964.63;-99.92;14.84;SUBIR
2008-06-13;1213315200000;MAPT3.SA;22.5;22.5;22.5;22.5;22.5;0;stock;29666.7;-99.92;29666.7;-99.92;14.84;SUBIR
2008-06-16;1213574400000;MAPT3.SA;22.5;22.5;22.5;22.5;22.5;0;stock;29371.73;-99.92;29371.73;-99.92;14.84;SUBIR
2008-06-17;1213660800000;MAPT3.SA;24.9;24.9;24.9;24.9;24.9;60;stock;29079.72;-99.91;29079.72;-99.91;14.85;SUBIR
2008-06-18;1213747200000;MAPT3.SA;24.9;24.9;24.9;24.9;24.9;0;stock;28790.62;-99.91;28790.62;-99.91;14.85;SUBIR
2008-06-19;1213833600000;MAPT3.SA;24.0;37.9;24.0;37.9;37.9;100;stock;28504.52;-99.87;28504.52;-99.87;14.89;SUBIR
2008-06-20;1213920000000;MAPT3.SA;37.8;37.9;37.8;37.9;37.9;120;stock;28221.28;-99.87;28221.28;-99.87;14.89;SUBIR
2008-06-23;1214179200000;MAPT3.SA;37.9;37.9;37.9;37.9;37.9;0;stock;27940.84;-99.86;27940.84;-99.86;14.89;SUBIR
2008-06-24;1214265600000;MAPT3.SA;37.9;37.9;37.9;37.9;37.9;0;stock;27663.2;-99.86;27663.2;-99.86;14.89;SUBIR
2008-06-25;1214352000000;MAPT3.SA;37.9;37.9;37.9;37.9;37.9;0;stock;27388.32;-99.86;27388.32;-99.86;14.89;SUBIR
2008-06-26;1214438400000;MAPT3.SA;37.9;37.9;37.9;37.9;37.9;0;stock;27116.18;-99.86;27116.18;-99.86;14.89;SUBIR
2008-06-27;1214524800000;MAPT3.SA;37.9;37.9;37.9;37.9;37.9;0;stock;26846.74;-99.86;26846.74;-99.86;14.89;SUBIR
2008-06-30;1214784000000;MAPT3.SA;35.0;35.0;27.2;27.2;27.2;50;stock;26579.88;-99.9;26579.88;-99.9;14.88;SUBIR
2008-07-01;1214870400000;MAPT3.SA;27.2;27.2;27.2;27.2;27.2;0;stock;26315.68;-99.9;26315.68;-99.9;14.88;SUBIR
2008-07-02;1214956800000;MAPT3.SA;27.2;27.2;27.2;27.2;27.2;0;stock;26054.1;-99.9;26054.1;-99.9;14.88;SUBIR
2008-07-03;1215043200000;MAPT3.SA;23.7;23.7;23.7;23.7;23.7;30;stock;25795.09;-99.91;25795.09;-99.91;14.88;SUBIR
2008-07-04;1215129600000;MAPT3.SA;23.7;23.7;23.7;23.7;23.7;0;stock;25538.66;-99.91;25538.66;-99.91;14.88;SUBIR
2008-07-07;1215388800000;MAPT3.SA;23.7;23.7;23.7;23.7;23.7;0;stock;25284.78;-99.91;25284.78;-99.91;14.88;SUBIR
2008-07-08;1215475200000;MAPT3.SA;23.7;23.7;23.7;23.7;23.7;0;stock;25033.42;-99.91;25033.42;-99.91;14.88;SUBIR
2008-07-10;1215648000000;MAPT3.SA;23.7;23.7;23.7;23.7;23.7;0;stock;24784.57;-99.9;24784.57;-99.9;14.88;SUBIR
2008-07-11;1215734400000;MAPT3.SA;23.7;23.7;23.7;23.7;23.7;0;stock;24538.2;-99.9;24538.2;-99.9;14.88;SUBIR
2008-07-14;1215993600000;MAPT3.SA;23.7;23.7;23.7;23.7;23.7;0;stock;24294.27;-99.9;24294.27;-99.9;14.88;SUBIR
2008-07-15;1216080000000;MAPT3.SA;23.7;23.7;23.7;23.7;23.7;0;stock;24052.77;-99.9;24052.77;-99.9;14.88;SUBIR
2008-07-16;1216166400000;MAPT3.SA;23.7;23.7;23.7;23.7;23.7;0;stock;23813.68;-99.9;23813.68;-99.9;14.88;SUBIR
2008-07-17;1216252800000;MAPT3.SA;23.7;23.7;23.7;23.7;23.7;0;stock;23576.96;-99.9;23576.96;-99.9;14.88;SUBIR
2008-07-18;1216339200000;MAPT3.SA;23.7;23.7;23.7;23.7;23.7;0;stock;23342.6;-99.9;23342.6;-99.9;14.88;SUBIR
2008-07-21;1216598400000;MAPT3.SA;23.7;23.7;23.7;23.7;23.7;0;stock;23110.57;-99.9;23110.57;-99.9;14.88;SUBIR
2008-07-22;1216684800000;MAPT3.SA;23.7;23.7;23.7;23.7;23.7;0;stock;22880.85;-99.9;22880.85;-99.9;14.88;SUBIR
2008-07-23;1216771200000;MAPT3.SA;23.7;23.7;23.7;23.7;23.7;0;stock;22653.42;-99.9;22653.42;-99.9;14.88;SUBIR
2008-07-24;1216857600000;MAPT3.SA;23.7;23.7;23.7;23.7;23.7;0;stock;22428.24;-99.89;22428.24;-99.89;14.88;SUBIR
2008-07-25;1216944000000;MAPT3.SA;23.7;23.7;23.7;23.7;23.7;0;stock;22205.32;-99.89;22205.32;-99.89;14.88;SUBIR
2008-07-28;1217203200000;MAPT3.SA;23.7;23.7;23.7;23.7;23.7;0;stock;21984.6;-99.89;21984.6;-99.89;14.88;SUBIR
2008-07-29;1217289600000;MAPT3.SA;23.7;23.7;23.7;23.7;23.7;0;stock;21766.08;-99.89;21766.08;-99.89;14.88;SUBIR
2008-07-30;1217376000000;MAPT3.SA;23.7;23.7;23.7;23.7;23.7;0;stock;21549.74;-99.89;21549.74;-99.89;14.88;SUBIR
2008-07-31;1217462400000;MAPT3.SA;23.7;23.7;23.7;23.7;23.7;0;stock;21335.56;-99.89;21335.56;-99.89;14.88;SUBIR
2008-08-01;1217548800000;MAPT3.SA;23.7;23.7;23.7;23.7;23.7;0;stock;21123.5;-99.89;21123.5;-99.89;14.88;SUBIR
2008-08-04;1217808000000;MAPT3.SA;23.7;23.7;23.7;23.7;23.7;0;stock;20913.55;-99.89;20913.55;-99.89;14.88;SUBIR
2008-08-05;1217894400000;MAPT3.SA;23.7;23.7;23.7;23.7;23.7;0;stock;20705.69;-99.89;20705.69;-99.89;14.88;SUBIR
2008-08-06;1217980800000;MAPT3.SA;23.7;23.7;23.7;23.7;23.7;0;stock;20499.9;-99.88;20499.9;-99.88;14.88;SUBIR
2008-08-07;1218067200000;MAPT3.SA;23.7;23.7;23.7;23.7;23.7;0;stock;20296.15;-99.88;20296.15;-99.88;14.88;SUBIR
2008-08-08;1218153600000;MAPT3.SA;23.7;23.7;23.7;23.7;23.7;0;stock;20094.44;-99.88;20094.44;-99.88;14.88;SUBIR
2008-08-11;1218412800000;MAPT3.SA;23.7;23.7;23.7;23.7;23.7;0;stock;19894.73;-99.88;19894.73;-99.88;14.88;SUBIR
2008-08-12;1218499200000;MAPT3.SA;23.7;23.7;23.7;23.7;23.7;0;stock;19697.01;-99.88;19697.01;-99.88;14.88;SUBIR
2008-08-13;1218585600000;MAPT3.SA;23.7;23.7;23.7;23.7;23.7;0;stock;19501.25;-99.88;19501.25;-99.88;14.88;SUBIR
2008-08-14;1218672000000;MAPT3.SA;23.7;23.7;23.7;23.7;23.7;0;stock;19307.45;-99.88;19307.45;-99.88;14.88;SUBIR
2008-08-15;1218758400000;MAPT3.SA;23.7;23.7;23.7;23.7;23.7;0;stock;19115.57;-99.88;19115.57;-99.88;14.88;SUBIR
2008-08-18;1219017600000;MAPT3.SA;23.7;23.7;23.7;23.7;23.7;0;stock;18925.6;-99.87;18925.6;-99.87;14.88;SUBIR
2008-08-19;1219104000000;MAPT3.SA;23.7;23.7;23.7;23.7;23.7;0;stock;18737.52;-99.87;18737.52;-99.87;14.88;SUBIR
2008-08-20;1219190400000;MAPT3.SA;15.1;15.6;15.1;15.6;15.6;20;stock;18551.24;-99.92;18551.24;-99.92;14.77;SUBIR
2008-08-21;1219276800000;MAPT3.SA;15.6;15.6;15.6;15.6;15.6;0;stock;18366.8;-99.92;18366.8;-99.92;14.77;SUBIR
2008-08-22;1219363200000;MAPT3.SA;16.1;16.1;16.1;16.1;16.1;10;stock;18184.2;-99.91;18184.2;-99.91;14.81;SUBIR
2008-08-25;1219622400000;MAPT3.SA;16.1;16.1;16.1;16.1;16.1;0;stock;18003.43;-99.91;18003.43;-99.91;14.81;SUBIR
2008-08-26;1219708800000;MAPT3.SA;16.1;16.1;16.1;16.1;16.1;0;stock;17824.45;-99.91;17824.45;-99.91;14.81;SUBIR
2008-08-27;1219795200000;MAPT3.SA;16.1;16.1;16.1;16.1;16.1;0;stock;17647.25;-99.91;17647.25;-99.91;14.81;SUBIR
2008-08-28;1219881600000;MAPT3.SA;16.1;16.1;16.1;16.1;16.1;0;stock;17471.82;-99.91;17471.82;-99.91;14.81;SUBIR
2008-08-29;1219968000000;MAPT3.SA;16.1;16.1;16.1;16.1;16.1;0;stock;17298.13;-99.91;17298.13;-99.91;14.81;SUBIR
2008-09-01;1220227200000;MAPT3.SA;16.1;16.1;16.1;16.1;16.1;0;stock;17126.17;-99.91;17126.17;-99.91;14.81;SUBIR
2008-09-02;1220313600000;MAPT3.SA;16.1;16.1;16.1;16.1;16.1;0;stock;16955.92;-99.91;16955.92;-99.91;14.81;SUBIR
2008-09-03;1220400000000;MAPT3.SA;16.5;16.5;16.5;16.5;16.5;20;stock;16787.37;-99.9;16787.37;-99.9;14.88;SUBIR
2008-09-04;1220486400000;MAPT3.SA;16.5;16.5;16.5;16.5;16.5;0;stock;16620.49;-99.9;16620.49;-99.9;14.88;SUBIR
2008-09-05;1220572800000;MAPT3.SA;16.5;16.5;16.5;16.5;16.5;0;stock;16455.28;-99.9;16455.28;-99.9;14.88;SUBIR
2008-09-08;1220832000000;MAPT3.SA;16.5;16.5;16.5;16.5;16.5;0;stock;16291.71;-99.9;16291.71;-99.9;14.88;SUBIR
2008-09-09;1220918400000;MAPT3.SA;16.5;16.5;16.5;16.5;16.5;0;stock;16129.77;-99.9;16129.77;-99.9;14.88;SUBIR
2008-09-10;1221004800000;MAPT3.SA;16.5;16.5;16.5;16.5;16.5;0;stock;15969.44;-99.9;15969.44;-99.9;14.88;SUBIR
2008-09-11;1221091200000;MAPT3.SA;16.5;16.5;16.5;16.5;16.5;0;stock;15810.7;-99.9;15810.7;-99.9;14.88;SUBIR
2008-09-12;1221177600000;MAPT3.SA;16.5;16.5;16.5;16.5;16.5;0;stock;15653.54;-99.89;15653.54;-99.89;14.88;SUBIR
2008-09-15;1221436800000;MAPT3.SA;16.5;16.5;16.5;16.5;16.5;0;stock;15497.95;-99.89;15497.95;-99.89;14.88;SUBIR
2008-09-16;1221523200000;MAPT3.SA;16.5;16.5;16.5;16.5;16.5;0;stock;15343.91;-99.89;15343.91;-99.89;14.88;SUBIR
2008-09-17;1221609600000;MAPT3.SA;16.5;16.5;16.5;16.5;16.5;0;stock;15191.4;-99.89;15191.4;-99.89;14.88;SUBIR
2008-09-18;1221696000000;MAPT3.SA;16.5;16.5;16.5;16.5;16.5;0;stock;15040.4;-99.89;15040.4;-99.89;14.88;SUBIR
2008-09-19;1221782400000;MAPT3.SA;16.5;16.5;16.5;16.5;16.5;0;stock;14890.91;-99.89;14890.91;-99.89;14.88;SUBIR
2008-09-22;1222041600000;MAPT3.SA;16.5;16.5;16.5;16.5;16.5;0;stock;14742.91;-99.89;14742.91;-99.89;14.88;SUBIR
2008-09-23;1222128000000;MAPT3.SA;16.5;16.5;16.5;16.5;16.5;0;stock;14596.38;-99.89;14596.38;-99.89;14.88;SUBIR
2008-09-24;1222214400000;MAPT3.SA;16.5;16.5;16.5;16.5;16.5;0;stock;14451.3;-99.89;14451.3;-99.89;14.88;SUBIR
2008-09-25;1222300800000;MAPT3.SA;16.5;16.5;16.5;16.5;16.5;0;stock;14307.67;-99.88;14307.67;-99.88;14.88;SUBIR
2008-09-26;1222387200000;MAPT3.SA;16.5;16.5;16.5;16.5;16.5;0;stock;14165.47;-99.88;14165.47;-99.88;14.88;SUBIR
2008-09-29;1222646400000;MAPT3.SA;16.5;16.5;16.5;16.5;16.5;0;stock;14024.68;-99.88;14024.68;-99.88;14.88;SUBIR
2008-09-30;1222732800000;MAPT3.SA;16.5;16.5;16.5;16.5;16.5;0;stock;13885.3;-99.88;13885.3;-99.88;14.88;SUBIR
2008-10-01;1222819200000;MAPT3.SA;16.5;16.5;16.5;16.5;16.5;0;stock;13747.3;-99.88;13747.3;-99.88;14.88;SUBIR
2008-10-02;1222905600000;MAPT3.SA;16.5;16.5;16.5;16.5;16.5;0;stock;13610.68;-99.88;13610.68;-99.88;14.88;SUBIR
2008-10-03;1222992000000;MAPT3.SA;16.5;16.5;16.5;16.5;16.5;0;stock;13475.41;-99.88;13475.41;-99.88;14.88;SUBIR
2008-10-06;1223251200000;MAPT3.SA;16.5;16.5;16.5;16.5;16.5;0;stock;13341.49;-99.88;13341.49;-99.88;14.88;SUBIR
2008-10-07;1223337600000;MAPT3.SA;16.5;16.5;16.5;16.5;16.5;0;stock;13208.9;-99.88;13208.9;-99.88;14.88;SUBIR
2008-10-08;1223424000000;MAPT3.SA;16.5;16.5;16.5;16.5;16.5;0;stock;13077.64;-99.87;13077.64;-99.87;14.88;SUBIR
2008-10-09;1223510400000;MAPT3.SA;16.5;16.5;16.5;16.5;16.5;0;stock;12947.68;-99.87;12947.68;-99.87;14.88;SUBIR
2008-10-10;1223596800000;MAPT3.SA;16.5;16.5;16.5;16.5;16.5;0;stock;12819.01;-99.87;12819.01;-99.87;14.88;SUBIR
2008-10-13;1223856000000;MAPT3.SA;16.5;16.5;16.5;16.5;16.5;0;stock;12691.62;-99.87;12691.62;-99.87;14.88;SUBIR
2008-10-14;1223942400000;MAPT3.SA;16.5;16.5;16.5;16.5;16.5;0;stock;12565.5;-99.87;12565.5;-99.87;14.88;SUBIR
2008-10-15;1224028800000;MAPT3.SA;16.5;16.5;16.5;16.5;16.5;0;stock;12440.63;-99.87;12440.63;-99.87;14.88;SUBIR
2008-10-16;1224115200000;MAPT3.SA;16.5;16.5;16.5;16.5;16.5;0;stock;12317.01;-99.87;12317.01;-99.87;14.88;SUBIR
2008-10-17;1224201600000;MAPT3.SA;16.5;16.5;16.5;16.5;16.5;0;stock;12194.62;-99.86;12194.62;-99.86;14.88;SUBIR
2008-10-20;1224460800000;MAPT3.SA;16.5;16.5;16.5;16.5;16.5;10;stock;12073.44;-99.86;12073.44;-99.86;14.88;SUBIR
2008-10-21;1224547200000;MAPT3.SA;16.5;16.5;16.5;16.5;16.5;0;stock;11953.47;-99.86;11953.47;-99.86;14.88;SUBIR
2008-10-22;1224633600000;MAPT3.SA;16.5;16.5;16.5;16.5;16.5;0;stock;11834.7;-99.86;11834.7;-99.86;14.88;SUBIR
2008-10-23;1224720000000;MAPT3.SA;16.5;16.5;16.5;16.5;16.5;0;stock;11717.1;-99.86;11717.1;-99.86;14.88;SUBIR
2008-10-24;1224806400000;MAPT3.SA;16.5;16.5;16.5;16.5;16.5;0;stock;11600.68;-99.86;11600.68;-99.86;14.88;SUBIR
2008-10-27;1225065600000;MAPT3.SA;16.5;16.5;16.5;16.5;16.5;0;stock;11485.41;-99.86;11485.41;-99.86;14.88;SUBIR
2008-10-28;1225152000000;MAPT3.SA;16.5;16.5;16.5;16.5;16.5;0;stock;11371.29;-99.85;11371.29;-99.85;14.88;SUBIR
2008-10-29;1225238400000;MAPT3.SA;16.5;16.5;16.5;16.5;16.5;0;stock;11258.31;-99.85;11258.31;-99.85;14.88;SUBIR
2008-10-30;1225324800000;MAPT3.SA;16.5;16.5;16.5;16.5;16.5;0;stock;11146.45;-99.85;11146.45;-99.85;14.88;SUBIR
2008-10-31;1225411200000;MAPT3.SA;16.5;16.5;16.5;16.5;16.5;0;stock;11035.71;-99.85;11035.71;-99.85;14.88;SUBIR
2008-11-03;1225670400000;MAPT3.SA;16.5;16.5;16.5;16.5;16.5;0;stock;10926.06;-99.85;10926.06;-99.85;14.88;SUBIR
2008-11-04;1225756800000;MAPT3.SA;16.5;16.5;16.5;16.5;16.5;0;stock;10817.51;-99.85;10817.51;-99.85;14.88;SUBIR
2008-11-05;1225843200000;MAPT3.SA;16.5;16.5;16.5;16.5;16.5;0;stock;10710.04;-99.85;10710.04;-99.85;14.88;SUBIR
2008-11-06;1225929600000;MAPT3.SA;16.5;16.5;16.5;16.5;16.5;0;stock;10603.63;-99.84;10603.63;-99.84;14.88;SUBIR
2008-11-07;1226016000000;MAPT3.SA;16.5;16.5;16.5;16.5;16.5;0;stock;10498.29;-99.84;10498.29;-99.84;14.88;SUBIR
2008-11-10;1226275200000;MAPT3.SA;16.5;16.5;16.5;16.5;16.5;0;stock;10393.99;-99.84;10393.99;-99.84;14.88;SUBIR
2008-11-11;1226361600000;MAPT3.SA;16.5;16.5;16.5;16.5;16.5;0;stock;10290.73;-99.84;10290.73;-99.84;14.88;SUBIR
2008-11-12;1226448000000;MAPT3.SA;16.5;16.5;16.5;16.5;16.5;0;stock;10188.5;-99.84;10188.5;-99.84;14.88;SUBIR
2008-11-13;1226534400000;MAPT3.SA;16.5;16.5;16.5;16.5;16.5;0;stock;10087.29;-99.84;10087.29;-99.84;14.88;SUBIR
2008-11-14;1226620800000;MAPT3.SA;16.5;16.5;16.5;16.5;16.5;0;stock;9987.08;-99.83;9987.08;-99.83;14.88;SUBIR
2008-11-17;1226880000000;MAPT3.SA;10.0;10.0;10.0;10.0;10.0;10;stock;9887.81;-99.9;9887.81;-99.9;9.06;SUBIR
2008-11-18;1226966400000;MAPT3.SA;10.0;10.0;10.0;10.0;10.0;0;stock;9789.52;-99.9;9789.52;-99.9;9.06;SUBIR
2008-11-19;1227052800000;MAPT3.SA;10.0;10.0;10.0;10.0;10.0;0;stock;9692.21;-99.9;9692.21;-99.9;9.06;SUBIR
2008-11-21;1227225600000;MAPT3.SA;10.0;10.0;10.0;10.0;10.0;0;stock;9595.87;-99.9;9595.87;-99.9;9.06;SUBIR
2008-11-24;1227484800000;MAPT3.SA;10.0;10.0;10.0;10.0;10.0;0;stock;9500.49;-99.89;9500.49;-99.89;9.06;SUBIR
2008-11-25;1227571200000;MAPT3.SA;10.0;10.0;10.0;10.0;10.0;0;stock;9406.06;-99.89;9406.06;-99.89;9.06;SUBIR
2008-11-26;1227657600000;MAPT3.SA;10.0;10.0;10.0;10.0;10.0;0;stock;9312.56;-99.89;9312.56;-99.89;9.06;SUBIR
2008-11-27;1227744000000;MAPT3.SA;10.0;10.0;10.0;10.0;10.0;0;stock;9220.0;-99.89;9220.0;-99.89;9.06;SUBIR
2008-11-28;1227830400000;MAPT3.SA;10.0;10.0;10.0;10.0;10.0;0;stock;9128.36;-99.89;9128.36;-99.89;9.06;SUBIR
2008-12-01;1228089600000;MAPT3.SA;10.0;10.0;10.0;10.0;10.0;0;stock;9037.63;-99.89;9037.63;-99.89;9.06;SUBIR
2008-12-02;1228176000000;MAPT3.SA;10.0;10.0;10.0;10.0;10.0;0;stock;8947.8;-99.89;8947.8;-99.89;9.06;SUBIR
2008-12-03;1228262400000;MAPT3.SA;10.0;10.0;10.0;10.0;10.0;0;stock;8858.87;-99.89;8858.87;-99.89;9.06;SUBIR
2008-12-04;1228348800000;MAPT3.SA;10.0;10.0;10.0;10.0;10.0;0;stock;8770.82;-99.89;8770.82;-99.89;9.06;SUBIR
2008-12-05;1228435200000;MAPT3.SA;10.0;10.0;10.0;10.0;10.0;0;stock;8683.65;-99.88;8683.65;-99.88;9.06;SUBIR
2008-12-08;1228694400000;MAPT3.SA;10.0;10.0;10.0;10.0;10.0;0;stock;8597.34;-99.88;8597.34;-99.88;9.06;SUBIR
2008-12-09;1228780800000;MAPT3.SA;10.0;10.0;10.0;10.0;10.0;0;stock;8511.9;-99.88;8511.9;-99.88;9.06;SUBIR
2008-12-10;1228867200000;MAPT3.SA;20.0;20.0;20.0;20.0;20.0;40;stock;8427.4;-99.76;8427.4;-99.76;69.38;ESTAVEL
2008-12-11;1228953600000;MAPT3.SA;21.0;21.0;21.0;21.0;21.0;50;stock;8343.76;-99.75;8343.76;-99.75;71.42;ESTAVEL
2008-12-12;1229040000000;MAPT3.SA;21.0;21.0;21.0;21.0;21.0;0;stock;8260.94;-99.75;8260.94;-99.75;71.42;ESTAVEL
2008-12-15;1229299200000;MAPT3.SA;21.0;21.0;21.0;21.0;21.0;0;stock;8178.95;-99.74;8178.95;-99.74;71.42;ESTAVEL
2008-12-16;1229385600000;MAPT3.SA;21.0;21.0;21.0;21.0;21.0;0;stock;8097.78;-99.74;8097.78;-99.74;71.42;ESTAVEL
2008-12-17;1229472000000;MAPT3.SA;21.0;21.0;21.0;21.0;21.0;0;stock;8017.41;-99.74;8017.41;-99.74;71.42;ESTAVEL
2008-12-18;1229558400000;MAPT3.SA;21.0;21.0;21.0;21.0;21.0;0;stock;7937.85;-99.74;7937.85;-99.74;71.42;ESTAVEL
2008-12-19;1229644800000;MAPT3.SA;21.0;21.0;21.0;21.0;21.0;0;stock;7859.07;-99.73;7859.07;-99.73;71.42;ESTAVEL
2008-12-22;1229904000000;MAPT3.SA;21.0;21.0;21.0;21.0;21.0;0;stock;7781.08;-99.73;7781.08;-99.73;71.42;ESTAVEL
2008-12-23;1229990400000;MAPT3.SA;21.0;21.0;21.0;21.0;21.0;0;stock;7703.87;-99.73;7703.87;-99.73;71.42;ESTAVEL
2008-12-26;1230249600000;MAPT3.SA;21.0;21.0;21.0;21.0;21.0;0;stock;7627.42;-99.72;7627.42;-99.72;71.42;ESTAVEL
2008-12-29;1230508800000;MAPT3.SA;21.0;21.0;21.0;21.0;21.0;0;stock;7551.73;-99.72;7551.73;-99.72;71.42;ESTAVEL
2008-12-30;1230595200000;MAPT3.SA;21.0;21.0;21.0;21.0;21.0;0;stock;7476.8;-99.72;7476.8;-99.72;71.42;ESTAVEL
2009-01-02;1230854400000;MAPT3.SA;21.0;21.0;21.0;21.0;21.0;0;stock;7402.61;-99.72;7402.61;-99.72;71.42;ESTAVEL
2009-01-05;1231113600000;MAPT3.SA;21.0;21.0;21.0;21.0;21.0;0;stock;7329.17;-99.71;7329.17;-99.71;71.42;ESTAVEL
2009-01-06;1231200000000;MAPT3.SA;21.0;21.0;21.0;21.0;21.0;0;stock;7256.45;-99.71;7256.45;-99.71;71.42;ESTAVEL
2009-01-07;1231286400000;MAPT3.SA;21.0;21.0;21.0;21.0;21.0;0;stock;7184.45;-99.71;7184.45;-99.71;71.42;ESTAVEL
2009-01-08;1231372800000;MAPT3.SA;21.0;21.0;21.0;21.0;21.0;0;stock;7113.18;-99.7;7113.18;-99.7;71.42;ESTAVEL
2009-01-09;1231459200000;MAPT3.SA;21.0;21.0;21.0;21.0;21.0;0;stock;7042.61;-99.7;7042.61;-99.7;71.42;ESTAVEL
2009-01-12;1231718400000;MAPT3.SA;21.0;21.0;21.0;21.0;21.0;0;stock;6972.74;-99.7;6972.74;-99.7;71.42;ESTAVEL
2009-01-13;1231804800000;MAPT3.SA;21.0;21.0;21.0;21.0;21.0;0;stock;6903.57;-99.7;6903.57;-99.7;71.42;ESTAVEL
2009-01-14;1231891200000;MAPT3.SA;21.0;21.0;21.0;21.0;21.0;0;stock;6835.08;-99.69;6835.08;-99.69;71.42;ESTAVEL
2009-01-15;1231977600000;MAPT3.SA;21.0;21.0;21.0;21.0;21.0;0;stock;6767.28;-99.69;6767.28;-99.69;71.42;ESTAVEL
2009-01-16;1232064000000;MAPT3.SA;21.0;21.0;21.0;21.0;21.0;0;stock;6700.16;-99.69;6700.16;-99.69;71.42;ESTAVEL
2009-01-19;1232323200000;MAPT3.SA;21.0;21.0;21.0;21.0;21.0;0;stock;6633.7;-99.68;6633.7;-99.68;71.42;ESTAVEL
2009-01-20;1232409600000;MAPT3.SA;21.0;21.0;21.0;21.0;21.0;0;stock;6567.9;-99.68;6567.9;-99.68;71.42;ESTAVEL
2009-01-21;1232496000000;MAPT3.SA;21.0;21.0;21.0;21.0;21.0;0;stock;6502.76;-99.68;6502.76;-99.68;71.42;ESTAVEL
2009-01-22;1232582400000;MAPT3.SA;21.0;21.0;21.0;21.0;21.0;0;stock;6438.26;-99.67;6438.26;-99.67;71.42;ESTAVEL
2009-01-23;1232668800000;MAPT3.SA;21.0;21.0;21.0;21.0;21.0;0;stock;6374.41;-99.67;6374.41;-99.67;71.42;ESTAVEL
2009-01-26;1232928000000;MAPT3.SA;21.0;21.0;21.0;21.0;21.0;0;stock;6311.19;-99.67;6311.19;-99.67;71.42;ESTAVEL
2009-01-27;1233014400000;MAPT3.SA;13.1;13.1;13.1;13.1;13.1;20;stock;6248.52;-99.79;6248.52;-99.79;12.94;SUBIR
2009-01-28;1233100800000;MAPT3.SA;13.1;13.1;13.1;13.1;13.1;0;stock;6186.48;-99.79;6186.48;-99.79;12.94;SUBIR
2009-01-29;1233187200000;MAPT3.SA;13.1;13.1;13.1;13.1;13.1;0;stock;6125.05;-99.79;6125.05;-99.79;12.94;SUBIR
2009-01-30;1233273600000;MAPT3.SA;13.1;13.1;13.1;13.1;13.1;0;stock;6064.24;-99.78;6064.24;-99.78;12.94;SUBIR
2009-02-02;1233532800000;MAPT3.SA;13.1;13.1;13.1;13.1;13.1;0;stock;6004.02;-99.78;6004.02;-99.78;12.94;SUBIR
2009-02-03;1233619200000;MAPT3.SA;13.1;13.1;13.1;13.1;13.1;0;stock;5944.41;-99.78;5944.41;-99.78;12.94;SUBIR
2009-02-04;1233705600000;MAPT3.SA;13.1;13.1;13.1;13.1;13.1;0;stock;5885.4;-99.78;5885.4;-99.78;12.94;SUBIR
2009-02-05;1233792000000;MAPT3.SA;13.8;13.8;13.8;13.8;13.8;60;stock;5826.97;-99.76;5826.97;-99.76;22.4;SUBIR
2009-02-06;1233878400000;MAPT3.SA;13.0;13.0;13.0;13.0;13.0;20;stock;5769.12;-99.77;5769.12;-99.77;19.76;SUBIR
2009-02-09;1234137600000;MAPT3.SA;13.0;13.0;13.0;13.0;13.0;0;stock;5711.85;-99.77;5711.85;-99.77;19.76;SUBIR
2009-02-10;1234224000000;MAPT3.SA;13.0;13.0;13.0;13.0;13.0;0;stock;5655.14;-99.77;5655.14;-99.77;19.76;SUBIR
2009-02-11;1234310400000;MAPT3.SA;13.0;13.0;13.0;13.0;13.0;0;stock;5599.0;-99.77;5599.0;-99.77;19.76;SUBIR
2009-02-12;1234396800000;MAPT3.SA;13.0;13.0;13.0;13.0;13.0;0;stock;5543.42;-99.77;5543.42;-99.77;19.76;SUBIR
2009-02-13;1234483200000;MAPT3.SA;13.0;13.0;13.0;13.0;13.0;0;stock;5488.39;-99.76;5488.39;-99.76;19.76;SUBIR
2009-02-16;1234742400000;MAPT3.SA;13.0;13.0;13.0;13.0;13.0;0;stock;5433.91;-99.76;5433.91;-99.76;19.76;SUBIR
2009-02-17;1234828800000;MAPT3.SA;13.0;13.0;13.0;13.0;13.0;0;stock;5379.97;-99.76;5379.97;-99.76;19.76;SUBIR
2009-02-18;1234915200000;MAPT3.SA;13.0;13.0;13.0;13.0;13.0;0;stock;5326.57;-99.76;5326.57;-99.76;19.76;SUBIR
2009-02-19;1235001600000;MAPT3.SA;13.0;13.0;13.0;13.0;13.0;0;stock;5273.69;-99.75;5273.69;-99.75;19.76;SUBIR
2009-02-20;1235088000000;MAPT3.SA;13.0;13.0;13.0;13.0;13.0;0;stock;5221.35;-99.75;5221.35;-99.75;19.76;SUBIR
2009-02-25;1235520000000;MAPT3.SA;13.0;13.0;13.0;13.0;13.0;0;stock;5169.52;-99.75;5169.52;-99.75;19.76;SUBIR
2009-02-26;1235606400000;MAPT3.SA;13.0;13.0;13.0;13.0;13.0;0;stock;5118.22;-99.75;5118.22;-99.75;19.76;SUBIR
2009-02-27;1235692800000;MAPT3.SA;13.0;13.0;13.0;13.0;13.0;0;stock;5067.42;-99.74;5067.42;-99.74;19.76;SUBIR
2009-03-02;1235952000000;MAPT3.SA;13.0;13.0;13.0;13.0;13.0;0;stock;5017.13;-99.74;5017.13;-99.74;19.76;SUBIR
2009-03-03;1236038400000;MAPT3.SA;13.0;13.0;13.0;13.0;13.0;0;stock;4967.33;-99.74;4967.33;-99.74;19.76;SUBIR
2009-03-04;1236124800000;MAPT3.SA;13.0;13.0;13.0;13.0;13.0;0;stock;4918.04;-99.74;4918.04;-99.74;19.76;SUBIR
2009-03-05;1236211200000;MAPT3.SA;13.0;13.0;13.0;13.0;13.0;0;stock;4869.23;-99.73;4869.23;-99.73;19.76;SUBIR
2009-03-06;1236297600000;MAPT3.SA;13.0;13.0;13.0;13.0;13.0;0;stock;4820.91;-99.73;4820.91;-99.73;19.76;SUBIR
2009-03-09;1236556800000;MAPT3.SA;13.0;13.0;13.0;13.0;13.0;0;stock;4773.07;-99.73;4773.07;-99.73;19.76;SUBIR
2009-03-10;1236643200000;MAPT3.SA;13.0;13.0;13.0;13.0;13.0;0;stock;4725.71;-99.72;4725.71;-99.72;19.76;SUBIR
2009-03-11;1236729600000;MAPT3.SA;13.0;13.0;13.0;13.0;13.0;0;stock;4678.81;-99.72;4678.81;-99.72;19.76;SUBIR
2009-03-12;1236816000000;MAPT3.SA;13.0;13.0;13.0;13.0;13.0;0;stock;4632.39;-99.72;4632.39;-99.72;19.76;SUBIR
2009-03-13;1236902400000;MAPT3.SA;13.0;13.0;13.0;13.0;13.0;0;stock;4586.42;-99.72;4586.42;-99.72;19.76;SUBIR
2009-03-16;1237161600000;MAPT3.SA;13.0;13.0;13.0;13.0;13.0;0;stock;4540.92;-99.71;4540.92;-99.71;19.76;SUBIR
2009-03-17;1237248000000;MAPT3.SA;13.0;13.0;13.0;13.0;13.0;0;stock;4495.86;-99.71;4495.86;-99.71;19.76;SUBIR
2009-03-18;1237334400000;MAPT3.SA;13.0;13.0;13.0;13.0;13.0;0;stock;4451.26;-99.71;4451.26;-99.71;19.76;SUBIR
2009-03-19;1237420800000;MAPT3.SA;13.0;13.0;13.0;13.0;13.0;0;stock;4407.09;-99.71;4407.09;-99.71;19.76;SUBIR
2009-03-20;1237507200000;MAPT3.SA;13.0;13.0;13.0;13.0;13.0;0;stock;4363.37;-99.7;4363.37;-99.7;19.76;SUBIR
2009-03-23;1237766400000;MAPT3.SA;13.0;13.0;13.0;13.0;13.0;0;stock;4320.08;-99.7;4320.08;-99.7;19.76;SUBIR
2009-03-24;1237852800000;MAPT3.SA;13.0;13.0;13.0;13.0;13.0;0;stock;4277.23;-99.7;4277.23;-99.7;19.76;SUBIR
2009-03-25;1237939200000;MAPT3.SA;13.0;13.0;13.0;13.0;13.0;0;stock;4234.8;-99.69;4234.8;-99.69;19.76;SUBIR
2009-03-26;1238025600000;MAPT3.SA;13.0;13.0;13.0;13.0;13.0;0;stock;4192.79;-99.69;4192.79;-99.69;19.76;SUBIR
2009-03-27;1238112000000;MAPT3.SA;13.0;13.0;13.0;13.0;13.0;0;stock;4151.2;-99.69;4151.2;-99.69;19.76;SUBIR
2009-03-30;1238371200000;MAPT3.SA;13.0;13.0;13.0;13.0;13.0;0;stock;4110.02;-99.68;4110.02;-99.68;19.76;SUBIR
2009-03-31;1238457600000;MAPT3.SA;13.0;13.0;13.0;13.0;13.0;0;stock;4069.26;-99.68;4069.26;-99.68;19.76;SUBIR
2009-04-01;1238544000000;MAPT3.SA;13.0;13.0;13.0;13.0;13.0;0;stock;4028.9;-99.68;4028.9;-99.68;19.76;SUBIR
2009-04-02;1238630400000;MAPT3.SA;13.0;13.0;13.0;13.0;13.0;0;stock;3988.94;-99.67;3988.94;-99.67;19.76;SUBIR
2009-04-03;1238716800000;MAPT3.SA;13.0;13.0;13.0;13.0;13.0;0;stock;3949.38;-99.67;3949.38;-99.67;19.76;SUBIR
2009-04-06;1238976000000;MAPT3.SA;18.4;18.4;18.4;18.4;18.4;30;stock;3910.26;-99.53;3910.26;-99.53;94.76;ESTAVEL
2009-04-07;1239062400000;MAPT3.SA;18.4;18.4;18.4;18.4;18.4;20;stock;3871.54;-99.52;3871.54;-99.52;94.76;ESTAVEL
2009-04-08;1239148800000;MAPT3.SA;18.4;18.4;18.4;18.4;18.4;0;stock;3833.2;-99.52;3833.2;-99.52;94.76;ESTAVEL
2009-04-09;1239235200000;MAPT3.SA;18.4;18.4;18.4;18.4;18.4;0;stock;3795.24;-99.52;3795.24;-99.52;94.76;ESTAVEL
2009-04-13;1239580800000;MAPT3.SA;18.4;18.4;18.4;18.4;18.4;0;stock;3757.66;-99.51;3757.66;-99.51;94.76;ESTAVEL
2009-04-14;1239667200000;MAPT3.SA;18.4;18.4;18.4;18.4;18.4;0;stock;3720.45;-99.51;3720.45;-99.51;94.76;ESTAVEL
2009-04-15;1239753600000;MAPT3.SA;18.4;18.4;18.4;18.4;18.4;0;stock;3683.62;-99.5;3683.62;-99.5;94.76;ESTAVEL
2009-04-16;1239840000000;MAPT3.SA;10.3;10.3;10.3;10.3;10.3;20;stock;3647.07;-99.72;3647.07;-99.72;28.24;SUBIR
2009-04-17;1239926400000;MAPT3.SA;14.9;14.9;14.9;14.9;14.9;10;stock;3610.92;-99.59;3610.92;-99.59;49.8;ESTAVEL
2009-04-20;1240185600000;MAPT3.SA;14.9;14.9;14.9;14.9;14.9;0;stock;3575.14;-99.58;3575.14;-99.58;49.8;ESTAVEL
2009-04-22;1240358400000;MAPT3.SA;18.8;18.8;18.8;18.8;18.8;30;stock;3539.76;-99.47;3539.76;-99.47;61.24;ESTAVEL
2009-04-23;1240444800000;MAPT3.SA;18.8;18.8;18.8;18.8;18.8;0;stock;3504.72;-99.46;3504.72;-99.46;61.24;ESTAVEL
2009-04-24;1240531200000;MAPT3.SA;18.8;18.8;18.8;18.8;18.8;0;stock;3470.04;-99.46;3470.04;-99.46;61.24;ESTAVEL
2009-04-27;1240790400000;MAPT3.SA;18.8;18.8;18.8;18.8;18.8;0;stock;3435.7;-99.45;3435.7;-99.45;61.24;ESTAVEL
2009-04-28;1240876800000;MAPT3.SA;18.8;18.8;18.8;18.8;18.8;0;stock;3401.7;-99.45;3401.7;-99.45;61.24;ESTAVEL
2009-04-29;1240963200000;MAPT3.SA;18.8;18.8;18.8;18.8;18.8;0;stock;3368.04;-99.44;3368.04;-99.44;61.24;ESTAVEL
2009-04-30;1241049600000;MAPT3.SA;18.8;18.8;18.8;18.8;18.8;0;stock;3334.71;-99.44;3334.71;-99.44;61.24;ESTAVEL
2009-05-04;1241395200000;MAPT3.SA;18.8;18.8;18.8;18.8;18.8;0;stock;3301.72;-99.43;3301.72;-99.43;61.24;ESTAVEL
2009-05-05;1241481600000;MAPT3.SA;18.8;18.8;18.8;18.8;18.8;0;stock;3269.05;-99.42;3269.05;-99.42;61.24;ESTAVEL
2009-05-06;1241568000000;MAPT3.SA;18.8;18.8;18.8;18.8;18.8;0;stock;3236.71;-99.42;3236.71;-99.42;61.24;ESTAVEL
2009-05-07;1241654400000;MAPT3.SA;18.8;18.8;18.8;18.8;18.8;0;stock;3204.69;-99.41;3204.69;-99.41;61.24;ESTAVEL
2009-05-08;1241740800000;MAPT3.SA;18.8;18.8;18.8;18.8;18.8;0;stock;3172.99;-99.41;3172.99;-99.41;61.24;ESTAVEL
2009-05-11;1242000000000;MAPT3.SA;18.8;18.8;18.8;18.8;18.8;0;stock;3141.61;-99.4;3141.61;-99.4;61.24;ESTAVEL
2009-05-12;1242086400000;MAPT3.SA;18.8;18.8;18.8;18.8;18.8;0;stock;3110.53;-99.4;3110.53;-99.4;61.24;ESTAVEL
2009-05-13;1242172800000;MAPT3.SA;18.8;18.8;18.8;18.8;18.8;0;stock;3079.77;-99.39;3079.77;-99.39;61.24;ESTAVEL
2009-05-14;1242259200000;MAPT3.SA;18.8;18.8;18.8;18.8;18.8;0;stock;3049.31;-99.38;3049.31;-99.38;61.24;ESTAVEL
2009-05-15;1242345600000;MAPT3.SA;15.1;15.1;15.1;15.1;15.1;10;stock;3019.12;-99.5;3019.12;-99.5;35.86;ESTAVEL
2009-05-18;1242604800000;MAPT3.SA;15.1;15.1;15.1;15.1;15.1;0;stock;2989.23;-99.49;2989.23;-99.49;35.86;ESTAVEL
2009-05-19;1242691200000;MAPT3.SA;15.1;15.1;15.1;15.1;15.1;0;stock;2959.64;-99.49;2959.64;-99.49;35.86;ESTAVEL
2009-05-20;1242777600000;MAPT3.SA;15.1;15.1;15.1;15.1;15.1;0;stock;2930.34;-99.48;2930.34;-99.48;35.86;ESTAVEL
2009-05-21;1242864000000;MAPT3.SA;15.1;15.1;15.1;15.1;15.1;0;stock;2901.33;-99.48;2901.33;-99.48;35.86;ESTAVEL
2009-05-22;1242950400000;MAPT3.SA;24.9;24.9;24.9;24.9;24.9;20;stock;2872.71;-99.13;2872.71;-99.13;75.24;ESTAVEL
2009-05-25;1243209600000;MAPT3.SA;20.1;20.1;20.1;20.1;20.1;10;stock;2844.32;-99.29;2844.32;-99.29;56.83;ESTAVEL
2009-05-26;1243296000000;MAPT3.SA;20.1;20.1;20.1;20.1;20.1;0;stock;2816.22;-99.29;2816.22;-99.29;56.83;ESTAVEL
2009-05-27;1243382400000;MAPT3.SA;23.5;23.5;23.5;23.5;23.5;10;stock;2788.44;-99.16;2788.44;-99.16;64.06;ESTAVEL
2009-05-28;1243468800000;MAPT3.SA;23.5;23.5;23.5;23.5;23.5;0;stock;2760.92;-99.15;2760.92;-99.15;64.06;ESTAVEL
2009-05-29;1243555200000;MAPT3.SA;23.5;23.5;23.5;23.5;23.5;0;stock;2733.68;-99.14;2733.68;-99.14;64.06;ESTAVEL
2009-06-01;1243814400000;MAPT3.SA;23.5;23.5;23.5;23.5;23.5;0;stock;2706.72;-99.13;2706.72;-99.13;64.06;ESTAVEL
2009-06-02;1243900800000;MAPT3.SA;23.5;23.5;23.5;23.5;23.5;0;stock;2680.02;-99.12;2680.02;-99.12;64.06;ESTAVEL
2009-06-03;1243987200000;MAPT3.SA;23.5;23.5;23.5;23.5;23.5;0;stock;2653.59;-99.11;2653.59;-99.11;64.06;ESTAVEL
2009-06-04;1244073600000;MAPT3.SA;23.5;23.5;23.5;23.5;23.5;0;stock;2627.42;-99.11;2627.42;-99.11;64.06;ESTAVEL
2009-06-05;1244160000000;MAPT3.SA;23.5;23.5;23.5;23.5;23.5;0;stock;2601.51;-99.1;2601.51;-99.1;64.06;ESTAVEL
2009-06-08;1244419200000;MAPT3.SA;23.5;23.5;23.5;23.5;23.5;0;stock;2575.86;-99.09;2575.86;-99.09;64.06;ESTAVEL
2009-06-09;1244505600000;MAPT3.SA;23.5;23.5;23.5;23.5;23.5;0;stock;2550.46;-99.08;2550.46;-99.08;64.06;ESTAVEL
2009-06-10;1244592000000;MAPT3.SA;23.5;23.5;23.5;23.5;23.5;0;stock;2525.31;-99.07;2525.31;-99.07;64.06;ESTAVEL
2009-06-12;1244764800000;MAPT3.SA;23.5;23.5;23.5;23.5;23.5;0;stock;2500.42;-99.06;2500.42;-99.06;64.06;ESTAVEL
2009-06-15;1245024000000;MAPT3.SA;23.5;23.5;23.5;23.5;23.5;0;stock;2475.77;-99.05;2475.77;-99.05;64.06;ESTAVEL
2009-06-16;1245110400000;MAPT3.SA;23.5;23.5;23.5;23.5;23.5;0;stock;2451.37;-99.04;2451.37;-99.04;64.06;ESTAVEL
2009-06-17;1245196800000;MAPT3.SA;23.5;23.5;23.5;23.5;23.5;0;stock;2427.22;-99.03;2427.22;-99.03;64.06;ESTAVEL
2009-06-18;1245283200000;MAPT3.SA;23.5;23.5;23.5;23.5;23.5;0;stock;2403.3;-99.02;2403.3;-99.02;64.06;ESTAVEL
2009-06-19;1245369600000;MAPT3.SA;23.5;23.5;23.5;23.5;23.5;0;stock;2379.62;-99.01;2379.62;-99.01;64.06;ESTAVEL
2009-06-22;1245628800000;MAPT3.SA;23.5;23.5;23.5;23.5;23.5;0;stock;2356.18;-99.0;2356.18;-99.0;64.06;ESTAVEL
2009-06-23;1245715200000;MAPT3.SA;23.5;23.5;23.5;23.5;23.5;0;stock;2332.96;-98.99;2332.96;-98.99;64.06;ESTAVEL
2009-06-24;1245801600000;MAPT3.SA;23.5;23.5;23.5;23.5;23.5;0;stock;2309.98;-98.98;2309.98;-98.98;64.06;ESTAVEL
2009-06-25;1245888000000;MAPT3.SA;23.5;23.5;23.5;23.5;23.5;0;stock;2287.23;-98.97;2287.23;-98.97;64.06;ESTAVEL
2009-06-26;1245974400000;MAPT3.SA;23.5;23.5;23.5;23.5;23.5;0;stock;2264.71;-98.96;2264.71;-98.96;64.06;ESTAVEL
2009-06-29;1246233600000;MAPT3.SA;23.5;23.5;23.5;23.5;23.5;0;stock;2242.41;-98.95;2242.41;-98.95;64.06;ESTAVEL
2009-06-30;1246320000000;MAPT3.SA;23.5;23.5;23.5;23.5;23.5;0;stock;2220.33;-98.94;2220.33;-98.94;64.06;ESTAVEL
2009-07-01;1246406400000;MAPT3.SA;26.0;26.0;26.0;26.0;26.0;10;stock;2198.5;-98.82;2198.5;-98.82;79.21;ESTAVEL
2009-07-02;1246492800000;MAPT3.SA;26.0;26.0;26.0;26.0;26.0;0;stock;2176.88;-98.81;2176.88;-98.81;79.21;ESTAVEL
2009-07-03;1246579200000;MAPT3.SA;18.3;18.3;18.3;18.3;18.3;10;stock;2155.4;-99.15;2155.4;-99.15;31.61;ESTAVEL
2009-07-06;1246838400000;MAPT3.SA;18.3;18.3;18.3;18.3;18.3;0;stock;2134.14;-99.14;2134.14;-99.14;31.61;ESTAVEL
2009-07-07;1246924800000;MAPT3.SA;18.3;18.3;18.3;18.3;18.3;0;stock;2113.08;-99.13;2113.08;-99.13;31.61;ESTAVEL
2009-07-08;1247011200000;MAPT3.SA;18.3;18.3;18.3;18.3;18.3;0;stock;2092.24;-99.13;2092.24;-99.13;31.61;ESTAVEL
2009-07-09;1247097600000;MAPT3.SA;18.3;18.3;18.3;18.3;18.3;0;stock;2071.6;-99.12;2071.6;-99.12;31.61;ESTAVEL
2009-07-10;1247184000000;MAPT3.SA;18.3;18.3;18.3;18.3;18.3;0;stock;2051.17;-99.11;2051.17;-99.11;31.61;ESTAVEL
2009-07-13;1247443200000;MAPT3.SA;18.3;18.3;18.3;18.3;18.3;0;stock;2030.94;-99.1;2030.94;-99.1;31.61;ESTAVEL
2009-07-14;1247529600000;MAPT3.SA;18.3;18.3;18.3;18.3;18.3;0;stock;2010.92;-99.09;2010.92;-99.09;31.61;ESTAVEL
2009-07-15;1247616000000;MAPT3.SA;18.3;18.3;18.3;18.3;18.3;0;stock;1991.09;-99.08;1991.09;-99.08;31.61;ESTAVEL
2009-07-16;1247702400000;MAPT3.SA;18.3;18.3;18.3;18.3;18.3;0;stock;1971.46;-99.07;1971.46;-99.07;31.61;ESTAVEL
2009-07-17;1247788800000;MAPT3.SA;18.3;18.3;18.3;18.3;18.3;0;stock;1952.03;-99.06;1952.03;-99.06;31.61;ESTAVEL
2009-07-20;1248048000000;MAPT3.SA;18.3;18.3;18.3;18.3;18.3;0;stock;1932.79;-99.05;1932.79;-99.05;31.61;ESTAVEL
2009-07-21;1248134400000;MAPT3.SA;18.3;18.3;18.3;18.3;18.3;0;stock;1913.74;-99.04;1913.74;-99.04;31.61;ESTAVEL
2009-07-22;1248220800000;MAPT3.SA;18.3;18.3;18.3;18.3;18.3;0;stock;1894.88;-99.03;1894.88;-99.03;31.61;ESTAVEL
2009-07-23;1248307200000;MAPT3.SA;24.9;24.9;18.6;18.6;18.6;20;stock;1876.21;-99.01;1876.21;-99.01;35.85;ESTAVEL
2009-07-24;1248393600000;MAPT3.SA;18.6;18.6;18.6;18.6;18.6;0;stock;1857.72;-99.0;1857.72;-99.0;35.85;ESTAVEL
2009-07-27;1248652800000;MAPT3.SA;20.0;20.0;20.0;20.0;20.0;10;stock;1839.44;-98.91;1839.44;-98.91;51.96;ESTAVEL
2009-07-28;1248739200000;MAPT3.SA;20.0;20.0;20.0;20.0;20.0;0;stock;1821.33;-98.9;1821.33;-98.9;51.96;ESTAVEL
2009-07-29;1248825600000;MAPT3.SA;20.0;20.0;20.0;20.0;20.0;0;stock;1803.41;-98.89;1803.41;-98.89;51.96;ESTAVEL
2009-07-30;1248912000000;MAPT3.SA;20.0;20.0;20.0;20.0;20.0;0;stock;1785.66;-98.88;1785.66;-98.88;51.96;ESTAVEL
2009-07-31;1248998400000;MAPT3.SA;20.0;20.0;20.0;20.0;20.0;0;stock;1768.1;-98.87;1768.1;-98.87;51.96;ESTAVEL
2009-08-03;1249257600000;MAPT3.SA;20.0;20.0;20.0;20.0;20.0;0;stock;1750.7;-98.86;1750.7;-98.86;51.96;ESTAVEL
2009-08-04;1249344000000;MAPT3.SA;20.0;20.0;20.0;20.0;20.0;0;stock;1733.48;-98.85;1733.48;-98.85;51.96;ESTAVEL
2009-08-05;1249430400000;MAPT3.SA;20.0;20.0;20.0;20.0;20.0;0;stock;1716.43;-98.83;1716.43;-98.83;51.96;ESTAVEL
2009-08-06;1249516800000;MAPT3.SA;20.0;20.0;20.0;20.0;20.0;0;stock;1699.55;-98.82;1699.55;-98.82;51.96;ESTAVEL
2009-08-07;1249603200000;MAPT3.SA;20.0;20.0;20.0;20.0;20.0;0;stock;1682.84;-98.81;1682.84;-98.81;51.96;ESTAVEL
2009-08-10;1249862400000;MAPT3.SA;20.0;20.0;20.0;20.0;20.0;0;stock;1666.29;-98.8;1666.29;-98.8;51.96;ESTAVEL
2009-08-11;1249948800000;MAPT3.SA;20.0;20.0;20.0;20.0;20.0;0;stock;1649.91;-98.79;1649.91;-98.79;51.96;ESTAVEL
2009-08-12;1250035200000;MAPT3.SA;20.0;20.0;20.0;20.0;20.0;0;stock;1633.69;-98.78;1633.69;-98.78;51.96;ESTAVEL
2009-08-13;1250121600000;MAPT3.SA;20.0;20.0;20.0;20.0;20.0;0;stock;1617.64;-98.76;1617.64;-98.76;51.96;ESTAVEL
2009-08-14;1250208000000;MAPT3.SA;20.0;20.0;20.0;20.0;20.0;0;stock;1601.74;-98.75;1601.74;-98.75;51.96;ESTAVEL
2009-08-17;1250467200000;MAPT3.SA;20.0;20.0;20.0;20.0;20.0;0;stock;1586.0;-98.74;1586.0;-98.74;51.96;ESTAVEL
2009-08-18;1250553600000;MAPT3.SA;20.0;20.0;20.0;20.0;20.0;0;stock;1570.42;-98.73;1570.42;-98.73;51.96;ESTAVEL
2009-08-19;1250640000000;MAPT3.SA;20.0;20.0;20.0;20.0;20.0;0;stock;1554.99;-98.71;1554.99;-98.71;51.96;ESTAVEL
2009-08-20;1250726400000;MAPT3.SA;20.0;20.0;20.0;20.0;20.0;0;stock;1539.72;-98.7;1539.72;-98.7;51.96;ESTAVEL
2009-08-21;1250812800000;MAPT3.SA;20.0;20.0;20.0;20.0;20.0;0;stock;1524.6;-98.69;1524.6;-98.69;51.96;ESTAVEL
2009-08-24;1251072000000;MAPT3.SA;20.0;20.0;20.0;20.0;20.0;0;stock;1509.63;-98.68;1509.63;-98.68;51.96;ESTAVEL
2009-08-25;1251158400000;MAPT3.SA;18.4;18.4;18.4;18.4;18.4;10;stock;1494.79;-98.77;1494.79;-98.77;22.01;SUBIR
2009-08-26;1251244800000;MAPT3.SA;18.4;18.4;18.4;18.4;18.4;0;stock;1480.1;-98.76;1480.1;-98.76;22.01;SUBIR
2009-08-27;1251331200000;MAPT3.SA;18.4;18.4;18.4;18.4;18.4;0;stock;1465.55;-98.74;1465.55;-98.74;22.01;SUBIR
2009-08-28;1251417600000;MAPT3.SA;18.4;18.4;18.4;18.4;18.4;0;stock;1451.15;-98.73;1451.15;-98.73;22.01;SUBIR
2009-08-31;1251676800000;MAPT3.SA;18.4;18.4;18.4;18.4;18.4;10;stock;1436.9;-98.72;1436.9;-98.72;22.01;SUBIR
2009-09-01;1251763200000;MAPT3.SA;18.4;18.4;18.4;18.4;18.4;0;stock;1422.78;-98.71;1422.78;-98.71;22.01;SUBIR
2009-09-02;1251849600000;MAPT3.SA;18.4;18.4;18.4;18.4;18.4;0;stock;1408.81;-98.69;1408.81;-98.69;22.01;SUBIR
2009-09-03;1251936000000;MAPT3.SA;18.4;18.4;18.4;18.4;18.4;0;stock;1394.97;-98.68;1394.97;-98.68;22.01;SUBIR
2009-09-04;1252022400000;MAPT3.SA;18.4;18.4;18.4;18.4;18.4;0;stock;1381.28;-98.67;1381.28;-98.67;22.01;SUBIR
2009-09-08;1252368000000;MAPT3.SA;18.4;18.4;18.4;18.4;18.4;0;stock;1367.72;-98.65;1367.72;-98.65;22.01;SUBIR
2009-09-09;1252454400000;MAPT3.SA;18.4;18.4;18.4;18.4;18.4;0;stock;1354.29;-98.64;1354.29;-98.64;22.01;SUBIR
2009-09-10;1252540800000;MAPT3.SA;18.4;18.4;18.4;18.4;18.4;0;stock;1341.0;-98.63;1341.0;-98.63;22.01;SUBIR
2009-09-11;1252627200000;MAPT3.SA;18.4;18.4;18.4;18.4;18.4;0;stock;1327.84;-98.61;1327.84;-98.61;22.01;SUBIR
2009-09-14;1252886400000;MAPT3.SA;18.4;18.4;18.4;18.4;18.4;0;stock;1314.81;-98.6;1314.81;-98.6;22.01;SUBIR
2009-09-15;1252972800000;MAPT3.SA;18.4;18.4;18.4;18.4;18.4;0;stock;1301.91;-98.59;1301.91;-98.59;22.01;SUBIR
2009-09-16;1253059200000;MAPT3.SA;18.4;18.4;18.4;18.4;18.4;0;stock;1289.14;-98.57;1289.14;-98.57;22.01;SUBIR
2009-09-17;1253145600000;MAPT3.SA;18.4;18.4;18.4;18.4;18.4;0;stock;1276.49;-98.56;1276.49;-98.56;22.01;SUBIR
2009-09-18;1253232000000;MAPT3.SA;18.4;18.4;18.4;18.4;18.4;0;stock;1263.98;-98.54;1263.98;-98.54;22.01;SUBIR
2009-09-21;1253491200000;MAPT3.SA;18.4;18.4;18.4;18.4;18.4;0;stock;1251.58;-98.53;1251.58;-98.53;22.01;SUBIR
2009-09-22;1253577600000;MAPT3.SA;18.4;18.4;18.4;18.4;18.4;0;stock;1239.31;-98.52;1239.31;-98.52;22.01;SUBIR
2009-09-23;1253664000000;MAPT3.SA;20.0;20.0;20.0;20.0;20.0;100;stock;1227.18;-98.37;1227.18;-98.37;77.95;ESTAVEL
2009-09-24;1253750400000;MAPT3.SA;20.0;20.0;20.0;20.0;20.0;0;stock;1215.17;-98.35;1215.17;-98.35;77.95;ESTAVEL
2009-09-25;1253836800000;MAPT3.SA;20.0;20.0;20.0;20.0;20.0;0;stock;1203.27;-98.34;1203.27;-98.34;77.95;ESTAVEL
2009-09-28;1254096000000;MAPT3.SA;19.0;19.0;19.0;19.0;19.0;30;stock;1191.49;-98.41;1191.49;-98.41;49.97;ESTAVEL
2009-09-29;1254182400000;MAPT3.SA;19.0;19.0;19.0;19.0;19.0;0;stock;1179.82;-98.39;1179.82;-98.39;49.97;ESTAVEL
2009-09-30;1254268800000;MAPT3.SA;19.0;19.0;19.0;19.0;19.0;0;stock;1168.27;-98.37;1168.27;-98.37;49.97;ESTAVEL
2009-10-01;1254355200000;MAPT3.SA;19.0;19.0;19.0;19.0;19.0;0;stock;1156.84;-98.36;1156.84;-98.36;49.97;ESTAVEL
2009-10-02;1254441600000;MAPT3.SA;19.0;19.0;19.0;19.0;19.0;0;stock;1145.52;-98.34;1145.52;-98.34;49.97;ESTAVEL
2009-10-05;1254700800000;MAPT3.SA;19.0;19.0;19.0;19.0;19.0;0;stock;1134.31;-98.32;1134.31;-98.32;49.97;ESTAVEL
2009-10-06;1254787200000;MAPT3.SA;21.0;21.0;21.0;21.0;21.0;10;stock;1123.23;-98.13;1123.23;-98.13;76.4;ESTAVEL
2009-10-07;1254873600000;MAPT3.SA;21.0;21.0;21.0;21.0;21.0;0;stock;1112.26;-98.11;1112.26;-98.11;76.4;ESTAVEL
2009-10-08;1254960000000;MAPT3.SA;21.0;21.0;21.0;21.0;21.0;0;stock;1101.4;-98.09;1101.4;-98.09;76.4;ESTAVEL
2009-10-09;1255046400000;MAPT3.SA;21.0;21.0;21.0;21.0;21.0;0;stock;1090.65;-98.07;1090.65;-98.07;76.4;ESTAVEL
2009-10-13;1255392000000;MAPT3.SA;21.0;21.0;21.0;21.0;21.0;0;stock;1080.01;-98.06;1080.01;-98.06;76.4;ESTAVEL
2009-10-14;1255478400000;MAPT3.SA;26.5;28.0;26.5;28.0;28.0;30;stock;1069.54;-97.38;1069.54;-97.38;93.58;ESTAVEL
2009-10-15;1255564800000;MAPT3.SA;30.0;30.0;30.0;30.0;30.0;50;stock;1059.2;-97.17;1059.2;-97.17;94.76;ESTAVEL
2009-10-16;1255651200000;MAPT3.SA;35.9;49.9;35.9;49.9;49.9;400;stock;1049.16;-95.24;1049.16;-95.24;98.23;ESTAVEL
2009-10-19;1255910400000;MAPT3.SA;50.1;54.0;50.1;52.0;52.0;240;stock;1039.23;-95.0;1039.23;-95.0;98.35;ESTAVEL
2009-10-20;1255996800000;MAPT3.SA;49.9;49.9;45.1;45.1;45.1;20;stock;1029.34;-95.62;1029.34;-95.62;78.83;ESTAVEL
2009-10-21;1256083200000;MAPT3.SA;43.5;55.9;43.5;55.9;55.9;390;stock;1019.66;-94.52;1019.66;-94.52;84.14;ESTAVEL
2009-10-22;1256169600000;MAPT3.SA;55.9;55.9;55.9;55.9;55.9;0;stock;1010.07;-94.47;1010.07;-94.47;84.14;ESTAVEL
2009-10-23;1256256000000;MAPT3.SA;53.9;53.9;53.9;53.9;53.9;10;stock;1000.55;-94.61;1000.55;-94.61;79.84;ESTAVEL
2009-10-26;1256515200000;MAPT3.SA;53.9;53.9;53.9;53.9;53.9;0;stock;991.13;-94.56;991.13;-94.56;79.84;ESTAVEL
2009-10-27;1256601600000;MAPT3.SA;53.9;53.9;53.9;53.9;53.9;0;stock;981.81;-94.51;981.81;-94.51;79.84;ESTAVEL
2009-10-28;1256688000000;MAPT3.SA;53.9;53.9;53.9;53.9;53.9;0;stock;972.57;-94.46;972.57;-94.46;79.84;ESTAVEL
2009-10-29;1256774400000;MAPT3.SA;53.9;53.9;53.9;53.9;53.9;0;stock;963.43;-94.41;963.43;-94.41;79.84;ESTAVEL
2009-10-30;1256860800000;MAPT3.SA;53.9;53.9;53.9;53.9;53.9;0;stock;954.38;-94.35;954.38;-94.35;79.84;ESTAVEL
2009-11-03;1257206400000;MAPT3.SA;53.9;53.9;53.9;53.9;53.9;0;stock;945.42;-94.3;945.42;-94.3;79.84;ESTAVEL
2009-11-04;1257292800000;MAPT3.SA;53.9;53.9;53.9;53.9;53.9;0;stock;936.55;-94.24;936.55;-94.24;79.84;ESTAVEL
2009-11-05;1257379200000;MAPT3.SA;53.9;53.9;53.9;53.9;53.9;0;stock;927.77;-94.19;927.77;-94.19;79.84;ESTAVEL
2009-11-06;1257465600000;MAPT3.SA;53.9;53.9;53.9;53.9;53.9;0;stock;919.07;-94.14;919.07;-94.14;79.84;ESTAVEL
2009-11-09;1257724800000;MAPT3.SA;53.9;53.9;53.9;53.9;53.9;0;stock;910.47;-94.08;910.47;-94.08;79.84;ESTAVEL
2009-11-10;1257811200000;MAPT3.SA;53.9;53.9;53.9;53.9;53.9;0;stock;901.94;-94.02;901.94;-94.02;79.84;ESTAVEL
2009-11-11;1257897600000;MAPT3.SA;53.9;53.9;53.9;53.9;53.9;0;stock;893.5;-93.97;893.5;-93.97;79.84;ESTAVEL
2009-11-12;1257984000000;MAPT3.SA;53.9;53.9;53.9;53.9;53.9;0;stock;885.15;-93.91;885.15;-93.91;79.84;ESTAVEL
2009-11-13;1258070400000;MAPT3.SA;53.9;53.9;53.9;53.9;53.9;0;stock;876.88;-93.85;876.88;-93.85;79.84;ESTAVEL
2009-11-16;1258329600000;MAPT3.SA;53.9;53.9;53.9;53.9;53.9;0;stock;868.69;-93.8;868.69;-93.8;79.84;ESTAVEL
2009-11-17;1258416000000;MAPT3.SA;53.9;53.9;53.9;53.9;53.9;0;stock;860.58;-93.74;860.58;-93.74;79.84;ESTAVEL
2009-11-18;1258502400000;MAPT3.SA;53.9;53.9;53.9;53.9;53.9;0;stock;852.56;-93.68;852.56;-93.68;79.84;ESTAVEL
2009-11-19;1258588800000;MAPT3.SA;53.9;53.9;53.9;53.9;53.9;0;stock;844.61;-93.62;844.61;-93.62;79.84;ESTAVEL
2009-11-23;1258934400000;MAPT3.SA;53.9;53.9;53.9;53.9;53.9;0;stock;836.74;-93.56;836.74;-93.56;79.84;ESTAVEL
2009-11-24;1259020800000;MAPT3.SA;53.9;53.9;53.9;53.9;53.9;0;stock;828.95;-93.5;828.95;-93.5;79.84;ESTAVEL
2009-11-25;1259107200000;MAPT3.SA;53.9;53.9;53.9;53.9;53.9;0;stock;821.24;-93.44;821.24;-93.44;79.84;ESTAVEL
2009-11-26;1259193600000;MAPT3.SA;53.9;53.9;53.9;53.9;53.9;0;stock;813.6;-93.38;813.6;-93.38;79.84;ESTAVEL
2009-11-27;1259280000000;MAPT3.SA;53.9;53.9;53.9;53.9;53.9;0;stock;806.05;-93.31;806.05;-93.31;79.84;ESTAVEL
2009-11-30;1259539200000;MAPT3.SA;53.9;53.9;53.9;53.9;53.9;0;stock;798.56;-93.25;798.56;-93.25;79.84;ESTAVEL
2009-12-01;1259625600000;MAPT3.SA;53.9;53.9;53.9;53.9;53.9;0;stock;791.15;-93.19;791.15;-93.19;79.84;ESTAVEL
2009-12-02;1259712000000;MAPT3.SA;53.9;53.9;53.9;53.9;53.9;0;stock;783.82;-93.12;783.82;-93.12;79.84;ESTAVEL
2009-12-03;1259798400000;MAPT3.SA;53.9;53.9;53.9;53.9;53.9;0;stock;776.55;-93.06;776.55;-93.06;79.84;ESTAVEL
2009-12-04;1259884800000;MAPT3.SA;53.9;53.9;53.9;53.9;53.9;0;stock;769.36;-92.99;769.36;-92.99;79.84;ESTAVEL
2009-12-07;1260144000000;MAPT3.SA;53.9;53.9;53.9;53.9;53.9;0;stock;762.24;-92.93;762.24;-92.93;79.84;ESTAVEL
2009-12-08;1260230400000;MAPT3.SA;53.9;53.9;53.9;53.9;53.9;0;stock;755.2;-92.86;755.2;-92.86;79.84;ESTAVEL
2009-12-09;1260316800000;MAPT3.SA;53.9;53.9;53.9;53.9;53.9;0;stock;748.22;-92.8;748.22;-92.8;79.84;ESTAVEL
2009-12-10;1260403200000;MAPT3.SA;53.9;53.9;53.9;53.9;53.9;0;stock;741.31;-92.73;741.31;-92.73;79.84;ESTAVEL
2009-12-11;1260489600000;MAPT3.SA;53.9;53.9;53.9;53.9;53.9;0;stock;734.47;-92.66;734.47;-92.66;79.84;ESTAVEL
2009-12-14;1260748800000;MAPT3.SA;53.9;53.9;53.9;53.9;53.9;0;stock;727.7;-92.59;727.7;-92.59;79.84;ESTAVEL
2009-12-15;1260835200000;MAPT3.SA;53.9;53.9;53.9;53.9;53.9;0;stock;720.99;-92.52;720.99;-92.52;79.84;ESTAVEL
2009-12-16;1260921600000;MAPT3.SA;53.9;53.9;53.9;53.9;53.9;0;stock;714.36;-92.45;714.36;-92.45;79.84;ESTAVEL
2009-12-17;1261008000000;MAPT3.SA;53.9;53.9;53.9;53.9;53.9;0;stock;707.78;-92.38;707.78;-92.38;79.84;ESTAVEL
2009-12-18;1261094400000;MAPT3.SA;53.9;53.9;53.9;53.9;53.9;0;stock;701.28;-92.31;701.28;-92.31;79.84;ESTAVEL
2009-12-21;1261353600000;MAPT3.SA;53.9;53.9;53.9;53.9;53.9;0;stock;694.84;-92.24;694.84;-92.24;79.84;ESTAVEL
2009-12-22;1261440000000;MAPT3.SA;53.9;53.9;53.9;53.9;53.9;0;stock;688.46;-92.17;688.46;-92.17;79.84;ESTAVEL
2009-12-23;1261526400000;MAPT3.SA;53.9;53.9;53.9;53.9;53.9;0;stock;682.14;-92.1;682.14;-92.1;79.84;ESTAVEL
2009-12-24;1261612800000;MAPT3.SA;53.9;53.9;53.9;53.9;53.9;0;stock;675.89;-92.03;675.89;-92.03;79.84;ESTAVEL
2009-12-28;1261958400000;MAPT3.SA;53.9;53.9;53.9;53.9;53.9;0;stock;669.7;-91.95;669.7;-91.95;79.84;ESTAVEL
2009-12-29;1262044800000;MAPT3.SA;53.9;53.9;53.9;53.9;53.9;0;stock;663.58;-91.88;663.58;-91.88;79.84;ESTAVEL
2009-12-30;1262131200000;MAPT3.SA;53.9;53.9;53.9;53.9;53.9;0;stock;657.51;-91.8;657.51;-91.8;79.84;ESTAVEL
2010-01-04;1262563200000;MAPT3.SA;53.9;53.9;53.9;53.9;53.9;0;stock;651.5;-91.73;651.5;-91.73;79.84;ESTAVEL
2010-01-05;1262649600000;MAPT3.SA;53.9;53.9;53.9;53.9;53.9;0;stock;645.56;-91.65;645.56;-91.65;79.84;ESTAVEL
2010-01-06;1262736000000;MAPT3.SA;53.9;53.9;53.9;53.9;53.9;0;stock;639.67;-91.57;639.67;-91.57;79.84;ESTAVEL
2010-01-07;1262822400000;MAPT3.SA;53.9;53.9;53.9;53.9;53.9;0;stock;633.84;-91.5;633.84;-91.5;79.84;ESTAVEL
2010-01-08;1262908800000;MAPT3.SA;53.9;53.9;53.9;53.9;53.9;0;stock;628.07;-91.42;628.07;-91.42;79.84;ESTAVEL
2010-01-11;1263168000000;MAPT3.SA;53.9;53.9;53.9;53.9;53.9;0;stock;622.36;-91.34;622.36;-91.34;79.84;ESTAVEL
2010-01-12;1263254400000;MAPT3.SA;53.9;53.9;53.9;53.9;53.9;0;stock;616.7;-91.26;616.7;-91.26;79.84;ESTAVEL
2010-01-13;1263340800000;MAPT3.SA;53.9;53.9;53.9;53.9;53.9;0;stock;611.1;-91.18;611.1;-91.18;79.84;ESTAVEL
2010-01-14;1263427200000;MAPT3.SA;53.9;53.9;53.9;53.9;53.9;0;stock;605.56;-91.1;605.56;-91.1;79.84;ESTAVEL
2010-01-15;1263513600000;MAPT3.SA;53.9;53.9;53.9;53.9;53.9;0;stock;600.07;-91.02;600.07;-91.02;79.84;ESTAVEL
2010-01-18;1263772800000;MAPT3.SA;53.9;53.9;53.9;53.9;53.9;0;stock;594.63;-90.94;594.63;-90.94;79.84;ESTAVEL
2010-01-19;1263859200000;MAPT3.SA;53.9;53.9;53.9;53.9;53.9;0;stock;589.25;-90.85;589.25;-90.85;79.84;ESTAVEL
2010-01-20;1263945600000;MAPT3.SA;53.9;53.9;53.9;53.9;53.9;0;stock;583.93;-90.77;583.93;-90.77;79.84;ESTAVEL
2010-01-21;1264032000000;MAPT3.SA;53.9;53.9;53.9;53.9;53.9;0;stock;578.65;-90.69;578.65;-90.69;79.84;ESTAVEL
2010-01-22;1264118400000;MAPT3.SA;53.9;53.9;53.9;53.9;53.9;0;stock;573.43;-90.6;573.43;-90.6;79.84;ESTAVEL
2010-01-26;1264464000000;MAPT3.SA;53.9;53.9;53.9;53.9;53.9;0;stock;568.26;-90.51;568.26;-90.51;79.84;ESTAVEL
2010-01-27;1264550400000;MAPT3.SA;53.9;53.9;53.9;53.9;53.9;0;stock;563.14;-90.43;563.14;-90.43;79.84;ESTAVEL
2010-01-28;1264636800000;MAPT3.SA;53.9;53.9;53.9;53.9;53.9;0;stock;558.08;-90.34;558.08;-90.34;79.84;ESTAVEL
2010-01-29;1264723200000;MAPT3.SA;53.9;53.9;53.9;53.9;53.9;0;stock;553.06;-90.25;553.06;-90.25;79.84;ESTAVEL
2010-02-01;1264982400000;MAPT3.SA;53.9;53.9;53.9;53.9;53.9;0;stock;548.09;-90.17;548.09;-90.17;79.84;ESTAVEL
2010-02-02;1265068800000;MAPT3.SA;53.9;53.9;53.9;53.9;53.9;0;stock;543.18;-90.08;543.18;-90.08;79.84;ESTAVEL
2010-02-03;1265155200000;MAPT3.SA;53.9;53.9;53.9;53.9;53.9;0;stock;538.31;-89.99;538.31;-89.99;79.84;ESTAVEL
2010-02-04;1265241600000;MAPT3.SA;53.9;53.9;53.9;53.9;53.9;0;stock;533.49;-89.9;533.49;-89.9;79.84;ESTAVEL
2010-02-05;1265328000000;MAPT3.SA;53.9;53.9;53.9;53.9;53.9;0;stock;528.72;-89.81;528.72;-89.81;79.84;ESTAVEL
2010-02-08;1265587200000;MAPT3.SA;53.9;53.9;53.9;53.9;53.9;0;stock;523.99;-89.71;523.99;-89.71;79.84;ESTAVEL
2010-02-09;1265673600000;MAPT3.SA;53.9;53.9;53.9;53.9;53.9;0;stock;519.31;-89.62;519.31;-89.62;79.84;ESTAVEL
2010-02-10;1265760000000;MAPT3.SA;53.9;53.9;53.9;53.9;53.9;0;stock;514.68;-89.53;514.68;-89.53;79.84;ESTAVEL
2010-02-11;1265846400000;MAPT3.SA;53.9;53.9;53.9;53.9;53.9;0;stock;510.1;-89.43;510.1;-89.43;79.84;ESTAVEL
2010-02-12;1265932800000;MAPT3.SA;53.9;53.9;53.9;53.9;53.9;0;stock;505.56;-89.34;505.56;-89.34;79.84;ESTAVEL
2010-02-17;1266364800000;MAPT3.SA;53.9;53.9;53.9;53.9;53.9;0;stock;501.06;-89.24;501.06;-89.24;79.84;ESTAVEL
2010-02-18;1266451200000;MAPT3.SA;53.9;53.9;53.9;53.9;53.9;0;stock;496.61;-89.15;496.61;-89.15;79.84;ESTAVEL
2010-02-19;1266537600000;MAPT3.SA;53.9;53.9;53.9;53.9;53.9;0;stock;492.21;-89.05;492.21;-89.05;79.84;ESTAVEL
2010-02-22;1266796800000;MAPT3.SA;53.9;53.9;53.9;53.9;53.9;0;stock;487.85;-88.95;487.85;-88.95;79.84;ESTAVEL
2010-02-23;1266883200000;MAPT3.SA;53.9;53.9;53.9;53.9;53.9;0;stock;483.53;-88.85;483.53;-88.85;79.84;ESTAVEL
2010-02-24;1266969600000;MAPT3.SA;53.9;53.9;53.9;53.9;53.9;0;stock;479.26;-88.75;479.26;-88.75;79.84;ESTAVEL
2010-02-25;1267056000000;MAPT3.SA;53.9;53.9;53.9;53.9;53.9;0;stock;475.02;-88.65;475.02;-88.65;79.84;ESTAVEL
2010-02-26;1267142400000;MAPT3.SA;34.9;44.4;34.9;44.4;44.4;50;stock;470.74;-90.57;470.74;-90.57;0.75;SUBIR
2010-03-01;1267401600000;MAPT3.SA;44.4;44.4;44.4;44.4;44.4;0;stock;466.5;-90.48;466.5;-90.48;0.75;SUBIR
2010-03-02;1267488000000;MAPT3.SA;44.4;44.4;44.4;44.4;44.4;0;stock;462.3;-90.4;462.3;-90.4;0.75;SUBIR
2010-03-03;1267574400000;MAPT3.SA;44.4;44.4;44.4;44.4;44.4;0;stock;458.14;-90.31;458.14;-90.31;0.75;SUBIR
2010-03-04;1267660800000;MAPT3.SA;44.4;44.4;44.4;44.4;44.4;0;stock;454.02;-90.22;454.02;-90.22;0.75;SUBIR
2010-03-05;1267747200000;MAPT3.SA;44.4;44.4;44.4;44.4;44.4;0;stock;449.95;-90.13;449.95;-90.13;0.75;SUBIR
2010-03-08;1268006400000;MAPT3.SA;44.4;44.4;44.4;44.4;44.4;0;stock;445.91;-90.04;445.91;-90.04;0.75;SUBIR
2010-03-09;1268092800000;MAPT3.SA;44.4;44.4;44.4;44.4;44.4;0;stock;441.91;-89.95;441.91;-89.95;0.75;SUBIR
2010-03-10;1268179200000;MAPT3.SA;44.4;44.4;44.4;44.4;44.4;0;stock;437.96;-89.86;437.96;-89.86;0.75;SUBIR
2010-03-11;1268265600000;MAPT3.SA;44.4;44.4;44.4;44.4;44.4;0;stock;434.04;-89.77;434.04;-89.77;0.75;SUBIR
2010-03-12;1268352000000;MAPT3.SA;44.4;44.4;44.4;44.4;44.4;0;stock;430.17;-89.68;430.17;-89.68;0.75;SUBIR
2010-03-15;1268611200000;MAPT3.SA;44.4;44.4;44.4;44.4;44.4;0;stock;426.33;-89.59;426.33;-89.59;0.75;SUBIR
2010-03-16;1268697600000;MAPT3.SA;44.4;44.4;44.4;44.4;44.4;0;stock;422.53;-89.49;422.53;-89.49;0.75;SUBIR
2010-03-17;1268784000000;MAPT3.SA;44.4;44.4;44.4;44.4;44.4;0;stock;418.77;-89.4;418.77;-89.4;0.75;SUBIR
2010-03-18;1268870400000;MAPT3.SA;44.4;44.4;44.4;44.4;44.4;0;stock;415.04;-89.3;415.04;-89.3;0.75;SUBIR
2010-03-19;1268956800000;MAPT3.SA;44.4;44.4;44.4;44.4;44.4;0;stock;411.35;-89.21;411.35;-89.21;0.75;SUBIR
2010-03-22;1269216000000;MAPT3.SA;44.4;44.4;44.4;44.4;44.4;0;stock;407.7;-89.11;407.7;-89.11;0.75;SUBIR
2010-03-23;1269302400000;MAPT3.SA;44.4;44.4;44.4;44.4;44.4;0;stock;404.09;-89.01;404.09;-89.01;0.75;SUBIR
2010-03-24;1269388800000;MAPT3.SA;44.4;44.4;44.4;44.4;44.4;0;stock;400.51;-88.91;400.51;-88.91;0.75;SUBIR
2010-03-25;1269475200000;MAPT3.SA;44.4;44.4;44.4;44.4;44.4;0;stock;396.96;-88.82;396.96;-88.82;0.75;SUBIR
2010-03-26;1269561600000;MAPT3.SA;30.0;34.6;30.0;34.6;34.6;110;stock;393.36;-91.2;393.36;-91.2;0.14;SUBIR
2010-03-29;1269820800000;MAPT3.SA;44.4;44.4;44.4;44.4;44.4;130;stock;389.89;-88.61;389.89;-88.61;46.91;ESTAVEL
2010-03-30;1269907200000;MAPT3.SA;40.0;40.0;40.0;40.0;40.0;30;stock;386.4;-89.65;386.4;-89.65;38.25;ESTAVEL
2010-03-31;1269993600000;MAPT3.SA;31.1;31.1;31.1;31.1;31.1;10;stock;382.87;-91.88;382.87;-91.88;27.28;SUBIR
2010-04-01;1270080000000;MAPT3.SA;31.1;31.1;31.1;31.1;31.1;0;stock;379.37;-91.8;379.37;-91.8;27.28;SUBIR
2010-04-05;1270425600000;MAPT3.SA;31.1;31.1;31.1;31.1;31.1;0;stock;375.9;-91.73;375.9;-91.73;27.28;SUBIR
2010-04-06;1270512000000;MAPT3.SA;31.1;31.1;31.1;31.1;31.1;0;stock;372.47;-91.65;372.47;-91.65;27.28;SUBIR
2010-04-07;1270598400000;MAPT3.SA;31.1;31.1;31.1;31.1;31.1;0;stock;369.08;-91.57;369.08;-91.57;27.28;SUBIR
2010-04-08;1270684800000;MAPT3.SA;45.0;45.0;45.0;45.0;45.0;0;stock;365.85;-87.7;365.85;-87.7;55.9;ESTAVEL
2010-04-09;1270771200000;MAPT3.SA;31.2;31.2;31.2;31.2;31.2;20;stock;362.52;-91.39;362.52;-91.39;39.34;ESTAVEL
2010-04-12;1271030400000;MAPT3.SA;31.2;31.2;31.2;31.2;31.2;0;stock;359.22;-91.31;359.22;-91.31;39.34;ESTAVEL
2010-04-13;1271116800000;MAPT3.SA;31.2;31.2;31.2;31.2;31.2;0;stock;355.96;-91.23;355.96;-91.23;39.34;ESTAVEL
2010-04-14;1271203200000;MAPT3.SA;31.2;31.2;31.2;31.2;31.2;0;stock;352.73;-91.15;352.73;-91.15;39.34;ESTAVEL
2010-04-15;1271289600000;MAPT3.SA;31.2;31.2;31.2;31.2;31.2;0;stock;349.53;-91.07;349.53;-91.07;39.34;ESTAVEL
2010-04-16;1271376000000;MAPT3.SA;31.2;31.2;31.2;31.2;31.2;0;stock;346.36;-90.99;346.36;-90.99;39.34;ESTAVEL
2010-04-19;1271635200000;MAPT3.SA;31.2;31.2;31.2;31.2;31.2;0;stock;343.23;-90.91;343.23;-90.91;39.34;ESTAVEL
2010-04-20;1271721600000;MAPT3.SA;31.2;31.2;31.2;31.2;31.2;0;stock;340.12;-90.83;340.12;-90.83;39.34;ESTAVEL
2010-04-22;1271894400000;MAPT3.SA;31.2;31.2;31.2;31.2;31.2;0;stock;337.05;-90.74;337.05;-90.74;39.34;ESTAVEL
2010-04-23;1271980800000;MAPT3.SA;31.2;31.2;31.2;31.2;31.2;0;stock;334.0;-90.66;334.0;-90.66;39.34;ESTAVEL
2010-04-26;1272240000000;MAPT3.SA;31.2;31.2;31.2;31.2;31.2;0;stock;330.99;-90.57;330.99;-90.57;39.34;ESTAVEL
2010-04-27;1272326400000;MAPT3.SA;29.9;29.9;29.9;29.9;29.9;20;stock;328.0;-90.88;328.0;-90.88;37.01;ESTAVEL
2010-04-28;1272412800000;MAPT3.SA;29.9;29.9;29.9;29.9;29.9;0;stock;325.03;-90.8;325.03;-90.8;37.01;ESTAVEL
2010-04-29;1272499200000;MAPT3.SA;29.9;29.9;29.9;29.9;29.9;0;stock;322.09;-90.72;322.09;-90.72;37.01;ESTAVEL
2010-04-30;1272585600000;MAPT3.SA;29.9;29.9;29.9;29.9;29.9;0;stock;319.19;-90.63;319.19;-90.63;37.01;ESTAVEL
2010-05-03;1272844800000;MAPT3.SA;25.0;25.0;25.0;25.0;25.0;8;stock;316.26;-92.1;316.26;-92.1;28.45;SUBIR
2010-05-04;1272931200000;MAPT3.SA;27.9;27.9;27.9;27.9;27.9;50;stock;313.39;-91.1;313.39;-91.1;37.64;ESTAVEL
2010-05-05;1273017600000;MAPT3.SA;27.9;27.9;27.9;27.9;27.9;0;stock;310.55;-91.02;310.55;-91.02;37.64;ESTAVEL
2010-05-06;1273104000000;MAPT3.SA;27.9;27.9;27.9;27.9;27.9;0;stock;307.74;-90.93;307.74;-90.93;37.64;ESTAVEL
2010-05-07;1273190400000;MAPT3.SA;27.9;27.9;27.9;27.9;27.9;0;stock;304.95;-90.85;304.95;-90.85;37.64;ESTAVEL
2010-05-10;1273449600000;MAPT3.SA;27.9;27.9;27.9;27.9;27.9;0;stock;302.2;-90.77;302.2;-90.77;37.64;ESTAVEL
2010-05-11;1273536000000;MAPT3.SA;27.9;27.9;27.9;27.9;27.9;0;stock;299.47;-90.68;299.47;-90.68;37.64;ESTAVEL
2010-05-12;1273622400000;MAPT3.SA;27.9;27.9;27.9;27.9;27.9;0;stock;296.76;-90.6;296.76;-90.6;37.64;ESTAVEL
2010-05-13;1273708800000;MAPT3.SA;27.9;27.9;27.9;27.9;27.9;0;stock;294.09;-90.51;294.09;-90.51;37.64;ESTAVEL
2010-05-14;1273795200000;MAPT3.SA;27.9;27.9;27.9;27.9;27.9;0;stock;291.44;-90.43;291.44;-90.43;37.64;ESTAVEL
2010-05-17;1274054400000;MAPT3.SA;27.9;27.9;27.9;27.9;27.9;0;stock;288.82;-90.34;288.82;-90.34;37.64;ESTAVEL
2010-05-18;1274140800000;MAPT3.SA;27.9;27.9;27.9;27.9;27.9;0;stock;286.22;-90.25;286.22;-90.25;37.64;ESTAVEL
2010-05-19;1274227200000;MAPT3.SA;27.9;27.9;27.9;27.9;27.9;0;stock;283.65;-90.16;283.65;-90.16;37.64;ESTAVEL
2010-05-20;1274313600000;MAPT3.SA;27.9;27.9;27.9;27.9;27.9;0;stock;281.11;-90.07;281.11;-90.07;37.64;ESTAVEL
2010-05-21;1274400000000;MAPT3.SA;27.9;27.9;27.9;27.9;27.9;0;stock;278.59;-89.99;278.59;-89.99;37.64;ESTAVEL
2010-05-24;1274659200000;MAPT3.SA;27.9;27.9;27.9;27.9;27.9;0;stock;276.09;-89.89;276.09;-89.89;37.64;ESTAVEL
2010-05-25;1274745600000;MAPT3.SA;27.9;27.9;27.9;27.9;27.9;0;stock;273.62;-89.8;273.62;-89.8;37.64;ESTAVEL
2010-05-26;1274832000000;MAPT3.SA;27.9;27.9;27.9;27.9;27.9;0;stock;271.18;-89.71;271.18;-89.71;37.64;ESTAVEL
2010-05-27;1274918400000;MAPT3.SA;27.9;27.9;27.9;27.9;27.9;0;stock;268.76;-89.62;268.76;-89.62;37.64;ESTAVEL
2010-05-28;1275004800000;MAPT3.SA;27.9;27.9;27.9;27.9;27.9;0;stock;266.36;-89.53;266.36;-89.53;37.64;ESTAVEL
2010-05-31;1275264000000;MAPT3.SA;27.9;27.9;27.9;27.9;27.9;0;stock;263.99;-89.43;263.99;-89.43;37.64;ESTAVEL
2010-06-01;1275350400000;MAPT3.SA;27.9;27.9;27.9;27.9;27.9;0;stock;261.64;-89.34;261.64;-89.34;37.64;ESTAVEL
2010-06-02;1275436800000;MAPT3.SA;27.9;27.9;27.9;27.9;27.9;0;stock;259.31;-89.24;259.31;-89.24;37.64;ESTAVEL
2010-06-04;1275609600000;MAPT3.SA;27.9;27.9;27.9;27.9;27.9;0;stock;257.01;-89.14;257.01;-89.14;37.64;ESTAVEL
2010-06-07;1275868800000;MAPT3.SA;27.9;27.9;27.9;27.9;27.9;0;stock;254.73;-89.05;254.73;-89.05;37.64;ESTAVEL
2010-06-08;1275955200000;MAPT3.SA;27.9;27.9;27.9;27.9;27.9;0;stock;252.47;-88.95;252.47;-88.95;37.64;ESTAVEL
2010-06-09;1276041600000;MAPT3.SA;27.9;27.9;27.9;27.9;27.9;0;stock;250.24;-88.85;250.24;-88.85;37.64;ESTAVEL
2010-06-10;1276128000000;MAPT3.SA;27.9;27.9;27.9;27.9;27.9;0;stock;248.03;-88.75;248.03;-88.75;37.64;ESTAVEL
2010-06-11;1276214400000;MAPT3.SA;27.9;27.9;27.9;27.9;27.9;0;stock;245.84;-88.65;245.84;-88.65;37.64;ESTAVEL
2010-06-14;1276473600000;MAPT3.SA;27.9;27.9;27.9;27.9;27.9;0;stock;243.67;-88.55;243.67;-88.55;37.64;ESTAVEL
2010-06-15;1276560000000;MAPT3.SA;26.9;26.9;26.9;26.9;26.9;70;stock;241.51;-88.86;241.51;-88.86;27.28;SUBIR
2010-06-16;1276646400000;MAPT3.SA;26.9;26.9;26.9;26.9;26.9;0;stock;239.38;-88.76;239.38;-88.76;27.28;SUBIR
2010-06-17;1276732800000;MAPT3.SA;26.9;26.9;26.9;26.9;26.9;0;stock;237.26;-88.66;237.26;-88.66;27.28;SUBIR
2010-06-18;1276819200000;MAPT3.SA;26.9;26.9;26.9;26.9;26.9;10;stock;235.17;-88.56;235.17;-88.56;27.28;SUBIR
2010-06-21;1277078400000;MAPT3.SA;26.9;26.9;26.9;26.9;26.9;0;stock;233.1;-88.46;233.1;-88.46;27.28;SUBIR
2010-06-22;1277164800000;MAPT3.SA;26.9;26.9;26.9;26.9;26.9;0;stock;231.04;-88.36;231.04;-88.36;27.28;SUBIR
2010-06-23;1277251200000;MAPT3.SA;26.9;26.9;26.9;26.9;26.9;0;stock;229.01;-88.25;229.01;-88.25;27.28;SUBIR
2010-06-24;1277337600000;MAPT3.SA;26.9;26.9;26.9;26.9;26.9;0;stock;227.0;-88.15;227.0;-88.15;27.28;SUBIR
2010-06-25;1277424000000;MAPT3.SA;26.9;26.9;26.9;26.9;26.9;0;stock;225.01;-88.05;225.01;-88.05;27.28;SUBIR
2010-06-28;1277683200000;MAPT3.SA;26.9;26.9;26.9;26.9;26.9;0;stock;223.04;-87.94;223.04;-87.94;27.28;SUBIR
2010-06-29;1277769600000;MAPT3.SA;26.9;26.9;26.9;26.9;26.9;0;stock;221.09;-87.83;221.09;-87.83;27.28;SUBIR
2010-06-30;1277856000000;MAPT3.SA;26.9;26.9;26.9;26.9;26.9;0;stock;219.16;-87.73;219.16;-87.73;27.28;SUBIR
2010-07-01;1277942400000;MAPT3.SA;26.9;26.9;26.9;26.9;26.9;0;stock;217.24;-87.62;217.24;-87.62;27.28;SUBIR
2010-07-02;1278028800000;MAPT3.SA;26.9;26.9;26.9;26.9;26.9;0;stock;215.35;-87.51;215.35;-87.51;27.28;SUBIR
2010-07-05;1278288000000;MAPT3.SA;26.9;26.9;26.9;26.9;26.9;0;stock;213.47;-87.4;213.47;-87.4;27.28;SUBIR
2010-07-06;1278374400000;MAPT3.SA;26.9;26.9;26.9;26.9;26.9;0;stock;211.62;-87.29;211.62;-87.29;27.28;SUBIR
2010-07-07;1278460800000;MAPT3.SA;26.9;26.9;26.9;26.9;26.9;0;stock;209.78;-87.18;209.78;-87.18;27.28;SUBIR
2010-07-08;1278547200000;MAPT3.SA;26.9;26.9;26.9;26.9;26.9;0;stock;207.96;-87.06;207.96;-87.06;27.28;SUBIR
2010-07-12;1278892800000;MAPT3.SA;26.9;26.9;26.9;26.9;26.9;0;stock;206.16;-86.95;206.16;-86.95;27.28;SUBIR
2010-07-13;1278979200000;MAPT3.SA;26.9;26.9;26.9;26.9;26.9;0;stock;204.37;-86.84;204.37;-86.84;27.28;SUBIR
2010-07-14;1279065600000;MAPT3.SA;26.9;26.9;26.9;26.9;26.9;0;stock;202.61;-86.72;202.61;-86.72;27.28;SUBIR
2010-07-15;1279152000000;MAPT3.SA;26.9;26.9;26.9;26.9;26.9;0;stock;200.86;-86.61;200.86;-86.61;27.28;SUBIR
2010-07-16;1279238400000;MAPT3.SA;26.9;26.9;26.9;26.9;26.9;0;stock;199.13;-86.49;199.13;-86.49;27.28;SUBIR
2010-07-19;1279497600000;MAPT3.SA;26.9;26.9;26.9;26.9;26.9;0;stock;197.42;-86.37;197.42;-86.37;27.28;SUBIR
2010-07-20;1279584000000;MAPT3.SA;20.5;20.5;20.5;20.5;20.5;100;stock;195.65;-89.52;195.65;-89.52;2.39;SUBIR
2010-07-21;1279670400000;MAPT3.SA;20.5;20.5;20.5;20.5;20.5;0;stock;193.91;-89.43;193.91;-89.43;2.39;SUBIR
2010-07-22;1279756800000;MAPT3.SA;20.5;20.5;20.5;20.5;20.5;0;stock;192.19;-89.33;192.19;-89.33;2.39;SUBIR
2010-07-23;1279843200000;MAPT3.SA;20.5;20.5;20.5;20.5;20.5;0;stock;190.48;-89.24;190.48;-89.24;2.39;SUBIR
2010-07-26;1280102400000;MAPT3.SA;20.5;20.5;20.5;20.5;20.5;0;stock;188.79;-89.14;188.79;-89.14;2.39;SUBIR
2010-07-27;1280188800000;MAPT3.SA;20.6;24.9;20.6;24.9;24.9;40;stock;187.16;-86.7;187.16;-86.7;48.86;ESTAVEL
2010-07-28;1280275200000;MAPT3.SA;24.9;24.9;24.9;24.9;24.9;0;stock;185.54;-86.58;185.54;-86.58;48.86;ESTAVEL
2010-07-29;1280361600000;MAPT3.SA;24.9;24.9;24.9;24.9;24.9;0;stock;183.94;-86.46;183.94;-86.46;48.86;ESTAVEL
2010-07-30;1280448000000;MAPT3.SA;24.9;24.9;24.9;24.9;24.9;0;stock;182.36;-86.35;182.36;-86.35;48.86;ESTAVEL
2010-08-02;1280707200000;MAPT3.SA;24.9;24.9;24.9;24.9;24.9;0;stock;180.79;-86.23;180.79;-86.23;48.86;ESTAVEL
2010-08-03;1280793600000;MAPT3.SA;24.9;24.9;24.9;24.9;24.9;0;stock;179.24;-86.11;179.24;-86.11;48.86;ESTAVEL
2010-08-04;1280880000000;MAPT3.SA;24.9;24.9;24.9;24.9;24.9;0;stock;177.71;-85.99;177.71;-85.99;48.86;ESTAVEL
2010-08-05;1280966400000;MAPT3.SA;24.9;24.9;24.9;24.9;24.9;0;stock;176.19;-85.87;176.19;-85.87;48.86;ESTAVEL
2010-08-06;1281052800000;MAPT3.SA;24.9;24.9;24.9;24.9;24.9;0;stock;174.68;-85.75;174.68;-85.75;48.86;ESTAVEL
2010-08-09;1281312000000;MAPT3.SA;24.9;24.9;24.9;24.9;24.9;0;stock;173.19;-85.62;173.19;-85.62;48.86;ESTAVEL
2010-08-10;1281398400000;MAPT3.SA;26.8;26.8;24.9;24.9;24.9;80;stock;171.72;-85.5;171.72;-85.5;48.86;ESTAVEL
2010-08-11;1281484800000;MAPT3.SA;24.9;24.9;24.9;24.9;24.9;0;stock;170.25;-85.37;170.25;-85.37;48.86;ESTAVEL
2010-08-12;1281571200000;MAPT3.SA;24.9;24.9;24.9;24.9;24.9;0;stock;168.81;-85.25;168.81;-85.25;48.86;ESTAVEL
2010-08-13;1281657600000;MAPT3.SA;24.9;24.9;24.9;24.9;24.9;0;stock;167.38;-85.12;167.38;-85.12;48.86;ESTAVEL
2010-08-16;1281916800000;MAPT3.SA;24.9;24.9;24.9;24.9;24.9;260;stock;165.96;-85.0;165.96;-85.0;48.86;ESTAVEL
2010-08-17;1282003200000;MAPT3.SA;24.9;24.9;24.9;24.9;24.9;0;stock;164.55;-84.87;164.55;-84.87;48.86;ESTAVEL
2010-08-18;1282089600000;MAPT3.SA;24.9;24.9;24.9;24.9;24.9;0;stock;163.17;-84.74;163.17;-84.74;48.86;ESTAVEL
2010-08-19;1282176000000;MAPT3.SA;20.0;20.1;20.0;20.1;20.1;300;stock;161.74;-87.57;161.74;-87.57;17.26;SUBIR
2010-08-20;1282262400000;MAPT3.SA;20.1;20.1;20.1;20.1;20.1;0;stock;160.33;-87.46;160.33;-87.46;17.26;SUBIR
2010-08-23;1282521600000;MAPT3.SA;26.9;26.9;26.9;26.9;26.9;10;stock;159.0;-83.08;159.0;-83.08;59.89;ESTAVEL
2010-08-24;1282608000000;MAPT3.SA;21.6;21.6;21.6;21.6;21.6;30;stock;157.64;-86.3;157.64;-86.3;41.81;ESTAVEL
2010-08-25;1282694400000;MAPT3.SA;21.6;21.6;21.6;21.6;21.6;0;stock;156.28;-86.18;156.28;-86.18;41.81;ESTAVEL
2010-08-26;1282780800000;MAPT3.SA;21.6;21.6;21.6;21.6;21.6;0;stock;154.94;-86.06;154.94;-86.06;41.81;ESTAVEL
2010-08-27;1282867200000;MAPT3.SA;21.6;21.6;21.6;21.6;21.6;0;stock;153.62;-85.94;153.62;-85.94;41.81;ESTAVEL
2010-08-30;1283126400000;MAPT3.SA;21.6;21.6;21.6;21.6;21.6;0;stock;152.3;-85.82;152.3;-85.82;41.81;ESTAVEL
2010-08-31;1283212800000;MAPT3.SA;21.6;21.6;21.6;21.6;21.6;0;stock;151.0;-85.7;151.0;-85.7;41.81;ESTAVEL
2010-09-01;1283299200000;MAPT3.SA;21.6;21.6;21.6;21.6;21.6;0;stock;149.72;-85.57;149.72;-85.57;41.81;ESTAVEL
2010-09-02;1283385600000;MAPT3.SA;21.6;21.6;21.6;21.6;21.6;0;stock;148.44;-85.45;148.44;-85.45;41.81;ESTAVEL
2010-09-03;1283472000000;MAPT3.SA;21.6;21.6;21.6;21.6;21.6;0;stock;147.18;-85.32;147.18;-85.32;41.81;ESTAVEL
2010-09-06;1283731200000;MAPT3.SA;21.6;21.6;21.6;21.6;21.6;0;stock;145.93;-85.2;145.93;-85.2;41.81;ESTAVEL
2010-09-08;1283904000000;MAPT3.SA;21.6;21.6;21.6;21.6;21.6;0;stock;144.69;-85.07;144.69;-85.07;41.81;ESTAVEL
2010-09-09;1283990400000;MAPT3.SA;21.6;21.6;21.6;21.6;21.6;0;stock;143.47;-84.94;143.47;-84.94;41.81;ESTAVEL
2010-09-10;1284076800000;MAPT3.SA;21.6;21.6;21.6;21.6;21.6;0;stock;142.25;-84.82;142.25;-84.82;41.81;ESTAVEL
2010-09-13;1284336000000;MAPT3.SA;21.6;21.6;21.6;21.6;21.6;0;stock;141.05;-84.69;141.05;-84.69;41.81;ESTAVEL
2010-09-14;1284422400000;MAPT3.SA;21.6;21.6;21.6;21.6;21.6;0;stock;139.87;-84.56;139.87;-84.56;41.81;ESTAVEL
2010-09-15;1284508800000;MAPT3.SA;21.6;21.6;21.6;21.6;21.6;0;stock;138.69;-84.43;138.69;-84.43;41.81;ESTAVEL
2010-09-16;1284595200000;MAPT3.SA;21.6;21.6;21.6;21.6;21.6;0;stock;137.52;-84.29;137.52;-84.29;41.81;ESTAVEL
2010-09-17;1284681600000;MAPT3.SA;21.6;21.6;21.6;21.6;21.6;0;stock;136.37;-84.16;136.37;-84.16;41.81;ESTAVEL
2010-09-20;1284940800000;MAPT3.SA;21.6;21.6;21.6;21.6;21.6;0;stock;135.23;-84.03;135.23;-84.03;41.81;ESTAVEL
2010-09-21;1285027200000;MAPT3.SA;21.6;21.6;21.6;21.6;21.6;0;stock;134.1;-83.89;134.1;-83.89;41.81;ESTAVEL
2010-09-22;1285113600000;MAPT3.SA;21.6;21.6;21.6;21.6;21.6;0;stock;132.98;-83.76;132.98;-83.76;41.81;ESTAVEL
2010-09-23;1285200000000;MAPT3.SA;21.6;21.6;21.6;21.6;21.6;0;stock;131.87;-83.62;131.87;-83.62;41.81;ESTAVEL
2010-09-24;1285286400000;MAPT3.SA;21.6;21.6;21.6;21.6;21.6;0;stock;130.77;-83.48;130.77;-83.48;41.81;ESTAVEL
2010-09-27;1285545600000;MAPT3.SA;21.6;21.6;21.6;21.6;21.6;0;stock;129.69;-83.34;129.69;-83.34;41.81;ESTAVEL
2010-09-28;1285632000000;MAPT3.SA;21.6;21.6;21.6;21.6;21.6;0;stock;128.61;-83.21;128.61;-83.21;41.81;ESTAVEL
2010-09-29;1285718400000;MAPT3.SA;21.6;21.6;21.6;21.6;21.6;0;stock;127.55;-83.06;127.55;-83.06;41.81;ESTAVEL
2010-09-30;1285804800000;MAPT3.SA;28.7;39.3;28.7;39.3;39.3;70;stock;126.67;-68.97;126.67;-68.97;92.66;ESTAVEL
2010-10-01;1285891200000;MAPT3.SA;39.1;39.1;39.1;39.1;39.1;10;stock;125.8;-68.92;125.8;-68.92;91.68;ESTAVEL
2010-10-04;1286150400000;MAPT3.SA;38.7;38.7;38.7;38.7;38.7;10;stock;124.93;-69.02;124.93;-69.02;89.65;ESTAVEL
2010-10-05;1286236800000;MAPT3.SA;38.7;38.7;38.7;38.7;38.7;0;stock;124.07;-68.81;124.07;-68.81;89.65;ESTAVEL
2010-10-06;1286323200000;MAPT3.SA;38.7;38.7;38.7;38.7;38.7;0;stock;123.22;-68.59;123.22;-68.59;89.65;ESTAVEL
2010-10-07;1286409600000;MAPT3.SA;38.7;38.7;38.7;38.7;38.7;0;stock;122.38;-68.38;122.38;-68.38;89.65;ESTAVEL
2010-10-08;1286496000000;MAPT3.SA;38.7;38.7;38.7;38.7;38.7;0;stock;121.55;-68.16;121.55;-68.16;89.65;ESTAVEL
2010-10-11;1286755200000;MAPT3.SA;30.0;30.0;30.0;30.0;30.0;10;stock;120.64;-75.13;120.64;-75.13;52.79;ESTAVEL
2010-10-13;1286928000000;MAPT3.SA;30.2;30.2;30.1;30.1;30.1;20;stock;119.74;-74.86;119.74;-74.86;53.03;ESTAVEL
2010-10-14;1287014400000;MAPT3.SA;30.1;30.1;30.1;30.1;30.1;0;stock;118.85;-74.67;118.85;-74.67;53.03;ESTAVEL
2010-10-15;1287100800000;MAPT3.SA;30.1;30.1;30.1;30.1;30.1;0;stock;117.96;-74.48;117.96;-74.48;53.03;ESTAVEL
2010-10-18;1287360000000;MAPT3.SA;30.1;30.1;30.1;30.1;30.1;0;stock;117.09;-74.29;117.09;-74.29;53.03;ESTAVEL
2010-10-19;1287446400000;MAPT3.SA;30.1;30.1;30.1;30.1;30.1;0;stock;116.22;-74.1;116.22;-74.1;53.03;ESTAVEL
2010-10-20;1287532800000;MAPT3.SA;30.1;30.1;30.1;30.1;30.1;0;stock;115.37;-73.91;115.37;-73.91;53.03;ESTAVEL
2010-10-21;1287619200000;MAPT3.SA;30.1;30.1;30.1;30.1;30.1;0;stock;114.52;-73.72;114.52;-73.72;53.03;ESTAVEL
2010-10-22;1287705600000;MAPT3.SA;28.0;28.0;28.0;28.0;28.0;10;stock;113.66;-75.36;113.66;-75.36;45.0;ESTAVEL
2010-10-25;1287964800000;MAPT3.SA;28.0;28.0;28.0;28.0;28.0;0;stock;112.8;-75.18;112.8;-75.18;45.0;ESTAVEL
2010-10-26;1288051200000;MAPT3.SA;28.0;28.0;28.0;28.0;28.0;0;stock;111.96;-74.99;111.96;-74.99;45.0;ESTAVEL
2010-10-27;1288137600000;MAPT3.SA;28.0;28.0;28.0;28.0;28.0;0;stock;111.12;-74.8;111.12;-74.8;45.0;ESTAVEL
2010-10-28;1288224000000;MAPT3.SA;28.0;28.0;28.0;28.0;28.0;0;stock;110.3;-74.61;110.3;-74.61;45.0;ESTAVEL
2010-10-29;1288310400000;MAPT3.SA;28.0;28.0;28.0;28.0;28.0;0;stock;109.48;-74.42;109.48;-74.42;45.0;ESTAVEL
2010-11-01;1288569600000;MAPT3.SA;28.0;28.0;28.0;28.0;28.0;0;stock;108.67;-74.23;108.67;-74.23;45.0;ESTAVEL
2010-11-03;1288742400000;MAPT3.SA;28.0;28.0;28.0;28.0;28.0;0;stock;107.87;-74.04;107.87;-74.04;45.0;ESTAVEL
2010-11-04;1288828800000;MAPT3.SA;29.9;29.9;29.9;29.9;29.9;10;stock;107.09;-72.08;107.09;-72.08;55.93;ESTAVEL
2010-11-05;1288915200000;MAPT3.SA;37.7;37.7;37.7;37.7;37.7;20;stock;106.4;-64.57;106.4;-64.57;76.54;ESTAVEL
2010-11-08;1289174400000;MAPT3.SA;37.7;39.8;37.7;39.8;39.8;20;stock;105.74;-62.36;105.74;-62.36;79.34;ESTAVEL
2010-11-09;1289260800000;MAPT3.SA;39.8;39.8;39.8;39.8;39.8;0;stock;105.08;-62.12;105.08;-62.12;79.34;ESTAVEL
2010-11-10;1289347200000;MAPT3.SA;39.8;39.8;39.8;39.8;39.8;0;stock;104.43;-61.89;104.43;-61.89;79.34;ESTAVEL
2010-11-11;1289433600000;MAPT3.SA;39.8;39.8;39.8;39.8;39.8;0;stock;103.79;-61.65;103.79;-61.65;79.34;ESTAVEL
2010-11-12;1289520000000;MAPT3.SA;30.1;30.1;30.1;30.1;30.1;10;stock;103.05;-70.79;103.05;-70.79;45.55;ESTAVEL
2010-11-16;1289865600000;MAPT3.SA;30.1;30.1;30.1;30.1;30.1;0;stock;102.33;-70.58;102.33;-70.58;45.55;ESTAVEL
2010-11-17;1289952000000;MAPT3.SA;30.1;30.1;30.1;30.1;30.1;0;stock;101.61;-70.38;101.61;-70.38;45.55;ESTAVEL
2010-11-18;1290038400000;MAPT3.SA;30.1;30.1;30.1;30.1;30.1;0;stock;100.9;-70.17;100.9;-70.17;45.55;ESTAVEL
2010-11-19;1290124800000;MAPT3.SA;30.1;30.1;30.1;30.1;30.1;0;stock;100.19;-69.96;100.19;-69.96;45.55;ESTAVEL
2010-11-22;1290384000000;MAPT3.SA;30.1;30.1;30.1;30.1;30.1;0;stock;99.5;-69.75;99.5;-69.75;45.55;ESTAVEL
2010-11-23;1290470400000;MAPT3.SA;30.1;30.1;30.1;30.1;30.1;0;stock;98.81;-69.54;98.81;-69.54;45.55;ESTAVEL
2010-11-24;1290556800000;MAPT3.SA;30.1;30.1;30.1;30.1;30.1;0;stock;98.12;-69.32;98.12;-69.32;45.55;ESTAVEL
2010-11-25;1290643200000;MAPT3.SA;30.1;30.1;30.1;30.1;30.1;0;stock;97.45;-69.11;97.45;-69.11;45.55;ESTAVEL
2010-11-26;1290729600000;MAPT3.SA;30.1;30.1;30.1;30.1;30.1;0;stock;96.78;-68.9;96.78;-68.9;45.55;ESTAVEL
2010-11-29;1290988800000;MAPT3.SA;30.1;30.1;30.1;30.1;30.1;0;stock;96.11;-68.68;96.11;-68.68;45.55;ESTAVEL
2010-11-30;1291075200000;MAPT3.SA;30.1;30.1;30.1;30.1;30.1;0;stock;95.45;-68.47;95.45;-68.47;45.55;ESTAVEL
2010-12-01;1291161600000;MAPT3.SA;30.1;30.1;30.1;30.1;30.1;0;stock;94.8;-68.25;94.8;-68.25;45.55;ESTAVEL
2010-12-02;1291248000000;MAPT3.SA;30.1;30.1;30.1;30.1;30.1;0;stock;94.16;-68.03;94.16;-68.03;45.55;ESTAVEL
2010-12-03;1291334400000;MAPT3.SA;30.1;30.1;30.1;30.1;30.1;0;stock;93.52;-67.82;93.52;-67.82;45.55;ESTAVEL
2010-12-06;1291593600000;MAPT3.SA;30.1;30.1;30.1;30.1;30.1;0;stock;92.89;-67.6;92.89;-67.6;45.55;ESTAVEL
2010-12-07;1291680000000;MAPT3.SA;30.1;30.1;30.1;30.1;30.1;0;stock;92.27;-67.38;92.27;-67.38;45.55;ESTAVEL
2010-12-08;1291766400000;MAPT3.SA;30.1;30.1;30.1;30.1;30.1;0;stock;91.65;-67.16;91.65;-67.16;45.55;ESTAVEL
2010-12-09;1291852800000;MAPT3.SA;30.1;30.1;30.1;30.1;30.1;0;stock;91.04;-66.94;91.04;-66.94;45.55;ESTAVEL
2010-12-10;1291939200000;MAPT3.SA;30.1;30.1;30.1;30.1;30.1;0;stock;90.43;-66.71;90.43;-66.71;45.55;ESTAVEL
2010-12-13;1292198400000;MAPT3.SA;30.1;30.1;30.1;30.1;30.1;0;stock;89.83;-66.49;89.83;-66.49;45.55;ESTAVEL
2010-12-14;1292284800000;MAPT3.SA;25.0;25.0;25.0;25.0;25.0;50;stock;89.18;-71.97;89.18;-71.97;22.09;SUBIR
2010-12-15;1292371200000;MAPT3.SA;25.0;25.0;25.0;25.0;25.0;0;stock;88.55;-71.77;88.55;-71.77;22.09;SUBIR
2010-12-16;1292457600000;MAPT3.SA;25.0;25.0;25.0;25.0;25.0;0;stock;87.91;-71.56;87.91;-71.56;22.09;SUBIR
2010-12-17;1292544000000;MAPT3.SA;25.0;25.0;25.0;25.0;25.0;0;stock;87.29;-71.36;87.29;-71.36;22.09;SUBIR
2010-12-20;1292803200000;MAPT3.SA;25.0;25.0;25.0;25.0;25.0;0;stock;86.67;-71.15;86.67;-71.15;22.09;SUBIR
2010-12-21;1292889600000;MAPT3.SA;25.0;25.0;25.0;25.0;25.0;0;stock;86.05;-70.95;86.05;-70.95;22.09;SUBIR
2010-12-22;1292976000000;MAPT3.SA;25.0;25.0;25.0;25.0;25.0;0;stock;85.45;-70.74;85.45;-70.74;22.09;SUBIR
2010-12-23;1293062400000;MAPT3.SA;25.0;25.0;25.0;25.0;25.0;0;stock;84.85;-70.53;84.85;-70.53;22.09;SUBIR
2010-12-27;1293408000000;MAPT3.SA;25.0;25.0;25.0;25.0;25.0;0;stock;84.25;-70.33;84.25;-70.33;22.09;SUBIR
2010-12-28;1293494400000;MAPT3.SA;25.0;25.0;25.0;25.0;25.0;0;stock;83.66;-70.12;83.66;-70.12;22.09;SUBIR
2010-12-29;1293580800000;MAPT3.SA;25.0;25.0;25.0;25.0;25.0;0;stock;83.08;-69.91;83.08;-69.91;22.09;SUBIR
2010-12-30;1293667200000;MAPT3.SA;25.0;25.0;25.0;25.0;25.0;0;stock;82.5;-69.7;82.5;-69.7;22.09;SUBIR
2011-01-03;1294012800000;MAPT3.SA;25.0;25.0;25.0;25.0;25.0;0;stock;81.93;-69.48;81.93;-69.48;22.09;SUBIR
2011-01-04;1294099200000;MAPT3.SA;25.0;25.0;25.0;25.0;25.0;0;stock;81.36;-69.27;81.36;-69.27;22.09;SUBIR
2011-01-05;1294185600000;MAPT3.SA;25.0;25.0;25.0;25.0;25.0;0;stock;80.8;-69.06;80.8;-69.06;22.09;SUBIR
2011-01-06;1294272000000;MAPT3.SA;25.0;25.0;25.0;25.0;25.0;0;stock;80.24;-68.85;80.24;-68.85;22.09;SUBIR
2011-01-07;1294358400000;MAPT3.SA;25.0;25.0;25.0;25.0;25.0;0;stock;79.69;-68.63;79.69;-68.63;22.09;SUBIR
2011-01-10;1294617600000;MAPT3.SA;25.0;25.0;25.0;25.0;25.0;0;stock;79.15;-68.41;79.15;-68.41;22.09;SUBIR
2011-01-11;1294704000000;MAPT3.SA;25.0;25.0;25.0;25.0;25.0;0;stock;78.61;-68.2;78.61;-68.2;22.09;SUBIR
2011-01-12;1294790400000;MAPT3.SA;25.0;25.0;25.0;25.0;25.0;0;stock;78.08;-67.98;78.08;-67.98;22.09;SUBIR
2011-01-13;1294876800000;MAPT3.SA;25.0;25.0;25.0;25.0;25.0;0;stock;77.55;-67.76;77.55;-67.76;22.09;SUBIR
2011-01-14;1294963200000;MAPT3.SA;25.0;25.0;25.0;25.0;25.0;0;stock;77.03;-67.54;77.03;-67.54;22.09;SUBIR
2011-01-17;1295222400000;MAPT3.SA;25.0;25.0;25.0;25.0;25.0;0;stock;76.51;-67.32;76.51;-67.32;22.09;SUBIR
2011-01-18;1295308800000;MAPT3.SA;24.0;24.0;24.0;24.0;24.0;10;stock;75.99;-68.42;75.99;-68.42;14.21;SUBIR
2011-01-19;1295395200000;MAPT3.SA;24.0;24.0;24.0;24.0;24.0;0;stock;75.47;-68.2;75.47;-68.2;14.21;SUBIR
2011-01-20;1295481600000;MAPT3.SA;24.0;24.0;24.0;24.0;24.0;0;stock;74.96;-67.98;74.96;-67.98;14.21;SUBIR
2011-01-21;1295568000000;MAPT3.SA;24.0;24.0;24.0;24.0;24.0;0;stock;74.45;-67.76;74.45;-67.76;14.21;SUBIR
2011-01-24;1295827200000;MAPT3.SA;24.0;24.0;24.0;24.0;24.0;0;stock;73.95;-67.54;73.95;-67.54;14.21;SUBIR
2011-01-26;1296000000000;MAPT3.SA;24.0;24.0;24.0;24.0;24.0;0;stock;73.45;-67.33;73.45;-67.33;14.21;SUBIR
2011-01-27;1296086400000;MAPT3.SA;24.0;24.0;24.0;24.0;24.0;0;stock;72.96;-67.1;72.96;-67.1;14.21;SUBIR
2011-01-28;1296172800000;MAPT3.SA;24.0;24.0;24.0;24.0;24.0;0;stock;72.47;-66.88;72.47;-66.88;14.21;SUBIR
2011-01-31;1296432000000;MAPT3.SA;24.0;24.0;24.0;24.0;24.0;0;stock;71.99;-66.66;71.99;-66.66;14.21;SUBIR
2011-02-01;1296518400000;MAPT3.SA;24.0;24.0;24.0;24.0;24.0;0;stock;71.51;-66.44;71.51;-66.44;14.21;SUBIR
2011-02-02;1296604800000;MAPT3.SA;24.0;24.0;24.0;24.0;24.0;0;stock;71.04;-66.22;71.04;-66.22;14.21;SUBIR
2011-02-03;1296691200000;MAPT3.SA;24.0;24.0;24.0;24.0;24.0;0;stock;70.57;-65.99;70.57;-65.99;14.21;SUBIR
2011-02-04;1296777600000;MAPT3.SA;24.0;24.0;24.0;24.0;24.0;0;stock;70.11;-65.77;70.11;-65.77;14.21;SUBIR
2011-02-07;1297036800000;MAPT3.SA;24.0;24.0;24.0;24.0;24.0;0;stock;69.65;-65.54;69.65;-65.54;14.21;SUBIR
2011-02-08;1297123200000;MAPT3.SA;24.0;24.0;24.0;24.0;24.0;0;stock;69.2;-65.32;69.2;-65.32;14.21;SUBIR
2011-02-09;1297209600000;MAPT3.SA;24.0;24.0;24.0;24.0;24.0;0;stock;68.75;-65.09;68.75;-65.09;14.21;SUBIR
2011-02-10;1297296000000;MAPT3.SA;24.0;24.0;24.0;24.0;24.0;0;stock;68.3;-64.86;68.3;-64.86;14.21;SUBIR
2011-02-11;1297382400000;MAPT3.SA;24.0;24.0;24.0;24.0;24.0;0;stock;67.86;-64.63;67.86;-64.63;14.21;SUBIR
2011-02-14;1297641600000;MAPT3.SA;24.0;24.0;24.0;24.0;24.0;0;stock;67.42;-64.4;67.42;-64.4;14.21;SUBIR
2011-02-15;1297728000000;MAPT3.SA;24.0;24.0;24.0;24.0;24.0;0;stock;66.99;-64.17;66.99;-64.17;14.21;SUBIR
2011-02-16;1297814400000;MAPT3.SA;24.0;24.0;24.0;24.0;24.0;0;stock;66.56;-63.94;66.56;-63.94;14.21;SUBIR
2011-02-17;1297900800000;MAPT3.SA;24.0;24.0;24.0;24.0;24.0;0;stock;66.14;-63.71;66.14;-63.71;14.21;SUBIR
2011-02-18;1297987200000;MAPT3.SA;24.0;24.0;24.0;24.0;24.0;0;stock;65.72;-63.48;65.72;-63.48;14.21;SUBIR
2011-02-21;1298246400000;MAPT3.SA;24.0;24.0;24.0;24.0;24.0;0;stock;65.31;-63.25;65.31;-63.25;14.21;SUBIR
2011-02-22;1298332800000;MAPT3.SA;24.0;24.0;24.0;24.0;24.0;0;stock;64.89;-63.02;64.89;-63.02;14.21;SUBIR
2011-02-23;1298419200000;MAPT3.SA;24.0;24.0;24.0;24.0;24.0;0;stock;64.49;-62.78;64.49;-62.78;14.21;SUBIR
2011-02-24;1298505600000;MAPT3.SA;24.0;24.0;24.0;24.0;24.0;0;stock;64.08;-62.55;64.08;-62.55;14.21;SUBIR
2011-02-25;1298592000000;MAPT3.SA;24.0;24.0;24.0;24.0;24.0;0;stock;63.69;-62.31;63.69;-62.31;14.21;SUBIR
2011-02-28;1298851200000;MAPT3.SA;24.0;24.0;24.0;24.0;24.0;0;stock;63.29;-62.08;63.29;-62.08;14.21;SUBIR
2011-03-01;1298937600000;MAPT3.SA;24.0;24.0;24.0;24.0;24.0;0;stock;62.9;-61.84;62.9;-61.84;14.21;SUBIR
2011-03-02;1299024000000;MAPT3.SA;24.0;24.0;24.0;24.0;24.0;0;stock;62.51;-61.61;62.51;-61.61;14.21;SUBIR
2011-03-03;1299110400000;MAPT3.SA;24.0;24.0;24.0;24.0;24.0;0;stock;62.13;-61.37;62.13;-61.37;14.21;SUBIR
2011-03-04;1299196800000;MAPT3.SA;24.0;24.0;24.0;24.0;24.0;0;stock;61.75;-61.13;61.75;-61.13;14.21;SUBIR
2011-03-09;1299628800000;MAPT3.SA;24.0;24.0;24.0;24.0;24.0;0;stock;61.37;-60.9;61.37;-60.9;14.21;SUBIR
2011-03-10;1299715200000;MAPT3.SA;24.0;24.0;24.0;24.0;24.0;0;stock;61.0;-60.66;61.0;-60.66;14.21;SUBIR
2011-03-11;1299801600000;MAPT3.SA;24.0;24.0;24.0;24.0;24.0;0;stock;60.63;-60.42;60.63;-60.42;14.21;SUBIR
2011-03-14;1300060800000;MAPT3.SA;24.0;24.0;24.0;24.0;24.0;0;stock;60.27;-60.18;60.27;-60.18;14.21;SUBIR
2011-03-15;1300147200000;MAPT3.SA;24.0;24.0;24.0;24.0;24.0;0;stock;59.91;-59.94;59.91;-59.94;14.21;SUBIR
2011-03-16;1300233600000;MAPT3.SA;24.0;24.0;24.0;24.0;24.0;0;stock;59.55;-59.7;59.55;-59.7;14.21;SUBIR
2011-03-17;1300320000000;MAPT3.SA;24.0;24.0;24.0;24.0;24.0;0;stock;59.2;-59.46;59.2;-59.46;14.21;SUBIR
2011-03-18;1300406400000;MAPT3.SA;24.0;24.0;24.0;24.0;24.0;0;stock;58.85;-59.22;58.85;-59.22;14.21;SUBIR
2011-03-21;1300665600000;MAPT3.SA;24.0;24.0;24.0;24.0;24.0;0;stock;58.5;-58.98;58.5;-58.98;14.21;SUBIR
2011-03-22;1300752000000;MAPT3.SA;24.0;24.0;24.0;24.0;24.0;0;stock;58.16;-58.73;58.16;-58.73;14.21;SUBIR
2011-03-23;1300838400000;MAPT3.SA;24.0;24.0;24.0;24.0;24.0;0;stock;57.82;-58.49;57.82;-58.49;14.21;SUBIR
2011-03-24;1300924800000;MAPT3.SA;24.0;24.0;24.0;24.0;24.0;0;stock;57.48;-58.25;57.48;-58.25;14.21;SUBIR
2011-03-25;1301011200000;MAPT3.SA;24.0;24.0;24.0;24.0;24.0;0;stock;57.15;-58.0;57.15;-58.0;14.21;SUBIR
2011-03-28;1301270400000;MAPT3.SA;24.0;24.0;24.0;24.0;24.0;0;stock;56.82;-57.76;56.82;-57.76;14.21;SUBIR
2011-03-29;1301356800000;MAPT3.SA;24.0;24.0;24.0;24.0;24.0;0;stock;56.49;-57.52;56.49;-57.52;14.21;SUBIR
2011-03-30;1301443200000;MAPT3.SA;24.0;24.0;24.0;24.0;24.0;0;stock;56.17;-57.27;56.17;-57.27;14.21;SUBIR
2011-03-31;1301529600000;MAPT3.SA;24.0;24.0;24.0;24.0;24.0;0;stock;55.85;-57.03;55.85;-57.03;14.21;SUBIR
2011-04-01;1301616000000;MAPT3.SA;24.0;24.0;24.0;24.0;24.0;0;stock;55.53;-56.78;55.53;-56.78;14.21;SUBIR
2011-04-04;1301875200000;MAPT3.SA;24.0;24.0;24.0;24.0;24.0;0;stock;55.22;-56.54;55.22;-56.54;14.21;SUBIR
2011-04-05;1301961600000;MAPT3.SA;24.0;24.0;24.0;24.0;24.0;0;stock;54.91;-56.29;54.91;-56.29;14.21;SUBIR
2011-04-06;1302048000000;MAPT3.SA;24.0;24.0;24.0;24.0;24.0;0;stock;54.6;-56.04;54.6;-56.04;14.21;SUBIR
2011-04-07;1302134400000;MAPT3.SA;24.0;24.0;24.0;24.0;24.0;0;stock;54.3;-55.8;54.3;-55.8;14.21;SUBIR
2011-04-08;1302220800000;MAPT3.SA;24.0;24.0;24.0;24.0;24.0;0;stock;53.99;-55.55;53.99;-55.55;14.21;SUBIR
2011-04-11;1302480000000;MAPT3.SA;24.0;24.0;24.0;24.0;24.0;0;stock;53.7;-55.3;53.7;-55.3;14.21;SUBIR
2011-04-12;1302566400000;MAPT3.SA;24.0;24.0;24.0;24.0;24.0;0;stock;53.4;-55.06;53.4;-55.06;14.21;SUBIR
2011-04-13;1302652800000;MAPT3.SA;24.0;24.0;24.0;24.0;24.0;0;stock;53.11;-54.81;53.11;-54.81;14.21;SUBIR
2011-04-14;1302739200000;MAPT3.SA;24.0;24.0;24.0;24.0;24.0;0;stock;52.82;-54.56;52.82;-54.56;14.21;SUBIR
2011-04-15;1302825600000;MAPT3.SA;24.0;24.0;24.0;24.0;24.0;0;stock;52.53;-54.31;52.53;-54.31;14.21;SUBIR
2011-04-18;1303084800000;MAPT3.SA;24.0;24.0;24.0;24.0;24.0;0;stock;52.25;-54.06;52.25;-54.06;14.21;SUBIR
2011-04-19;1303171200000;MAPT3.SA;24.0;24.0;24.0;24.0;24.0;0;stock;51.97;-53.82;51.97;-53.82;14.21;SUBIR
2011-04-20;1303257600000;MAPT3.SA;24.0;24.0;24.0;24.0;24.0;0;stock;51.69;-53.57;51.69;-53.57;14.21;SUBIR
2011-04-25;1303689600000;MAPT3.SA;24.0;24.0;24.0;24.0;24.0;0;stock;51.41;-53.32;51.41;-53.32;14.21;SUBIR
2011-04-26;1303776000000;MAPT3.SA;24.0;24.0;24.0;24.0;24.0;0;stock;51.14;-53.07;51.14;-53.07;14.21;SUBIR
2011-04-27;1303862400000;MAPT3.SA;24.0;24.0;24.0;24.0;24.0;0;stock;50.87;-52.82;50.87;-52.82;14.21;SUBIR
2011-04-28;1303948800000;MAPT3.SA;24.0;24.0;24.0;24.0;24.0;0;stock;50.6;-52.57;50.6;-52.57;14.21;SUBIR
2011-04-29;1304035200000;MAPT3.SA;24.0;24.0;24.0;24.0;24.0;0;stock;50.34;-52.32;50.34;-52.32;14.21;SUBIR
2011-05-02;1304294400000;MAPT3.SA;24.0;24.0;24.0;24.0;24.0;0;stock;50.08;-52.07;50.08;-52.07;14.21;SUBIR
2011-05-03;1304380800000;MAPT3.SA;24.0;24.0;24.0;24.0;24.0;0;stock;49.82;-51.82;49.82;-51.82;14.21;SUBIR
2011-05-04;1304467200000;MAPT3.SA;24.0;24.0;24.0;24.0;24.0;0;stock;49.56;-51.57;49.56;-51.57;14.21;SUBIR
2011-05-05;1304553600000;MAPT3.SA;24.0;24.0;24.0;24.0;24.0;0;stock;49.3;-51.32;49.3;-51.32;14.21;SUBIR
2011-05-06;1304640000000;MAPT3.SA;24.0;24.0;24.0;24.0;24.0;0;stock;49.05;-51.07;49.05;-51.07;14.21;SUBIR
2011-05-09;1304899200000;MAPT3.SA;24.0;24.0;24.0;24.0;24.0;0;stock;48.8;-50.82;48.8;-50.82;14.21;SUBIR
2011-05-10;1304985600000;MAPT3.SA;24.0;24.0;24.0;24.0;24.0;0;stock;48.56;-50.57;48.56;-50.57;14.21;SUBIR
2011-05-11;1305072000000;MAPT3.SA;24.0;24.0;24.0;24.0;24.0;0;stock;48.31;-50.32;48.31;-50.32;14.21;SUBIR
2011-05-12;1305158400000;MAPT3.SA;24.0;24.0;24.0;24.0;24.0;0;stock;48.07;-50.07;48.07;-50.07;14.21;SUBIR
2011-05-13;1305244800000;MAPT3.SA;24.0;24.0;24.0;24.0;24.0;0;stock;47.83;-49.82;47.83;-49.82;14.21;SUBIR
2011-05-16;1305504000000;MAPT3.SA;24.0;24.0;24.0;24.0;24.0;0;stock;47.59;-49.57;47.59;-49.57;14.21;SUBIR
2011-05-17;1305590400000;MAPT3.SA;24.0;24.0;24.0;24.0;24.0;0;stock;47.36;-49.32;47.36;-49.32;14.21;SUBIR
2011-05-18;1305676800000;MAPT3.SA;24.0;24.0;24.0;24.0;24.0;0;stock;47.13;-49.07;47.13;-49.07;14.21;SUBIR
2011-05-19;1305763200000;MAPT3.SA;24.0;24.0;24.0;24.0;24.0;0;stock;46.9;-48.82;46.9;-48.82;14.21;SUBIR
2011-05-20;1305849600000;MAPT3.SA;24.0;24.0;24.0;24.0;24.0;0;stock;46.67;-48.57;46.67;-48.57;14.21;SUBIR
2011-05-23;1306108800000;MAPT3.SA;24.0;24.0;24.0;24.0;24.0;0;stock;46.44;-48.32;46.44;-48.32;14.21;SUBIR
2011-05-24;1306195200000;MAPT3.SA;24.0;24.0;24.0;24.0;24.0;0;stock;46.22;-48.07;46.22;-48.07;14.21;SUBIR
2011-05-25;1306281600000;MAPT3.SA;24.0;24.0;24.0;24.0;24.0;0;stock;46.0;-47.82;46.0;-47.82;14.21;SUBIR
2011-05-26;1306368000000;MAPT3.SA;24.0;24.0;24.0;24.0;24.0;0;stock;45.78;-47.58;45.78;-47.58;14.21;SUBIR
2011-05-27;1306454400000;MAPT3.SA;24.0;24.0;24.0;24.0;24.0;0;stock;45.56;-47.33;45.56;-47.33;14.21;SUBIR
2011-05-30;1306713600000;MAPT3.SA;24.0;24.0;24.0;24.0;24.0;0;stock;45.35;-47.08;45.35;-47.08;14.21;SUBIR
2011-05-31;1306800000000;MAPT3.SA;24.0;24.0;24.0;24.0;24.0;0;stock;45.14;-46.83;45.14;-46.83;14.21;SUBIR
2011-06-01;1306886400000;MAPT3.SA;24.0;24.0;24.0;24.0;24.0;0;stock;44.93;-46.58;44.93;-46.58;14.21;SUBIR
2011-06-02;1306972800000;MAPT3.SA;24.0;24.0;24.0;24.0;24.0;0;stock;44.72;-46.33;44.72;-46.33;14.21;SUBIR
2011-06-03;1307059200000;MAPT3.SA;24.0;24.0;24.0;24.0;24.0;0;stock;44.51;-46.08;44.51;-46.08;14.21;SUBIR
2011-06-06;1307318400000;MAPT3.SA;24.0;24.0;24.0;24.0;24.0;0;stock;44.31;-45.83;44.31;-45.83;14.21;SUBIR
2011-06-07;1307404800000;MAPT3.SA;24.0;24.0;24.0;24.0;24.0;0;stock;44.11;-45.58;44.11;-45.58;14.21;SUBIR
2011-06-08;1307491200000;MAPT3.SA;24.0;24.0;24.0;24.0;24.0;0;stock;43.91;-45.34;43.91;-45.34;14.21;SUBIR
2011-06-09;1307577600000;MAPT3.SA;24.0;24.0;24.0;24.0;24.0;0;stock;43.71;-45.09;43.71;-45.09;14.21;SUBIR
2011-06-10;1307664000000;MAPT3.SA;24.0;24.0;24.0;24.0;24.0;0;stock;43.51;-44.84;43.51;-44.84;14.21;SUBIR
2011-06-13;1307923200000;MAPT3.SA;24.0;24.0;24.0;24.0;24.0;0;stock;43.32;-44.59;43.32;-44.59;14.21;SUBIR
2011-06-14;1308009600000;MAPT3.SA;24.0;24.0;24.0;24.0;24.0;0;stock;43.12;-44.35;43.12;-44.35;14.21;SUBIR
2011-06-15;1308096000000;MAPT3.SA;24.0;24.0;24.0;24.0;24.0;0;stock;42.93;-44.1;42.93;-44.1;14.21;SUBIR
2011-06-16;1308182400000;MAPT3.SA;24.0;24.0;24.0;24.0;24.0;0;stock;42.75;-43.85;42.75;-43.85;14.21;SUBIR
2011-06-17;1308268800000;MAPT3.SA;24.0;24.0;24.0;24.0;24.0;0;stock;42.56;-43.61;42.56;-43.61;14.21;SUBIR
2011-06-20;1308528000000;MAPT3.SA;24.0;24.0;24.0;24.0;24.0;0;stock;42.37;-43.36;42.37;-43.36;14.21;SUBIR
2011-06-21;1308614400000;MAPT3.SA;24.0;24.0;24.0;24.0;24.0;0;stock;42.19;-43.12;42.19;-43.12;14.21;SUBIR
2011-06-22;1308700800000;MAPT3.SA;24.0;24.0;24.0;24.0;24.0;0;stock;42.01;-42.87;42.01;-42.87;14.21;SUBIR
2011-06-24;1308873600000;MAPT3.SA;24.0;24.0;24.0;24.0;24.0;0;stock;41.83;-42.63;41.83;-42.63;14.21;SUBIR
2011-06-27;1309132800000;MAPT3.SA;24.0;24.0;24.0;24.0;24.0;0;stock;41.65;-42.38;41.65;-42.38;14.21;SUBIR
2011-06-28;1309219200000;MAPT3.SA;24.0;24.0;24.0;24.0;24.0;0;stock;41.48;-42.14;41.48;-42.14;14.21;SUBIR
2011-06-29;1309305600000;MAPT3.SA;24.0;24.0;24.0;24.0;24.0;0;stock;41.3;-41.9;41.3;-41.9;14.21;SUBIR
2011-06-30;1309392000000;MAPT3.SA;24.0;24.0;24.0;24.0;24.0;0;stock;41.13;-41.65;41.13;-41.65;14.21;SUBIR
2011-07-01;1309478400000;MAPT3.SA;24.0;24.0;24.0;24.0;24.0;0;stock;40.96;-41.41;40.96;-41.41;14.21;SUBIR
2011-07-04;1309737600000;MAPT3.SA;24.0;24.0;24.0;24.0;24.0;0;stock;40.79;-41.17;40.79;-41.17;14.21;SUBIR
2011-07-05;1309824000000;MAPT3.SA;24.0;24.0;24.0;24.0;24.0;0;stock;40.63;-40.92;40.63;-40.92;14.21;SUBIR
2011-07-06;1309910400000;MAPT3.SA;24.0;24.0;24.0;24.0;24.0;0;stock;40.46;-40.68;40.46;-40.68;14.21;SUBIR
2011-07-07;1309996800000;MAPT3.SA;24.0;24.0;24.0;24.0;24.0;0;stock;40.3;-40.44;40.3;-40.44;14.21;SUBIR
2011-07-08;1310083200000;MAPT3.SA;24.0;24.0;24.0;24.0;24.0;0;stock;40.13;-40.2;40.13;-40.2;14.21;SUBIR
2011-07-11;1310342400000;MAPT3.SA;24.0;24.0;24.0;24.0;24.0;0;stock;39.97;-39.96;39.97;-39.96;14.21;SUBIR
2011-07-12;1310428800000;MAPT3.SA;24.0;24.0;24.0;24.0;24.0;0;stock;39.82;-39.72;39.82;-39.72;14.21;SUBIR
2011-07-13;1310515200000;MAPT3.SA;24.0;24.0;24.0;24.0;24.0;0;stock;39.66;-39.48;39.66;-39.48;14.21;SUBIR
2011-07-14;1310601600000;MAPT3.SA;24.0;24.0;24.0;24.0;24.0;0;stock;39.5;-39.24;39.5;-39.24;14.21;SUBIR
2011-07-15;1310688000000;MAPT3.SA;24.0;24.0;24.0;24.0;24.0;0;stock;39.35;-39.01;39.35;-39.01;14.21;SUBIR
2011-07-18;1310947200000;MAPT3.SA;24.0;24.0;24.0;24.0;24.0;0;stock;39.2;-38.77;39.2;-38.77;14.21;SUBIR
2011-07-19;1311033600000;MAPT3.SA;24.0;24.0;24.0;24.0;24.0;0;stock;39.04;-38.53;39.04;-38.53;14.21;SUBIR
2011-07-20;1311120000000;MAPT3.SA;24.0;24.0;24.0;24.0;24.0;0;stock;38.89;-38.29;38.89;-38.29;14.21;SUBIR
2011-07-21;1311206400000;MAPT3.SA;24.0;24.0;24.0;24.0;24.0;0;stock;38.75;-38.06;38.75;-38.06;14.21;SUBIR
2011-07-22;1311292800000;MAPT3.SA;24.0;24.0;24.0;24.0;24.0;0;stock;38.6;-37.82;38.6;-37.82;14.21;SUBIR
2011-07-25;1311552000000;MAPT3.SA;24.0;24.0;24.0;24.0;24.0;0;stock;38.45;-37.59;38.45;-37.59;14.21;SUBIR
2011-07-26;1311638400000;MAPT3.SA;24.0;24.0;24.0;24.0;24.0;0;stock;38.31;-37.35;38.31;-37.35;14.21;SUBIR
2011-07-27;1311724800000;MAPT3.SA;24.0;24.0;24.0;24.0;24.0;0;stock;38.17;-37.12;38.17;-37.12;14.21;SUBIR
2011-07-28;1311811200000;MAPT3.SA;24.0;24.0;24.0;24.0;24.0;0;stock;38.03;-36.89;38.03;-36.89;14.21;SUBIR
2011-07-29;1311897600000;MAPT3.SA;24.0;24.0;24.0;24.0;24.0;0;stock;37.89;-36.65;37.89;-36.65;14.21;SUBIR
2011-08-01;1312156800000;MAPT3.SA;24.0;24.0;24.0;24.0;24.0;0;stock;37.75;-36.42;37.75;-36.42;14.21;SUBIR
2011-08-02;1312243200000;MAPT3.SA;24.0;24.0;24.0;24.0;24.0;0;stock;37.61;-36.19;37.61;-36.19;14.21;SUBIR
2011-08-03;1312329600000;MAPT3.SA;24.0;24.0;24.0;24.0;24.0;0;stock;37.48;-35.96;37.48;-35.96;14.21;SUBIR
2011-08-04;1312416000000;MAPT3.SA;24.0;24.0;24.0;24.0;24.0;0;stock;37.34;-35.73;37.34;-35.73;14.21;SUBIR
2011-08-05;1312502400000;MAPT3.SA;10.5;10.5;10.5;10.5;10.5;50;stock;37.08;-71.68;37.08;-71.68;0.0;SUBIR
2011-08-08;1312761600000;MAPT3.SA;10.5;10.5;10.5;10.5;10.5;0;stock;36.81;-71.48;36.81;-71.48;0.0;SUBIR
2011-08-09;1312848000000;MAPT3.SA;10.5;10.5;10.5;10.5;10.5;0;stock;36.55;-71.27;36.55;-71.27;0.0;SUBIR
2011-08-10;1312934400000;MAPT3.SA;10.5;10.5;10.5;10.5;10.5;0;stock;36.29;-71.07;36.29;-71.07;0.0;SUBIR
2011-08-11;1313020800000;MAPT3.SA;10.5;10.5;10.5;10.5;10.5;0;stock;36.03;-70.86;36.03;-70.86;0.0;SUBIR
2011-08-12;1313107200000;MAPT3.SA;10.5;10.5;10.5;10.5;10.5;0;stock;35.78;-70.65;35.78;-70.65;0.0;SUBIR
2011-08-15;1313366400000;MAPT3.SA;10.5;10.5;10.5;10.5;10.5;0;stock;35.53;-70.45;35.53;-70.45;0.0;SUBIR
2011-08-16;1313452800000;MAPT3.SA;10.5;10.5;10.5;10.5;10.5;0;stock;35.28;-70.24;35.28;-70.24;0.0;SUBIR
2011-08-17;1313539200000;MAPT3.SA;10.5;10.5;10.5;10.5;10.5;0;stock;35.03;-70.03;35.03;-70.03;0.0;SUBIR
2011-08-18;1313625600000;MAPT3.SA;10.5;10.5;10.5;10.5;10.5;0;stock;34.79;-69.82;34.79;-69.82;0.0;SUBIR
2011-08-19;1313712000000;MAPT3.SA;10.5;10.5;10.5;10.5;10.5;0;stock;34.55;-69.61;34.55;-69.61;0.0;SUBIR
2011-08-22;1313971200000;MAPT3.SA;10.5;10.5;10.5;10.5;10.5;0;stock;34.31;-69.39;34.31;-69.39;0.0;SUBIR
2011-08-23;1314057600000;MAPT3.SA;10.5;10.5;10.5;10.5;10.5;0;stock;34.07;-69.18;34.07;-69.18;0.0;SUBIR
2011-08-24;1314144000000;MAPT3.SA;10.5;10.5;10.5;10.5;10.5;0;stock;33.84;-68.97;33.84;-68.97;0.0;SUBIR
2011-08-25;1314230400000;MAPT3.SA;10.5;10.5;10.5;10.5;10.5;0;stock;33.6;-68.75;33.6;-68.75;0.0;SUBIR
2011-08-26;1314316800000;MAPT3.SA;10.5;10.5;10.5;10.5;10.5;0;stock;33.37;-68.54;33.37;-68.54;0.0;SUBIR
2011-08-29;1314576000000;MAPT3.SA;10.5;10.5;10.5;10.5;10.5;0;stock;33.15;-68.32;33.15;-68.32;0.0;SUBIR
2011-08-30;1314662400000;MAPT3.SA;10.5;10.5;10.5;10.5;10.5;0;stock;32.92;-68.11;32.92;-68.11;0.0;SUBIR
2011-08-31;1314748800000;MAPT3.SA;10.5;10.5;10.5;10.5;10.5;0;stock;32.7;-67.89;32.7;-67.89;0.0;SUBIR
2011-09-01;1314835200000;MAPT3.SA;10.5;10.5;10.5;10.5;10.5;0;stock;32.48;-67.67;32.48;-67.67;0.0;SUBIR
2011-09-02;1314921600000;MAPT3.SA;10.5;10.5;10.5;10.5;10.5;0;stock;32.26;-67.45;32.26;-67.45;0.0;SUBIR
2011-09-05;1315180800000;MAPT3.SA;10.5;10.5;10.5;10.5;10.5;0;stock;32.04;-67.23;32.04;-67.23;0.0;SUBIR
2011-09-06;1315267200000;MAPT3.SA;10.5;10.5;10.5;10.5;10.5;0;stock;31.83;-67.01;31.83;-67.01;0.0;SUBIR
2011-09-08;1315440000000;MAPT3.SA;10.5;10.5;10.5;10.5;10.5;0;stock;31.62;-66.79;31.62;-66.79;0.0;SUBIR
2011-09-09;1315526400000;MAPT3.SA;10.5;10.5;10.5;10.5;10.5;0;stock;31.41;-66.57;31.41;-66.57;0.0;SUBIR
2011-09-12;1315785600000;MAPT3.SA;10.5;10.5;10.5;10.5;10.5;0;stock;31.2;-66.34;31.2;-66.34;0.0;SUBIR
2011-09-13;1315872000000;MAPT3.SA;10.5;10.5;10.5;10.5;10.5;0;stock;30.99;-66.12;30.99;-66.12;0.0;SUBIR
2011-09-14;1315958400000;MAPT3.SA;10.5;10.5;10.5;10.5;10.5;0;stock;30.79;-65.9;30.79;-65.9;0.0;SUBIR
2011-09-15;1316044800000;MAPT3.SA;10.5;10.5;10.5;10.5;10.5;0;stock;30.59;-65.67;30.59;-65.67;0.0;SUBIR
2011-09-16;1316131200000;MAPT3.SA;10.5;10.5;10.5;10.5;10.5;0;stock;30.39;-65.44;30.39;-65.44;0.0;SUBIR
2011-09-19;1316390400000;MAPT3.SA;10.5;10.5;10.5;10.5;10.5;0;stock;30.19;-65.22;30.19;-65.22;0.0;SUBIR
2011-09-20;1316476800000;MAPT3.SA;10.5;10.5;10.5;10.5;10.5;0;stock;29.99;-64.99;29.99;-64.99;0.0;SUBIR
2011-09-21;1316563200000;MAPT3.SA;10.5;10.5;10.5;10.5;10.5;0;stock;29.8;-64.76;29.8;-64.76;0.0;SUBIR
2011-09-22;1316649600000;MAPT3.SA;10.5;10.5;10.5;10.5;10.5;0;stock;29.61;-64.53;29.61;-64.53;0.0;SUBIR
2011-09-23;1316736000000;MAPT3.SA;10.5;10.5;10.5;10.5;10.5;0;stock;29.42;-64.3;29.42;-64.3;0.0;SUBIR
2011-09-26;1316995200000;MAPT3.SA;10.5;10.5;10.5;10.5;10.5;0;stock;29.23;-64.07;29.23;-64.07;0.0;SUBIR
2011-09-27;1317081600000;MAPT3.SA;10.5;10.5;10.5;10.5;10.5;0;stock;29.04;-63.84;29.04;-63.84;0.0;SUBIR
2011-09-28;1317168000000;MAPT3.SA;10.5;10.5;10.5;10.5;10.5;0;stock;28.86;-63.61;28.86;-63.61;0.0;SUBIR
2011-09-29;1317254400000;MAPT3.SA;10.5;10.5;10.5;10.5;10.5;0;stock;28.67;-63.38;28.67;-63.38;0.0;SUBIR
2011-09-30;1317340800000;MAPT3.SA;10.5;10.5;10.5;10.5;10.5;0;stock;28.49;-63.15;28.49;-63.15;0.0;SUBIR
2011-10-03;1317600000000;MAPT3.SA;10.5;10.5;10.5;10.5;10.5;0;stock;28.31;-62.92;28.31;-62.92;0.0;SUBIR
2011-10-04;1317686400000;MAPT3.SA;10.5;10.5;10.5;10.5;10.5;0;stock;28.14;-62.68;28.14;-62.68;0.0;SUBIR
2011-10-05;1317772800000;MAPT3.SA;10.5;10.5;10.5;10.5;10.5;0;stock;27.96;-62.45;27.96;-62.45;0.0;SUBIR
2011-10-06;1317859200000;MAPT3.SA;10.5;10.5;10.5;10.5;10.5;0;stock;27.79;-62.21;27.79;-62.21;0.0;SUBIR
2011-10-07;1317945600000;MAPT3.SA;10.5;10.5;10.5;10.5;10.5;0;stock;27.62;-61.98;27.62;-61.98;0.0;SUBIR
2011-10-10;1318204800000;MAPT3.SA;10.5;10.5;10.5;10.5;10.5;0;stock;27.45;-61.74;27.45;-61.74;0.0;SUBIR
2011-10-11;1318291200000;MAPT3.SA;10.5;10.5;10.5;10.5;10.5;0;stock;27.28;-61.51;27.28;-61.51;0.0;SUBIR
2011-10-13;1318464000000;MAPT3.SA;10.5;10.5;10.5;10.5;10.5;0;stock;27.11;-61.27;27.11;-61.27;0.0;SUBIR
2011-10-14;1318550400000;MAPT3.SA;10.5;10.5;10.5;10.5;10.5;0;stock;26.94;-61.03;26.94;-61.03;0.0;SUBIR
2011-10-17;1318809600000;MAPT3.SA;10.5;10.5;10.5;10.5;10.5;0;stock;26.78;-60.79;26.78;-60.79;0.0;SUBIR
2011-10-18;1318896000000;MAPT3.SA;10.5;10.5;10.5;10.5;10.5;0;stock;26.62;-60.55;26.62;-60.55;0.0;SUBIR
2011-10-19;1318982400000;MAPT3.SA;10.5;10.5;10.5;10.5;10.5;0;stock;26.46;-60.32;26.46;-60.32;0.0;SUBIR
2011-10-20;1319068800000;MAPT3.SA;10.5;10.5;10.5;10.5;10.5;0;stock;26.3;-60.08;26.3;-60.08;0.0;SUBIR
2011-10-21;1319155200000;MAPT3.SA;10.5;10.5;10.5;10.5;10.5;0;stock;26.14;-59.84;26.14;-59.84;0.0;SUBIR
2011-10-24;1319414400000;MAPT3.SA;10.5;10.5;10.5;10.5;10.5;0;stock;25.99;-59.6;25.99;-59.6;0.0;SUBIR
2011-10-25;1319500800000;MAPT3.SA;10.5;10.5;10.5;10.5;10.5;0;stock;25.83;-59.35;25.83;-59.35;0.0;SUBIR
2011-10-26;1319587200000;MAPT3.SA;10.5;10.5;10.5;10.5;10.5;0;stock;25.68;-59.11;25.68;-59.11;0.0;SUBIR
2011-10-27;1319673600000;MAPT3.SA;10.5;10.5;10.5;10.5;10.5;0;stock;25.53;-58.87;25.53;-58.87;0.0;SUBIR
2011-10-28;1319760000000;MAPT3.SA;10.5;10.5;10.5;10.5;10.5;0;stock;25.38;-58.63;25.38;-58.63;0.0;SUBIR
2011-10-31;1320019200000;MAPT3.SA;10.5;10.5;10.5;10.5;10.5;0;stock;25.23;-58.39;25.23;-58.39;0.0;SUBIR
2011-11-01;1320105600000;MAPT3.SA;10.5;10.5;10.5;10.5;10.5;0;stock;25.09;-58.14;25.09;-58.14;0.0;SUBIR
2011-11-03;1320278400000;MAPT3.SA;10.5;10.5;10.5;10.5;10.5;0;stock;24.94;-57.9;24.94;-57.9;0.0;SUBIR
2011-11-04;1320364800000;MAPT3.SA;10.5;10.5;10.5;10.5;10.5;0;stock;24.8;-57.65;24.8;-57.65;0.0;SUBIR
2011-11-07;1320624000000;MAPT3.SA;10.5;10.5;10.5;10.5;10.5;0;stock;24.65;-57.41;24.65;-57.41;0.0;SUBIR
2011-11-08;1320710400000;MAPT3.SA;10.5;10.5;10.5;10.5;10.5;0;stock;24.51;-57.17;24.51;-57.17;0.0;SUBIR
2011-11-09;1320796800000;MAPT3.SA;10.5;10.5;10.5;10.5;10.5;0;stock;24.37;-56.92;24.37;-56.92;0.0;SUBIR
2011-11-10;1320883200000;MAPT3.SA;10.5;10.5;10.5;10.5;10.5;0;stock;24.24;-56.68;24.24;-56.68;0.0;SUBIR
2011-11-11;1320969600000;MAPT3.SA;10.5;10.5;10.5;10.5;10.5;0;stock;24.1;-56.43;24.1;-56.43;0.0;SUBIR
2011-11-14;1321228800000;MAPT3.SA;10.5;10.5;10.5;10.5;10.5;0;stock;23.96;-56.18;23.96;-56.18;0.0;SUBIR
2011-11-16;1321401600000;MAPT3.SA;10.5;10.5;10.5;10.5;10.5;0;stock;23.83;-55.94;23.83;-55.94;0.0;SUBIR
2011-11-17;1321488000000;MAPT3.SA;10.5;10.5;10.5;10.5;10.5;0;stock;23.7;-55.69;23.7;-55.69;0.0;SUBIR
2011-11-18;1321574400000;MAPT3.SA;10.5;10.5;10.5;10.5;10.5;0;stock;23.57;-55.44;23.57;-55.44;0.0;SUBIR
2011-11-21;1321833600000;MAPT3.SA;10.5;10.5;10.5;10.5;10.5;0;stock;23.44;-55.2;23.44;-55.2;0.0;SUBIR
2011-11-22;1321920000000;MAPT3.SA;10.5;10.5;10.5;10.5;10.5;0;stock;23.31;-54.95;23.31;-54.95;0.0;SUBIR
2011-11-23;1322006400000;MAPT3.SA;10.5;10.5;10.5;10.5;10.5;0;stock;23.18;-54.7;23.18;-54.7;0.0;SUBIR
2011-11-24;1322092800000;MAPT3.SA;10.5;10.5;10.5;10.5;10.5;0;stock;23.05;-54.45;23.05;-54.45;0.0;SUBIR
2011-11-25;1322179200000;MAPT3.SA;10.5;10.5;10.5;10.5;10.5;0;stock;22.93;-54.21;22.93;-54.21;0.0;SUBIR
2011-11-28;1322438400000;MAPT3.SA;10.5;10.5;10.5;10.5;10.5;0;stock;22.8;-53.96;22.8;-53.96;0.0;SUBIR
2011-11-29;1322524800000;MAPT3.SA;10.5;10.5;10.5;10.5;10.5;0;stock;22.68;-53.71;22.68;-53.71;0.0;SUBIR
2011-11-30;1322611200000;MAPT3.SA;10.5;10.5;10.5;10.5;10.5;0;stock;22.56;-53.46;22.56;-53.46;0.0;SUBIR
2011-12-01;1322697600000;MAPT3.SA;10.5;10.5;10.5;10.5;10.5;0;stock;22.44;-53.21;22.44;-53.21;0.0;SUBIR
2011-12-02;1322784000000;MAPT3.SA;10.5;10.5;10.5;10.5;10.5;20;stock;22.32;-52.96;22.32;-52.96;0.0;SUBIR
2011-12-05;1323043200000;MAPT3.SA;10.5;10.5;10.5;10.5;10.5;0;stock;22.2;-52.71;22.2;-52.71;0.0;SUBIR
2011-12-06;1323129600000;MAPT3.SA;10.5;10.5;10.5;10.5;10.5;0;stock;22.09;-52.46;22.09;-52.46;0.0;SUBIR
2011-12-07;1323216000000;MAPT3.SA;10.5;10.5;10.5;10.5;10.5;0;stock;21.97;-52.21;21.97;-52.21;0.0;SUBIR
2011-12-08;1323302400000;MAPT3.SA;10.5;10.5;10.5;10.5;10.5;0;stock;21.86;-51.96;21.86;-51.96;0.0;SUBIR
2011-12-09;1323388800000;MAPT3.SA;10.5;10.5;10.5;10.5;10.5;0;stock;21.75;-51.71;21.75;-51.71;0.0;SUBIR
2011-12-12;1323648000000;MAPT3.SA;10.5;10.5;10.5;10.5;10.5;0;stock;21.63;-51.46;21.63;-51.46;0.0;SUBIR
2011-12-13;1323734400000;MAPT3.SA;10.5;10.5;10.5;10.5;10.5;0;stock;21.52;-51.22;21.52;-51.22;0.0;SUBIR
2011-12-14;1323820800000;MAPT3.SA;10.5;10.5;10.5;10.5;10.5;0;stock;21.41;-50.97;21.41;-50.97;0.0;SUBIR
2011-12-15;1323907200000;MAPT3.SA;10.5;10.5;10.5;10.5;10.5;0;stock;21.3;-50.72;21.3;-50.72;0.0;SUBIR
2011-12-16;1323993600000;MAPT3.SA;10.5;10.5;10.5;10.5;10.5;0;stock;21.2;-50.47;21.2;-50.47;0.0;SUBIR
2011-12-19;1324252800000;MAPT3.SA;10.5;10.5;10.5;10.5;10.5;0;stock;21.09;-50.22;21.09;-50.22;0.0;SUBIR
2011-12-20;1324339200000;MAPT3.SA;10.5;10.5;10.5;10.5;10.5;0;stock;20.99;-49.97;20.99;-49.97;0.0;SUBIR
2011-12-21;1324425600000;MAPT3.SA;10.5;10.5;10.5;10.5;10.5;0;stock;20.88;-49.72;20.88;-49.72;0.0;SUBIR
2011-12-22;1324512000000;MAPT3.SA;10.5;10.5;10.5;10.5;10.5;0;stock;20.78;-49.47;20.78;-49.47;0.0;SUBIR
2011-12-23;1324598400000;MAPT3.SA;10.5;10.5;10.5;10.5;10.5;0;stock;20.68;-49.22;20.68;-49.22;0.0;SUBIR
2011-12-26;1324857600000;MAPT3.SA;10.5;10.5;10.5;10.5;10.5;0;stock;20.57;-48.97;20.57;-48.97;0.0;SUBIR
2011-12-27;1324944000000;MAPT3.SA;10.5;10.5;10.5;10.5;10.5;0;stock;20.47;-48.72;20.47;-48.72;0.0;SUBIR
2011-12-28;1325030400000;MAPT3.SA;10.5;10.5;10.5;10.5;10.5;0;stock;20.37;-48.47;20.37;-48.47;0.0;SUBIR
2011-12-29;1325116800000;MAPT3.SA;10.5;10.5;10.5;10.5;10.5;0;stock;20.28;-48.22;20.28;-48.22;0.0;SUBIR
2012-01-02;1325462400000;MAPT3.SA;10.5;10.5;10.5;10.5;10.5;0;stock;20.18;-47.97;20.18;-47.97;0.0;SUBIR
2012-01-03;1325548800000;MAPT3.SA;10.5;10.5;10.5;10.5;10.5;0;stock;20.08;-47.72;20.08;-47.72;0.0;SUBIR
2012-01-04;1325635200000;MAPT3.SA;10.5;10.5;10.5;10.5;10.5;0;stock;19.99;-47.47;19.99;-47.47;0.0;SUBIR
2012-01-05;1325721600000;MAPT3.SA;10.5;10.5;10.5;10.5;10.5;0;stock;19.89;-47.22;19.89;-47.22;0.0;SUBIR
2012-01-06;1325808000000;MAPT3.SA;10.5;10.5;10.5;10.5;10.5;0;stock;19.8;-46.97;19.8;-46.97;0.0;SUBIR
2012-01-09;1326067200000;MAPT3.SA;10.5;10.5;10.5;10.5;10.5;0;stock;19.71;-46.72;19.71;-46.72;0.0;SUBIR
2012-01-10;1326153600000;MAPT3.SA;10.5;10.5;10.5;10.5;10.5;0;stock;19.62;-46.47;19.62;-46.47;0.0;SUBIR
2012-01-11;1326240000000;MAPT3.SA;10.5;10.5;10.5;10.5;10.5;0;stock;19.52;-46.22;19.52;-46.22;0.0;SUBIR
2012-01-12;1326326400000;MAPT3.SA;10.5;10.5;10.5;10.5;10.5;0;stock;19.44;-45.97;19.44;-45.97;0.0;SUBIR
2012-01-13;1326412800000;MAPT3.SA;10.5;10.5;10.5;10.5;10.5;0;stock;19.35;-45.73;19.35;-45.73;0.0;SUBIR
2012-01-16;1326672000000;MAPT3.SA;10.5;10.5;10.5;10.5;10.5;0;stock;19.26;-45.48;19.26;-45.48;0.0;SUBIR
2012-01-17;1326758400000;MAPT3.SA;10.5;10.5;10.5;10.5;10.5;0;stock;19.17;-45.23;19.17;-45.23;0.0;SUBIR
2012-01-18;1326844800000;MAPT3.SA;10.5;10.5;10.5;10.5;10.5;0;stock;19.08;-44.98;19.08;-44.98;0.0;SUBIR
2012-01-19;1326931200000;MAPT3.SA;10.5;10.5;10.5;10.5;10.5;0;stock;19.0;-44.73;19.0;-44.73;0.0;SUBIR
2012-01-20;1327017600000;MAPT3.SA;10.5;10.5;10.5;10.5;10.5;0;stock;18.91;-44.49;18.91;-44.49;0.0;SUBIR
2012-01-23;1327276800000;MAPT3.SA;10.5;10.5;10.5;10.5;10.5;0;stock;18.83;-44.24;18.83;-44.24;0.0;SUBIR
2012-01-24;1327363200000;MAPT3.SA;10.5;10.5;10.5;10.5;10.5;0;stock;18.75;-43.99;18.75;-43.99;0.0;SUBIR
2012-01-26;1327536000000;MAPT3.SA;10.5;10.5;10.5;10.5;10.5;0;stock;18.67;-43.75;18.67;-43.75;0.0;SUBIR
2012-01-27;1327622400000;MAPT3.SA;10.5;10.5;10.5;10.5;10.5;0;stock;18.58;-43.5;18.58;-43.5;0.0;SUBIR
2012-01-30;1327881600000;MAPT3.SA;10.5;10.5;10.5;10.5;10.5;0;stock;18.5;-43.26;18.5;-43.26;0.0;SUBIR
2012-01-31;1327968000000;MAPT3.SA;10.5;10.5;10.5;10.5;10.5;0;stock;18.42;-43.01;18.42;-43.01;0.0;SUBIR
2012-02-01;1328054400000;MAPT3.SA;10.5;10.5;10.5;10.5;10.5;0;stock;18.35;-42.77;18.35;-42.77;0.0;SUBIR
2012-02-02;1328140800000;MAPT3.SA;10.5;10.5;10.5;10.5;10.5;0;stock;18.27;-42.52;18.27;-42.52;0.0;SUBIR
2012-02-03;1328227200000;MAPT3.SA;10.5;10.5;10.5;10.5;10.5;0;stock;18.19;-42.28;18.19;-42.28;0.0;SUBIR
2012-02-06;1328486400000;MAPT3.SA;10.5;10.5;10.5;10.5;10.5;0;stock;18.11;-42.03;18.11;-42.03;0.0;SUBIR
2012-02-07;1328572800000;MAPT3.SA;10.5;10.5;10.5;10.5;10.5;0;stock;18.04;-41.79;18.04;-41.79;0.0;SUBIR
2012-02-08;1328659200000;MAPT3.SA;10.5;10.5;10.5;10.5;10.5;0;stock;17.96;-41.55;17.96;-41.55;0.0;SUBIR
2012-02-09;1328745600000;MAPT3.SA;10.5;10.5;10.5;10.5;10.5;0;stock;17.89;-41.3;17.89;-41.3;0.0;SUBIR
2012-02-10;1328832000000;MAPT3.SA;10.5;10.5;10.5;10.5;10.5;0;stock;17.82;-41.06;17.82;-41.06;0.0;SUBIR
2012-02-13;1329091200000;MAPT3.SA;10.5;10.5;10.5;10.5;10.5;0;stock;17.74;-40.82;17.74;-40.82;0.0;SUBIR
2012-02-14;1329177600000;MAPT3.SA;10.5;10.5;10.5;10.5;10.5;0;stock;17.67;-40.58;17.67;-40.58;0.0;SUBIR
2012-02-15;1329264000000;MAPT3.SA;10.5;10.5;10.5;10.5;10.5;0;stock;17.6;-40.34;17.6;-40.34;0.0;SUBIR
2012-02-16;1329350400000;MAPT3.SA;10.5;10.5;10.5;10.5;10.5;0;stock;17.53;-40.1;17.53;-40.1;0.0;SUBIR
2012-02-17;1329436800000;MAPT3.SA;10.5;10.5;10.5;10.5;10.5;0;stock;17.46;-39.86;17.46;-39.86;0.0;SUBIR
2012-02-23;1329955200000;MAPT3.SA;10.5;10.5;10.5;10.5;10.5;0;stock;17.39;-39.62;17.39;-39.62;0.0;SUBIR
2012-02-24;1330041600000;MAPT3.SA;10.5;10.5;10.5;10.5;10.5;0;stock;17.32;-39.38;17.32;-39.38;0.0;SUBIR
2012-02-27;1330300800000;MAPT3.SA;10.5;10.5;10.5;10.5;10.5;0;stock;17.25;-39.14;17.25;-39.14;0.0;SUBIR
2012-02-28;1330387200000;MAPT3.SA;10.5;10.5;10.5;10.5;10.5;0;stock;17.19;-38.9;17.19;-38.9;0.0;SUBIR
2012-02-29;1330473600000;MAPT3.SA;10.5;10.5;10.5;10.5;10.5;0;stock;17.12;-38.67;17.12;-38.67;0.0;SUBIR
2012-03-01;1330560000000;MAPT3.SA;10.5;10.5;10.5;10.5;10.5;0;stock;17.05;-38.43;17.05;-38.43;0.0;SUBIR
2012-03-02;1330646400000;MAPT3.SA;10.5;10.5;10.5;10.5;10.5;0;stock;16.99;-38.19;16.99;-38.19;0.0;SUBIR
2012-03-05;1330905600000;MAPT3.SA;10.5;10.5;10.5;10.5;10.5;0;stock;16.92;-37.96;16.92;-37.96;0.0;SUBIR
2012-03-06;1330992000000;MAPT3.SA;10.5;10.5;10.5;10.5;10.5;0;stock;16.86;-37.72;16.86;-37.72;0.0;SUBIR
2012-03-07;1331078400000;MAPT3.SA;10.5;10.5;10.5;10.5;10.5;0;stock;16.8;-37.49;16.8;-37.49;0.0;SUBIR
2012-03-08;1331164800000;MAPT3.SA;10.5;10.5;10.5;10.5;10.5;0;stock;16.73;-37.25;16.73;-37.25;0.0;SUBIR
2012-03-09;1331251200000;MAPT3.SA;10.5;10.5;10.5;10.5;10.5;0;stock;16.67;-37.02;16.67;-37.02;0.0;SUBIR
2012-03-12;1331510400000;MAPT3.SA;10.5;10.5;10.5;10.5;10.5;0;stock;16.61;-36.79;16.61;-36.79;0.0;SUBIR
2012-03-13;1331596800000;MAPT3.SA;10.5;10.5;10.5;10.5;10.5;0;stock;16.55;-36.55;16.55;-36.55;0.0;SUBIR
2012-03-14;1331683200000;MAPT3.SA;10.5;10.5;10.5;10.5;10.5;0;stock;16.49;-36.32;16.49;-36.32;0.0;SUBIR
2012-03-15;1331769600000;MAPT3.SA;10.5;10.5;10.5;10.5;10.5;0;stock;16.43;-36.09;16.43;-36.09;0.0;SUBIR
2012-03-16;1331856000000;MAPT3.SA;10.5;10.5;10.5;10.5;10.5;0;stock;16.37;-35.86;16.37;-35.86;0.0;SUBIR
2012-03-19;1332115200000;MAPT3.SA;10.5;10.5;10.5;10.5;10.5;0;stock;16.31;-35.63;16.31;-35.63;0.0;SUBIR
2012-03-20;1332201600000;MAPT3.SA;10.5;10.5;10.5;10.5;10.5;0;stock;16.25;-35.4;16.25;-35.4;0.0;SUBIR
2012-03-21;1332288000000;MAPT3.SA;10.5;10.5;10.5;10.5;10.5;0;stock;16.2;-35.17;16.2;-35.17;0.0;SUBIR
2012-03-22;1332374400000;MAPT3.SA;10.5;10.5;10.5;10.5;10.5;0;stock;16.14;-34.95;16.14;-34.95;0.0;SUBIR
2012-03-23;1332460800000;MAPT3.SA;10.5;10.5;10.5;10.5;10.5;0;stock;16.08;-34.72;16.08;-34.72;0.0;SUBIR
2012-03-26;1332720000000;MAPT3.SA;10.5;10.5;10.5;10.5;10.5;0;stock;16.03;-34.49;16.03;-34.49;0.0;SUBIR
2012-03-27;1332806400000;MAPT3.SA;10.5;10.5;10.5;10.5;10.5;0;stock;15.97;-34.27;15.97;-34.27;0.0;SUBIR
2012-03-28;1332892800000;MAPT3.SA;10.5;10.5;10.5;10.5;10.5;0;stock;15.92;-34.04;15.92;-34.04;0.0;SUBIR
2012-03-29;1332979200000;MAPT3.SA;10.5;10.5;10.5;10.5;10.5;0;stock;15.87;-33.82;15.87;-33.82;0.0;SUBIR
2012-03-30;1333065600000;MAPT3.SA;10.5;10.5;10.5;10.5;10.5;0;stock;15.81;-33.6;15.81;-33.6;0.0;SUBIR
2012-04-02;1333324800000;MAPT3.SA;10.5;10.5;10.5;10.5;10.5;0;stock;15.76;-33.37;15.76;-33.37;0.0;SUBIR
2012-04-03;1333411200000;MAPT3.SA;10.5;10.5;10.5;10.5;10.5;0;stock;15.71;-33.15;15.71;-33.15;0.0;SUBIR
2012-04-04;1333497600000;MAPT3.SA;10.5;10.5;10.5;10.5;10.5;0;stock;15.66;-32.93;15.66;-32.93;0.0;SUBIR
2012-04-05;1333584000000;MAPT3.SA;10.5;10.5;10.5;10.5;10.5;0;stock;15.6;-32.71;15.6;-32.71;0.0;SUBIR
2012-04-09;1333929600000;MAPT3.SA;10.5;10.5;10.5;10.5;10.5;0;stock;15.55;-32.49;15.55;-32.49;0.0;SUBIR
2012-04-10;1334016000000;MAPT3.SA;10.5;10.5;10.5;10.5;10.5;0;stock;15.5;-32.27;15.5;-32.27;0.0;SUBIR
2012-04-11;1334102400000;MAPT3.SA;10.5;10.5;10.5;10.5;10.5;0;stock;15.45;-32.05;15.45;-32.05;0.0;SUBIR
2012-04-12;1334188800000;MAPT3.SA;11.3;11.3;11.3;11.3;11.3;10;stock;15.41;-26.68;15.41;-26.68;99.99;ESTAVEL
2012-04-13;1334275200000;MAPT3.SA;11.3;11.3;11.3;11.3;11.3;0;stock;15.37;-26.48;15.37;-26.48;99.99;ESTAVEL
2012-04-16;1334534400000;MAPT3.SA;11.3;11.3;11.3;11.3;11.3;0;stock;15.33;-26.29;15.33;-26.29;99.99;ESTAVEL
2012-04-17;1334620800000;MAPT3.SA;11.3;11.3;11.3;11.3;11.3;0;stock;15.29;-26.1;15.29;-26.1;99.99;ESTAVEL
2012-04-18;1334707200000;MAPT3.SA;11.3;11.3;11.3;11.3;11.3;0;stock;15.25;-25.9;15.25;-25.9;99.99;ESTAVEL
2012-04-19;1334793600000;MAPT3.SA;11.3;11.3;11.3;11.3;11.3;0;stock;15.21;-25.71;15.21;-25.71;99.99;ESTAVEL
2012-04-20;1334880000000;MAPT3.SA;11.3;11.3;11.3;11.3;11.3;0;stock;15.17;-25.52;15.17;-25.52;99.99;ESTAVEL
2012-04-23;1335139200000;MAPT3.SA;11.3;11.3;11.3;11.3;11.3;0;stock;15.13;-25.33;15.13;-25.33;99.99;ESTAVEL
2012-04-24;1335225600000;MAPT3.SA;11.3;11.3;11.3;11.3;11.3;0;stock;15.1;-25.14;15.1;-25.14;99.99;ESTAVEL
2012-04-25;1335312000000;MAPT3.SA;11.3;11.3;11.3;11.3;11.3;0;stock;15.06;-24.96;15.06;-24.96;99.99;ESTAVEL
2012-04-26;1335398400000;MAPT3.SA;11.3;11.3;11.3;11.3;11.3;0;stock;15.02;-24.77;15.02;-24.77;99.99;ESTAVEL
2012-04-27;1335484800000;MAPT3.SA;11.3;11.3;11.3;11.3;11.3;0;stock;14.98;-24.58;14.98;-24.58;99.99;ESTAVEL
2012-04-30;1335744000000;MAPT3.SA;11.3;11.3;11.3;11.3;11.3;0;stock;14.95;-24.4;14.95;-24.4;99.99;ESTAVEL
2012-05-02;1335916800000;MAPT3.SA;11.3;11.3;11.3;11.3;11.3;0;stock;14.91;-24.21;14.91;-24.21;99.99;ESTAVEL
2012-05-03;1336003200000;MAPT3.SA;11.3;11.3;11.3;11.3;11.3;0;stock;14.87;-24.03;14.87;-24.03;99.99;ESTAVEL
2012-05-04;1336089600000;MAPT3.SA;11.3;11.3;11.3;11.3;11.3;0;stock;14.84;-23.85;14.84;-23.85;99.99;ESTAVEL
2012-05-07;1336348800000;MAPT3.SA;11.3;11.3;11.3;11.3;11.3;0;stock;14.8;-23.67;14.8;-23.67;99.99;ESTAVEL
2012-05-08;1336435200000;MAPT3.SA;11.3;11.3;11.3;11.3;11.3;0;stock;14.77;-23.49;14.77;-23.49;99.99;ESTAVEL
2012-05-09;1336521600000;MAPT3.SA;11.3;11.3;11.3;11.3;11.3;0;stock;14.73;-23.31;14.73;-23.31;99.99;ESTAVEL
2012-05-10;1336608000000;MAPT3.SA;11.3;11.3;11.3;11.3;11.3;0;stock;14.7;-23.13;14.7;-23.13;99.99;ESTAVEL
2012-05-11;1336694400000;MAPT3.SA;11.3;11.3;11.3;11.3;11.3;0;stock;14.67;-22.95;14.67;-22.95;99.99;ESTAVEL
2012-05-14;1336953600000;MAPT3.SA;11.3;11.3;11.3;11.3;11.3;0;stock;14.63;-22.78;14.63;-22.78;99.99;ESTAVEL
2012-05-15;1337040000000;MAPT3.SA;11.3;11.3;11.3;11.3;11.3;0;stock;14.6;-22.6;14.6;-22.6;99.99;ESTAVEL
2012-05-16;1337126400000;MAPT3.SA;11.3;11.3;11.3;11.3;11.3;0;stock;14.57;-22.43;14.57;-22.43;99.99;ESTAVEL
2012-05-17;1337212800000;MAPT3.SA;11.3;11.3;11.3;11.3;11.3;0;stock;14.53;-22.25;14.53;-22.25;99.99;ESTAVEL
2012-05-18;1337299200000;MAPT3.SA;11.3;11.3;11.3;11.3;11.3;0;stock;14.5;-22.08;14.5;-22.08;99.99;ESTAVEL
2012-05-21;1337558400000;MAPT3.SA;11.3;11.3;11.3;11.3;11.3;0;stock;14.47;-21.91;14.47;-21.91;99.99;ESTAVEL
2012-05-22;1337644800000;MAPT3.SA;11.3;11.3;11.3;11.3;11.3;0;stock;14.44;-21.74;14.44;-21.74;99.99;ESTAVEL
2012-05-23;1337731200000;MAPT3.SA;11.3;11.3;11.3;11.3;11.3;0;stock;14.41;-21.57;14.41;-21.57;99.99;ESTAVEL
2012-05-24;1337817600000;MAPT3.SA;11.3;11.3;11.3;11.3;11.3;0;stock;14.38;-21.4;14.38;-21.4;99.99;ESTAVEL
2012-05-25;1337904000000;MAPT3.SA;11.3;11.3;11.3;11.3;11.3;0;stock;14.35;-21.23;14.35;-21.23;99.99;ESTAVEL
2012-05-28;1338163200000;MAPT3.SA;11.3;11.3;11.3;11.3;11.3;0;stock;14.32;-21.07;14.32;-21.07;99.99;ESTAVEL
2012-05-29;1338249600000;MAPT3.SA;11.3;11.3;11.3;11.3;11.3;0;stock;14.29;-20.9;14.29;-20.9;99.99;ESTAVEL
2012-05-30;1338336000000;MAPT3.SA;11.3;11.3;11.3;11.3;11.3;0;stock;14.26;-20.73;14.26;-20.73;99.99;ESTAVEL
2012-05-31;1338422400000;MAPT3.SA;11.3;11.3;11.3;11.3;11.3;0;stock;14.23;-20.57;14.23;-20.57;99.99;ESTAVEL
2012-06-01;1338508800000;MAPT3.SA;11.3;11.3;11.3;11.3;11.3;0;stock;14.2;-20.41;14.2;-20.41;99.99;ESTAVEL
2012-06-04;1338768000000;MAPT3.SA;11.3;11.3;11.3;11.3;11.3;0;stock;14.17;-20.25;14.17;-20.25;99.99;ESTAVEL
2012-06-05;1338854400000;MAPT3.SA;11.3;11.3;11.3;11.3;11.3;0;stock;14.14;-20.09;14.14;-20.09;99.99;ESTAVEL
2012-06-06;1338940800000;MAPT3.SA;11.3;11.3;11.3;11.3;11.3;0;stock;14.11;-19.93;14.11;-19.93;99.99;ESTAVEL
2012-06-08;1339113600000;MAPT3.SA;11.3;11.3;11.3;11.3;11.3;0;stock;14.08;-19.77;14.08;-19.77;99.99;ESTAVEL
2012-06-11;1339372800000;MAPT3.SA;11.3;11.3;11.3;11.3;11.3;0;stock;14.06;-19.61;14.06;-19.61;99.99;ESTAVEL
2012-06-12;1339459200000;MAPT3.SA;11.3;11.3;11.3;11.3;11.3;0;stock;14.03;-19.45;14.03;-19.45;99.99;ESTAVEL
2012-06-13;1339545600000;MAPT3.SA;11.3;11.3;11.3;11.3;11.3;0;stock;14.0;-19.29;14.0;-19.29;99.99;ESTAVEL
2012-06-14;1339632000000;MAPT3.SA;11.3;11.3;11.3;11.3;11.3;0;stock;13.97;-19.14;13.97;-19.14;99.99;ESTAVEL
2012-06-15;1339718400000;MAPT3.SA;11.3;11.3;11.3;11.3;11.3;0;stock;13.95;-18.98;13.95;-18.98;99.99;ESTAVEL
2012-06-18;1339977600000;MAPT3.SA;11.3;11.3;11.3;11.3;11.3;0;stock;13.92;-18.83;13.92;-18.83;99.99;ESTAVEL
2012-06-19;1340064000000;MAPT3.SA;11.3;11.3;11.3;11.3;11.3;0;stock;13.9;-18.68;13.9;-18.68;99.99;ESTAVEL
2012-06-20;1340150400000;MAPT3.SA;11.3;11.3;11.3;11.3;11.3;0;stock;13.87;-18.53;13.87;-18.53;99.99;ESTAVEL
2012-06-21;1340236800000;MAPT3.SA;11.3;11.3;11.3;11.3;11.3;0;stock;13.84;-18.38;13.84;-18.38;99.99;ESTAVEL
2012-06-22;1340323200000;MAPT3.SA;11.3;11.3;11.3;11.3;11.3;0;stock;13.82;-18.23;13.82;-18.23;99.99;ESTAVEL
2012-06-25;1340582400000;MAPT3.SA;11.3;11.3;11.3;11.3;11.3;0;stock;13.79;-18.08;13.79;-18.08;99.99;ESTAVEL
2012-06-26;1340668800000;MAPT3.SA;11.3;11.3;11.3;11.3;11.3;0;stock;13.77;-17.93;13.77;-17.93;99.99;ESTAVEL
2012-06-27;1340755200000;MAPT3.SA;11.3;11.3;11.3;11.3;11.3;0;stock;13.74;-17.78;13.74;-17.78;99.99;ESTAVEL
2012-06-28;1340841600000;MAPT3.SA;11.3;11.3;11.3;11.3;11.3;0;stock;13.72;-17.64;13.72;-17.64;99.99;ESTAVEL
2012-06-29;1340928000000;MAPT3.SA;11.3;11.3;11.3;11.3;11.3;0;stock;13.7;-17.49;13.7;-17.49;99.99;ESTAVEL
2012-07-02;1341187200000;MAPT3.SA;11.3;11.3;11.3;11.3;11.3;0;stock;13.67;-17.35;13.67;-17.35;99.99;ESTAVEL
2012-07-03;1341273600000;MAPT3.SA;11.3;11.3;11.3;11.3;11.3;0;stock;13.65;-17.21;13.65;-17.21;99.99;ESTAVEL
2012-07-04;1341360000000;MAPT3.SA;11.3;11.3;11.3;11.3;11.3;0;stock;13.63;-17.07;13.63;-17.07;99.99;ESTAVEL
2012-07-05;1341446400000;MAPT3.SA;11.3;11.3;11.3;11.3;11.3;0;stock;13.6;-16.92;13.6;-16.92;99.99;ESTAVEL
2012-07-06;1341532800000;MAPT3.SA;11.3;11.3;11.3;11.3;11.3;0;stock;13.58;-16.78;13.58;-16.78;99.99;ESTAVEL
2012-07-10;1341878400000;MAPT3.SA;11.3;11.3;11.3;11.3;11.3;0;stock;13.56;-16.65;13.56;-16.65;99.99;ESTAVEL
2012-07-11;1341964800000;MAPT3.SA;11.3;11.3;11.3;11.3;11.3;0;stock;13.53;-16.51;13.53;-16.51;99.99;ESTAVEL
2012-07-12;1342051200000;MAPT3.SA;11.3;11.3;11.3;11.3;11.3;0;stock;13.51;-16.37;13.51;-16.37;99.99;ESTAVEL
2012-07-13;1342137600000;MAPT3.SA;11.3;11.3;11.3;11.3;11.3;0;stock;13.49;-16.23;13.49;-16.23;99.99;ESTAVEL
2012-07-16;1342396800000;MAPT3.SA;11.3;11.3;11.3;11.3;11.3;0;stock;13.47;-16.1;13.47;-16.1;99.99;ESTAVEL
2012-07-17;1342483200000;MAPT3.SA;11.3;11.3;11.3;11.3;11.3;0;stock;13.45;-15.96;13.45;-15.96;99.99;ESTAVEL
2012-07-18;1342569600000;MAPT3.SA;11.3;11.3;11.3;11.3;11.3;0;stock;13.43;-15.83;13.43;-15.83;99.99;ESTAVEL
2012-07-19;1342656000000;MAPT3.SA;11.3;11.3;11.3;11.3;11.3;0;stock;13.4;-15.7;13.4;-15.7;99.99;ESTAVEL
2012-07-20;1342742400000;MAPT3.SA;11.3;11.3;11.3;11.3;11.3;0;stock;13.38;-15.56;13.38;-15.56;99.99;ESTAVEL
2012-07-23;1343001600000;MAPT3.SA;11.3;11.3;11.3;11.3;11.3;0;stock;13.36;-15.43;13.36;-15.43;99.99;ESTAVEL
2012-07-24;1343088000000;MAPT3.SA;11.3;11.3;11.3;11.3;11.3;0;stock;13.34;-15.3;13.34;-15.3;99.99;ESTAVEL
2012-07-25;1343174400000;MAPT3.SA;11.3;11.3;11.3;11.3;11.3;0;stock;13.32;-15.17;13.32;-15.17;99.99;ESTAVEL
2012-07-26;1343260800000;MAPT3.SA;11.3;11.3;11.3;11.3;11.3;0;stock;13.3;-15.05;13.3;-15.05;99.99;ESTAVEL
2012-07-27;1343347200000;MAPT3.SA;11.3;11.3;11.3;11.3;11.3;0;stock;13.28;-14.92;13.28;-14.92;99.99;ESTAVEL
2012-07-30;1343606400000;MAPT3.SA;11.3;11.3;11.3;11.3;11.3;0;stock;13.26;-14.79;13.26;-14.79;99.99;ESTAVEL
2012-07-31;1343692800000;MAPT3.SA;11.3;11.3;11.3;11.3;11.3;0;stock;13.24;-14.67;13.24;-14.67;99.99;ESTAVEL
2012-08-01;1343779200000;MAPT3.SA;11.3;11.3;11.3;11.3;11.3;0;stock;13.22;-14.54;13.22;-14.54;99.99;ESTAVEL
2012-08-02;1343865600000;MAPT3.SA;11.3;11.3;11.3;11.3;11.3;0;stock;13.2;-14.42;13.2;-14.42;99.99;ESTAVEL
2012-08-03;1343952000000;MAPT3.SA;11.3;11.3;11.3;11.3;11.3;0;stock;13.18;-14.3;13.18;-14.3;99.99;ESTAVEL
2012-08-06;1344211200000;MAPT3.SA;11.3;11.3;11.3;11.3;11.3;0;stock;13.17;-14.17;13.17;-14.17;99.99;ESTAVEL
2012-08-07;1344297600000;MAPT3.SA;11.3;11.3;11.3;11.3;11.3;0;stock;13.15;-14.05;13.15;-14.05;99.99;ESTAVEL
2012-08-08;1344384000000;MAPT3.SA;11.3;11.3;11.3;11.3;11.3;0;stock;13.13;-13.93;13.13;-13.93;99.99;ESTAVEL
2012-08-09;1344470400000;MAPT3.SA;11.3;11.3;11.3;11.3;11.3;0;stock;13.11;-13.81;13.11;-13.81;99.99;ESTAVEL
2012-08-10;1344556800000;MAPT3.SA;11.3;11.3;11.3;11.3;11.3;0;stock;13.09;-13.69;13.09;-13.69;99.99;ESTAVEL
2012-08-13;1344816000000;MAPT3.SA;11.3;11.3;11.3;11.3;11.3;0;stock;13.08;-13.58;13.08;-13.58;99.99;ESTAVEL
2012-08-14;1344902400000;MAPT3.SA;11.3;11.3;11.3;11.3;11.3;0;stock;13.06;-13.46;13.06;-13.46;99.99;ESTAVEL
2012-08-15;1344988800000;MAPT3.SA;11.3;11.3;11.3;11.3;11.3;0;stock;13.04;-13.34;13.04;-13.34;99.99;ESTAVEL
2012-08-16;1345075200000;MAPT3.SA;11.3;11.3;11.3;11.3;11.3;0;stock;13.02;-13.23;13.02;-13.23;99.99;ESTAVEL
2012-08-17;1345161600000;MAPT3.SA;10.0;10.0;10.0;10.0;10.0;20;stock;12.99;-23.03;12.99;-23.03;0.09;SUBIR
2012-08-20;1345420800000;MAPT3.SA;10.0;10.0;10.0;10.0;10.0;0;stock;12.96;-22.86;12.96;-22.86;0.09;SUBIR
2012-08-21;1345507200000;MAPT3.SA;10.0;10.0;10.0;10.0;10.0;0;stock;12.93;-22.68;12.93;-22.68;0.09;SUBIR
2012-08-22;1345593600000;MAPT3.SA;10.0;10.0;10.0;10.0;10.0;0;stock;12.9;-22.5;12.9;-22.5;0.09;SUBIR
2012-08-23;1345680000000;MAPT3.SA;10.0;10.0;10.0;10.0;10.0;0;stock;12.88;-22.33;12.88;-22.33;0.09;SUBIR
2012-08-24;1345766400000;MAPT3.SA;10.0;10.0;10.0;10.0;10.0;0;stock;12.85;-22.16;12.85;-22.16;0.09;SUBIR
2012-08-27;1346025600000;MAPT3.SA;10.0;10.0;10.0;10.0;10.0;0;stock;12.82;-21.99;12.82;-21.99;0.09;SUBIR
2012-08-28;1346112000000;MAPT3.SA;10.0;10.0;10.0;10.0;10.0;0;stock;12.79;-21.81;12.79;-21.81;0.09;SUBIR
2012-08-29;1346198400000;MAPT3.SA;10.0;10.0;10.0;10.0;10.0;0;stock;12.76;-21.64;12.76;-21.64;0.09;SUBIR
2012-08-30;1346284800000;MAPT3.SA;10.0;10.0;10.0;10.0;10.0;0;stock;12.73;-21.48;12.73;-21.48;0.09;SUBIR
2012-08-31;1346371200000;MAPT3.SA;10.0;10.0;10.0;10.0;10.0;0;stock;12.71;-21.31;12.71;-21.31;0.09;SUBIR
2012-09-03;1346630400000;MAPT3.SA;10.0;10.0;10.0;10.0;10.0;0;stock;12.68;-21.14;12.68;-21.14;0.09;SUBIR
2012-09-04;1346716800000;MAPT3.SA;10.0;10.0;10.0;10.0;10.0;0;stock;12.65;-20.97;12.65;-20.97;0.09;SUBIR
2012-09-05;1346803200000;MAPT3.SA;10.0;10.0;10.0;10.0;10.0;0;stock;12.63;-20.81;12.63;-20.81;0.09;SUBIR
2012-09-06;1346889600000;MAPT3.SA;10.0;10.0;10.0;10.0;10.0;0;stock;12.6;-20.64;12.6;-20.64;0.09;SUBIR
2012-09-10;1347235200000;MAPT3.SA;10.0;10.0;10.0;10.0;10.0;0;stock;12.58;-20.48;12.58;-20.48;0.09;SUBIR
2012-09-11;1347321600000;MAPT3.SA;10.0;10.0;10.0;10.0;10.0;0;stock;12.55;-20.32;12.55;-20.32;0.09;SUBIR
2012-09-12;1347408000000;MAPT3.SA;10.0;10.0;10.0;10.0;10.0;0;stock;12.52;-20.16;12.52;-20.16;0.09;SUBIR
2012-09-13;1347494400000;MAPT3.SA;11.2;11.2;11.2;11.2;11.2;50;stock;12.51;-10.48;12.51;-10.48;77.8;ESTAVEL
2012-09-14;1347580800000;MAPT3.SA;11.2;11.2;11.2;11.2;11.2;0;stock;12.5;-10.39;12.5;-10.39;77.8;ESTAVEL
2012-09-17;1347840000000;MAPT3.SA;11.2;11.2;11.2;11.2;11.2;0;stock;12.49;-10.3;12.49;-10.3;77.8;ESTAVEL
2012-09-18;1347926400000;MAPT3.SA;11.2;11.2;11.2;11.2;11.2;0;stock;12.47;-10.2;12.47;-10.2;77.8;ESTAVEL
2012-09-19;1348012800000;MAPT3.SA;11.2;11.2;11.2;11.2;11.2;0;stock;12.46;-10.11;12.46;-10.11;77.8;ESTAVEL
2012-09-20;1348099200000;MAPT3.SA;11.2;11.2;11.2;11.2;11.2;0;stock;12.45;-10.02;12.45;-10.02;77.8;ESTAVEL
2012-09-21;1348185600000;MAPT3.SA;11.2;11.2;11.2;11.2;11.2;0;stock;12.44;-9.93;12.44;-9.93;77.8;ESTAVEL
2012-09-24;1348444800000;MAPT3.SA;11.2;11.2;11.2;11.2;11.2;0;stock;12.42;-9.84;12.42;-9.84;77.8;ESTAVEL
2012-09-25;1348531200000;MAPT3.SA;11.2;11.2;11.2;11.2;11.2;0;stock;12.41;-9.75;12.41;-9.75;77.8;ESTAVEL
2012-09-26;1348617600000;MAPT3.SA;11.2;11.2;11.2;11.2;11.2;0;stock;12.4;-9.67;12.4;-9.67;77.8;ESTAVEL
2012-09-27;1348704000000;MAPT3.SA;11.2;11.2;11.2;11.2;11.2;0;stock;12.39;-9.58;12.39;-9.58;77.8;ESTAVEL
2012-09-28;1348790400000;MAPT3.SA;11.2;11.2;11.2;11.2;11.2;0;stock;12.37;-9.49;12.37;-9.49;77.8;ESTAVEL
2012-10-01;1349049600000;MAPT3.SA;11.2;11.2;11.2;11.2;11.2;0;stock;12.36;-9.41;12.36;-9.41;77.8;ESTAVEL
2012-10-02;1349136000000;MAPT3.SA;11.2;11.2;11.2;11.2;11.2;0;stock;12.35;-9.32;12.35;-9.32;77.8;ESTAVEL
2012-10-03;1349222400000;MAPT3.SA;11.2;11.2;11.2;11.2;11.2;0;stock;12.34;-9.24;12.34;-9.24;77.8;ESTAVEL
2012-10-04;1349308800000;MAPT3.SA;11.2;11.2;11.2;11.2;11.2;0;stock;12.33;-9.16;12.33;-9.16;77.8;ESTAVEL
2012-10-05;1349395200000;MAPT3.SA;11.2;11.2;11.2;11.2;11.2;0;stock;12.32;-9.07;12.32;-9.07;77.8;ESTAVEL
2012-10-08;1349654400000;MAPT3.SA;11.2;11.2;11.2;11.2;11.2;0;stock;12.31;-8.99;12.31;-8.99;77.8;ESTAVEL
2012-10-09;1349740800000;MAPT3.SA;11.2;11.2;11.2;11.2;11.2;0;stock;12.3;-8.91;12.3;-8.91;77.8;ESTAVEL
2012-10-10;1349827200000;MAPT3.SA;11.2;11.2;11.2;11.2;11.2;0;stock;12.28;-8.83;12.28;-8.83;77.8;ESTAVEL
2012-10-11;1349913600000;MAPT3.SA;11.2;11.2;11.2;11.2;11.2;0;stock;12.27;-8.75;12.27;-8.75;77.8;ESTAVEL
2012-10-15;1350259200000;MAPT3.SA;11.2;11.2;11.2;11.2;11.2;0;stock;12.26;-8.67;12.26;-8.67;77.8;ESTAVEL
2012-10-16;1350345600000;MAPT3.SA;11.2;11.2;11.2;11.2;11.2;0;stock;12.25;-8.59;12.25;-8.59;77.8;ESTAVEL
2012-10-17;1350432000000;MAPT3.SA;11.2;11.2;11.2;11.2;11.2;0;stock;12.24;-8.51;12.24;-8.51;77.8;ESTAVEL
2012-10-18;1350518400000;MAPT3.SA;11.2;11.2;11.2;11.2;11.2;0;stock;12.23;-8.43;12.23;-8.43;77.8;ESTAVEL
2012-10-19;1350604800000;MAPT3.SA;11.2;11.2;11.2;11.2;11.2;0;stock;12.22;-8.36;12.22;-8.36;77.8;ESTAVEL
2012-10-22;1350864000000;MAPT3.SA;11.2;11.2;11.2;11.2;11.2;0;stock;12.21;-8.28;12.21;-8.28;77.8;ESTAVEL
2012-10-23;1350950400000;MAPT3.SA;11.2;11.2;11.2;11.2;11.2;0;stock;12.2;-8.21;12.2;-8.21;77.8;ESTAVEL
2012-10-24;1351036800000;MAPT3.SA;11.2;11.2;11.2;11.2;11.2;0;stock;12.19;-8.13;12.19;-8.13;77.8;ESTAVEL
2012-10-25;1351123200000;MAPT3.SA;11.2;11.2;11.2;11.2;11.2;0;stock;12.18;-8.06;12.18;-8.06;77.8;ESTAVEL
2012-10-26;1351209600000;MAPT3.SA;11.2;11.2;11.2;11.2;11.2;0;stock;12.17;-7.98;12.17;-7.98;77.8;ESTAVEL
2012-10-29;1351468800000;MAPT3.SA;11.2;11.2;11.2;11.2;11.2;0;stock;12.16;-7.91;12.16;-7.91;77.8;ESTAVEL
2012-10-30;1351555200000;MAPT3.SA;11.2;11.2;11.2;11.2;11.2;0;stock;12.15;-7.84;12.15;-7.84;77.8;ESTAVEL
2012-10-31;1351641600000;MAPT3.SA;11.2;11.2;11.2;11.2;11.2;0;stock;12.14;-7.76;12.14;-7.76;77.8;ESTAVEL
2012-11-01;1351728000000;MAPT3.SA;11.2;11.2;11.2;11.2;11.2;0;stock;12.13;-7.69;12.13;-7.69;77.8;ESTAVEL
2012-11-05;1352073600000;MAPT3.SA;11.2;11.2;11.2;11.2;11.2;0;stock;12.12;-7.62;12.12;-7.62;77.8;ESTAVEL
2012-11-06;1352160000000;MAPT3.SA;11.2;11.2;11.2;11.2;11.2;0;stock;12.11;-7.55;12.11;-7.55;77.8;ESTAVEL
2012-11-07;1352246400000;MAPT3.SA;11.2;11.2;11.2;11.2;11.2;0;stock;12.11;-7.48;12.11;-7.48;77.8;ESTAVEL
2012-11-08;1352332800000;MAPT3.SA;11.2;11.2;11.2;11.2;11.2;0;stock;12.1;-7.41;12.1;-7.41;77.8;ESTAVEL
2012-11-09;1352419200000;MAPT3.SA;11.2;11.2;11.2;11.2;11.2;0;stock;12.09;-7.35;12.09;-7.35;77.8;ESTAVEL
2012-11-12;1352678400000;MAPT3.SA;11.2;11.2;11.2;11.2;11.2;0;stock;12.08;-7.28;12.08;-7.28;77.8;ESTAVEL
2012-11-13;1352764800000;MAPT3.SA;11.2;11.2;11.2;11.2;11.2;0;stock;12.07;-7.21;12.07;-7.21;77.8;ESTAVEL
2012-11-14;1352851200000;MAPT3.SA;11.2;11.2;11.2;11.2;11.2;0;stock;12.06;-7.14;12.06;-7.14;77.8;ESTAVEL
2012-11-16;1353024000000;MAPT3.SA;11.2;11.2;11.2;11.2;11.2;0;stock;12.05;-7.08;12.05;-7.08;77.8;ESTAVEL
2012-11-19;1353283200000;MAPT3.SA;11.2;11.2;11.2;11.2;11.2;0;stock;12.04;-7.01;12.04;-7.01;77.8;ESTAVEL
2012-11-21;1353456000000;MAPT3.SA;11.2;11.2;11.2;11.2;11.2;0;stock;12.04;-6.95;12.04;-6.95;77.8;ESTAVEL
2012-11-22;1353542400000;MAPT3.SA;11.2;11.2;11.2;11.2;11.2;0;stock;12.03;-6.88;12.03;-6.88;77.8;ESTAVEL
2012-11-23;1353628800000;MAPT3.SA;11.2;11.2;11.2;11.2;11.2;0;stock;12.02;-6.82;12.02;-6.82;77.8;ESTAVEL
2012-11-26;1353888000000;MAPT3.SA;11.2;11.2;11.2;11.2;11.2;0;stock;12.01;-6.76;12.01;-6.76;77.8;ESTAVEL
2012-11-27;1353974400000;MAPT3.SA;11.2;11.2;11.2;11.2;11.2;0;stock;12.0;-6.69;12.0;-6.69;77.8;ESTAVEL
2012-11-28;1354060800000;MAPT3.SA;11.2;11.2;11.2;11.2;11.2;0;stock;12.0;-6.63;12.0;-6.63;77.8;ESTAVEL
2012-11-29;1354147200000;MAPT3.SA;11.2;11.2;11.2;11.2;11.2;0;stock;11.99;-6.57;11.99;-6.57;77.8;ESTAVEL
2012-11-30;1354233600000;MAPT3.SA;11.2;11.2;11.2;11.2;11.2;0;stock;11.98;-6.51;11.98;-6.51;77.8;ESTAVEL
2012-12-03;1354492800000;MAPT3.SA;11.2;11.2;11.2;11.2;11.2;0;stock;11.97;-6.45;11.97;-6.45;77.8;ESTAVEL
2012-12-04;1354579200000;MAPT3.SA;11.2;11.2;11.2;11.2;11.2;0;stock;11.96;-6.39;11.96;-6.39;77.8;ESTAVEL
2012-12-05;1354665600000;MAPT3.SA;11.2;11.2;11.2;11.2;11.2;0;stock;11.96;-6.33;11.96;-6.33;77.8;ESTAVEL
2012-12-06;1354752000000;MAPT3.SA;11.2;11.2;11.2;11.2;11.2;0;stock;11.95;-6.27;11.95;-6.27;77.8;ESTAVEL
2012-12-07;1354838400000;MAPT3.SA;11.2;11.2;11.2;11.2;11.2;0;stock;11.94;-6.21;11.94;-6.21;77.8;ESTAVEL
2012-12-10;1355097600000;MAPT3.SA;11.2;11.2;11.2;11.2;11.2;0;stock;11.93;-6.15;11.93;-6.15;77.8;ESTAVEL
2012-12-11;1355184000000;MAPT3.SA;11.2;11.2;11.2;11.2;11.2;0;stock;11.93;-6.1;11.93;-6.1;77.8;ESTAVEL
2012-12-12;1355270400000;MAPT3.SA;11.2;11.2;11.2;11.2;11.2;0;stock;11.92;-6.04;11.92;-6.04;77.8;ESTAVEL
2012-12-13;1355356800000;MAPT3.SA;11.2;11.2;11.2;11.2;11.2;0;stock;11.91;-5.98;11.91;-5.98;77.8;ESTAVEL
2012-12-14;1355443200000;MAPT3.SA;11.2;11.2;11.2;11.2;11.2;0;stock;11.91;-5.93;11.91;-5.93;77.8;ESTAVEL
2012-12-17;1355702400000;MAPT3.SA;11.2;11.2;11.2;11.2;11.2;0;stock;11.9;-5.87;11.9;-5.87;77.8;ESTAVEL
2012-12-18;1355788800000;MAPT3.SA;11.2;11.2;11.2;11.2;11.2;0;stock;11.89;-5.82;11.89;-5.82;77.8;ESTAVEL
2012-12-19;1355875200000;MAPT3.SA;11.2;11.2;11.2;11.2;11.2;0;stock;11.88;-5.76;11.88;-5.76;77.8;ESTAVEL
2012-12-20;1355961600000;MAPT3.SA;11.2;11.2;11.2;11.2;11.2;0;stock;11.88;-5.71;11.88;-5.71;77.8;ESTAVEL
2012-12-21;1356048000000;MAPT3.SA;11.2;11.2;11.2;11.2;11.2;0;stock;11.87;-5.65;11.87;-5.65;77.8;ESTAVEL
2012-12-26;1356480000000;MAPT3.SA;11.2;11.2;11.2;11.2;11.2;0;stock;11.86;-5.6;11.86;-5.6;77.8;ESTAVEL
2012-12-27;1356566400000;MAPT3.SA;11.2;11.2;11.2;11.2;11.2;0;stock;11.86;-5.55;11.86;-5.55;77.8;ESTAVEL
2012-12-28;1356652800000;MAPT3.SA;11.2;11.2;11.2;11.2;11.2;0;stock;11.85;-5.5;11.85;-5.5;77.8;ESTAVEL
2013-01-02;1357084800000;MAPT3.SA;11.2;11.2;11.2;11.2;11.2;0;stock;11.84;-5.44;11.84;-5.44;77.8;ESTAVEL
2013-01-03;1357171200000;MAPT3.SA;11.2;11.2;11.2;11.2;11.2;0;stock;11.84;-5.39;11.84;-5.39;77.8;ESTAVEL
2013-01-04;1357257600000;MAPT3.SA;11.2;11.2;11.2;11.2;11.2;0;stock;11.83;-5.34;11.83;-5.34;77.8;ESTAVEL
2013-01-07;1357516800000;MAPT3.SA;11.2;11.2;11.2;11.2;11.2;0;stock;11.83;-5.29;11.83;-5.29;77.8;ESTAVEL
2013-01-08;1357603200000;MAPT3.SA;11.2;11.2;11.2;11.2;11.2;0;stock;11.82;-5.24;11.82;-5.24;77.8;ESTAVEL
2013-01-09;1357689600000;MAPT3.SA;11.2;11.2;11.2;11.2;11.2;0;stock;11.81;-5.19;11.81;-5.19;77.8;ESTAVEL
2013-01-10;1357776000000;MAPT3.SA;11.2;11.2;11.2;11.2;11.2;0;stock;11.81;-5.14;11.81;-5.14;77.8;ESTAVEL
2013-01-11;1357862400000;MAPT3.SA;11.2;11.2;11.2;11.2;11.2;0;stock;11.8;-5.09;11.8;-5.09;77.8;ESTAVEL
2013-01-14;1358121600000;MAPT3.SA;11.2;11.2;11.2;11.2;11.2;0;stock;11.8;-5.05;11.8;-5.05;77.8;ESTAVEL
2013-01-15;1358208000000;MAPT3.SA;11.2;11.2;11.2;11.2;11.2;0;stock;11.79;-5.0;11.79;-5.0;77.8;ESTAVEL
2013-01-16;1358294400000;MAPT3.SA;11.2;11.2;11.2;11.2;11.2;0;stock;11.78;-4.95;11.78;-4.95;77.8;ESTAVEL
2013-01-17;1358380800000;MAPT3.SA;11.2;11.2;11.2;11.2;11.2;0;stock;11.78;-4.9;11.78;-4.9;77.8;ESTAVEL
2013-01-18;1358467200000;MAPT3.SA;11.2;11.2;11.2;11.2;11.2;0;stock;11.77;-4.86;11.77;-4.86;77.8;ESTAVEL
2013-01-21;1358726400000;MAPT3.SA;11.2;11.2;11.2;11.2;11.2;0;stock;11.77;-4.81;11.77;-4.81;77.8;ESTAVEL
2013-01-22;1358812800000;MAPT3.SA;11.2;11.2;11.2;11.2;11.2;0;stock;11.76;-4.77;11.76;-4.77;77.8;ESTAVEL
2013-01-23;1358899200000;MAPT3.SA;11.2;11.2;11.2;11.2;11.2;0;stock;11.75;-4.72;11.75;-4.72;77.8;ESTAVEL
2013-01-24;1358985600000;MAPT3.SA;11.2;11.2;11.2;11.2;11.2;0;stock;11.75;-4.68;11.75;-4.68;77.8;ESTAVEL
2013-01-28;1359331200000;MAPT3.SA;11.2;11.2;11.2;11.2;11.2;0;stock;11.74;-4.63;11.74;-4.63;77.8;ESTAVEL
2013-01-29;1359417600000;MAPT3.SA;11.2;11.2;11.2;11.2;11.2;0;stock;11.74;-4.59;11.74;-4.59;77.8;ESTAVEL
2013-01-30;1359504000000;MAPT3.SA;11.2;11.2;11.2;11.2;11.2;0;stock;11.73;-4.54;11.73;-4.54;77.8;ESTAVEL
2013-01-31;1359590400000;MAPT3.SA;11.2;11.2;11.2;11.2;11.2;0;stock;11.73;-4.5;11.73;-4.5;77.8;ESTAVEL
2013-02-01;1359676800000;MAPT3.SA;11.2;11.2;11.2;11.2;11.2;0;stock;11.72;-4.46;11.72;-4.46;77.8;ESTAVEL
2013-02-04;1359936000000;MAPT3.SA;11.2;11.2;11.2;11.2;11.2;0;stock;11.72;-4.42;11.72;-4.42;77.8;ESTAVEL
2013-02-05;1360022400000;MAPT3.SA;11.2;11.2;11.2;11.2;11.2;0;stock;11.71;-4.37;11.71;-4.37;77.8;ESTAVEL
2013-02-06;1360108800000;MAPT3.SA;11.2;11.2;11.2;11.2;11.2;0;stock;11.71;-4.33;11.71;-4.33;77.8;ESTAVEL
2013-02-07;1360195200000;MAPT3.SA;11.2;11.2;11.2;11.2;11.2;0;stock;11.7;-4.29;11.7;-4.29;77.8;ESTAVEL
2013-02-08;1360281600000;MAPT3.SA;11.2;11.2;11.2;11.2;11.2;0;stock;11.7;-4.25;11.7;-4.25;77.8;ESTAVEL
2013-02-13;1360713600000;MAPT3.SA;11.2;11.2;11.2;11.2;11.2;0;stock;11.69;-4.21;11.69;-4.21;77.8;ESTAVEL
2013-02-14;1360800000000;MAPT3.SA;11.2;11.2;11.2;11.2;11.2;0;stock;11.69;-4.17;11.69;-4.17;77.8;ESTAVEL
2013-02-15;1360886400000;MAPT3.SA;11.2;11.2;11.2;11.2;11.2;0;stock;11.68;-4.13;11.68;-4.13;77.8;ESTAVEL
2013-02-18;1361145600000;MAPT3.SA;11.2;11.2;11.2;11.2;11.2;0;stock;11.68;-4.09;11.68;-4.09;77.8;ESTAVEL
2013-02-19;1361232000000;MAPT3.SA;11.2;11.2;11.2;11.2;11.2;0;stock;11.67;-4.05;11.67;-4.05;77.8;ESTAVEL
2013-02-20;1361318400000;MAPT3.SA;11.2;11.2;11.2;11.2;11.2;0;stock;11.67;-4.01;11.67;-4.01;77.8;ESTAVEL
2013-02-21;1361404800000;MAPT3.SA;11.2;11.2;11.2;11.2;11.2;0;stock;11.66;-3.97;11.66;-3.97;77.8;ESTAVEL
2013-02-22;1361491200000;MAPT3.SA;11.2;11.2;11.2;11.2;11.2;0;stock;11.66;-3.94;11.66;-3.94;77.8;ESTAVEL
2013-02-25;1361750400000;MAPT3.SA;11.2;11.2;11.2;11.2;11.2;0;stock;11.65;-3.9;11.65;-3.9;77.8;ESTAVEL
2013-02-26;1361836800000;MAPT3.SA;11.2;11.2;11.2;11.2;11.2;0;stock;11.65;-3.86;11.65;-3.86;77.8;ESTAVEL
2013-02-27;1361923200000;MAPT3.SA;11.2;11.2;11.2;11.2;11.2;0;stock;11.65;-3.82;11.65;-3.82;77.8;ESTAVEL
2013-02-28;1362009600000;MAPT3.SA;11.2;11.2;11.2;11.2;11.2;0;stock;11.64;-3.79;11.64;-3.79;77.8;ESTAVEL
2013-03-01;1362096000000;MAPT3.SA;11.2;11.2;11.2;11.2;11.2;0;stock;11.64;-3.75;11.64;-3.75;77.8;ESTAVEL
2013-03-04;1362355200000;MAPT3.SA;11.2;11.2;11.2;11.2;11.2;0;stock;11.63;-3.72;11.63;-3.72;77.8;ESTAVEL
2013-03-05;1362441600000;MAPT3.SA;11.2;11.2;11.2;11.2;11.2;0;stock;11.63;-3.68;11.63;-3.68;77.8;ESTAVEL
2013-03-06;1362528000000;MAPT3.SA;11.2;11.2;11.2;11.2;11.2;0;stock;11.62;-3.64;11.62;-3.64;77.8;ESTAVEL
2013-03-07;1362614400000;MAPT3.SA;11.2;11.2;11.2;11.2;11.2;0;stock;11.62;-3.61;11.62;-3.61;77.8;ESTAVEL
2013-03-08;1362700800000;MAPT3.SA;11.2;11.2;11.2;11.2;11.2;0;stock;11.62;-3.58;11.62;-3.58;77.8;ESTAVEL
2013-03-11;1362960000000;MAPT3.SA;11.2;11.2;11.2;11.2;11.2;0;stock;11.61;-3.54;11.61;-3.54;77.8;ESTAVEL
2013-03-12;1363046400000;MAPT3.SA;11.2;11.2;11.2;11.2;11.2;0;stock;11.61;-3.51;11.61;-3.51;77.8;ESTAVEL
2013-03-13;1363132800000;MAPT3.SA;11.2;11.2;11.2;11.2;11.2;0;stock;11.6;-3.47;11.6;-3.47;77.8;ESTAVEL
2013-03-14;1363219200000;MAPT3.SA;11.2;11.2;11.2;11.2;11.2;0;stock;11.6;-3.44;11.6;-3.44;77.8;ESTAVEL
2013-03-15;1363305600000;MAPT3.SA;11.2;11.2;11.2;11.2;11.2;0;stock;11.6;-3.41;11.6;-3.41;77.8;ESTAVEL
2013-03-18;1363564800000;MAPT3.SA;11.2;11.2;11.2;11.2;11.2;0;stock;11.59;-3.37;11.59;-3.37;77.8;ESTAVEL
2013-03-19;1363651200000;MAPT3.SA;11.2;11.2;11.2;11.2;11.2;0;stock;11.59;-3.34;11.59;-3.34;77.8;ESTAVEL
2013-03-20;1363737600000;MAPT3.SA;11.2;11.2;11.2;11.2;11.2;0;stock;11.58;-3.31;11.58;-3.31;77.8;ESTAVEL
2013-03-21;1363824000000;MAPT3.SA;11.2;11.2;11.2;11.2;11.2;0;stock;11.58;-3.28;11.58;-3.28;77.8;ESTAVEL
2013-03-22;1363910400000;MAPT3.SA;11.2;11.2;11.2;11.2;11.2;0;stock;11.58;-3.25;11.58;-3.25;77.8;ESTAVEL
2013-03-25;1364169600000;MAPT3.SA;11.2;11.2;11.2;11.2;11.2;0;stock;11.57;-3.21;11.57;-3.21;77.8;ESTAVEL
2013-03-26;1364256000000;MAPT3.SA;11.2;11.2;11.2;11.2;11.2;0;stock;11.57;-3.18;11.57;-3.18;77.8;ESTAVEL
2013-03-27;1364342400000;MAPT3.SA;8.3;8.3;8.3;8.3;8.3;40;stock;11.54;-28.05;11.54;-28.05;0.0;SUBIR
2013-03-28;1364428800000;MAPT3.SA;8.3;8.3;8.3;8.3;8.3;0;stock;11.5;-27.85;11.5;-27.85;0.0;SUBIR
2013-04-01;1364774400000;MAPT3.SA;8.3;8.3;8.3;8.3;8.3;0;stock;11.47;-27.65;11.47;-27.65;0.0;SUBIR
2013-04-02;1364860800000;MAPT3.SA;8.3;8.3;8.3;8.3;8.3;0;stock;11.44;-27.45;11.44;-27.45;0.0;SUBIR
2013-04-03;1364947200000;MAPT3.SA;8.3;8.3;8.3;8.3;8.3;0;stock;11.41;-27.25;11.41;-27.25;0.0;SUBIR
2013-04-04;1365033600000;MAPT3.SA;8.3;8.3;8.3;8.3;8.3;0;stock;11.38;-27.05;11.38;-27.05;0.0;SUBIR
2013-04-05;1365120000000;MAPT3.SA;8.0;8.0;7.5;8.0;8.0;40;stock;11.34;-29.48;11.34;-29.48;0.0;SUBIR
2013-04-08;1365379200000;MAPT3.SA;8.0;8.0;8.0;8.0;8.0;0;stock;11.31;-29.27;11.31;-29.27;0.0;SUBIR
2013-04-09;1365465600000;MAPT3.SA;8.0;8.0;8.0;8.0;8.0;0;stock;11.28;-29.07;11.28;-29.07;0.0;SUBIR
2013-04-10;1365552000000;MAPT3.SA;8.0;8.0;8.0;8.0;8.0;0;stock;11.25;-28.86;11.25;-28.86;0.0;SUBIR
2013-04-11;1365638400000;MAPT3.SA;8.0;8.0;8.0;8.0;8.0;0;stock;11.21;-28.66;11.21;-28.66;0.0;SUBIR
2013-04-12;1365724800000;MAPT3.SA;8.0;8.0;8.0;8.0;8.0;0;stock;11.18;-28.45;11.18;-28.45;0.0;SUBIR
2013-04-15;1365984000000;MAPT3.SA;8.0;8.0;8.0;8.0;8.0;0;stock;11.15;-28.25;11.15;-28.25;0.0;SUBIR
2013-04-16;1366070400000;MAPT3.SA;8.0;8.0;8.0;8.0;8.0;0;stock;11.12;-28.05;11.12;-28.05;0.0;SUBIR
2013-04-17;1366156800000;MAPT3.SA;6.3;6.3;6.3;6.3;6.3;20;stock;11.07;-43.09;11.07;-43.09;0.0;SUBIR
2013-04-18;1366243200000;MAPT3.SA;6.3;6.3;6.3;6.3;6.3;0;stock;11.02;-42.85;11.02;-42.85;0.0;SUBIR
2013-04-19;1366329600000;MAPT3.SA;6.3;6.3;6.3;6.3;6.3;0;stock;10.98;-42.6;10.98;-42.6;0.0;SUBIR
2013-04-22;1366588800000;MAPT3.SA;6.3;6.3;6.3;6.3;6.3;0;stock;10.93;-42.36;10.93;-42.36;0.0;SUBIR
2013-04-23;1366675200000;MAPT3.SA;6.3;6.3;6.3;6.3;6.3;0;stock;10.88;-42.11;10.88;-42.11;0.0;SUBIR
2013-04-24;1366761600000;MAPT3.SA;6.3;6.3;6.3;6.3;6.3;0;stock;10.84;-41.87;10.84;-41.87;0.0;SUBIR
2013-04-25;1366848000000;MAPT3.SA;6.3;6.3;6.3;6.3;6.3;0;stock;10.79;-41.63;10.79;-41.63;0.0;SUBIR
2013-04-26;1366934400000;MAPT3.SA;6.3;6.3;6.3;6.3;6.3;0;stock;10.75;-41.38;10.75;-41.38;0.0;SUBIR
2013-04-29;1367193600000;MAPT3.SA;6.3;6.3;6.3;6.3;6.3;0;stock;10.7;-41.14;10.7;-41.14;0.0;SUBIR
2013-04-30;1367280000000;MAPT3.SA;6.3;6.3;6.3;6.3;6.3;0;stock;10.66;-40.9;10.66;-40.9;0.0;SUBIR
2013-05-02;1367452800000;MAPT3.SA;6.3;6.3;6.3;6.3;6.3;0;stock;10.62;-40.66;10.62;-40.66;0.0;SUBIR
2013-05-03;1367539200000;MAPT3.SA;6.3;6.3;6.3;6.3;6.3;0;stock;10.57;-40.42;10.57;-40.42;0.0;SUBIR
2013-05-06;1367798400000;MAPT3.SA;6.3;6.3;6.3;6.3;6.3;0;stock;10.53;-40.18;10.53;-40.18;0.0;SUBIR
2013-05-07;1367884800000;MAPT3.SA;6.3;6.3;6.3;6.3;6.3;0;stock;10.49;-39.94;10.49;-39.94;0.0;SUBIR
2013-05-08;1367971200000;MAPT3.SA;6.3;6.3;6.3;6.3;6.3;0;stock;10.45;-39.7;10.45;-39.7;0.0;SUBIR
2013-05-09;1368057600000;MAPT3.SA;6.3;6.3;6.3;6.3;6.3;0;stock;10.41;-39.46;10.41;-39.46;0.0;SUBIR
2013-05-10;1368144000000;MAPT3.SA;6.3;6.3;6.3;6.3;6.3;0;stock;10.36;-39.22;10.36;-39.22;0.0;SUBIR
2013-05-13;1368403200000;MAPT3.SA;6.3;6.3;6.3;6.3;6.3;0;stock;10.32;-38.98;10.32;-38.98;0.0;SUBIR
2013-05-14;1368489600000;MAPT3.SA;6.3;6.3;6.3;6.3;6.3;0;stock;10.28;-38.74;10.28;-38.74;0.0;SUBIR
2013-05-15;1368576000000;MAPT3.SA;6.3;6.3;6.3;6.3;6.3;0;stock;10.24;-38.51;10.24;-38.51;0.0;SUBIR
2013-05-16;1368662400000;MAPT3.SA;6.3;6.3;6.3;6.3;6.3;0;stock;10.21;-38.27;10.21;-38.27;0.0;SUBIR
2013-05-17;1368748800000;MAPT3.SA;6.3;6.3;6.3;6.3;6.3;0;stock;10.17;-38.03;10.17;-38.03;0.0;SUBIR
2013-05-20;1369008000000;MAPT3.SA;6.3;6.3;6.3;6.3;6.3;0;stock;10.13;-37.8;10.13;-37.8;0.0;SUBIR
2013-05-21;1369094400000;MAPT3.SA;6.3;6.3;6.3;6.3;6.3;0;stock;10.09;-37.56;10.09;-37.56;0.0;SUBIR
2013-05-22;1369180800000;MAPT3.SA;6.3;6.3;6.3;6.3;6.3;0;stock;10.05;-37.33;10.05;-37.33;0.0;SUBIR
2013-05-23;1369267200000;MAPT3.SA;6.3;6.3;6.3;6.3;6.3;0;stock;10.02;-37.1;10.02;-37.1;0.0;SUBIR
2013-05-24;1369353600000;MAPT3.SA;6.3;6.3;6.3;6.3;6.3;0;stock;9.98;-36.86;9.98;-36.86;0.0;SUBIR
2013-05-27;1369612800000;MAPT3.SA;6.3;6.3;6.3;6.3;6.3;0;stock;9.94;-36.63;9.94;-36.63;0.0;SUBIR
2013-05-28;1369699200000;MAPT3.SA;6.3;6.3;6.3;6.3;6.3;0;stock;9.91;-36.4;9.91;-36.4;0.0;SUBIR
2013-05-29;1369785600000;MAPT3.SA;6.3;6.3;6.3;6.3;6.3;0;stock;9.87;-36.17;9.87;-36.17;0.0;SUBIR
2013-05-31;1369958400000;MAPT3.SA;6.3;6.3;6.3;6.3;6.3;0;stock;9.83;-35.94;9.83;-35.94;0.0;SUBIR
2013-06-03;1370217600000;MAPT3.SA;6.3;6.3;6.3;6.3;6.3;0;stock;9.8;-35.71;9.8;-35.71;0.0;SUBIR
2013-06-04;1370304000000;MAPT3.SA;6.3;6.3;6.3;6.3;6.3;0;stock;9.76;-35.48;9.76;-35.48;0.0;SUBIR
2013-06-05;1370390400000;MAPT3.SA;6.3;6.3;6.3;6.3;6.3;0;stock;9.73;-35.25;9.73;-35.25;0.0;SUBIR
2013-06-06;1370476800000;MAPT3.SA;6.3;6.3;6.3;6.3;6.3;0;stock;9.7;-35.02;9.7;-35.02;0.0;SUBIR
2013-06-07;1370563200000;MAPT3.SA;6.3;6.3;6.3;6.3;6.3;0;stock;9.66;-34.79;9.66;-34.79;0.0;SUBIR
2013-06-10;1370822400000;MAPT3.SA;6.3;6.3;6.3;6.3;6.3;0;stock;9.63;-34.57;9.63;-34.57;0.0;SUBIR
2013-06-11;1370908800000;MAPT3.SA;6.3;6.3;6.3;6.3;6.3;0;stock;9.6;-34.34;9.6;-34.34;0.0;SUBIR
2013-06-12;1370995200000;MAPT3.SA;6.3;6.3;6.3;6.3;6.3;0;stock;9.56;-34.12;9.56;-34.12;0.0;SUBIR
2013-06-13;1371081600000;MAPT3.SA;6.3;6.3;6.3;6.3;6.3;0;stock;9.53;-33.89;9.53;-33.89;0.0;SUBIR
2013-06-14;1371168000000;MAPT3.SA;6.3;6.3;6.3;6.3;6.3;0;stock;9.5;-33.67;9.5;-33.67;0.0;SUBIR
2013-06-17;1371427200000;MAPT3.SA;6.3;6.3;6.3;6.3;6.3;0;stock;9.47;-33.44;9.47;-33.44;0.0;SUBIR
2013-06-18;1371513600000;MAPT3.SA;6.3;6.3;6.3;6.3;6.3;0;stock;9.43;-33.22;9.43;-33.22;0.0;SUBIR
2013-06-19;1371600000000;MAPT3.SA;6.3;6.3;6.3;6.3;6.3;0;stock;9.4;-33.0;9.4;-33.0;0.0;SUBIR
2013-06-20;1371686400000;MAPT3.SA;6.3;6.3;6.3;6.3;6.3;0;stock;9.37;-32.78;9.37;-32.78;0.0;SUBIR
2013-06-21;1371772800000;MAPT3.SA;6.3;6.3;6.3;6.3;6.3;0;stock;9.34;-32.56;9.34;-32.56;0.0;SUBIR
2013-06-24;1372032000000;MAPT3.SA;6.3;6.3;6.3;6.3;6.3;0;stock;9.31;-32.34;9.31;-32.34;0.0;SUBIR
2013-06-25;1372118400000;MAPT3.SA;6.3;6.3;6.3;6.3;6.3;0;stock;9.28;-32.12;9.28;-32.12;0.0;SUBIR
2013-06-26;1372204800000;MAPT3.SA;6.3;6.3;6.3;6.3;6.3;0;stock;9.25;-31.9;9.25;-31.9;0.0;SUBIR
2013-06-27;1372291200000;MAPT3.SA;6.3;6.3;6.3;6.3;6.3;0;stock;9.22;-31.69;9.22;-31.69;0.0;SUBIR
2013-06-28;1372377600000;MAPT3.SA;6.3;6.3;6.3;6.3;6.3;0;stock;9.19;-31.47;9.19;-31.47;0.0;SUBIR
2013-07-01;1372636800000;MAPT3.SA;6.3;6.3;6.3;6.3;6.3;0;stock;9.16;-31.26;9.16;-31.26;0.0;SUBIR
2013-07-02;1372723200000;MAPT3.SA;6.3;6.3;6.3;6.3;6.3;0;stock;9.14;-31.04;9.14;-31.04;0.0;SUBIR
2013-07-03;1372809600000;MAPT3.SA;6.3;6.3;6.3;6.3;6.3;0;stock;9.11;-30.83;9.11;-30.83;0.0;SUBIR
2013-07-04;1372896000000;MAPT3.SA;6.3;6.3;6.3;6.3;6.3;0;stock;9.08;-30.62;9.08;-30.62;0.0;SUBIR
2013-07-05;1372982400000;MAPT3.SA;6.3;6.3;6.3;6.3;6.3;0;stock;9.05;-30.4;9.05;-30.4;0.0;SUBIR
2013-07-08;1373241600000;MAPT3.SA;6.3;6.3;6.3;6.3;6.3;0;stock;9.02;-30.19;9.02;-30.19;0.0;SUBIR
2013-07-10;1373414400000;MAPT3.SA;6.3;6.3;6.3;6.3;6.3;0;stock;9.0;-29.98;9.0;-29.98;0.0;SUBIR
2013-07-11;1373500800000;MAPT3.SA;6.3;6.3;6.3;6.3;6.3;0;stock;8.97;-29.77;8.97;-29.77;0.0;SUBIR
2013-07-12;1373587200000;MAPT3.SA;6.3;6.3;6.3;6.3;6.3;0;stock;8.94;-29.56;8.94;-29.56;0.0;SUBIR
2013-07-15;1373846400000;MAPT3.SA;6.3;6.3;6.3;6.3;6.3;0;stock;8.92;-29.36;8.92;-29.36;0.0;SUBIR
2013-07-16;1373932800000;MAPT3.SA;6.3;6.3;6.3;6.3;6.3;0;stock;8.89;-29.15;8.89;-29.15;0.0;SUBIR
2013-07-17;1374019200000;MAPT3.SA;6.3;6.3;6.3;6.3;6.3;0;stock;8.87;-28.94;8.87;-28.94;0.0;SUBIR
2013-07-18;1374105600000;MAPT3.SA;6.3;6.3;6.3;6.3;6.3;0;stock;8.84;-28.74;8.84;-28.74;0.0;SUBIR
2013-07-19;1374192000000;MAPT3.SA;6.3;6.3;6.3;6.3;6.3;0;stock;8.82;-28.53;8.82;-28.53;0.0;SUBIR
2013-07-22;1374451200000;MAPT3.SA;6.3;6.3;6.3;6.3;6.3;0;stock;8.79;-28.33;8.79;-28.33;0.0;SUBIR
2013-07-23;1374537600000;MAPT3.SA;6.3;6.3;6.3;6.3;6.3;0;stock;8.77;-28.13;8.77;-28.13;0.0;SUBIR
2013-07-24;1374624000000;MAPT3.SA;6.3;6.3;6.3;6.3;6.3;0;stock;8.74;-27.93;8.74;-27.93;0.0;SUBIR
2013-07-25;1374710400000;MAPT3.SA;6.3;6.3;6.3;6.3;6.3;0;stock;8.72;-27.73;8.72;-27.73;0.0;SUBIR
2013-07-26;1374796800000;MAPT3.SA;6.3;6.3;6.3;6.3;6.3;0;stock;8.69;-27.53;8.69;-27.53;0.0;SUBIR
2013-07-29;1375056000000;MAPT3.SA;6.3;6.3;6.3;6.3;6.3;0;stock;8.67;-27.33;8.67;-27.33;0.0;SUBIR
2013-07-30;1375142400000;MAPT3.SA;6.3;6.3;6.3;6.3;6.3;0;stock;8.65;-27.13;8.65;-27.13;0.0;SUBIR
2013-07-31;1375228800000;MAPT3.SA;6.3;6.3;6.3;6.3;6.3;0;stock;8.62;-26.93;8.62;-26.93;0.0;SUBIR
2013-08-01;1375315200000;MAPT3.SA;6.3;6.3;6.3;6.3;6.3;0;stock;8.6;-26.73;8.6;-26.73;0.0;SUBIR
2013-08-02;1375401600000;MAPT3.SA;6.3;6.3;6.3;6.3;6.3;0;stock;8.58;-26.54;8.58;-26.54;0.0;SUBIR
2013-08-05;1375660800000;MAPT3.SA;6.3;6.3;6.3;6.3;6.3;0;stock;8.55;-26.34;8.55;-26.34;0.0;SUBIR
2013-08-06;1375747200000;MAPT3.SA;6.3;6.3;6.3;6.3;6.3;0;stock;8.53;-26.15;8.53;-26.15;0.0;SUBIR
2013-08-07;1375833600000;MAPT3.SA;6.3;6.3;6.3;6.3;6.3;0;stock;8.51;-25.96;8.51;-25.96;0.0;SUBIR
2013-08-08;1375920000000;MAPT3.SA;6.3;6.3;6.3;6.3;6.3;0;stock;8.49;-25.77;8.49;-25.77;0.0;SUBIR
2013-08-09;1376006400000;MAPT3.SA;6.3;6.3;6.3;6.3;6.3;0;stock;8.46;-25.58;8.46;-25.58;0.0;SUBIR
2013-08-12;1376265600000;MAPT3.SA;6.3;6.3;6.3;6.3;6.3;0;stock;8.44;-25.39;8.44;-25.39;0.0;SUBIR
2013-08-13;1376352000000;MAPT3.SA;6.3;6.3;6.3;6.3;6.3;0;stock;8.42;-25.2;8.42;-25.2;0.0;SUBIR
2013-08-14;1376438400000;MAPT3.SA;6.3;6.3;6.3;6.3;6.3;0;stock;8.4;-25.01;8.4;-25.01;0.0;SUBIR
2013-08-15;1376524800000;MAPT3.SA;6.3;6.3;6.3;6.3;6.3;0;stock;8.38;-24.82;8.38;-24.82;0.0;SUBIR
2013-08-16;1376611200000;MAPT3.SA;6.3;6.3;6.3;6.3;6.3;0;stock;8.36;-24.64;8.36;-24.64;0.0;SUBIR
2013-08-19;1376870400000;MAPT3.SA;6.3;6.3;6.3;6.3;6.3;0;stock;8.34;-24.45;8.34;-24.45;0.0;SUBIR
2013-08-20;1376956800000;MAPT3.SA;6.3;6.3;6.3;6.3;6.3;0;stock;8.32;-24.27;8.32;-24.27;0.0;SUBIR
2013-08-21;1377043200000;MAPT3.SA;6.3;6.3;6.3;6.3;6.3;0;stock;8.3;-24.08;8.3;-24.08;0.0;SUBIR
2013-08-22;1377129600000;MAPT3.SA;6.3;6.3;6.3;6.3;6.3;0;stock;8.28;-23.9;8.28;-23.9;0.0;SUBIR
2013-08-23;1377216000000;MAPT3.SA;6.3;6.3;6.3;6.3;6.3;0;stock;8.26;-23.72;8.26;-23.72;0.0;SUBIR
2013-08-26;1377475200000;MAPT3.SA;6.3;6.3;6.3;6.3;6.3;0;stock;8.24;-23.54;8.24;-23.54;0.0;SUBIR
2013-08-27;1377561600000;MAPT3.SA;6.3;6.3;6.3;6.3;6.3;0;stock;8.22;-23.36;8.22;-23.36;0.0;SUBIR
2013-08-28;1377648000000;MAPT3.SA;6.3;6.3;6.3;6.3;6.3;0;stock;8.2;-23.18;8.2;-23.18;0.0;SUBIR
2013-08-29;1377734400000;MAPT3.SA;6.3;6.3;6.3;6.3;6.3;0;stock;8.18;-23.0;8.18;-23.0;0.0;SUBIR
2013-08-30;1377820800000;MAPT3.SA;6.3;6.3;6.3;6.3;6.3;0;stock;8.16;-22.83;8.16;-22.83;0.0;SUBIR
2013-09-02;1378080000000;MAPT3.SA;6.3;6.3;6.3;6.3;6.3;0;stock;8.14;-22.65;8.14;-22.65;0.0;SUBIR
2013-09-03;1378166400000;MAPT3.SA;6.3;6.3;6.3;6.3;6.3;0;stock;8.13;-22.48;8.13;-22.48;0.0;SUBIR
2013-09-04;1378252800000;MAPT3.SA;6.3;6.3;6.3;6.3;6.3;0;stock;8.11;-22.3;8.11;-22.3;0.0;SUBIR
2013-09-05;1378339200000;MAPT3.SA;6.3;6.3;6.3;6.3;6.3;0;stock;8.09;-22.13;8.09;-22.13;0.0;SUBIR
2013-09-06;1378425600000;MAPT3.SA;6.3;6.3;6.3;6.3;6.3;0;stock;8.07;-21.96;8.07;-21.96;0.0;SUBIR
2013-09-09;1378684800000;MAPT3.SA;6.3;6.3;6.3;6.3;6.3;0;stock;8.05;-21.79;8.05;-21.79;0.0;SUBIR
2013-09-10;1378771200000;MAPT3.SA;6.3;6.3;6.3;6.3;6.3;0;stock;8.04;-21.62;8.04;-21.62;0.0;SUBIR
2013-09-11;1378857600000;MAPT3.SA;6.3;6.3;6.3;6.3;6.3;0;stock;8.02;-21.45;8.02;-21.45;0.0;SUBIR
2013-09-12;1378944000000;MAPT3.SA;6.3;6.3;6.3;6.3;6.3;0;stock;8.0;-21.28;8.0;-21.28;0.0;SUBIR
2013-09-13;1379030400000;MAPT3.SA;6.3;6.3;6.3;6.3;6.3;0;stock;7.99;-21.11;7.99;-21.11;0.0;SUBIR
2013-09-16;1379289600000;MAPT3.SA;6.3;6.3;6.3;6.3;6.3;0;stock;7.97;-20.95;7.97;-20.95;0.0;SUBIR
2013-09-17;1379376000000;MAPT3.SA;6.3;6.3;6.3;6.3;6.3;0;stock;7.95;-20.78;7.95;-20.78;0.0;SUBIR
2013-09-18;1379462400000;MAPT3.SA;6.3;6.3;6.3;6.3;6.3;0;stock;7.94;-20.62;7.94;-20.62;0.0;SUBIR
2013-09-19;1379548800000;MAPT3.SA;6.3;6.3;6.3;6.3;6.3;0;stock;7.92;-20.45;7.92;-20.45;0.0;SUBIR
2013-09-20;1379635200000;MAPT3.SA;6.3;6.3;6.3;6.3;6.3;0;stock;7.9;-20.29;7.9;-20.29;0.0;SUBIR
2013-09-23;1379894400000;MAPT3.SA;6.3;6.3;6.3;6.3;6.3;0;stock;7.89;-20.13;7.89;-20.13;0.0;SUBIR
2013-09-24;1379980800000;MAPT3.SA;6.3;6.3;6.3;6.3;6.3;0;stock;7.87;-19.97;7.87;-19.97;0.0;SUBIR
2013-09-25;1380067200000;MAPT3.SA;6.3;6.3;6.3;6.3;6.3;0;stock;7.86;-19.81;7.86;-19.81;0.0;SUBIR
2013-09-26;1380153600000;MAPT3.SA;6.3;6.3;6.3;6.3;6.3;0;stock;7.84;-19.65;7.84;-19.65;0.0;SUBIR
2013-09-27;1380240000000;MAPT3.SA;6.3;6.3;6.3;6.3;6.3;0;stock;7.83;-19.5;7.83;-19.5;0.0;SUBIR
2013-09-30;1380499200000;MAPT3.SA;6.3;6.3;6.3;6.3;6.3;0;stock;7.81;-19.34;7.81;-19.34;0.0;SUBIR
2013-10-01;1380585600000;MAPT3.SA;6.3;6.3;6.3;6.3;6.3;0;stock;7.8;-19.18;7.8;-19.18;0.0;SUBIR
2013-10-02;1380672000000;MAPT3.SA;6.3;6.3;6.3;6.3;6.3;0;stock;7.78;-19.03;7.78;-19.03;0.0;SUBIR
2013-10-03;1380758400000;MAPT3.SA;6.3;6.3;6.3;6.3;6.3;0;stock;7.77;-18.88;7.77;-18.88;0.0;SUBIR
2013-10-04;1380844800000;MAPT3.SA;6.3;6.3;6.3;6.3;6.3;0;stock;7.75;-18.72;7.75;-18.72;0.0;SUBIR
2013-10-07;1381104000000;MAPT3.SA;6.3;6.3;6.3;6.3;6.3;0;stock;7.74;-18.57;7.74;-18.57;0.0;SUBIR
2013-10-08;1381190400000;MAPT3.SA;6.3;6.3;6.3;6.3;6.3;0;stock;7.72;-18.42;7.72;-18.42;0.0;SUBIR
2013-10-09;1381276800000;MAPT3.SA;6.3;6.3;6.3;6.3;6.3;0;stock;7.71;-18.27;7.71;-18.27;0.0;SUBIR
2013-10-10;1381363200000;MAPT3.SA;6.3;6.3;6.3;6.3;6.3;0;stock;7.69;-18.12;7.69;-18.12;0.0;SUBIR
2013-10-11;1381449600000;MAPT3.SA;6.3;6.3;6.3;6.3;6.3;0;stock;7.68;-17.97;7.68;-17.97;0.0;SUBIR
2013-10-14;1381708800000;MAPT3.SA;6.3;6.3;6.3;6.3;6.3;0;stock;7.67;-17.83;7.67;-17.83;0.0;SUBIR
2013-10-15;1381795200000;MAPT3.SA;6.3;6.3;6.3;6.3;6.3;0;stock;7.65;-17.68;7.65;-17.68;0.0;SUBIR
2013-10-16;1381881600000;MAPT3.SA;6.3;6.3;6.3;6.3;6.3;0;stock;7.64;-17.54;7.64;-17.54;0.0;SUBIR
2013-10-17;1381968000000;MAPT3.SA;6.3;6.3;6.3;6.3;6.3;0;stock;7.63;-17.39;7.63;-17.39;0.0;SUBIR
2013-10-18;1382054400000;MAPT3.SA;6.3;6.3;6.3;6.3;6.3;0;stock;7.61;-17.25;7.61;-17.25;0.0;SUBIR
2013-10-21;1382313600000;MAPT3.SA;6.3;6.3;6.3;6.3;6.3;0;stock;7.6;-17.11;7.6;-17.11;0.0;SUBIR
2013-10-22;1382400000000;MAPT3.SA;6.3;6.3;6.3;6.3;6.3;0;stock;7.59;-16.96;7.59;-16.96;0.0;SUBIR
2013-10-23;1382486400000;MAPT3.SA;6.3;6.3;6.3;6.3;6.3;0;stock;7.57;-16.82;7.57;-16.82;0.0;SUBIR
2013-10-24;1382572800000;MAPT3.SA;6.3;6.3;6.3;6.3;6.3;0;stock;7.56;-16.68;7.56;-16.68;0.0;SUBIR
2013-10-25;1382659200000;MAPT3.SA;6.3;6.3;6.3;6.3;6.3;0;stock;7.55;-16.55;7.55;-16.55;0.0;SUBIR
2013-10-28;1382918400000;MAPT3.SA;6.3;6.3;6.3;6.3;6.3;0;stock;7.54;-16.41;7.54;-16.41;0.0;SUBIR
2013-10-29;1383004800000;MAPT3.SA;6.3;6.3;6.3;6.3;6.3;0;stock;7.52;-16.27;7.52;-16.27;0.0;SUBIR
2013-10-30;1383091200000;MAPT3.SA;6.3;6.3;6.3;6.3;6.3;0;stock;7.51;-16.14;7.51;-16.14;0.0;SUBIR
2013-10-31;1383177600000;MAPT3.SA;6.3;6.3;6.3;6.3;6.3;0;stock;7.5;-16.0;7.5;-16.0;0.0;SUBIR
2013-11-01;1383264000000;MAPT3.SA;6.3;6.3;6.3;6.3;6.3;0;stock;7.49;-15.87;7.49;-15.87;0.0;SUBIR
2013-11-04;1383523200000;MAPT3.SA;6.3;6.3;6.3;6.3;6.3;0;stock;7.48;-15.73;7.48;-15.73;0.0;SUBIR
2013-11-05;1383609600000;MAPT3.SA;6.3;6.3;6.3;6.3;6.3;0;stock;7.46;-15.6;7.46;-15.6;0.0;SUBIR
2013-11-06;1383696000000;MAPT3.SA;6.3;6.3;6.3;6.3;6.3;0;stock;7.45;-15.47;7.45;-15.47;0.0;SUBIR
2013-11-07;1383782400000;MAPT3.SA;6.3;6.3;6.3;6.3;6.3;0;stock;7.44;-15.34;7.44;-15.34;0.0;SUBIR
2013-11-08;1383868800000;MAPT3.SA;6.3;6.3;6.3;6.3;6.3;0;stock;7.43;-15.21;7.43;-15.21;0.0;SUBIR
2013-11-11;1384128000000;MAPT3.SA;6.3;6.3;6.3;6.3;6.3;0;stock;7.42;-15.08;7.42;-15.08;0.0;SUBIR
2013-11-12;1384214400000;MAPT3.SA;6.3;6.3;6.3;6.3;6.3;0;stock;7.41;-14.95;7.41;-14.95;0.0;SUBIR
2013-11-13;1384300800000;MAPT3.SA;6.3;6.3;6.3;6.3;6.3;0;stock;7.4;-14.83;7.4;-14.83;0.0;SUBIR
2013-11-14;1384387200000;MAPT3.SA;6.3;6.3;6.3;6.3;6.3;0;stock;7.39;-14.7;7.39;-14.7;0.0;SUBIR
2013-11-18;1384732800000;MAPT3.SA;6.3;6.3;6.3;6.3;6.3;0;stock;7.38;-14.58;7.38;-14.58;0.0;SUBIR
2013-11-19;1384819200000;MAPT3.SA;6.3;6.3;6.3;6.3;6.3;0;stock;7.36;-14.45;7.36;-14.45;0.0;SUBIR
2013-11-21;1384992000000;MAPT3.SA;6.3;6.3;6.3;6.3;6.3;0;stock;7.35;-14.33;7.35;-14.33;0.0;SUBIR
2013-11-22;1385078400000;MAPT3.SA;6.3;6.3;6.3;6.3;6.3;0;stock;7.34;-14.21;7.34;-14.21;0.0;SUBIR
2013-11-25;1385337600000;MAPT3.SA;6.3;6.3;6.3;6.3;6.3;0;stock;7.33;-14.09;7.33;-14.09;0.0;SUBIR
2013-11-26;1385424000000;MAPT3.SA;6.3;6.3;6.3;6.3;6.3;0;stock;7.32;-13.97;7.32;-13.97;0.0;SUBIR
2013-11-27;1385510400000;MAPT3.SA;6.3;6.3;6.3;6.3;6.3;0;stock;7.31;-13.85;7.31;-13.85;0.0;SUBIR
2013-11-28;1385596800000;MAPT3.SA;6.3;6.3;6.3;6.3;6.3;0;stock;7.3;-13.73;7.3;-13.73;0.0;SUBIR
2013-11-29;1385683200000;MAPT3.SA;6.3;6.3;6.3;6.3;6.3;0;stock;7.29;-13.61;7.29;-13.61;0.0;SUBIR
2013-12-02;1385942400000;MAPT3.SA;6.3;6.3;6.3;6.3;6.3;0;stock;7.28;-13.49;7.28;-13.49;0.0;SUBIR
2013-12-03;1386028800000;MAPT3.SA;6.3;6.3;6.3;6.3;6.3;0;stock;7.27;-13.38;7.27;-13.38;0.0;SUBIR
2013-12-04;1386115200000;MAPT3.SA;6.3;6.3;6.3;6.3;6.3;0;stock;7.26;-13.26;7.26;-13.26;0.0;SUBIR
2013-12-05;1386201600000;MAPT3.SA;6.3;6.3;6.3;6.3;6.3;0;stock;7.25;-13.15;7.25;-13.15;0.0;SUBIR
2013-12-06;1386288000000;MAPT3.SA;6.3;6.3;6.3;6.3;6.3;0;stock;7.24;-13.03;7.24;-13.03;0.0;SUBIR
2013-12-09;1386547200000;MAPT3.SA;6.3;6.3;6.3;6.3;6.3;0;stock;7.23;-12.92;7.23;-12.92;0.0;SUBIR
2013-12-10;1386633600000;MAPT3.SA;6.3;6.3;6.3;6.3;6.3;0;stock;7.23;-12.81;7.23;-12.81;0.0;SUBIR
2013-12-11;1386720000000;MAPT3.SA;6.3;6.3;6.3;6.3;6.3;0;stock;7.22;-12.7;7.22;-12.7;0.0;SUBIR
2013-12-12;1386806400000;MAPT3.SA;6.3;6.3;6.3;6.3;6.3;0;stock;7.21;-12.59;7.21;-12.59;0.0;SUBIR
2013-12-13;1386892800000;MAPT3.SA;6.3;6.3;6.3;6.3;6.3;0;stock;7.2;-12.48;7.2;-12.48;0.0;SUBIR
2013-12-16;1387152000000;MAPT3.SA;6.3;6.3;6.3;6.3;6.3;0;stock;7.19;-12.37;7.19;-12.37;0.0;SUBIR
2013-12-17;1387238400000;MAPT3.SA;6.3;6.3;6.3;6.3;6.3;0;stock;7.18;-12.26;7.18;-12.26;0.0;SUBIR
2013-12-18;1387324800000;MAPT3.SA;6.3;6.3;6.3;6.3;6.3;0;stock;7.17;-12.15;7.17;-12.15;0.0;SUBIR
2013-12-19;1387411200000;MAPT3.SA;6.3;6.3;6.3;6.3;6.3;0;stock;7.16;-12.05;7.16;-12.05;0.0;SUBIR
2013-12-20;1387497600000;MAPT3.SA;6.3;6.3;6.3;6.3;6.3;0;stock;7.15;-11.94;7.15;-11.94;0.0;SUBIR
2013-12-23;1387756800000;MAPT3.SA;6.3;6.3;6.3;6.3;6.3;0;stock;7.15;-11.83;7.15;-11.83;0.0;SUBIR
2013-12-26;1388016000000;MAPT3.SA;6.3;6.3;6.3;6.3;6.3;0;stock;7.14;-11.73;7.14;-11.73;0.0;SUBIR
2013-12-27;1388102400000;MAPT3.SA;6.3;6.3;6.3;6.3;6.3;0;stock;7.13;-11.63;7.13;-11.63;0.0;SUBIR
2013-12-30;1388361600000;MAPT3.SA;6.3;6.3;6.3;6.3;6.3;0;stock;7.12;-11.53;7.12;-11.53;0.0;SUBIR
2014-01-02;1388620800000;MAPT3.SA;6.3;6.3;6.3;6.3;6.3;0;stock;7.11;-11.42;7.11;-11.42;0.0;SUBIR
2014-01-03;1388707200000;MAPT3.SA;6.3;6.3;6.3;6.3;6.3;0;stock;7.1;-11.32;7.1;-11.32;0.0;SUBIR
2014-01-06;1388966400000;MAPT3.SA;6.3;6.3;6.3;6.3;6.3;0;stock;7.1;-11.22;7.1;-11.22;0.0;SUBIR
2014-01-07;1389052800000;MAPT3.SA;6.3;6.3;6.3;6.3;6.3;0;stock;7.09;-11.12;7.09;-11.12;0.0;SUBIR
2014-01-08;1389139200000;MAPT3.SA;6.3;6.3;6.3;6.3;6.3;0;stock;7.08;-11.03;7.08;-11.03;0.0;SUBIR
2014-01-09;1389225600000;MAPT3.SA;6.3;6.3;6.3;6.3;6.3;0;stock;7.07;-10.93;7.07;-10.93;0.0;SUBIR
2014-01-10;1389312000000;MAPT3.SA;6.3;6.3;6.3;6.3;6.3;0;stock;7.07;-10.83;7.07;-10.83;0.0;SUBIR
2014-01-13;1389571200000;MAPT3.SA;6.3;6.3;6.3;6.3;6.3;0;stock;7.06;-10.73;7.06;-10.73;0.0;SUBIR
2014-01-14;1389657600000;MAPT3.SA;6.3;6.3;6.3;6.3;6.3;0;stock;7.05;-10.64;7.05;-10.64;0.0;SUBIR
2014-01-15;1389744000000;MAPT3.SA;6.3;6.3;6.3;6.3;6.3;0;stock;7.04;-10.54;7.04;-10.54;0.0;SUBIR
2014-01-16;1389830400000;MAPT3.SA;6.3;6.3;6.3;6.3;6.3;0;stock;7.04;-10.45;7.04;-10.45;0.0;SUBIR
2014-01-17;1389916800000;MAPT3.SA;6.3;6.3;6.3;6.3;6.3;0;stock;7.03;-10.36;7.03;-10.36;0.0;SUBIR
2014-01-20;1390176000000;MAPT3.SA;6.3;6.3;6.3;6.3;6.3;0;stock;7.02;-10.26;7.02;-10.26;0.0;SUBIR
2014-01-21;1390262400000;MAPT3.SA;6.3;6.3;6.3;6.3;6.3;0;stock;7.01;-10.17;7.01;-10.17;0.0;SUBIR
2014-01-22;1390348800000;MAPT3.SA;6.3;6.3;6.3;6.3;6.3;0;stock;7.01;-10.08;7.01;-10.08;0.0;SUBIR
2014-01-23;1390435200000;MAPT3.SA;6.3;6.3;6.3;6.3;6.3;0;stock;7.0;-9.99;7.0;-9.99;0.0;SUBIR
2014-01-24;1390521600000;MAPT3.SA;6.3;6.3;6.3;6.3;6.3;0;stock;6.99;-9.9;6.99;-9.9;0.0;SUBIR
2014-01-27;1390780800000;MAPT3.SA;6.3;6.3;6.3;6.3;6.3;0;stock;6.99;-9.81;6.99;-9.81;0.0;SUBIR
2014-01-28;1390867200000;MAPT3.SA;6.3;6.3;6.3;6.3;6.3;0;stock;6.98;-9.73;6.98;-9.73;0.0;SUBIR
2014-01-29;1390953600000;MAPT3.SA;6.3;6.3;6.3;6.3;6.3;0;stock;6.97;-9.64;6.97;-9.64;0.0;SUBIR
2014-01-30;1391040000000;MAPT3.SA;6.3;6.3;6.3;6.3;6.3;0;stock;6.97;-9.55;6.97;-9.55;0.0;SUBIR
2014-01-31;1391126400000;MAPT3.SA;6.3;6.3;6.3;6.3;6.3;0;stock;6.96;-9.46;6.96;-9.46;0.0;SUBIR
2014-02-03;1391385600000;MAPT3.SA;6.3;6.3;6.3;6.3;6.3;0;stock;6.95;-9.38;6.95;-9.38;0.0;SUBIR
2014-02-04;1391472000000;MAPT3.SA;6.3;6.3;6.3;6.3;6.3;0;stock;6.95;-9.29;6.95;-9.29;0.0;SUBIR
2014-02-05;1391558400000;MAPT3.SA;6.3;6.3;6.3;6.3;6.3;0;stock;6.94;-9.21;6.94;-9.21;0.0;SUBIR
2014-02-06;1391644800000;MAPT3.SA;6.3;6.3;6.3;6.3;6.3;0;stock;6.93;-9.13;6.93;-9.13;0.0;SUBIR
2014-02-07;1391731200000;MAPT3.SA;6.3;6.3;6.3;6.3;6.3;0;stock;6.93;-9.04;6.93;-9.04;0.0;SUBIR
2014-02-10;1391990400000;MAPT3.SA;6.3;6.3;6.3;6.3;6.3;0;stock;6.92;-8.96;6.92;-8.96;0.0;SUBIR
2014-02-11;1392076800000;MAPT3.SA;6.3;6.3;6.3;6.3;6.3;0;stock;6.91;-8.88;6.91;-8.88;0.0;SUBIR
2014-02-12;1392163200000;MAPT3.SA;6.3;6.3;6.3;6.3;6.3;0;stock;6.91;-8.8;6.91;-8.8;0.0;SUBIR
2014-02-13;1392249600000;MAPT3.SA;6.3;6.3;6.3;6.3;6.3;0;stock;6.9;-8.72;6.9;-8.72;0.0;SUBIR
2014-02-14;1392336000000;MAPT3.SA;6.3;6.3;6.3;6.3;6.3;0;stock;6.9;-8.64;6.9;-8.64;0.0;SUBIR
2014-02-17;1392595200000;MAPT3.SA;6.3;6.3;6.3;6.3;6.3;0;stock;6.89;-8.56;6.89;-8.56;0.0;SUBIR
2014-02-18;1392681600000;MAPT3.SA;6.3;6.3;6.3;6.3;6.3;0;stock;6.88;-8.49;6.88;-8.49;0.0;SUBIR
2014-02-19;1392768000000;MAPT3.SA;6.3;6.3;6.3;6.3;6.3;0;stock;6.88;-8.41;6.88;-8.41;0.0;SUBIR
2014-02-20;1392854400000;MAPT3.SA;6.3;6.3;6.3;6.3;6.3;0;stock;6.87;-8.33;6.87;-8.33;0.0;SUBIR
2014-02-21;1392940800000;MAPT3.SA;6.3;6.3;6.3;6.3;6.3;0;stock;6.87;-8.26;6.87;-8.26;0.0;SUBIR
2014-02-24;1393200000000;MAPT3.SA;6.3;6.3;6.3;6.3;6.3;0;stock;6.86;-8.18;6.86;-8.18;0.0;SUBIR
2014-02-25;1393286400000;MAPT3.SA;6.3;6.3;6.3;6.3;6.3;0;stock;6.86;-8.11;6.86;-8.11;0.0;SUBIR
2014-02-26;1393372800000;MAPT3.SA;6.3;6.3;6.3;6.3;6.3;0;stock;6.85;-8.03;6.85;-8.03;0.0;SUBIR
2014-02-27;1393459200000;MAPT3.SA;6.3;6.3;6.3;6.3;6.3;0;stock;6.84;-7.96;6.84;-7.96;0.0;SUBIR
2014-02-28;1393545600000;MAPT3.SA;6.3;6.3;6.3;6.3;6.3;0;stock;6.84;-7.88;6.84;-7.88;0.0;SUBIR
2014-03-05;1393977600000;MAPT3.SA;6.3;6.3;6.3;6.3;6.3;0;stock;6.83;-7.81;6.83;-7.81;0.0;SUBIR
2014-03-06;1394064000000;MAPT3.SA;6.3;6.3;6.3;6.3;6.3;0;stock;6.83;-7.74;6.83;-7.74;0.0;SUBIR
2014-03-07;1394150400000;MAPT3.SA;6.3;6.3;6.3;6.3;6.3;0;stock;6.82;-7.67;6.82;-7.67;0.0;SUBIR
2014-03-10;1394409600000;MAPT3.SA;6.3;6.3;6.3;6.3;6.3;0;stock;6.82;-7.6;6.82;-7.6;0.0;SUBIR
2014-03-11;1394496000000;MAPT3.SA;6.3;6.3;6.3;6.3;6.3;0;stock;6.81;-7.53;6.81;-7.53;0.0;SUBIR
2014-03-12;1394582400000;MAPT3.SA;6.3;6.3;6.3;6.3;6.3;0;stock;6.81;-7.46;6.81;-7.46;0.0;SUBIR
2014-03-13;1394668800000;MAPT3.SA;6.3;6.3;6.3;6.3;6.3;0;stock;6.8;-7.39;6.8;-7.39;0.0;SUBIR
2014-03-14;1394755200000;MAPT3.SA;6.3;6.3;6.3;6.3;6.3;0;stock;6.8;-7.32;6.8;-7.32;0.0;SUBIR
2014-03-17;1395014400000;MAPT3.SA;6.3;6.3;6.3;6.3;6.3;0;stock;6.79;-7.26;6.79;-7.26;0.0;SUBIR
2014-03-18;1395100800000;MAPT3.SA;6.3;6.3;6.3;6.3;6.3;0;stock;6.79;-7.19;6.79;-7.19;0.0;SUBIR
2014-03-19;1395187200000;MAPT3.SA;6.3;6.3;6.3;6.3;6.3;0;stock;6.78;-7.12;6.78;-7.12;0.0;SUBIR
2014-03-20;1395273600000;MAPT3.SA;6.3;6.3;6.3;6.3;6.3;0;stock;6.78;-7.06;6.78;-7.06;0.0;SUBIR
2014-03-21;1395360000000;MAPT3.SA;6.3;6.3;6.3;6.3;6.3;0;stock;6.77;-6.99;6.77;-6.99;0.0;SUBIR
2014-03-24;1395619200000;MAPT3.SA;6.3;6.3;6.3;6.3;6.3;0;stock;6.77;-6.93;6.77;-6.93;0.0;SUBIR
2014-03-25;1395705600000;MAPT3.SA;6.3;6.3;6.3;6.3;6.3;0;stock;6.76;-6.86;6.76;-6.86;0.0;SUBIR
2014-03-26;1395792000000;MAPT3.SA;6.3;6.3;6.3;6.3;6.3;0;stock;6.76;-6.8;6.76;-6.8;0.0;SUBIR
2014-03-27;1395878400000;MAPT3.SA;6.3;6.3;6.3;6.3;6.3;0;stock;6.75;-6.73;6.75;-6.73;0.0;SUBIR
2014-03-28;1395964800000;MAPT3.SA;6.3;6.3;6.3;6.3;6.3;0;stock;6.75;-6.67;6.75;-6.67;0.0;SUBIR
2014-03-31;1396224000000;MAPT3.SA;6.3;6.3;6.3;6.3;6.3;0;stock;6.75;-6.61;6.75;-6.61;0.0;SUBIR
2014-04-01;1396310400000;MAPT3.SA;6.3;6.3;6.3;6.3;6.3;0;stock;6.74;-6.55;6.74;-6.55;0.0;SUBIR
2014-04-02;1396396800000;MAPT3.SA;6.3;6.3;6.3;6.3;6.3;0;stock;6.74;-6.49;6.74;-6.49;0.0;SUBIR
2014-04-03;1396483200000;MAPT3.SA;6.3;6.3;6.3;6.3;6.3;0;stock;6.73;-6.43;6.73;-6.43;0.0;SUBIR
2014-04-04;1396569600000;MAPT3.SA;6.3;6.3;6.3;6.3;6.3;0;stock;6.73;-6.37;6.73;-6.37;0.0;SUBIR
2014-04-07;1396828800000;MAPT3.SA;6.3;6.3;6.3;6.3;6.3;0;stock;6.72;-6.31;6.72;-6.31;0.0;SUBIR
2014-04-08;1396915200000;MAPT3.SA;6.3;6.3;6.3;6.3;6.3;0;stock;6.72;-6.25;6.72;-6.25;0.0;SUBIR
2014-04-09;1397001600000;MAPT3.SA;6.3;6.3;6.3;6.3;6.3;0;stock;6.72;-6.19;6.72;-6.19;0.0;SUBIR
2014-04-10;1397088000000;MAPT3.SA;6.3;6.3;6.3;6.3;6.3;0;stock;6.71;-6.13;6.71;-6.13;0.0;SUBIR
2014-04-11;1397174400000;MAPT3.SA;6.3;6.3;6.3;6.3;6.3;0;stock;6.71;-6.08;6.71;-6.08;0.0;SUBIR
2014-04-14;1397433600000;MAPT3.SA;6.3;6.3;6.3;6.3;6.3;0;stock;6.7;-6.02;6.7;-6.02;0.0;SUBIR
2014-04-15;1397520000000;MAPT3.SA;6.3;6.3;6.3;6.3;6.3;0;stock;6.7;-5.96;6.7;-5.96;0.0;SUBIR
2014-04-16;1397606400000;MAPT3.SA;6.3;6.3;6.3;6.3;6.3;0;stock;6.7;-5.91;6.7;-5.91;0.0;SUBIR
2014-04-17;1397692800000;MAPT3.SA;6.3;6.3;6.3;6.3;6.3;0;stock;6.69;-5.85;6.69;-5.85;0.0;SUBIR
2014-04-22;1398124800000;MAPT3.SA;6.3;6.3;6.3;6.3;6.3;0;stock;6.69;-5.8;6.69;-5.8;0.0;SUBIR
2014-04-23;1398211200000;MAPT3.SA;6.3;6.3;6.3;6.3;6.3;0;stock;6.68;-5.74;6.68;-5.74;0.0;SUBIR
2014-04-24;1398297600000;MAPT3.SA;6.3;6.3;6.3;6.3;6.3;0;stock;6.68;-5.69;6.68;-5.69;0.0;SUBIR
2014-04-25;1398384000000;MAPT3.SA;6.3;6.3;6.3;6.3;6.3;0;stock;6.68;-5.64;6.68;-5.64;0.0;SUBIR
2014-04-28;1398643200000;MAPT3.SA;6.3;6.3;6.3;6.3;6.3;0;stock;6.67;-5.58;6.67;-5.58;0.0;SUBIR
2014-04-29;1398729600000;MAPT3.SA;6.3;6.3;6.3;6.3;6.3;0;stock;6.67;-5.53;6.67;-5.53;0.0;SUBIR
2014-04-30;1398816000000;MAPT3.SA;6.3;6.3;6.3;6.3;6.3;0;stock;6.67;-5.48;6.67;-5.48;0.0;SUBIR
2014-05-02;1398988800000;MAPT3.SA;6.3;6.3;6.3;6.3;6.3;0;stock;6.66;-5.43;6.66;-5.43;0.0;SUBIR
2014-05-05;1399248000000;MAPT3.SA;6.3;6.3;6.3;6.3;6.3;0;stock;6.66;-5.38;6.66;-5.38;0.0;SUBIR
2014-05-06;1399334400000;MAPT3.SA;6.3;6.3;6.3;6.3;6.3;0;stock;6.65;-5.32;6.65;-5.32;0.0;SUBIR
2014-05-07;1399420800000;MAPT3.SA;6.3;6.3;6.3;6.3;6.3;0;stock;6.65;-5.27;6.65;-5.27;0.0;SUBIR
2014-05-08;1399507200000;MAPT3.SA;6.3;6.3;6.3;6.3;6.3;0;stock;6.65;-5.22;6.65;-5.22;0.0;SUBIR
2014-05-09;1399593600000;MAPT3.SA;6.3;6.3;6.3;6.3;6.3;0;stock;6.64;-5.18;6.64;-5.18;0.0;SUBIR
2014-05-12;1399852800000;MAPT3.SA;6.3;6.3;6.3;6.3;6.3;0;stock;6.64;-5.13;6.64;-5.13;0.0;SUBIR
2014-05-13;1399939200000;MAPT3.SA;6.3;6.3;6.3;6.3;6.3;0;stock;6.64;-5.08;6.64;-5.08;0.0;SUBIR
2014-05-14;1400025600000;MAPT3.SA;6.3;6.3;6.3;6.3;6.3;0;stock;6.63;-5.03;6.63;-5.03;0.0;SUBIR
2014-05-15;1400112000000;MAPT3.SA;6.3;6.3;6.3;6.3;6.3;0;stock;6.63;-4.98;6.63;-4.98;0.0;SUBIR
2014-05-16;1400198400000;MAPT3.SA;6.3;6.3;6.3;6.3;6.3;0;stock;6.63;-4.94;6.63;-4.94;0.0;SUBIR
2014-05-19;1400457600000;MAPT3.SA;6.3;6.3;6.3;6.3;6.3;0;stock;6.62;-4.89;6.62;-4.89;0.0;SUBIR
2014-05-20;1400544000000;MAPT3.SA;6.3;6.3;6.3;6.3;6.3;0;stock;6.62;-4.84;6.62;-4.84;0.0;SUBIR
2014-05-21;1400630400000;MAPT3.SA;6.3;6.3;6.3;6.3;6.3;0;stock;6.62;-4.8;6.62;-4.8;0.0;SUBIR
2014-05-22;1400716800000;MAPT3.SA;6.3;6.3;6.3;6.3;6.3;0;stock;6.61;-4.75;6.61;-4.75;0.0;SUBIR
2014-05-23;1400803200000;MAPT3.SA;6.3;6.3;6.3;6.3;6.3;0;stock;6.61;-4.71;6.61;-4.71;0.0;SUBIR
2014-05-26;1401062400000;MAPT3.SA;6.3;6.3;6.3;6.3;6.3;0;stock;6.61;-4.66;6.61;-4.66;0.0;SUBIR
2014-05-27;1401148800000;MAPT3.SA;6.3;6.3;6.3;6.3;6.3;0;stock;6.6;-4.62;6.6;-4.62;0.0;SUBIR
2014-05-28;1401235200000;MAPT3.SA;6.3;6.3;6.3;6.3;6.3;0;stock;6.6;-4.57;6.6;-4.57;0.0;SUBIR
2014-05-29;1401321600000;MAPT3.SA;6.3;6.3;6.3;6.3;6.3;0;stock;6.6;-4.53;6.6;-4.53;0.0;SUBIR
2014-05-30;1401408000000;MAPT3.SA;6.3;6.3;6.3;6.3;6.3;0;stock;6.6;-4.49;6.6;-4.49;0.0;SUBIR
2014-06-02;1401667200000;MAPT3.SA;6.3;6.3;6.3;6.3;6.3;0;stock;6.59;-4.44;6.59;-4.44;0.0;SUBIR
2014-06-03;1401753600000;MAPT3.SA;6.3;6.3;6.3;6.3;6.3;0;stock;6.59;-4.4;6.59;-4.4;0.0;SUBIR
2014-06-04;1401840000000;MAPT3.SA;6.3;6.3;6.3;6.3;6.3;0;stock;6.59;-4.36;6.59;-4.36;0.0;SUBIR
2014-06-05;1401926400000;MAPT3.SA;6.3;6.3;6.3;6.3;6.3;0;stock;6.58;-4.32;6.58;-4.32;0.0;SUBIR
2014-06-06;1402012800000;MAPT3.SA;6.3;6.3;6.3;6.3;6.3;0;stock;6.58;-4.28;6.58;-4.28;0.0;SUBIR
2014-06-09;1402272000000;MAPT3.SA;6.3;6.3;6.3;6.3;6.3;0;stock;6.58;-4.24;6.58;-4.24;0.0;SUBIR
2014-06-10;1402358400000;MAPT3.SA;6.3;6.3;6.3;6.3;6.3;0;stock;6.58;-4.2;6.58;-4.2;0.0;SUBIR
2014-06-11;1402444800000;MAPT3.SA;6.4;6.4;6.4;6.4;6.4;100;stock;6.57;-2.65;6.57;-2.65;100.0;ESTAVEL
2014-06-13;1402617600000;MAPT3.SA;6.4;6.4;6.4;6.4;6.4;0;stock;6.57;-2.62;6.57;-2.62;100.0;ESTAVEL
2014-06-16;1402876800000;MAPT3.SA;6.4;6.4;6.4;6.4;6.4;0;stock;6.57;-2.6;6.57;-2.6;100.0;ESTAVEL
2014-06-17;1402963200000;MAPT3.SA;6.4;6.4;6.4;6.4;6.4;0;stock;6.57;-2.57;6.57;-2.57;100.0;ESTAVEL
2014-06-18;1403049600000;MAPT3.SA;6.4;6.4;6.4;6.4;6.4;0;stock;6.57;-2.55;6.57;-2.55;100.0;ESTAVEL
2014-06-20;1403222400000;MAPT3.SA;6.4;6.4;6.4;6.4;6.4;0;stock;6.57;-2.52;6.57;-2.52;100.0;ESTAVEL
2014-06-23;1403481600000;MAPT3.SA;6.4;6.4;6.4;6.4;6.4;0;stock;6.56;-2.5;6.56;-2.5;100.0;ESTAVEL
2014-06-24;1403568000000;MAPT3.SA;6.4;6.4;6.4;6.4;6.4;0;stock;6.56;-2.47;6.56;-2.47;100.0;ESTAVEL
2014-06-25;1403654400000;MAPT3.SA;6.4;6.4;6.4;6.4;6.4;0;stock;6.56;-2.45;6.56;-2.45;100.0;ESTAVEL
2014-06-26;1403740800000;MAPT3.SA;6.4;6.4;6.4;6.4;6.4;0;stock;6.56;-2.43;6.56;-2.43;100.0;ESTAVEL
2014-06-27;1403827200000;MAPT3.SA;6.4;6.4;6.4;6.4;6.4;0;stock;6.56;-2.4;6.56;-2.4;100.0;ESTAVEL
2014-06-30;1404086400000;MAPT3.SA;6.4;6.4;6.4;6.4;6.4;0;stock;6.56;-2.38;6.56;-2.38;100.0;ESTAVEL
2014-07-01;1404172800000;MAPT3.SA;6.4;6.4;6.4;6.4;6.4;0;stock;6.55;-2.36;6.55;-2.36;100.0;ESTAVEL
2014-07-02;1404259200000;MAPT3.SA;6.4;6.4;6.4;6.4;6.4;0;stock;6.55;-2.33;6.55;-2.33;100.0;ESTAVEL
2014-07-03;1404345600000;MAPT3.SA;6.4;6.4;6.4;6.4;6.4;0;stock;6.55;-2.31;6.55;-2.31;100.0;ESTAVEL
2014-07-04;1404432000000;MAPT3.SA;6.4;6.4;6.4;6.4;6.4;0;stock;6.55;-2.29;6.55;-2.29;100.0;ESTAVEL
2014-07-07;1404691200000;MAPT3.SA;6.4;6.4;6.4;6.4;6.4;0;stock;6.55;-2.27;6.55;-2.27;100.0;ESTAVEL
2014-07-08;1404777600000;MAPT3.SA;6.4;6.4;6.4;6.4;6.4;0;stock;6.55;-2.24;6.55;-2.24;100.0;ESTAVEL
2014-07-10;1404950400000;MAPT3.SA;6.4;6.4;6.4;6.4;6.4;0;stock;6.55;-2.22;6.55;-2.22;100.0;ESTAVEL
2014-07-11;1405036800000;MAPT3.SA;6.4;6.4;6.4;6.4;6.4;0;stock;6.54;-2.2;6.54;-2.2;100.0;ESTAVEL
2014-07-14;1405296000000;MAPT3.SA;6.4;6.4;6.4;6.4;6.4;0;stock;6.54;-2.18;6.54;-2.18;100.0;ESTAVEL
2014-07-15;1405382400000;MAPT3.SA;6.4;6.4;6.4;6.4;6.4;0;stock;6.54;-2.16;6.54;-2.16;100.0;ESTAVEL
2014-07-16;1405468800000;MAPT3.SA;6.4;6.4;6.4;6.4;6.4;0;stock;6.54;-2.14;6.54;-2.14;100.0;ESTAVEL
2014-07-17;1405555200000;MAPT3.SA;6.4;6.4;6.4;6.4;6.4;0;stock;6.54;-2.12;6.54;-2.12;100.0;ESTAVEL
2014-07-18;1405641600000;MAPT3.SA;6.4;6.4;6.4;6.4;6.4;0;stock;6.54;-2.1;6.54;-2.1;100.0;ESTAVEL
2014-07-21;1405900800000;MAPT3.SA;6.4;6.4;6.4;6.4;6.4;0;stock;6.54;-2.08;6.54;-2.08;100.0;ESTAVEL
2014-07-22;1405987200000;MAPT3.SA;6.4;6.4;6.4;6.4;6.4;0;stock;6.53;-2.06;6.53;-2.06;100.0;ESTAVEL
2014-07-23;1406073600000;MAPT3.SA;6.4;6.4;6.4;6.4;6.4;0;stock;6.53;-2.04;6.53;-2.04;100.0;ESTAVEL
2014-07-24;1406160000000;MAPT3.SA;6.4;6.4;6.4;6.4;6.4;0;stock;6.53;-2.02;6.53;-2.02;100.0;ESTAVEL
2014-07-25;1406246400000;MAPT3.SA;6.4;6.4;6.4;6.4;6.4;0;stock;6.53;-2.0;6.53;-2.0;100.0;ESTAVEL
2014-07-28;1406505600000;MAPT3.SA;6.4;6.4;6.4;6.4;6.4;0;stock;6.53;-1.98;6.53;-1.98;100.0;ESTAVEL
2014-07-29;1406592000000;MAPT3.SA;6.4;6.4;6.4;6.4;6.4;0;stock;6.53;-1.96;6.53;-1.96;100.0;ESTAVEL
2014-07-30;1406678400000;MAPT3.SA;6.4;6.4;6.4;6.4;6.4;0;stock;6.53;-1.94;6.53;-1.94;100.0;ESTAVEL
2014-07-31;1406764800000;MAPT3.SA;6.4;6.4;6.4;6.4;6.4;0;stock;6.53;-1.92;6.53;-1.92;100.0;ESTAVEL
2014-08-01;1406851200000;MAPT3.SA;6.4;6.4;6.4;6.4;6.4;0;stock;6.52;-1.9;6.52;-1.9;100.0;ESTAVEL
2014-08-04;1407110400000;MAPT3.SA;6.4;6.4;6.4;6.4;6.4;0;stock;6.52;-1.88;6.52;-1.88;100.0;ESTAVEL
2014-08-05;1407196800000;MAPT3.SA;6.4;6.4;6.4;6.4;6.4;0;stock;6.52;-1.86;6.52;-1.86;100.0;ESTAVEL
2014-08-06;1407283200000;MAPT3.SA;6.4;6.4;6.4;6.4;6.4;0;stock;6.52;-1.85;6.52;-1.85;100.0;ESTAVEL
2014-08-07;1407369600000;MAPT3.SA;6.4;6.4;6.4;6.4;6.4;0;stock;6.52;-1.83;6.52;-1.83;100.0;ESTAVEL
2014-08-08;1407456000000;MAPT3.SA;6.4;6.4;6.4;6.4;6.4;0;stock;6.52;-1.81;6.52;-1.81;100.0;ESTAVEL
2014-08-11;1407715200000;MAPT3.SA;6.4;6.4;6.4;6.4;6.4;0;stock;6.52;-1.79;6.52;-1.79;100.0;ESTAVEL
2014-08-12;1407801600000;MAPT3.SA;6.4;6.4;6.4;6.4;6.4;0;stock;6.52;-1.77;6.52;-1.77;100.0;ESTAVEL
2014-08-13;1407888000000;MAPT3.SA;6.4;6.4;6.4;6.4;6.4;0;stock;6.51;-1.76;6.51;-1.76;100.0;ESTAVEL
2014-08-14;1407974400000;MAPT3.SA;6.4;6.4;6.4;6.4;6.4;0;stock;6.51;-1.74;6.51;-1.74;100.0;ESTAVEL
2014-08-15;1408060800000;MAPT3.SA;6.4;6.4;6.4;6.4;6.4;0;stock;6.51;-1.72;6.51;-1.72;100.0;ESTAVEL
2014-08-18;1408320000000;MAPT3.SA;6.4;6.4;6.4;6.4;6.4;0;stock;6.51;-1.71;6.51;-1.71;100.0;ESTAVEL
2014-08-19;1408406400000;MAPT3.SA;6.4;6.4;6.4;6.4;6.4;0;stock;6.51;-1.69;6.51;-1.69;100.0;ESTAVEL
2014-08-20;1408492800000;MAPT3.SA;6.4;6.4;6.4;6.4;6.4;0;stock;6.51;-1.67;6.51;-1.67;100.0;ESTAVEL
2014-08-21;1408579200000;MAPT3.SA;6.4;6.4;6.4;6.4;6.4;0;stock;6.51;-1.66;6.51;-1.66;100.0;ESTAVEL
2014-08-22;1408665600000;MAPT3.SA;6.4;6.4;6.4;6.4;6.4;0;stock;6.51;-1.64;6.51;-1.64;100.0;ESTAVEL
2014-08-25;1408924800000;MAPT3.SA;6.4;6.4;6.4;6.4;6.4;0;stock;6.51;-1.62;6.51;-1.62;100.0;ESTAVEL
2014-08-26;1409011200000;MAPT3.SA;6.4;6.4;6.4;6.4;6.4;0;stock;6.5;-1.61;6.5;-1.61;100.0;ESTAVEL
2014-08-27;1409097600000;MAPT3.SA;6.4;6.4;6.4;6.4;6.4;0;stock;6.5;-1.59;6.5;-1.59;100.0;ESTAVEL
2014-08-28;1409184000000;MAPT3.SA;6.4;6.4;6.4;6.4;6.4;0;stock;6.5;-1.58;6.5;-1.58;100.0;ESTAVEL
2014-08-29;1409270400000;MAPT3.SA;6.4;6.4;6.4;6.4;6.4;0;stock;6.5;-1.56;6.5;-1.56;100.0;ESTAVEL
2014-09-01;1409529600000;MAPT3.SA;6.4;6.4;6.4;6.4;6.4;0;stock;6.5;-1.55;6.5;-1.55;100.0;ESTAVEL
2014-09-02;1409616000000;MAPT3.SA;6.4;6.4;6.4;6.4;6.4;0;stock;6.5;-1.53;6.5;-1.53;100.0;ESTAVEL
2014-09-03;1409702400000;MAPT3.SA;6.4;6.4;6.4;6.4;6.4;0;stock;6.5;-1.52;6.5;-1.52;100.0;ESTAVEL
2014-09-04;1409788800000;MAPT3.SA;6.4;6.4;6.4;6.4;6.4;0;stock;6.5;-1.5;6.5;-1.5;100.0;ESTAVEL
2014-09-05;1409875200000;MAPT3.SA;6.4;6.4;6.4;6.4;6.4;0;stock;6.5;-1.49;6.5;-1.49;100.0;ESTAVEL
2014-09-08;1410134400000;MAPT3.SA;6.4;6.4;6.4;6.4;6.4;0;stock;6.5;-1.47;6.5;-1.47;100.0;ESTAVEL
2014-09-09;1410220800000;MAPT3.SA;6.4;6.4;6.4;6.4;6.4;0;stock;6.49;-1.46;6.49;-1.46;100.0;ESTAVEL
2014-09-10;1410307200000;MAPT3.SA;6.3;6.3;6.3;6.3;6.3;100;stock;6.49;-2.97;6.49;-2.97;1.0;SUBIR
2014-09-11;1410393600000;MAPT3.SA;6.3;6.3;6.3;6.3;6.3;0;stock;6.49;-2.94;6.49;-2.94;1.0;SUBIR
2014-09-12;1410480000000;MAPT3.SA;6.3;6.3;6.3;6.3;6.3;0;stock;6.49;-2.91;6.49;-2.91;1.0;SUBIR
2014-09-15;1410739200000;MAPT3.SA;6.3;6.3;6.3;6.3;6.3;0;stock;6.49;-2.88;6.49;-2.88;1.0;SUBIR
2014-09-16;1410825600000;MAPT3.SA;6.3;6.3;6.3;6.3;6.3;0;stock;6.49;-2.85;6.49;-2.85;1.0;SUBIR
2014-09-17;1410912000000;MAPT3.SA;6.3;6.3;6.3;6.3;6.3;0;stock;6.48;-2.83;6.48;-2.83;1.0;SUBIR
2014-09-18;1410998400000;MAPT3.SA;6.3;6.3;6.3;6.3;6.3;0;stock;6.48;-2.8;6.48;-2.8;1.0;SUBIR
2014-09-19;1411084800000;MAPT3.SA;6.3;6.3;6.3;6.3;6.3;0;stock;6.48;-2.77;6.48;-2.77;1.0;SUBIR
2014-09-22;1411344000000;MAPT3.SA;6.3;6.3;6.3;6.3;6.3;0;stock;6.48;-2.75;6.48;-2.75;1.0;SUBIR
2014-09-23;1411430400000;MAPT3.SA;6.3;6.3;6.3;6.3;6.3;0;stock;6.48;-2.72;6.48;-2.72;1.0;SUBIR
2014-09-24;1411516800000;MAPT3.SA;6.3;6.3;6.3;6.3;6.3;0;stock;6.47;-2.69;6.47;-2.69;1.0;SUBIR
2014-09-25;1411603200000;MAPT3.SA;6.3;6.3;6.3;6.3;6.3;0;stock;6.47;-2.67;6.47;-2.67;1.0;SUBIR
2014-09-26;1411689600000;MAPT3.SA;6.3;6.3;6.3;6.3;6.3;0;stock;6.47;-2.64;6.47;-2.64;1.0;SUBIR
2014-09-29;1411948800000;MAPT3.SA;6.3;6.3;6.3;6.3;6.3;0;stock;6.47;-2.62;6.47;-2.62;1.0;SUBIR
2014-09-30;1412035200000;MAPT3.SA;6.3;6.3;6.3;6.3;6.3;0;stock;6.47;-2.59;6.47;-2.59;1.0;SUBIR
2014-10-01;1412121600000;MAPT3.SA;6.3;6.3;6.3;6.3;6.3;0;stock;6.47;-2.57;6.47;-2.57;1.0;SUBIR
2014-10-02;1412208000000;MAPT3.SA;6.3;6.3;6.3;6.3;6.3;0;stock;6.46;-2.54;6.46;-2.54;1.0;SUBIR
2014-10-03;1412294400000;MAPT3.SA;6.3;6.3;6.3;6.3;6.3;0;stock;6.46;-2.52;6.46;-2.52;1.0;SUBIR
2014-10-06;1412553600000;MAPT3.SA;6.3;6.3;6.3;6.3;6.3;0;stock;6.46;-2.49;6.46;-2.49;1.0;SUBIR
2014-10-07;1412640000000;MAPT3.SA;6.3;6.3;6.3;6.3;6.3;0;stock;6.46;-2.47;6.46;-2.47;1.0;SUBIR
2014-10-08;1412726400000;MAPT3.SA;6.3;6.3;6.3;6.3;6.3;0;stock;6.46;-2.44;6.46;-2.44;1.0;SUBIR
2014-10-09;1412812800000;MAPT3.SA;6.3;6.3;6.3;6.3;6.3;0;stock;6.46;-2.42;6.46;-2.42;1.0;SUBIR
2014-10-10;1412899200000;MAPT3.SA;6.3;6.3;6.3;6.3;6.3;0;stock;6.45;-2.4;6.45;-2.4;1.0;SUBIR
2014-10-13;1413158400000;MAPT3.SA;6.3;6.3;6.3;6.3;6.3;0;stock;6.45;-2.37;6.45;-2.37;1.0;SUBIR
2014-10-14;1413244800000;MAPT3.SA;6.3;6.3;6.3;6.3;6.3;0;stock;6.45;-2.35;6.45;-2.35;1.0;SUBIR
2014-10-15;1413331200000;MAPT3.SA;6.3;6.3;6.3;6.3;6.3;0;stock;6.45;-2.33;6.45;-2.33;1.0;SUBIR
2014-10-16;1413417600000;MAPT3.SA;6.3;6.3;6.3;6.3;6.3;0;stock;6.45;-2.3;6.45;-2.3;1.0;SUBIR
2014-10-17;1413504000000;MAPT3.SA;6.3;6.3;6.3;6.3;6.3;0;stock;6.45;-2.28;6.45;-2.28;1.0;SUBIR
2014-10-20;1413763200000;MAPT3.SA;6.3;6.3;6.3;6.3;6.3;0;stock;6.45;-2.26;6.45;-2.26;1.0;SUBIR
2014-10-21;1413849600000;MAPT3.SA;6.3;6.3;6.3;6.3;6.3;0;stock;6.44;-2.24;6.44;-2.24;1.0;SUBIR
2014-10-22;1413936000000;MAPT3.SA;6.3;6.3;6.3;6.3;6.3;0;stock;6.44;-2.22;6.44;-2.22;1.0;SUBIR
2014-10-23;1414022400000;MAPT3.SA;6.3;6.3;6.3;6.3;6.3;0;stock;6.44;-2.19;6.44;-2.19;1.0;SUBIR
2014-10-24;1414108800000;MAPT3.SA;6.3;6.3;6.3;6.3;6.3;0;stock;6.44;-2.17;6.44;-2.17;1.0;SUBIR
2014-10-27;1414368000000;MAPT3.SA;6.3;6.3;6.3;6.3;6.3;0;stock;6.44;-2.15;6.44;-2.15;1.0;SUBIR
2014-10-28;1414454400000;MAPT3.SA;6.3;6.3;6.3;6.3;6.3;0;stock;6.44;-2.13;6.44;-2.13;1.0;SUBIR
2014-10-29;1414540800000;MAPT3.SA;6.3;6.3;6.3;6.3;6.3;0;stock;6.44;-2.11;6.44;-2.11;1.0;SUBIR
2014-10-30;1414627200000;MAPT3.SA;6.3;6.3;6.3;6.3;6.3;0;stock;6.43;-2.09;6.43;-2.09;1.0;SUBIR
2014-10-31;1414713600000;MAPT3.SA;6.3;6.3;6.3;6.3;6.3;0;stock;6.43;-2.07;6.43;-2.07;1.0;SUBIR
2014-11-03;1414972800000;MAPT3.SA;6.3;6.3;6.3;6.3;6.3;0;stock;6.43;-2.05;6.43;-2.05;1.0;SUBIR
2014-11-04;1415059200000;MAPT3.SA;6.3;6.3;6.3;6.3;6.3;0;stock;6.43;-2.03;6.43;-2.03;1.0;SUBIR
2014-11-05;1415145600000;MAPT3.SA;6.3;6.3;6.3;6.3;6.3;0;stock;6.43;-2.01;6.43;-2.01;1.0;SUBIR
2014-11-06;1415232000000;MAPT3.SA;6.3;6.3;6.3;6.3;6.3;0;stock;6.43;-1.99;6.43;-1.99;1.0;SUBIR
2014-11-07;1415318400000;MAPT3.SA;6.3;6.3;6.3;6.3;6.3;0;stock;6.43;-1.97;6.43;-1.97;1.0;SUBIR
2014-11-10;1415577600000;MAPT3.SA;6.3;6.3;6.3;6.3;6.3;0;stock;6.43;-1.95;6.43;-1.95;1.0;SUBIR
2014-11-11;1415664000000;MAPT3.SA;6.3;6.3;6.3;6.3;6.3;0;stock;6.42;-1.93;6.42;-1.93;1.0;SUBIR
2014-11-12;1415750400000;MAPT3.SA;6.3;6.3;6.3;6.3;6.3;0;stock;6.42;-1.91;6.42;-1.91;1.0;SUBIR
2014-11-13;1415836800000;MAPT3.SA;6.3;6.3;6.3;6.3;6.3;0;stock;6.42;-1.89;6.42;-1.89;1.0;SUBIR
2014-11-14;1415923200000;MAPT3.SA;6.3;6.3;6.3;6.3;6.3;0;stock;6.42;-1.88;6.42;-1.88;1.0;SUBIR
2014-11-17;1416182400000;MAPT3.SA;6.3;6.3;6.3;6.3;6.3;0;stock;6.42;-1.86;6.42;-1.86;1.0;SUBIR
2014-11-18;1416268800000;MAPT3.SA;6.3;6.3;6.3;6.3;6.3;30;stock;6.42;-1.84;6.42;-1.84;1.0;SUBIR
2014-11-19;1416355200000;MAPT3.SA;6.3;6.3;6.3;6.3;6.3;0;stock;6.42;-1.82;6.42;-1.82;1.0;SUBIR
2014-11-21;1416528000000;MAPT3.SA;6.3;6.3;6.3;6.3;6.3;0;stock;6.42;-1.8;6.42;-1.8;1.0;SUBIR
2014-11-24;1416787200000;MAPT3.SA;6.3;6.3;6.3;6.3;6.3;0;stock;6.41;-1.79;6.41;-1.79;1.0;SUBIR
2014-11-25;1416873600000;MAPT3.SA;6.3;6.3;6.3;6.3;6.3;0;stock;6.41;-1.77;6.41;-1.77;1.0;SUBIR
2014-11-26;1416960000000;MAPT3.SA;6.3;6.3;6.3;6.3;6.3;0;stock;6.41;-1.75;6.41;-1.75;1.0;SUBIR
2014-11-27;1417046400000;MAPT3.SA;6.3;6.3;6.3;6.3;6.3;0;stock;6.41;-1.73;6.41;-1.73;1.0;SUBIR
2014-11-28;1417132800000;MAPT3.SA;6.3;6.3;6.3;6.3;6.3;0;stock;6.41;-1.72;6.41;-1.72;1.0;SUBIR
2014-12-01;1417392000000;MAPT3.SA;6.3;6.3;6.3;6.3;6.3;0;stock;6.41;-1.7;6.41;-1.7;1.0;SUBIR
2014-12-02;1417478400000;MAPT3.SA;6.3;6.3;6.3;6.3;6.3;0;stock;6.41;-1.68;6.41;-1.68;1.0;SUBIR
2014-12-03;1417564800000;MAPT3.SA;6.3;6.3;6.3;6.3;6.3;0;stock;6.41;-1.67;6.41;-1.67;1.0;SUBIR
2014-12-04;1417651200000;MAPT3.SA;6.3;6.3;6.3;6.3;6.3;0;stock;6.41;-1.65;6.41;-1.65;1.0;SUBIR
2014-12-05;1417737600000;MAPT3.SA;6.3;6.3;6.3;6.3;6.3;0;stock;6.4;-1.63;6.4;-1.63;1.0;SUBIR
2014-12-08;1417996800000;MAPT3.SA;6.3;6.3;6.3;6.3;6.3;0;stock;6.4;-1.62;6.4;-1.62;1.0;SUBIR
2014-12-09;1418083200000;MAPT3.SA;6.3;6.3;6.3;6.3;6.3;0;stock;6.4;-1.6;6.4;-1.6;1.0;SUBIR
2014-12-10;1418169600000;MAPT3.SA;6.3;6.3;6.3;6.3;6.3;0;stock;6.4;-1.59;6.4;-1.59;1.0;SUBIR
2014-12-11;1418256000000;MAPT3.SA;6.3;6.3;6.3;6.3;6.3;0;stock;6.4;-1.57;6.4;-1.57;1.0;SUBIR
2014-12-12;1418342400000;MAPT3.SA;6.3;6.3;6.3;6.3;6.3;0;stock;6.4;-1.56;6.4;-1.56;1.0;SUBIR
2014-12-15;1418601600000;MAPT3.SA;6.3;6.3;6.3;6.3;6.3;0;stock;6.4;-1.54;6.4;-1.54;1.0;SUBIR
2014-12-16;1418688000000;MAPT3.SA;6.3;6.3;6.3;6.3;6.3;0;stock;6.4;-1.53;6.4;-1.53;1.0;SUBIR
2014-12-17;1418774400000;MAPT3.SA;6.3;6.3;6.3;6.3;6.3;0;stock;6.4;-1.51;6.4;-1.51;1.0;SUBIR
2014-12-18;1418860800000;MAPT3.SA;6.3;6.3;6.3;6.3;6.3;0;stock;6.4;-1.5;6.4;-1.5;1.0;SUBIR
2014-12-19;1418947200000;MAPT3.SA;6.3;6.3;6.3;6.3;6.3;0;stock;6.39;-1.48;6.39;-1.48;1.0;SUBIR
2014-12-22;1419206400000;MAPT3.SA;6.3;6.3;6.3;6.3;6.3;0;stock;6.39;-1.47;6.39;-1.47;1.0;SUBIR
2014-12-23;1419292800000;MAPT3.SA;6.3;6.3;6.3;6.3;6.3;0;stock;6.39;-1.45;6.39;-1.45;1.0;SUBIR
2014-12-26;1419552000000;MAPT3.SA;6.3;6.3;6.3;6.3;6.3;0;stock;6.39;-1.44;6.39;-1.44;1.0;SUBIR
2014-12-29;1419811200000;MAPT3.SA;6.3;6.3;6.3;6.3;6.3;0;stock;6.39;-1.42;6.39;-1.42;1.0;SUBIR
2014-12-30;1419897600000;MAPT3.SA;6.3;6.3;6.3;6.3;6.3;0;stock;6.39;-1.41;6.39;-1.41;1.0;SUBIR
2015-01-02;1420156800000;MAPT3.SA;6.3;6.3;6.3;6.3;6.3;0;stock;6.39;-1.4;6.39;-1.4;1.0;SUBIR
2015-01-05;1420416000000;MAPT3.SA;6.3;6.3;6.3;6.3;6.3;0;stock;6.39;-1.38;6.39;-1.38;1.0;SUBIR
2015-01-06;1420502400000;MAPT3.SA;6.3;6.3;6.3;6.3;6.3;0;stock;6.39;-1.37;6.39;-1.37;1.0;SUBIR
2015-01-07;1420588800000;MAPT3.SA;6.3;6.3;6.3;6.3;6.3;0;stock;6.39;-1.36;6.39;-1.36;1.0;SUBIR
2015-01-08;1420675200000;MAPT3.SA;6.3;6.3;6.3;6.3;6.3;0;stock;6.39;-1.34;6.39;-1.34;1.0;SUBIR
2015-01-09;1420761600000;MAPT3.SA;6.3;6.3;6.3;6.3;6.3;0;stock;6.38;-1.33;6.38;-1.33;1.0;SUBIR
2015-01-12;1421020800000;MAPT3.SA;6.3;6.3;6.3;6.3;6.3;0;stock;6.38;-1.32;6.38;-1.32;1.0;SUBIR
2015-01-13;1421107200000;MAPT3.SA;6.3;6.3;6.3;6.3;6.3;0;stock;6.38;-1.3;6.38;-1.3;1.0;SUBIR
2015-01-14;1421193600000;MAPT3.SA;6.3;6.3;6.3;6.3;6.3;0;stock;6.38;-1.29;6.38;-1.29;1.0;SUBIR
2015-01-15;1421280000000;MAPT3.SA;6.3;6.3;6.3;6.3;6.3;0;stock;6.38;-1.28;6.38;-1.28;1.0;SUBIR
2015-01-16;1421366400000;MAPT3.SA;6.3;6.3;6.3;6.3;6.3;0;stock;6.38;-1.27;6.38;-1.27;1.0;SUBIR
2015-01-19;1421625600000;MAPT3.SA;6.3;6.3;6.3;6.3;6.3;0;stock;6.38;-1.25;6.38;-1.25;1.0;SUBIR
2015-01-20;1421712000000;MAPT3.SA;6.3;6.3;6.3;6.3;6.3;0;stock;6.38;-1.24;6.38;-1.24;1.0;SUBIR
2015-01-21;1421798400000;MAPT3.SA;6.3;6.3;6.3;6.3;6.3;0;stock;6.38;-1.23;6.38;-1.23;1.0;SUBIR
2015-01-22;1421884800000;MAPT3.SA;6.3;6.3;6.3;6.3;6.3;0;stock;6.38;-1.22;6.38;-1.22;1.0;SUBIR
2015-01-23;1421971200000;MAPT3.SA;6.3;6.3;6.3;6.3;6.3;0;stock;6.38;-1.2;6.38;-1.2;1.0;SUBIR
2015-01-26;1422230400000;MAPT3.SA;6.3;6.3;6.3;6.3;6.3;0;stock;6.38;-1.19;6.38;-1.19;1.0;SUBIR
2015-01-27;1422316800000;MAPT3.SA;6.3;6.3;6.3;6.3;6.3;0;stock;6.38;-1.18;6.38;-1.18;1.0;SUBIR
2015-01-28;1422403200000;MAPT3.SA;6.3;6.3;6.3;6.3;6.3;0;stock;6.37;-1.17;6.37;-1.17;1.0;SUBIR
2015-01-29;1422489600000;MAPT3.SA;6.3;6.3;6.3;6.3;6.3;0;stock;6.37;-1.16;6.37;-1.16;1.0;SUBIR
2015-01-30;1422576000000;MAPT3.SA;6.3;6.3;6.3;6.3;6.3;0;stock;6.37;-1.15;6.37;-1.15;1.0;SUBIR
2015-02-02;1422835200000;MAPT3.SA;6.3;6.3;6.3;6.3;6.3;0;stock;6.37;-1.13;6.37;-1.13;1.0;SUBIR
2015-02-03;1422921600000;MAPT3.SA;6.3;6.3;6.3;6.3;6.3;0;stock;6.37;-1.12;6.37;-1.12;1.0;SUBIR
2015-02-04;1423008000000;MAPT3.SA;6.3;6.3;6.3;6.3;6.3;0;stock;6.37;-1.11;6.37;-1.11;1.0;SUBIR
2015-02-05;1423094400000;MAPT3.SA;6.3;6.3;6.3;6.3;6.3;0;stock;6.37;-1.1;6.37;-1.1;1.0;SUBIR
2015-02-06;1423180800000;MAPT3.SA;6.3;6.3;6.3;6.3;6.3;0;stock;6.37;-1.09;6.37;-1.09;1.0;SUBIR
2015-02-09;1423440000000;MAPT3.SA;6.3;6.3;6.3;6.3;6.3;0;stock;6.37;-1.08;6.37;-1.08;1.0;SUBIR
2015-02-10;1423526400000;MAPT3.SA;6.3;6.3;6.3;6.3;6.3;0;stock;6.37;-1.07;6.37;-1.07;1.0;SUBIR
2015-02-11;1423612800000;MAPT3.SA;6.3;6.3;6.3;6.3;6.3;0;stock;6.37;-1.06;6.37;-1.06;1.0;SUBIR
2015-02-12;1423699200000;MAPT3.SA;6.3;6.3;6.3;6.3;6.3;0;stock;6.37;-1.05;6.37;-1.05;1.0;SUBIR
2015-02-13;1423785600000;MAPT3.SA;6.3;6.3;6.3;6.3;6.3;0;stock;6.37;-1.04;6.37;-1.04;1.0;SUBIR
2015-02-18;1424217600000;MAPT3.SA;6.3;6.3;6.3;6.3;6.3;0;stock;6.37;-1.03;6.37;-1.03;1.0;SUBIR
2015-02-19;1424304000000;MAPT3.SA;6.3;6.3;6.3;6.3;6.3;0;stock;6.36;-1.02;6.36;-1.02;1.0;SUBIR
2015-02-20;1424390400000;MAPT3.SA;6.3;6.3;6.3;6.3;6.3;0;stock;6.36;-1.01;6.36;-1.01;1.0;SUBIR
2015-02-23;1424649600000;MAPT3.SA;6.3;6.3;6.3;6.3;6.3;0;stock;6.36;-1.0;6.36;-1.0;1.0;SUBIR
2015-02-24;1424736000000;MAPT3.SA;6.3;6.3;6.3;6.3;6.3;0;stock;6.36;-0.99;6.36;-0.99;1.0;SUBIR
2015-02-25;1424822400000;MAPT3.SA;6.3;6.3;6.3;6.3;6.3;0;stock;6.36;-0.98;6.36;-0.98;1.0;SUBIR
2015-02-26;1424908800000;MAPT3.SA;6.3;6.3;6.3;6.3;6.3;0;stock;6.36;-0.97;6.36;-0.97;1.0;SUBIR
2015-02-27;1424995200000;MAPT3.SA;6.3;6.3;6.3;6.3;6.3;0;stock;6.36;-0.96;6.36;-0.96;1.0;SUBIR
2015-03-02;1425254400000;MAPT3.SA;6.3;6.3;6.3;6.3;6.3;0;stock;6.36;-0.95;6.36;-0.95;1.0;SUBIR
2015-03-03;1425340800000;MAPT3.SA;6.3;6.3;6.3;6.3;6.3;0;stock;6.36;-0.94;6.36;-0.94;1.0;SUBIR
2015-03-04;1425427200000;MAPT3.SA;6.3;6.3;6.3;6.3;6.3;0;stock;6.36;-0.93;6.36;-0.93;1.0;SUBIR
2015-03-05;1425513600000;MAPT3.SA;6.3;6.3;6.3;6.3;6.3;0;stock;6.36;-0.92;6.36;-0.92;1.0;SUBIR
2015-03-06;1425600000000;MAPT3.SA;6.3;6.3;6.3;6.3;6.3;0;stock;6.36;-0.91;6.36;-0.91;1.0;SUBIR
2015-03-09;1425859200000;MAPT3.SA;6.3;6.3;6.3;6.3;6.3;0;stock;6.36;-0.9;6.36;-0.9;1.0;SUBIR
2015-03-10;1425945600000;MAPT3.SA;6.3;6.3;6.3;6.3;6.3;0;stock;6.36;-0.89;6.36;-0.89;1.0;SUBIR
2015-03-11;1426032000000;MAPT3.SA;6.3;6.3;6.3;6.3;6.3;0;stock;6.36;-0.89;6.36;-0.89;1.0;SUBIR
2015-03-12;1426118400000;MAPT3.SA;6.3;6.3;6.3;6.3;6.3;0;stock;6.36;-0.88;6.36;-0.88;1.0;SUBIR
2015-03-13;1426204800000;MAPT3.SA;6.3;6.3;6.3;6.3;6.3;0;stock;6.36;-0.87;6.36;-0.87;1.0;SUBIR
2015-03-16;1426464000000;MAPT3.SA;6.3;6.3;6.3;6.3;6.3;0;stock;6.35;-0.86;6.35;-0.86;1.0;SUBIR
2015-03-17;1426550400000;MAPT3.SA;6.3;6.3;6.3;6.3;6.3;0;stock;6.35;-0.85;6.35;-0.85;1.0;SUBIR
2015-03-18;1426636800000;MAPT3.SA;6.3;6.3;6.3;6.3;6.3;0;stock;6.35;-0.84;6.35;-0.84;1.0;SUBIR
2015-03-19;1426723200000;MAPT3.SA;6.3;6.3;6.3;6.3;6.3;0;stock;6.35;-0.83;6.35;-0.83;1.0;SUBIR
2015-03-20;1426809600000;MAPT3.SA;6.3;6.3;6.3;6.3;6.3;0;stock;6.35;-0.83;6.35;-0.83;1.0;SUBIR
2015-03-23;1427068800000;MAPT3.SA;6.3;6.3;6.3;6.3;6.3;0;stock;6.35;-0.82;6.35;-0.82;1.0;SUBIR
2015-03-24;1427155200000;MAPT3.SA;6.3;6.3;6.3;6.3;6.3;0;stock;6.35;-0.81;6.35;-0.81;1.0;SUBIR
2015-03-25;1427241600000;MAPT3.SA;6.3;6.3;6.3;6.3;6.3;0;stock;6.35;-0.8;6.35;-0.8;1.0;SUBIR
2015-03-26;1427328000000;MAPT3.SA;6.3;6.3;6.3;6.3;6.3;0;stock;6.35;-0.79;6.35;-0.79;1.0;SUBIR
2015-03-27;1427414400000;MAPT3.SA;6.3;6.3;6.3;6.3;6.3;0;stock;6.35;-0.79;6.35;-0.79;1.0;SUBIR
2015-03-30;1427673600000;MAPT3.SA;6.3;6.3;6.3;6.3;6.3;0;stock;6.35;-0.78;6.35;-0.78;1.0;SUBIR
2015-03-31;1427760000000;MAPT3.SA;6.3;6.3;6.3;6.3;6.3;0;stock;6.35;-0.77;6.35;-0.77;1.0;SUBIR
2015-04-01;1427846400000;MAPT3.SA;6.3;6.3;6.3;6.3;6.3;0;stock;6.35;-0.76;6.35;-0.76;1.0;SUBIR
2015-04-02;1427932800000;MAPT3.SA;6.3;6.3;6.3;6.3;6.3;0;stock;6.35;-0.76;6.35;-0.76;1.0;SUBIR
2015-04-06;1428278400000;MAPT3.SA;6.3;6.3;6.3;6.3;6.3;0;stock;6.35;-0.75;6.35;-0.75;1.0;SUBIR
2015-04-07;1428364800000;MAPT3.SA;6.3;6.3;6.3;6.3;6.3;0;stock;6.35;-0.74;6.35;-0.74;1.0;SUBIR
2015-04-08;1428451200000;MAPT3.SA;6.3;6.3;6.3;6.3;6.3;0;stock;6.35;-0.73;6.35;-0.73;1.0;SUBIR
2015-04-09;1428537600000;MAPT3.SA;6.3;6.3;6.3;6.3;6.3;0;stock;6.35;-0.73;6.35;-0.73;1.0;SUBIR
2015-04-10;1428624000000;MAPT3.SA;6.3;6.3;6.3;6.3;6.3;0;stock;6.35;-0.72;6.35;-0.72;1.0;SUBIR
2015-04-13;1428883200000;MAPT3.SA;6.3;6.3;6.3;6.3;6.3;0;stock;6.35;-0.71;6.35;-0.71;1.0;SUBIR
2015-04-14;1428969600000;MAPT3.SA;6.3;6.3;6.3;6.3;6.3;0;stock;6.34;-0.71;6.34;-0.71;1.0;SUBIR
2015-04-15;1429056000000;MAPT3.SA;6.3;6.3;6.3;6.3;6.3;0;stock;6.34;-0.7;6.34;-0.7;1.0;SUBIR
2015-04-16;1429142400000;MAPT3.SA;6.3;6.3;6.3;6.3;6.3;0;stock;6.34;-0.69;6.34;-0.69;1.0;SUBIR
2015-04-17;1429228800000;MAPT3.SA;6.3;6.3;6.3;6.3;6.3;0;stock;6.34;-0.68;6.34;-0.68;1.0;SUBIR
2015-04-20;1429488000000;MAPT3.SA;6.3;6.3;6.3;6.3;6.3;0;stock;6.34;-0.68;6.34;-0.68;1.0;SUBIR
2015-04-22;1429660800000;MAPT3.SA;6.3;6.3;6.3;6.3;6.3;0;stock;6.34;-0.67;6.34;-0.67;1.0;SUBIR
2015-04-23;1429747200000;MAPT3.SA;6.3;6.3;6.3;6.3;6.3;0;stock;6.34;-0.66;6.34;-0.66;1.0;SUBIR
2015-04-24;1429833600000;MAPT3.SA;6.3;6.3;6.3;6.3;6.3;0;stock;6.34;-0.66;6.34;-0.66;1.0;SUBIR
2015-04-27;1430092800000;MAPT3.SA;6.3;6.3;6.3;6.3;6.3;0;stock;6.34;-0.65;6.34;-0.65;1.0;SUBIR
2015-04-28;1430179200000;MAPT3.SA;6.3;6.3;6.3;6.3;6.3;0;stock;6.34;-0.65;6.34;-0.65;1.0;SUBIR
2015-04-29;1430265600000;MAPT3.SA;6.3;6.3;6.3;6.3;6.3;0;stock;6.34;-0.64;6.34;-0.64;1.0;SUBIR
2015-04-30;1430352000000;MAPT3.SA;6.3;6.3;6.3;6.3;6.3;0;stock;6.34;-0.63;6.34;-0.63;1.0;SUBIR
2015-05-04;1430697600000;MAPT3.SA;6.3;6.3;6.3;6.3;6.3;0;stock;6.34;-0.63;6.34;-0.63;1.0;SUBIR
2015-05-05;1430784000000;MAPT3.SA;6.3;6.3;6.3;6.3;6.3;0;stock;6.34;-0.62;6.34;-0.62;1.0;SUBIR
2015-05-06;1430870400000;MAPT3.SA;6.3;6.3;6.3;6.3;6.3;0;stock;6.34;-0.61;6.34;-0.61;1.0;SUBIR
2015-05-07;1430956800000;MAPT3.SA;6.3;6.3;6.3;6.3;6.3;0;stock;6.34;-0.61;6.34;-0.61;1.0;SUBIR
2015-05-08;1431043200000;MAPT3.SA;6.3;6.3;6.3;6.3;6.3;0;stock;6.34;-0.6;6.34;-0.6;1.0;SUBIR
2015-05-11;1431302400000;MAPT3.SA;6.3;6.3;6.3;6.3;6.3;0;stock;6.34;-0.6;6.34;-0.6;1.0;SUBIR
2015-05-12;1431388800000;MAPT3.SA;6.3;6.3;6.3;6.3;6.3;0;stock;6.34;-0.59;6.34;-0.59;1.0;SUBIR
2015-05-13;1431475200000;MAPT3.SA;6.3;6.3;6.3;6.3;6.3;0;stock;6.34;-0.58;6.34;-0.58;1.0;SUBIR
2015-05-14;1431561600000;MAPT3.SA;6.3;6.3;6.3;6.3;6.3;0;stock;6.34;-0.58;6.34;-0.58;1.0;SUBIR
2015-05-15;1431648000000;MAPT3.SA;6.3;6.3;6.3;6.3;6.3;0;stock;6.34;-0.57;6.34;-0.57;1.0;SUBIR
2015-05-18;1431907200000;MAPT3.SA;6.3;6.3;6.3;6.3;6.3;0;stock;6.34;-0.57;6.34;-0.57;1.0;SUBIR
2015-05-19;1431993600000;MAPT3.SA;6.3;6.3;6.3;6.3;6.3;0;stock;6.34;-0.56;6.34;-0.56;1.0;SUBIR
2015-05-20;1432080000000;MAPT3.SA;6.3;6.3;6.3;6.3;6.3;0;stock;6.34;-0.56;6.34;-0.56;1.0;SUBIR
2015-05-21;1432166400000;MAPT3.SA;6.6;6.6;6.6;6.6;6.6;130;stock;6.34;4.14;6.34;4.14;100.0;CAIR
2015-05-22;1432252800000;MAPT3.SA;6.6;6.6;6.6;6.6;6.6;0;stock;6.34;4.09;6.34;4.09;100.0;CAIR
2015-05-25;1432512000000;MAPT3.SA;6.6;6.6;6.6;6.6;6.6;0;stock;6.34;4.05;6.34;4.05;100.0;CAIR
2015-05-26;1432598400000;MAPT3.SA;6.6;6.6;6.6;6.6;6.6;0;stock;6.35;4.01;6.35;4.01;100.0;CAIR
2015-05-27;1432684800000;MAPT3.SA;6.6;6.6;6.6;6.6;6.6;0;stock;6.35;3.97;6.35;3.97;100.0;CAIR
2015-05-28;1432771200000;MAPT3.SA;6.6;6.6;6.6;6.6;6.6;0;stock;6.35;3.93;6.35;3.93;100.0;CAIR
2015-05-29;1432857600000;MAPT3.SA;6.6;6.6;6.6;6.6;6.6;0;stock;6.35;3.89;6.35;3.89;100.0;CAIR
2015-06-01;1433116800000;MAPT3.SA;6.6;6.6;6.6;6.6;6.6;0;stock;6.36;3.85;6.36;3.85;100.0;CAIR
2015-06-02;1433203200000;MAPT3.SA;6.6;6.6;6.6;6.6;6.6;0;stock;6.36;3.81;6.36;3.81;100.0;CAIR
2015-06-03;1433289600000;MAPT3.SA;6.6;6.6;6.6;6.6;6.6;0;stock;6.36;3.77;6.36;3.77;100.0;CAIR
2015-06-05;1433462400000;MAPT3.SA;6.6;6.6;6.6;6.6;6.6;0;stock;6.36;3.73;6.36;3.73;100.0;CAIR
2015-06-08;1433721600000;MAPT3.SA;6.6;6.6;6.6;6.6;6.6;0;stock;6.37;3.69;6.37;3.69;100.0;CAIR
2015-06-09;1433808000000;MAPT3.SA;6.6;6.6;6.6;6.6;6.6;0;stock;6.37;3.65;6.37;3.65;100.0;CAIR
2015-06-10;1433894400000;MAPT3.SA;6.6;6.6;6.6;6.6;6.6;0;stock;6.37;3.61;6.37;3.61;100.0;CAIR
2015-06-11;1433980800000;MAPT3.SA;6.6;6.6;6.6;6.6;6.6;0;stock;6.37;3.58;6.37;3.58;100.0;CAIR
2015-06-12;1434067200000;MAPT3.SA;6.6;6.6;6.6;6.6;6.6;0;stock;6.37;3.54;6.37;3.54;100.0;CAIR
2015-06-15;1434326400000;MAPT3.SA;6.6;6.6;6.6;6.6;6.6;0;stock;6.38;3.5;6.38;3.5;100.0;CAIR
2015-06-16;1434412800000;MAPT3.SA;6.6;6.6;6.6;6.6;6.6;100;stock;6.38;3.47;6.38;3.47;100.0;CAIR
2015-06-17;1434499200000;MAPT3.SA;6.6;6.6;6.6;6.6;6.6;0;stock;6.38;3.43;6.38;3.43;100.0;CAIR
2015-06-18;1434585600000;MAPT3.SA;6.6;6.6;6.6;6.6;6.6;0;stock;6.38;3.4;6.38;3.4;100.0;CAIR
2015-06-19;1434672000000;MAPT3.SA;6.6;6.6;6.6;6.6;6.6;0;stock;6.39;3.36;6.39;3.36;100.0;CAIR
2015-06-22;1434931200000;MAPT3.SA;6.6;6.6;6.6;6.6;6.6;0;stock;6.39;3.33;6.39;3.33;100.0;CAIR
2015-06-23;1435017600000;MAPT3.SA;6.6;6.6;6.6;6.6;6.6;0;stock;6.39;3.29;6.39;3.29;100.0;CAIR
2015-06-24;1435104000000;MAPT3.SA;6.6;6.6;6.6;6.6;6.6;0;stock;6.39;3.26;6.39;3.26;100.0;CAIR
2015-06-25;1435190400000;MAPT3.SA;6.6;6.6;6.6;6.6;6.6;0;stock;6.39;3.23;6.39;3.23;100.0;CAIR
2015-06-26;1435276800000;MAPT3.SA;6.6;6.6;6.6;6.6;6.6;0;stock;6.4;3.19;6.4;3.19;100.0;CAIR
2015-06-29;1435536000000;MAPT3.SA;6.6;6.6;6.6;6.6;6.6;0;stock;6.4;3.16;6.4;3.16;100.0;CAIR
2015-06-30;1435622400000;MAPT3.SA;6.6;6.6;6.6;6.6;6.6;0;stock;6.4;3.13;6.4;3.13;100.0;CAIR
2015-07-01;1435708800000;MAPT3.SA;6.6;6.6;6.6;6.6;6.6;0;stock;6.4;3.09;6.4;3.09;100.0;CAIR
2015-07-02;1435795200000;MAPT3.SA;6.6;6.6;6.6;6.6;6.6;0;stock;6.4;3.06;6.4;3.06;100.0;CAIR
2015-07-03;1435881600000;MAPT3.SA;6.6;6.6;6.6;6.6;6.6;0;stock;6.41;3.03;6.41;3.03;100.0;CAIR
2015-07-06;1436140800000;MAPT3.SA;6.6;6.6;6.6;6.6;6.6;0;stock;6.41;3.0;6.41;3.0;100.0;CAIR
2015-07-07;1436227200000;MAPT3.SA;6.6;6.6;6.6;6.6;6.6;0;stock;6.41;2.97;6.41;2.97;100.0;CAIR
2015-07-08;1436313600000;MAPT3.SA;6.6;6.6;6.6;6.6;6.6;0;stock;6.41;2.94;6.41;2.94;100.0;CAIR
2015-07-10;1436486400000;MAPT3.SA;6.6;6.6;6.6;6.6;6.6;0;stock;6.41;2.91;6.41;2.91;100.0;CAIR
2015-07-13;1436745600000;MAPT3.SA;6.6;6.6;6.6;6.6;6.6;0;stock;6.42;2.88;6.42;2.88;100.0;CAIR
2015-07-14;1436832000000;MAPT3.SA;6.6;6.6;6.6;6.6;6.6;0;stock;6.42;2.85;6.42;2.85;100.0;CAIR
2015-07-15;1436918400000;MAPT3.SA;6.6;6.6;6.6;6.6;6.6;0;stock;6.42;2.82;6.42;2.82;100.0;CAIR
2015-07-16;1437004800000;MAPT3.SA;6.6;6.6;6.6;6.6;6.6;0;stock;6.42;2.79;6.42;2.79;100.0;CAIR
2015-07-17;1437091200000;MAPT3.SA;6.6;6.6;6.6;6.6;6.6;0;stock;6.42;2.76;6.42;2.76;100.0;CAIR
2015-07-20;1437350400000;MAPT3.SA;6.6;6.6;6.6;6.6;6.6;0;stock;6.42;2.74;6.42;2.74;100.0;CAIR
2015-07-21;1437436800000;MAPT3.SA;6.6;6.6;6.6;6.6;6.6;0;stock;6.43;2.71;6.43;2.71;100.0;CAIR
2015-07-22;1437523200000;MAPT3.SA;6.6;6.6;6.6;6.6;6.6;0;stock;6.43;2.68;6.43;2.68;100.0;CAIR
2015-07-23;1437609600000;MAPT3.SA;6.6;6.6;6.6;6.6;6.6;0;stock;6.43;2.65;6.43;2.65;100.0;CAIR
2015-07-24;1437696000000;MAPT3.SA;6.6;6.6;6.6;6.6;6.6;0;stock;6.43;2.63;6.43;2.63;100.0;CAIR
2015-07-27;1437955200000;MAPT3.SA;6.6;6.6;6.6;6.6;6.6;0;stock;6.43;2.6;6.43;2.6;100.0;CAIR
2015-07-28;1438041600000;MAPT3.SA;6.6;6.6;6.6;6.6;6.6;0;stock;6.43;2.57;6.43;2.57;100.0;CAIR
2015-07-29;1438128000000;MAPT3.SA;6.6;6.6;6.6;6.6;6.6;0;stock;6.44;2.55;6.44;2.55;100.0;CAIR
2015-07-30;1438214400000;MAPT3.SA;6.6;6.6;6.6;6.6;6.6;0;stock;6.44;2.52;6.44;2.52;100.0;CAIR
2015-07-31;1438300800000;MAPT3.SA;6.6;6.6;6.6;6.6;6.6;0;stock;6.44;2.49;6.44;2.49;100.0;CAIR
2015-08-03;1438560000000;MAPT3.SA;6.6;6.6;6.6;6.6;6.6;0;stock;6.44;2.47;6.44;2.47;100.0;CAIR
2015-08-04;1438646400000;MAPT3.SA;6.6;6.6;6.6;6.6;6.6;0;stock;6.44;2.44;6.44;2.44;100.0;CAIR
2015-08-05;1438732800000;MAPT3.SA;6.6;6.6;6.6;6.6;6.6;0;stock;6.44;2.42;6.44;2.42;100.0;CAIR
2015-08-06;1438819200000;MAPT3.SA;6.6;6.6;6.6;6.6;6.6;0;stock;6.45;2.39;6.45;2.39;100.0;CAIR
2015-08-07;1438905600000;MAPT3.SA;6.6;6.6;6.6;6.6;6.6;0;stock;6.45;2.37;6.45;2.37;100.0;CAIR
2015-08-10;1439164800000;MAPT3.SA;6.6;6.6;6.6;6.6;6.6;0;stock;6.45;2.35;6.45;2.35;100.0;CAIR
2015-08-11;1439251200000;MAPT3.SA;6.6;6.6;6.6;6.6;6.6;0;stock;6.45;2.32;6.45;2.32;100.0;CAIR
2015-08-12;1439337600000;MAPT3.SA;6.6;6.6;6.6;6.6;6.6;0;stock;6.45;2.3;6.45;2.3;100.0;CAIR
2015-08-13;1439424000000;MAPT3.SA;6.6;6.6;6.6;6.6;6.6;0;stock;6.45;2.27;6.45;2.27;100.0;CAIR
2015-08-14;1439510400000;MAPT3.SA;6.6;6.6;6.6;6.6;6.6;0;stock;6.45;2.25;6.45;2.25;100.0;CAIR
2015-08-17;1439769600000;MAPT3.SA;6.6;6.6;6.6;6.6;6.6;0;stock;6.46;2.23;6.46;2.23;100.0;CAIR
2015-08-18;1439856000000;MAPT3.SA;6.6;6.6;6.6;6.6;6.6;0;stock;6.46;2.21;6.46;2.21;100.0;CAIR
2015-08-19;1439942400000;MAPT3.SA;6.6;6.6;6.6;6.6;6.6;0;stock;6.46;2.18;6.46;2.18;100.0;CAIR
2015-08-20;1440028800000;MAPT3.SA;6.6;6.6;6.6;6.6;6.6;0;stock;6.46;2.16;6.46;2.16;100.0;CAIR
2015-08-21;1440115200000;MAPT3.SA;6.6;6.6;6.6;6.6;6.6;0;stock;6.46;2.14;6.46;2.14;100.0;CAIR
2015-08-24;1440374400000;MAPT3.SA;6.3;6.3;6.3;6.3;6.3;120;stock;6.46;-2.48;6.46;-2.48;0.8;SUBIR
2015-08-25;1440460800000;MAPT3.SA;6.3;6.3;6.3;6.3;6.3;0;stock;6.46;-2.46;6.46;-2.46;0.8;SUBIR
2015-08-26;1440547200000;MAPT3.SA;6.3;6.3;6.3;6.3;6.3;0;stock;6.46;-2.43;6.46;-2.43;0.8;SUBIR
2015-08-27;1440633600000;MAPT3.SA;6.3;6.3;6.3;6.3;6.3;0;stock;6.46;-2.41;6.46;-2.41;0.8;SUBIR
2015-08-28;1440720000000;MAPT3.SA;6.3;6.3;6.3;6.3;6.3;0;stock;6.45;-2.38;6.45;-2.38;0.8;SUBIR
2015-08-31;1440979200000;MAPT3.SA;6.3;6.3;6.3;6.3;6.3;0;stock;6.45;-2.36;6.45;-2.36;0.8;SUBIR
2015-09-01;1441065600000;MAPT3.SA;6.3;6.3;6.3;6.3;6.3;0;stock;6.45;-2.34;6.45;-2.34;0.8;SUBIR
2015-09-02;1441152000000;MAPT3.SA;6.3;6.3;6.3;6.3;6.3;0;stock;6.45;-2.32;6.45;-2.32;0.8;SUBIR
2015-09-03;1441238400000;MAPT3.SA;6.3;6.3;6.3;6.3;6.3;0;stock;6.45;-2.29;6.45;-2.29;0.8;SUBIR
2015-09-04;1441324800000;MAPT3.SA;6.3;6.3;6.3;6.3;6.3;0;stock;6.45;-2.27;6.45;-2.27;0.8;SUBIR
2015-09-08;1441670400000;MAPT3.SA;6.3;6.3;6.3;6.3;6.3;0;stock;6.44;-2.25;6.44;-2.25;0.8;SUBIR
2015-09-09;1441756800000;MAPT3.SA;6.3;6.3;6.3;6.3;6.3;0;stock;6.44;-2.23;6.44;-2.23;0.8;SUBIR
2015-09-10;1441843200000;MAPT3.SA;6.3;6.3;6.3;6.3;6.3;0;stock;6.44;-2.2;6.44;-2.2;0.8;SUBIR
2015-09-11;1441929600000;MAPT3.SA;6.3;6.3;6.3;6.3;6.3;60;stock;6.44;-2.18;6.44;-2.18;0.8;SUBIR
2015-09-14;1442188800000;MAPT3.SA;6.3;6.3;6.3;6.3;6.3;0;stock;6.44;-2.16;6.44;-2.16;0.8;SUBIR
2015-09-15;1442275200000;MAPT3.SA;6.3;6.3;6.3;6.3;6.3;0;stock;6.44;-2.14;6.44;-2.14;0.8;SUBIR
2015-09-16;1442361600000;MAPT3.SA;6.3;6.3;6.3;6.3;6.3;0;stock;6.44;-2.12;6.44;-2.12;0.8;SUBIR
2015-09-17;1442448000000;MAPT3.SA;6.3;6.3;6.3;6.3;6.3;0;stock;6.44;-2.1;6.44;-2.1;0.8;SUBIR
2015-09-18;1442534400000;MAPT3.SA;6.3;6.3;6.3;6.3;6.3;0;stock;6.43;-2.08;6.43;-2.08;0.8;SUBIR
2015-09-21;1442793600000;MAPT3.SA;6.3;6.3;6.3;6.3;6.3;0;stock;6.43;-2.06;6.43;-2.06;0.8;SUBIR
2015-09-22;1442880000000;MAPT3.SA;6.3;6.3;6.3;6.3;6.3;0;stock;6.43;-2.04;6.43;-2.04;0.8;SUBIR
2015-09-23;1442966400000;MAPT3.SA;6.3;6.3;6.3;6.3;6.3;0;stock;6.43;-2.02;6.43;-2.02;0.8;SUBIR
2015-09-24;1443052800000;MAPT3.SA;6.3;6.3;6.3;6.3;6.3;0;stock;6.43;-2.0;6.43;-2.0;0.8;SUBIR
2015-09-25;1443139200000;MAPT3.SA;6.3;6.3;6.3;6.3;6.3;0;stock;6.43;-1.98;6.43;-1.98;0.8;SUBIR
2015-09-28;1443398400000;MAPT3.SA;6.3;6.3;6.3;6.3;6.3;0;stock;6.43;-1.96;6.43;-1.96;0.8;SUBIR
2015-09-29;1443484800000;MAPT3.SA;6.3;6.3;6.3;6.3;6.3;0;stock;6.42;-1.94;6.42;-1.94;0.8;SUBIR
2015-09-30;1443571200000;MAPT3.SA;6.3;6.3;6.3;6.3;6.3;0;stock;6.42;-1.92;6.42;-1.92;0.8;SUBIR
2015-10-01;1443657600000;MAPT3.SA;6.3;6.3;6.3;6.3;6.3;0;stock;6.42;-1.9;6.42;-1.9;0.8;SUBIR
2015-10-02;1443744000000;MAPT3.SA;6.3;6.3;6.3;6.3;6.3;0;stock;6.42;-1.89;6.42;-1.89;0.8;SUBIR
2015-10-05;1444003200000;MAPT3.SA;6.3;6.3;6.3;6.3;6.3;0;stock;6.42;-1.87;6.42;-1.87;0.8;SUBIR
2015-10-06;1444089600000;MAPT3.SA;6.3;6.3;6.3;6.3;6.3;0;stock;6.42;-1.85;6.42;-1.85;0.8;SUBIR
2015-10-07;1444176000000;MAPT3.SA;6.3;6.3;6.3;6.3;6.3;0;stock;6.42;-1.83;6.42;-1.83;0.8;SUBIR
2015-10-08;1444262400000;MAPT3.SA;6.3;6.3;6.3;6.3;6.3;0;stock;6.42;-1.81;6.42;-1.81;0.8;SUBIR
2015-10-09;1444348800000;MAPT3.SA;6.3;6.3;6.3;6.3;6.3;50;stock;6.42;-1.79;6.42;-1.79;0.8;SUBIR
2015-10-13;1444694400000;MAPT3.SA;6.3;6.3;6.3;6.3;6.3;0;stock;6.41;-1.78;6.41;-1.78;0.8;SUBIR
2015-10-14;1444780800000;MAPT3.SA;6.3;6.3;6.3;6.3;6.3;0;stock;6.41;-1.76;6.41;-1.76;0.8;SUBIR
2015-10-15;1444867200000;MAPT3.SA;6.3;6.3;6.3;6.3;6.3;0;stock;6.41;-1.74;6.41;-1.74;0.8;SUBIR
2015-10-16;1444953600000;MAPT3.SA;6.3;6.3;6.3;6.3;6.3;0;stock;6.41;-1.73;6.41;-1.73;0.8;SUBIR
2015-10-19;1445212800000;MAPT3.SA;6.3;6.3;6.3;6.3;6.3;0;stock;6.41;-1.71;6.41;-1.71;0.8;SUBIR
2015-10-20;1445299200000;MAPT3.SA;6.3;6.3;6.3;6.3;6.3;0;stock;6.41;-1.69;6.41;-1.69;0.8;SUBIR
2015-10-21;1445385600000;MAPT3.SA;6.3;6.3;6.3;6.3;6.3;0;stock;6.41;-1.68;6.41;-1.68;0.8;SUBIR
2015-10-22;1445472000000;MAPT3.SA;6.3;6.3;6.3;6.3;6.3;0;stock;6.41;-1.66;6.41;-1.66;0.8;SUBIR
2015-10-23;1445558400000;MAPT3.SA;6.3;6.3;6.3;6.3;6.3;0;stock;6.41;-1.64;6.41;-1.64;0.8;SUBIR
2015-10-26;1445817600000;MAPT3.SA;6.3;6.3;6.3;6.3;6.3;0;stock;6.4;-1.63;6.4;-1.63;0.8;SUBIR
2015-10-27;1445904000000;MAPT3.SA;6.3;6.3;6.3;6.3;6.3;0;stock;6.4;-1.61;6.4;-1.61;0.8;SUBIR
2015-10-28;1445990400000;MAPT3.SA;6.3;6.3;6.3;6.3;6.3;0;stock;6.4;-1.6;6.4;-1.6;0.8;SUBIR
2015-10-29;1446076800000;MAPT3.SA;6.3;6.3;6.3;6.3;6.3;0;stock;6.4;-1.58;6.4;-1.58;0.8;SUBIR
2015-10-30;1446163200000;MAPT3.SA;6.3;6.3;6.3;6.3;6.3;0;stock;6.4;-1.56;6.4;-1.56;0.8;SUBIR
2015-11-03;1446508800000;MAPT3.SA;6.3;6.3;6.3;6.3;6.3;0;stock;6.4;-1.55;6.4;-1.55;0.8;SUBIR
2015-11-04;1446595200000;MAPT3.SA;6.3;6.3;6.3;6.3;6.3;0;stock;6.4;-1.53;6.4;-1.53;0.8;SUBIR
2015-11-05;1446681600000;MAPT3.SA;6.3;6.3;6.3;6.3;6.3;0;stock;6.4;-1.52;6.4;-1.52;0.8;SUBIR
2015-11-06;1446768000000;MAPT3.SA;6.3;6.3;6.3;6.3;6.3;0;stock;6.4;-1.5;6.4;-1.5;0.8;SUBIR
2015-11-09;1447027200000;MAPT3.SA;6.3;6.3;6.3;6.3;6.3;0;stock;6.4;-1.49;6.4;-1.49;0.8;SUBIR
2015-11-10;1447113600000;MAPT3.SA;6.3;6.3;6.3;6.3;6.3;0;stock;6.39;-1.47;6.39;-1.47;0.8;SUBIR
2015-11-11;1447200000000;MAPT3.SA;6.3;6.3;6.3;6.3;6.3;0;stock;6.39;-1.46;6.39;-1.46;0.8;SUBIR
2015-11-12;1447286400000;MAPT3.SA;6.3;6.3;6.3;6.3;6.3;0;stock;6.39;-1.45;6.39;-1.45;0.8;SUBIR
2015-11-13;1447372800000;MAPT3.SA;6.3;6.3;6.3;6.3;6.3;0;stock;6.39;-1.43;6.39;-1.43;0.8;SUBIR
2015-11-16;1447632000000;MAPT3.SA;6.3;6.3;6.3;6.3;6.3;0;stock;6.39;-1.42;6.39;-1.42;0.8;SUBIR
2015-11-17;1447718400000;MAPT3.SA;6.3;6.3;6.3;6.3;6.3;0;stock;6.39;-1.4;6.39;-1.4;0.8;SUBIR
2015-11-18;1447804800000;MAPT3.SA;6.3;6.3;6.3;6.3;6.3;0;stock;6.39;-1.39;6.39;-1.39;0.8;SUBIR
2015-11-19;1447891200000;MAPT3.SA;6.3;6.3;6.3;6.3;6.3;0;stock;6.39;-1.38;6.39;-1.38;0.8;SUBIR
2015-11-23;1448236800000;MAPT3.SA;6.3;6.3;6.3;6.3;6.3;0;stock;6.39;-1.36;6.39;-1.36;0.8;SUBIR
2015-11-24;1448323200000;MAPT3.SA;6.3;6.3;6.3;6.3;6.3;0;stock;6.39;-1.35;6.39;-1.35;0.8;SUBIR
2015-11-25;1448409600000;MAPT3.SA;6.3;6.3;6.3;6.3;6.3;0;stock;6.39;-1.34;6.39;-1.34;0.8;SUBIR
2015-11-26;1448496000000;MAPT3.SA;6.3;6.3;6.3;6.3;6.3;0;stock;6.38;-1.32;6.38;-1.32;0.8;SUBIR
2015-11-27;1448582400000;MAPT3.SA;6.3;6.3;6.3;6.3;6.3;0;stock;6.38;-1.31;6.38;-1.31;0.8;SUBIR
2015-11-30;1448841600000;MAPT3.SA;6.3;6.3;6.3;6.3;6.3;0;stock;6.38;-1.3;6.38;-1.3;0.8;SUBIR
2015-12-01;1448928000000;MAPT3.SA;6.3;6.3;6.3;6.3;6.3;0;stock;6.38;-1.28;6.38;-1.28;0.8;SUBIR
2015-12-02;1449014400000;MAPT3.SA;6.3;6.3;6.3;6.3;6.3;0;stock;6.38;-1.27;6.38;-1.27;0.8;SUBIR
2015-12-03;1449100800000;MAPT3.SA;6.3;6.3;6.3;6.3;6.3;0;stock;6.38;-1.26;6.38;-1.26;0.8;SUBIR
2015-12-04;1449187200000;MAPT3.SA;6.3;6.3;6.3;6.3;6.3;0;stock;6.38;-1.25;6.38;-1.25;0.8;SUBIR
2015-12-07;1449446400000;MAPT3.SA;6.3;6.3;6.3;6.3;6.3;0;stock;6.38;-1.23;6.38;-1.23;0.8;SUBIR
2015-12-08;1449532800000;MAPT3.SA;6.3;6.3;6.3;6.3;6.3;0;stock;6.38;-1.22;6.38;-1.22;0.8;SUBIR
2015-12-09;1449619200000;MAPT3.SA;6.3;6.3;6.3;6.3;6.3;0;stock;6.38;-1.21;6.38;-1.21;0.8;SUBIR
2015-12-10;1449705600000;MAPT3.SA;6.3;6.3;6.3;6.3;6.3;0;stock;6.38;-1.2;6.38;-1.2;0.8;SUBIR
2015-12-11;1449792000000;MAPT3.SA;6.3;6.3;6.3;6.3;6.3;0;stock;6.38;-1.19;6.38;-1.19;0.8;SUBIR
2015-12-14;1450051200000;MAPT3.SA;6.3;6.3;6.3;6.3;6.3;0;stock;6.37;-1.17;6.37;-1.17;0.8;SUBIR
2015-12-15;1450137600000;MAPT3.SA;6.3;6.3;6.3;6.3;6.3;0;stock;6.37;-1.16;6.37;-1.16;0.8;SUBIR
2015-12-16;1450224000000;MAPT3.SA;6.3;6.3;6.3;6.3;6.3;0;stock;6.37;-1.15;6.37;-1.15;0.8;SUBIR
2015-12-17;1450310400000;MAPT3.SA;6.3;6.3;6.3;6.3;6.3;0;stock;6.37;-1.14;6.37;-1.14;0.8;SUBIR
2015-12-18;1450396800000;MAPT3.SA;6.3;6.3;6.3;6.3;6.3;0;stock;6.37;-1.13;6.37;-1.13;0.8;SUBIR
2015-12-21;1450656000000;MAPT3.SA;6.3;6.3;6.3;6.3;6.3;0;stock;6.37;-1.12;6.37;-1.12;0.8;SUBIR
2015-12-22;1450742400000;MAPT3.SA;6.3;6.3;6.3;6.3;6.3;0;stock;6.37;-1.11;6.37;-1.11;0.8;SUBIR
2015-12-23;1450828800000;MAPT3.SA;6.3;6.3;6.3;6.3;6.3;0;stock;6.37;-1.1;6.37;-1.1;0.8;SUBIR
2015-12-28;1451260800000;MAPT3.SA;6.3;6.3;6.3;6.3;6.3;0;stock;6.37;-1.09;6.37;-1.09;0.8;SUBIR
2015-12-29;1451347200000;MAPT3.SA;6.3;6.3;6.3;6.3;6.3;0;stock;6.37;-1.07;6.37;-1.07;0.8;SUBIR
2015-12-30;1451433600000;MAPT3.SA;6.3;6.3;6.3;6.3;6.3;0;stock;6.37;-1.06;6.37;-1.06;0.8;SUBIR
2016-01-04;1451865600000;MAPT3.SA;6.3;6.3;6.3;6.3;6.3;0;stock;6.37;-1.05;6.37;-1.05;0.8;SUBIR
2016-01-05;1451952000000;MAPT3.SA;6.3;6.3;6.3;6.3;6.3;0;stock;6.37;-1.04;6.37;-1.04;0.8;SUBIR
2016-01-06;1452038400000;MAPT3.SA;6.3;6.3;6.3;6.3;6.3;0;stock;6.37;-1.03;6.37;-1.03;0.8;SUBIR
2016-01-07;1452124800000;MAPT3.SA;6.3;6.3;6.3;6.3;6.3;0;stock;6.37;-1.02;6.37;-1.02;0.8;SUBIR
2016-01-08;1452211200000;MAPT3.SA;6.3;6.3;6.3;6.3;6.3;0;stock;6.36;-1.01;6.36;-1.01;0.8;SUBIR
2016-01-11;1452470400000;MAPT3.SA;6.3;6.3;6.3;6.3;6.3;0;stock;6.36;-1.0;6.36;-1.0;0.8;SUBIR
2016-01-12;1452556800000;MAPT3.SA;6.3;6.3;6.3;6.3;6.3;0;stock;6.36;-0.99;6.36;-0.99;0.8;SUBIR
2016-01-13;1452643200000;MAPT3.SA;6.3;6.3;6.3;6.3;6.3;0;stock;6.36;-0.98;6.36;-0.98;0.8;SUBIR
2016-01-14;1452729600000;MAPT3.SA;6.3;6.3;6.3;6.3;6.3;0;stock;6.36;-0.97;6.36;-0.97;0.8;SUBIR
2016-01-15;1452816000000;MAPT3.SA;6.3;6.3;6.3;6.3;6.3;0;stock;6.36;-0.96;6.36;-0.96;0.8;SUBIR
2016-01-18;1453075200000;MAPT3.SA;6.3;6.3;6.3;6.3;6.3;0;stock;6.36;-0.95;6.36;-0.95;0.8;SUBIR
2016-01-19;1453161600000;MAPT3.SA;6.3;6.3;6.3;6.3;6.3;0;stock;6.36;-0.95;6.36;-0.95;0.8;SUBIR
2016-01-20;1453248000000;MAPT3.SA;6.3;6.3;6.3;6.3;6.3;0;stock;6.36;-0.94;6.36;-0.94;0.8;SUBIR
2016-01-21;1453334400000;MAPT3.SA;6.3;6.3;6.3;6.3;6.3;0;stock;6.36;-0.93;6.36;-0.93;0.8;SUBIR
2016-01-22;1453420800000;MAPT3.SA;6.3;6.3;6.3;6.3;6.3;0;stock;6.36;-0.92;6.36;-0.92;0.8;SUBIR
2016-01-26;1453766400000;MAPT3.SA;6.3;6.3;6.3;6.3;6.3;0;stock;6.36;-0.91;6.36;-0.91;0.8;SUBIR
2016-01-27;1453852800000;MAPT3.SA;6.3;6.3;6.3;6.3;6.3;0;stock;6.36;-0.9;6.36;-0.9;0.8;SUBIR
2016-01-28;1453939200000;MAPT3.SA;6.3;6.3;6.3;6.3;6.3;0;stock;6.36;-0.89;6.36;-0.89;0.8;SUBIR
2016-01-29;1454025600000;MAPT3.SA;6.3;6.3;6.3;6.3;6.3;0;stock;6.36;-0.88;6.36;-0.88;0.8;SUBIR
2016-02-01;1454284800000;MAPT3.SA;6.3;6.3;6.3;6.3;6.3;0;stock;6.36;-0.87;6.36;-0.87;0.8;SUBIR
2016-02-02;1454371200000;MAPT3.SA;6.3;6.3;6.3;6.3;6.3;0;stock;6.35;-0.86;6.35;-0.86;0.8;SUBIR
2016-02-03;1454457600000;MAPT3.SA;6.3;6.3;6.3;6.3;6.3;0;stock;6.35;-0.86;6.35;-0.86;0.8;SUBIR
2016-02-04;1454544000000;MAPT3.SA;6.3;6.3;6.3;6.3;6.3;0;stock;6.35;-0.85;6.35;-0.85;0.8;SUBIR
2016-02-05;1454630400000;MAPT3.SA;6.3;6.3;6.3;6.3;6.3;0;stock;6.35;-0.84;6.35;-0.84;0.8;SUBIR
2016-02-10;1455062400000;MAPT3.SA;6.3;6.3;6.3;6.3;6.3;0;stock;6.35;-0.83;6.35;-0.83;0.8;SUBIR
2016-02-11;1455148800000;MAPT3.SA;6.3;6.3;6.3;6.3;6.3;0;stock;6.35;-0.82;6.35;-0.82;0.8;SUBIR
2016-02-12;1455235200000;MAPT3.SA;6.3;6.3;6.3;6.3;6.3;0;stock;6.35;-0.81;6.35;-0.81;0.8;SUBIR
2016-02-15;1455494400000;MAPT3.SA;6.3;6.3;6.3;6.3;6.3;0;stock;6.35;-0.81;6.35;-0.81;0.8;SUBIR
2016-02-16;1455580800000;MAPT3.SA;6.3;6.3;6.3;6.3;6.3;0;stock;6.35;-0.8;6.35;-0.8;0.8;SUBIR
2016-02-17;1455667200000;MAPT3.SA;6.3;6.3;6.3;6.3;6.3;0;stock;6.35;-0.79;6.35;-0.79;0.8;SUBIR
2016-02-18;1455753600000;MAPT3.SA;6.3;6.3;6.3;6.3;6.3;0;stock;6.35;-0.78;6.35;-0.78;0.8;SUBIR
2016-02-19;1455840000000;MAPT3.SA;6.3;6.3;6.3;6.3;6.3;0;stock;6.35;-0.78;6.35;-0.78;0.8;SUBIR
2016-02-22;1456099200000;MAPT3.SA;6.3;6.3;6.3;6.3;6.3;0;stock;6.35;-0.77;6.35;-0.77;0.8;SUBIR
2016-02-23;1456185600000;MAPT3.SA;6.3;6.3;6.3;6.3;6.3;0;stock;6.35;-0.76;6.35;-0.76;0.8;SUBIR
2016-02-24;1456272000000;MAPT3.SA;6.3;6.3;6.3;6.3;6.3;0;stock;6.35;-0.75;6.35;-0.75;0.8;SUBIR
2016-02-25;1456358400000;MAPT3.SA;6.3;6.3;6.3;6.3;6.3;0;stock;6.35;-0.74;6.35;-0.74;0.8;SUBIR
2016-02-26;1456444800000;MAPT3.SA;6.3;6.3;6.3;6.3;6.3;0;stock;6.35;-0.74;6.35;-0.74;0.8;SUBIR
2016-02-29;1456704000000;MAPT3.SA;6.3;6.3;6.3;6.3;6.3;0;stock;6.35;-0.73;6.35;-0.73;0.8;SUBIR
2016-03-01;1456790400000;MAPT3.SA;6.3;6.3;6.3;6.3;6.3;0;stock;6.35;-0.72;6.35;-0.72;0.8;SUBIR
2016-03-02;1456876800000;MAPT3.SA;6.3;6.3;6.3;6.3;6.3;0;stock;6.35;-0.72;6.35;-0.72;0.8;SUBIR
2016-03-03;1456963200000;MAPT3.SA;6.3;6.3;6.3;6.3;6.3;0;stock;6.34;-0.71;6.34;-0.71;0.8;SUBIR
2016-03-04;1457049600000;MAPT3.SA;6.3;6.3;6.3;6.3;6.3;0;stock;6.34;-0.7;6.34;-0.7;0.8;SUBIR
2016-03-07;1457308800000;MAPT3.SA;6.3;6.3;6.3;6.3;6.3;0;stock;6.34;-0.69;6.34;-0.69;0.8;SUBIR
2016-03-08;1457395200000;MAPT3.SA;6.3;6.3;6.3;6.3;6.3;0;stock;6.34;-0.69;6.34;-0.69;0.8;SUBIR
2016-03-09;1457481600000;MAPT3.SA;6.3;6.3;6.3;6.3;6.3;0;stock;6.34;-0.68;6.34;-0.68;0.8;SUBIR
2016-03-10;1457568000000;MAPT3.SA;6.3;6.3;6.3;6.3;6.3;0;stock;6.34;-0.67;6.34;-0.67;0.8;SUBIR
2016-03-11;1457654400000;MAPT3.SA;6.3;6.3;6.3;6.3;6.3;0;stock;6.34;-0.67;6.34;-0.67;0.8;SUBIR
2016-03-14;1457913600000;MAPT3.SA;6.3;6.3;6.3;6.3;6.3;0;stock;6.34;-0.66;6.34;-0.66;0.8;SUBIR
2016-03-15;1458000000000;MAPT3.SA;6.3;6.3;6.3;6.3;6.3;0;stock;6.34;-0.65;6.34;-0.65;0.8;SUBIR
2016-03-16;1458086400000;MAPT3.SA;6.3;6.3;6.3;6.3;6.3;0;stock;6.34;-0.65;6.34;-0.65;0.8;SUBIR
2016-03-17;1458172800000;MAPT3.SA;6.3;6.3;6.3;6.3;6.3;0;stock;6.34;-0.64;6.34;-0.64;0.8;SUBIR
2016-03-18;1458259200000;MAPT3.SA;6.3;6.3;6.3;6.3;6.3;0;stock;6.34;-0.64;6.34;-0.64;0.8;SUBIR
2016-03-21;1458518400000;MAPT3.SA;6.3;6.3;6.3;6.3;6.3;0;stock;6.34;-0.63;6.34;-0.63;0.8;SUBIR
2016-03-22;1458604800000;MAPT3.SA;6.3;6.3;6.3;6.3;6.3;0;stock;6.34;-0.62;6.34;-0.62;0.8;SUBIR
2016-03-23;1458691200000;MAPT3.SA;6.3;6.3;6.3;6.3;6.3;0;stock;6.34;-0.62;6.34;-0.62;0.8;SUBIR
2016-03-24;1458777600000;MAPT3.SA;6.3;6.3;6.3;6.3;6.3;0;stock;6.34;-0.61;6.34;-0.61;0.8;SUBIR
2016-03-28;1459123200000;MAPT3.SA;6.3;6.3;6.3;6.3;6.3;0;stock;6.34;-0.6;6.34;-0.6;0.8;SUBIR
2016-03-29;1459209600000;MAPT3.SA;6.3;6.3;6.3;6.3;6.3;0;stock;6.34;-0.6;6.34;-0.6;0.8;SUBIR
2016-03-30;1459296000000;MAPT3.SA;6.3;6.3;6.3;6.3;6.3;0;stock;6.34;-0.59;6.34;-0.59;0.8;SUBIR
2016-03-31;1459382400000;MAPT3.SA;6.3;6.3;6.3;6.3;6.3;0;stock;6.34;-0.59;6.34;-0.59;0.8;SUBIR
2016-04-01;1459468800000;MAPT3.SA;6.3;6.3;6.3;6.3;6.3;0;stock;6.34;-0.58;6.34;-0.58;0.8;SUBIR
2016-04-04;1459728000000;MAPT3.SA;6.3;6.3;6.3;6.3;6.3;0;stock;6.34;-0.58;6.34;-0.58;0.8;SUBIR
2016-04-05;1459814400000;MAPT3.SA;6.3;6.3;6.3;6.3;6.3;0;stock;6.34;-0.57;6.34;-0.57;0.8;SUBIR
2016-04-06;1459900800000;MAPT3.SA;6.3;6.3;6.3;6.3;6.3;0;stock;6.34;-0.56;6.34;-0.56;0.8;SUBIR
2016-04-07;1459987200000;MAPT3.SA;6.3;6.3;6.3;6.3;6.3;0;stock;6.34;-0.56;6.34;-0.56;0.8;SUBIR
2016-04-08;1460073600000;MAPT3.SA;6.3;6.3;6.3;6.3;6.3;0;stock;6.34;-0.55;6.34;-0.55;0.8;SUBIR
2016-04-11;1460332800000;MAPT3.SA;6.3;6.3;6.3;6.3;6.3;0;stock;6.33;-0.55;6.33;-0.55;0.8;SUBIR
2016-04-12;1460419200000;MAPT3.SA;6.3;6.3;6.3;6.3;6.3;0;stock;6.33;-0.54;6.33;-0.54;0.8;SUBIR
2016-04-13;1460505600000;MAPT3.SA;6.3;6.3;6.3;6.3;6.3;0;stock;6.33;-0.54;6.33;-0.54;0.8;SUBIR
2016-04-14;1460592000000;MAPT3.SA;6.3;6.3;6.3;6.3;6.3;0;stock;6.33;-0.53;6.33;-0.53;0.8;SUBIR
2016-04-15;1460678400000;MAPT3.SA;6.3;6.3;6.3;6.3;6.3;0;stock;6.33;-0.53;6.33;-0.53;0.8;SUBIR
2016-04-18;1460937600000;MAPT3.SA;6.3;6.3;6.3;6.3;6.3;0;stock;6.33;-0.52;6.33;-0.52;0.8;SUBIR
2016-04-19;1461024000000;MAPT3.SA;6.3;6.3;6.3;6.3;6.3;0;stock;6.33;-0.52;6.33;-0.52;0.8;SUBIR
2016-04-20;1461110400000;MAPT3.SA;6.3;6.3;6.3;6.3;6.3;0;stock;6.33;-0.51;6.33;-0.51;0.8;SUBIR
2016-04-22;1461283200000;MAPT3.SA;6.3;6.3;6.3;6.3;6.3;0;stock;6.33;-0.51;6.33;-0.51;0.8;SUBIR
2016-04-25;1461542400000;MAPT3.SA;6.3;6.3;6.3;6.3;6.3;0;stock;6.33;-0.5;6.33;-0.5;0.8;SUBIR
2016-04-26;1461628800000;MAPT3.SA;6.3;6.3;6.3;6.3;6.3;0;stock;6.33;-0.5;6.33;-0.5;0.8;SUBIR
2016-04-27;1461715200000;MAPT3.SA;6.3;6.3;6.3;6.3;6.3;0;stock;6.33;-0.49;6.33;-0.49;0.8;SUBIR
2016-04-28;1461801600000;MAPT3.SA;6.3;6.3;6.3;6.3;6.3;0;stock;6.33;-0.49;6.33;-0.49;0.8;SUBIR
2016-04-29;1461888000000;MAPT3.SA;6.3;6.3;6.3;6.3;6.3;0;stock;6.33;-0.48;6.33;-0.48;0.8;SUBIR
2016-05-02;1462147200000;MAPT3.SA;6.3;6.3;6.3;6.3;6.3;0;stock;6.33;-0.48;6.33;-0.48;0.8;SUBIR
2016-05-03;1462233600000;MAPT3.SA;6.3;6.3;6.3;6.3;6.3;0;stock;6.33;-0.47;6.33;-0.47;0.8;SUBIR
2016-05-04;1462320000000;MAPT3.SA;6.3;6.3;6.3;6.3;6.3;0;stock;6.33;-0.47;6.33;-0.47;0.8;SUBIR
2016-05-05;1462406400000;MAPT3.SA;6.3;6.3;6.3;6.3;6.3;0;stock;6.33;-0.46;6.33;-0.46;0.8;SUBIR
2016-05-06;1462492800000;MAPT3.SA;6.3;6.3;6.3;6.3;6.3;0;stock;6.33;-0.46;6.33;-0.46;0.8;SUBIR
2016-05-09;1462752000000;MAPT3.SA;6.3;6.3;6.3;6.3;6.3;0;stock;6.33;-0.45;6.33;-0.45;0.8;SUBIR
2016-05-10;1462838400000;MAPT3.SA;6.3;6.3;6.3;6.3;6.3;0;stock;6.33;-0.45;6.33;-0.45;0.8;SUBIR
2016-05-11;1462924800000;MAPT3.SA;6.3;6.3;6.3;6.3;6.3;0;stock;6.33;-0.44;6.33;-0.44;0.8;SUBIR
2016-05-12;1463011200000;MAPT3.SA;6.3;6.3;6.3;6.3;6.3;0;stock;6.33;-0.44;6.33;-0.44;0.8;SUBIR
2016-05-13;1463097600000;MAPT3.SA;6.3;6.3;6.3;6.3;6.3;0;stock;6.33;-0.44;6.33;-0.44;0.8;SUBIR
2016-05-16;1463356800000;MAPT3.SA;6.3;6.3;6.3;6.3;6.3;0;stock;6.33;-0.43;6.33;-0.43;0.8;SUBIR
2016-05-17;1463443200000;MAPT3.SA;6.3;6.3;6.3;6.3;6.3;0;stock;6.33;-0.43;6.33;-0.43;0.8;SUBIR
2016-05-18;1463529600000;MAPT3.SA;6.3;6.3;6.3;6.3;6.3;0;stock;6.33;-0.42;6.33;-0.42;0.8;SUBIR
2016-05-19;1463616000000;MAPT3.SA;6.3;6.3;6.3;6.3;6.3;0;stock;6.33;-0.42;6.33;-0.42;0.8;SUBIR
2016-05-20;1463702400000;MAPT3.SA;6.3;6.3;6.3;6.3;6.3;0;stock;6.33;-0.41;6.33;-0.41;0.8;SUBIR
2016-05-23;1463961600000;MAPT3.SA;6.3;6.3;6.3;6.3;6.3;0;stock;6.33;-0.41;6.33;-0.41;0.8;SUBIR
2016-05-24;1464048000000;MAPT3.SA;6.3;6.3;6.3;6.3;6.3;0;stock;6.33;-0.41;6.33;-0.41;0.8;SUBIR
2016-05-25;1464134400000;MAPT3.SA;6.3;6.3;6.3;6.3;6.3;0;stock;6.33;-0.4;6.33;-0.4;0.8;SUBIR
2016-05-27;1464307200000;MAPT3.SA;6.3;6.3;6.3;6.3;6.3;0;stock;6.33;-0.4;6.33;-0.4;0.8;SUBIR
2016-05-30;1464566400000;MAPT3.SA;6.3;6.3;6.3;6.3;6.3;0;stock;6.32;-0.39;6.32;-0.39;0.8;SUBIR
2016-05-31;1464652800000;MAPT3.SA;6.3;6.3;6.3;6.3;6.3;0;stock;6.32;-0.39;6.32;-0.39;0.8;SUBIR
2016-06-01;1464739200000;MAPT3.SA;6.3;6.3;6.3;6.3;6.3;0;stock;6.32;-0.39;6.32;-0.39;0.8;SUBIR
2016-06-02;1464825600000;MAPT3.SA;6.3;6.3;6.3;6.3;6.3;0;stock;6.32;-0.38;6.32;-0.38;0.8;SUBIR
2016-06-03;1464912000000;MAPT3.SA;6.3;6.3;6.3;6.3;6.3;0;stock;6.32;-0.38;6.32;-0.38;0.8;SUBIR
2016-06-06;1465171200000;MAPT3.SA;6.3;6.3;6.3;6.3;6.3;0;stock;6.32;-0.38;6.32;-0.38;0.8;SUBIR
2016-06-07;1465257600000;MAPT3.SA;6.3;6.3;6.3;6.3;6.3;0;stock;6.32;-0.37;6.32;-0.37;0.8;SUBIR
2016-06-08;1465344000000;MAPT3.SA;6.3;6.3;6.3;6.3;6.3;0;stock;6.32;-0.37;6.32;-0.37;0.8;SUBIR
2016-06-09;1465430400000;MAPT3.SA;6.3;6.3;6.3;6.3;6.3;0;stock;6.32;-0.36;6.32;-0.36;0.8;SUBIR
2016-06-10;1465516800000;MAPT3.SA;6.3;6.3;6.3;6.3;6.3;0;stock;6.32;-0.36;6.32;-0.36;0.8;SUBIR
2016-06-13;1465776000000;MAPT3.SA;6.3;6.3;6.3;6.3;6.3;0;stock;6.32;-0.36;6.32;-0.36;0.8;SUBIR
2016-06-14;1465862400000;MAPT3.SA;6.3;6.3;6.3;6.3;6.3;0;stock;6.32;-0.35;6.32;-0.35;0.8;SUBIR
2016-06-15;1465948800000;MAPT3.SA;6.3;6.3;6.3;6.3;6.3;0;stock;6.32;-0.35;6.32;-0.35;0.8;SUBIR
2016-06-16;1466035200000;MAPT3.SA;6.3;6.3;6.3;6.3;6.3;0;stock;6.32;-0.35;6.32;-0.35;0.8;SUBIR
2016-06-17;1466121600000;MAPT3.SA;6.3;6.3;6.3;6.3;6.3;0;stock;6.32;-0.34;6.32;-0.34;0.8;SUBIR
2016-06-20;1466380800000;MAPT3.SA;6.3;6.3;6.3;6.3;6.3;0;stock;6.32;-0.34;6.32;-0.34;0.8;SUBIR
2016-06-21;1466467200000;MAPT3.SA;6.3;6.3;6.3;6.3;6.3;0;stock;6.32;-0.34;6.32;-0.34;0.8;SUBIR
2016-06-22;1466553600000;MAPT3.SA;6.3;6.3;6.3;6.3;6.3;0;stock;6.32;-0.33;6.32;-0.33;0.8;SUBIR
2016-06-23;1466640000000;MAPT3.SA;6.3;6.3;6.3;6.3;6.3;0;stock;6.32;-0.33;6.32;-0.33;0.8;SUBIR
2016-06-24;1466726400000;MAPT3.SA;6.3;6.3;6.3;6.3;6.3;0;stock;6.32;-0.33;6.32;-0.33;0.8;SUBIR
2016-06-27;1466985600000;MAPT3.SA;6.3;6.3;6.3;6.3;6.3;0;stock;6.32;-0.32;6.32;-0.32;0.8;SUBIR
2016-06-28;1467072000000;MAPT3.SA;6.3;6.3;6.3;6.3;6.3;0;stock;6.32;-0.32;6.32;-0.32;0.8;SUBIR
2016-06-29;1467158400000;MAPT3.SA;6.3;6.3;6.3;6.3;6.3;0;stock;6.32;-0.32;6.32;-0.32;0.8;SUBIR
2016-06-30;1467244800000;MAPT3.SA;6.3;6.3;6.3;6.3;6.3;0;stock;6.32;-0.31;6.32;-0.31;0.8;SUBIR
2016-07-01;1467331200000;MAPT3.SA;6.3;6.3;6.3;6.3;6.3;0;stock;6.32;-0.31;6.32;-0.31;0.8;SUBIR
2016-07-04;1467590400000;MAPT3.SA;6.3;6.3;6.3;6.3;6.3;0;stock;6.32;-0.31;6.32;-0.31;0.8;SUBIR
2016-07-05;1467676800000;MAPT3.SA;6.3;6.3;6.3;6.3;6.3;0;stock;6.32;-0.3;6.32;-0.3;0.8;SUBIR
2016-07-06;1467763200000;MAPT3.SA;6.3;6.3;6.3;6.3;6.3;0;stock;6.32;-0.3;6.32;-0.3;0.8;SUBIR
2016-07-07;1467849600000;MAPT3.SA;6.3;6.3;6.3;6.3;6.3;0;stock;6.32;-0.3;6.32;-0.3;0.8;SUBIR
2016-07-08;1467936000000;MAPT3.SA;6.3;6.3;6.3;6.3;6.3;0;stock;6.32;-0.3;6.32;-0.3;0.8;SUBIR
2016-07-11;1468195200000;MAPT3.SA;6.3;6.3;6.3;6.3;6.3;0;stock;6.32;-0.29;6.32;-0.29;0.8;SUBIR
2016-07-12;1468281600000;MAPT3.SA;6.3;6.3;6.3;6.3;6.3;0;stock;6.32;-0.29;6.32;-0.29;0.8;SUBIR
2016-07-13;1468368000000;MAPT3.SA;6.3;6.3;6.3;6.3;6.3;0;stock;6.32;-0.29;6.32;-0.29;0.8;SUBIR
2016-07-14;1468454400000;MAPT3.SA;6.3;6.3;6.3;6.3;6.3;0;stock;6.32;-0.28;6.32;-0.28;0.8;SUBIR
2016-07-15;1468540800000;MAPT3.SA;6.3;6.3;6.3;6.3;6.3;0;stock;6.32;-0.28;6.32;-0.28;0.8;SUBIR
2016-07-18;1468800000000;MAPT3.SA;6.3;6.3;6.3;6.3;6.3;0;stock;6.32;-0.28;6.32;-0.28;0.8;SUBIR
2016-07-19;1468886400000;MAPT3.SA;6.3;6.3;6.3;6.3;6.3;0;stock;6.32;-0.28;6.32;-0.28;0.8;SUBIR
2016-07-20;1468972800000;MAPT3.SA;6.3;6.3;6.3;6.3;6.3;0;stock;6.32;-0.27;6.32;-0.27;0.8;SUBIR
2016-07-21;1469059200000;MAPT3.SA;6.3;6.3;6.3;6.3;6.3;0;stock;6.32;-0.27;6.32;-0.27;0.8;SUBIR
2016-07-22;1469145600000;MAPT3.SA;6.3;6.3;6.3;6.3;6.3;0;stock;6.32;-0.27;6.32;-0.27;0.8;SUBIR
2016-07-25;1469404800000;MAPT3.SA;6.3;6.3;6.3;6.3;6.3;0;stock;6.32;-0.26;6.32;-0.26;0.8;SUBIR
2016-07-26;1469491200000;MAPT3.SA;6.3;6.3;6.3;6.3;6.3;0;stock;6.32;-0.26;6.32;-0.26;0.8;SUBIR
2016-07-27;1469577600000;MAPT3.SA;6.3;6.3;6.3;6.3;6.3;0;stock;6.32;-0.26;6.32;-0.26;0.8;SUBIR
2016-07-28;1469664000000;MAPT3.SA;6.3;6.3;6.3;6.3;6.3;0;stock;6.32;-0.26;6.32;-0.26;0.8;SUBIR
2016-07-29;1469750400000;MAPT3.SA;6.3;6.3;6.3;6.3;6.3;0;stock;6.32;-0.25;6.32;-0.25;0.8;SUBIR
2016-08-01;1470009600000;MAPT3.SA;6.3;6.3;6.3;6.3;6.3;0;stock;6.32;-0.25;6.32;-0.25;0.8;SUBIR
2016-08-02;1470096000000;MAPT3.SA;6.3;6.3;6.3;6.3;6.3;0;stock;6.32;-0.25;6.32;-0.25;0.8;SUBIR
2016-08-03;1470182400000;MAPT3.SA;6.3;6.3;6.3;6.3;6.3;0;stock;6.32;-0.25;6.32;-0.25;0.8;SUBIR
2016-08-04;1470268800000;MAPT3.SA;6.3;6.3;6.3;6.3;6.3;0;stock;6.32;-0.24;6.32;-0.24;0.8;SUBIR
2016-08-05;1470355200000;MAPT3.SA;6.3;6.3;6.3;6.3;6.3;0;stock;6.32;-0.24;6.32;-0.24;0.8;SUBIR
2016-08-08;1470614400000;MAPT3.SA;6.3;6.3;6.3;6.3;6.3;0;stock;6.32;-0.24;6.32;-0.24;0.8;SUBIR
2016-08-09;1470700800000;MAPT3.SA;6.3;6.3;6.3;6.3;6.3;0;stock;6.31;-0.24;6.31;-0.24;0.8;SUBIR
2016-08-10;1470787200000;MAPT3.SA;6.3;6.3;6.3;6.3;6.3;0;stock;6.31;-0.23;6.31;-0.23;0.8;SUBIR
2016-08-11;1470873600000;MAPT3.SA;6.3;6.3;6.3;6.3;6.3;0;stock;6.31;-0.23;6.31;-0.23;0.8;SUBIR
2016-08-12;1470960000000;MAPT3.SA;6.3;6.3;6.3;6.3;6.3;0;stock;6.31;-0.23;6.31;-0.23;0.8;SUBIR
2016-08-15;1471219200000;MAPT3.SA;6.3;6.3;6.3;6.3;6.3;0;stock;6.31;-0.23;6.31;-0.23;0.8;SUBIR
2016-08-16;1471305600000;MAPT3.SA;6.3;6.3;6.3;6.3;6.3;0;stock;6.31;-0.23;6.31;-0.23;0.8;SUBIR
2016-08-17;1471392000000;MAPT3.SA;6.3;6.3;6.3;6.3;6.3;0;stock;6.31;-0.22;6.31;-0.22;0.8;SUBIR
2016-08-18;1471478400000;MAPT3.SA;6.3;6.3;6.3;6.3;6.3;0;stock;6.31;-0.22;6.31;-0.22;0.8;SUBIR
2016-08-19;1471564800000;MAPT3.SA;6.3;6.3;6.3;6.3;6.3;0;stock;6.31;-0.22;6.31;-0.22;0.8;SUBIR
2016-08-22;1471824000000;MAPT3.SA;6.3;6.3;6.3;6.3;6.3;0;stock;6.31;-0.22;6.31;-0.22;0.8;SUBIR
2016-08-23;1471910400000;MAPT3.SA;6.3;6.3;6.3;6.3;6.3;0;stock;6.31;-0.21;6.31;-0.21;0.8;SUBIR
2016-08-24;1471996800000;MAPT3.SA;6.3;6.3;6.3;6.3;6.3;0;stock;6.31;-0.21;6.31;-0.21;0.8;SUBIR
2016-08-25;1472083200000;MAPT3.SA;6.3;6.3;6.3;6.3;6.3;0;stock;6.31;-0.21;6.31;-0.21;0.8;SUBIR
2016-08-26;1472169600000;MAPT3.SA;6.3;6.3;6.3;6.3;6.3;0;stock;6.31;-0.21;6.31;-0.21;0.8;SUBIR
2016-08-29;1472428800000;MAPT3.SA;6.3;6.3;6.3;6.3;6.3;0;stock;6.31;-0.21;6.31;-0.21;0.8;SUBIR
2016-08-30;1472515200000;MAPT3.SA;6.3;6.3;6.3;6.3;6.3;0;stock;6.31;-0.2;6.31;-0.2;0.8;SUBIR
2016-08-31;1472601600000;MAPT3.SA;6.3;6.3;6.3;6.3;6.3;0;stock;6.31;-0.2;6.31;-0.2;0.8;SUBIR
2016-09-01;1472688000000;MAPT3.SA;6.3;6.3;6.3;6.3;6.3;0;stock;6.31;-0.2;6.31;-0.2;0.8;SUBIR
2016-09-02;1472774400000;MAPT3.SA;6.3;6.3;6.3;6.3;6.3;0;stock;6.31;-0.2;6.31;-0.2;0.8;SUBIR
2016-09-05;1473033600000;MAPT3.SA;6.3;6.3;6.3;6.3;6.3;0;stock;6.31;-0.2;6.31;-0.2;0.8;SUBIR
2016-09-06;1473120000000;MAPT3.SA;6.3;6.3;6.3;6.3;6.3;0;stock;6.31;-0.19;6.31;-0.19;0.8;SUBIR
2016-09-08;1473292800000;MAPT3.SA;6.3;6.3;6.3;6.3;6.3;0;stock;6.31;-0.19;6.31;-0.19;0.8;SUBIR
2016-09-09;1473379200000;MAPT3.SA;6.3;6.3;6.3;6.3;6.3;0;stock;6.31;-0.19;6.31;-0.19;0.8;SUBIR
2016-09-12;1473638400000;MAPT3.SA;6.3;6.3;6.3;6.3;6.3;0;stock;6.31;-0.19;6.31;-0.19;0.8;SUBIR
2016-09-13;1473724800000;MAPT3.SA;6.3;6.3;6.3;6.3;6.3;0;stock;6.31;-0.19;6.31;-0.19;0.8;SUBIR
2016-09-14;1473811200000;MAPT3.SA;6.3;6.3;6.3;6.3;6.3;0;stock;6.31;-0.18;6.31;-0.18;0.8;SUBIR
2016-09-15;1473897600000;MAPT3.SA;6.3;6.3;6.3;6.3;6.3;0;stock;6.31;-0.18;6.31;-0.18;0.8;SUBIR
2016-09-16;1473984000000;MAPT3.SA;6.3;6.3;6.3;6.3;6.3;0;stock;6.31;-0.18;6.31;-0.18;0.8;SUBIR
2016-09-19;1474243200000;MAPT3.SA;6.3;6.3;6.3;6.3;6.3;0;stock;6.31;-0.18;6.31;-0.18;0.8;SUBIR
2016-09-20;1474329600000;MAPT3.SA;6.3;6.3;6.3;6.3;6.3;0;stock;6.31;-0.18;6.31;-0.18;0.8;SUBIR
2016-09-21;1474416000000;MAPT3.SA;6.3;6.3;6.3;6.3;6.3;0;stock;6.31;-0.18;6.31;-0.18;0.8;SUBIR
2016-09-22;1474502400000;MAPT3.SA;6.3;6.3;6.3;6.3;6.3;0;stock;6.31;-0.17;6.31;-0.17;0.8;SUBIR
2016-09-23;1474588800000;MAPT3.SA;6.3;6.3;6.3;6.3;6.3;0;stock;6.31;-0.17;6.31;-0.17;0.8;SUBIR
2016-09-26;1474848000000;MAPT3.SA;6.3;6.3;6.3;6.3;6.3;0;stock;6.31;-0.17;6.31;-0.17;0.8;SUBIR
2016-09-27;1474934400000;MAPT3.SA;6.3;6.3;6.3;6.3;6.3;0;stock;6.31;-0.17;6.31;-0.17;0.8;SUBIR
2016-09-28;1475020800000;MAPT3.SA;6.3;6.3;6.3;6.3;6.3;0;stock;6.31;-0.17;6.31;-0.17;0.8;SUBIR
2016-09-29;1475107200000;MAPT3.SA;6.3;6.3;6.3;6.3;6.3;0;stock;6.31;-0.17;6.31;-0.17;0.8;SUBIR
2016-09-30;1475193600000;MAPT3.SA;6.3;6.3;6.3;6.3;6.3;0;stock;6.31;-0.16;6.31;-0.16;0.8;SUBIR
2016-10-03;1475452800000;MAPT3.SA;6.3;6.3;6.3;6.3;6.3;0;stock;6.31;-0.16;6.31;-0.16;0.8;SUBIR
2016-10-04;1475539200000;MAPT3.SA;6.3;6.3;6.3;6.3;6.3;0;stock;6.31;-0.16;6.31;-0.16;0.8;SUBIR
2016-10-05;1475625600000;MAPT3.SA;6.3;6.3;6.3;6.3;6.3;0;stock;6.31;-0.16;6.31;-0.16;0.8;SUBIR
2016-10-06;1475712000000;MAPT3.SA;6.3;6.3;6.3;6.3;6.3;0;stock;6.31;-0.16;6.31;-0.16;0.8;SUBIR
2016-10-07;1475798400000;MAPT3.SA;6.3;6.3;6.3;6.3;6.3;0;stock;6.31;-0.16;6.31;-0.16;0.8;SUBIR
2016-10-10;1476057600000;MAPT3.SA;6.3;6.3;6.3;6.3;6.3;0;stock;6.31;-0.15;6.31;-0.15;0.8;SUBIR
2016-10-11;1476144000000;MAPT3.SA;6.3;6.3;6.3;6.3;6.3;0;stock;6.31;-0.15;6.31;-0.15;0.8;SUBIR
2016-10-13;1476316800000;MAPT3.SA;6.3;6.3;6.3;6.3;6.3;0;stock;6.31;-0.15;6.31;-0.15;0.8;SUBIR
2016-10-14;1476403200000;MAPT3.SA;6.3;6.3;6.3;6.3;6.3;0;stock;6.31;-0.15;6.31;-0.15;0.8;SUBIR
2016-10-17;1476662400000;MAPT3.SA;6.3;6.3;6.3;6.3;6.3;0;stock;6.31;-0.15;6.31;-0.15;0.8;SUBIR
2016-10-18;1476748800000;MAPT3.SA;6.3;6.3;6.3;6.3;6.3;0;stock;6.31;-0.15;6.31;-0.15;0.8;SUBIR
2016-10-19;1476835200000;MAPT3.SA;6.3;6.3;6.3;6.3;6.3;0;stock;6.31;-0.15;6.31;-0.15;0.8;SUBIR
2016-10-20;1476921600000;MAPT3.SA;6.3;6.3;6.3;6.3;6.3;0;stock;6.31;-0.14;6.31;-0.14;0.8;SUBIR
2016-10-21;1477008000000;MAPT3.SA;6.3;6.3;6.3;6.3;6.3;0;stock;6.31;-0.14;6.31;-0.14;0.8;SUBIR
2016-10-24;1477267200000;MAPT3.SA;6.3;6.3;6.3;6.3;6.3;0;stock;6.31;-0.14;6.31;-0.14;0.8;SUBIR
2016-10-25;1477353600000;MAPT3.SA;6.3;6.3;6.3;6.3;6.3;100;stock;6.31;-0.14;6.31;-0.14;0.8;SUBIR
2016-10-26;1477440000000;MAPT3.SA;6.3;6.3;6.3;6.3;6.3;0;stock;6.31;-0.14;6.31;-0.14;0.8;SUBIR
2016-10-27;1477526400000;MAPT3.SA;6.3;6.3;6.3;6.3;6.3;0;stock;6.31;-0.14;6.31;-0.14;0.8;SUBIR
2016-10-28;1477612800000;MAPT3.SA;6.3;6.3;6.3;6.3;6.3;0;stock;6.31;-0.14;6.31;-0.14;0.8;SUBIR
2016-10-31;1477872000000;MAPT3.SA;6.3;6.3;6.3;6.3;6.3;0;stock;6.31;-0.13;6.31;-0.13;0.8;SUBIR
2016-11-01;1477958400000;MAPT3.SA;6.3;6.3;6.3;6.3;6.3;0;stock;6.31;-0.13;6.31;-0.13;0.8;SUBIR
2016-11-03;1478131200000;MAPT3.SA;6.3;6.3;6.3;6.3;6.3;0;stock;6.31;-0.13;6.31;-0.13;0.8;SUBIR
2016-11-04;1478217600000;MAPT3.SA;6.3;6.3;6.3;6.3;6.3;0;stock;6.31;-0.13;6.31;-0.13;0.8;SUBIR
2016-11-07;1478476800000;MAPT3.SA;6.3;6.3;6.3;6.3;6.3;0;stock;6.31;-0.13;6.31;-0.13;0.8;SUBIR
2016-11-08;1478563200000;MAPT3.SA;6.3;6.3;6.3;6.3;6.3;0;stock;6.31;-0.13;6.31;-0.13;0.8;SUBIR
2016-11-09;1478649600000;MAPT3.SA;6.3;6.3;6.3;6.3;6.3;0;stock;6.31;-0.13;6.31;-0.13;0.8;SUBIR
2016-11-10;1478736000000;MAPT3.SA;6.3;6.3;6.3;6.3;6.3;0;stock;6.31;-0.13;6.31;-0.13;0.8;SUBIR
2016-11-11;1478822400000;MAPT3.SA;6.3;6.3;6.3;6.3;6.3;0;stock;6.31;-0.12;6.31;-0.12;0.8;SUBIR
2016-11-14;1479081600000;MAPT3.SA;6.3;6.3;6.3;6.3;6.3;0;stock;6.31;-0.12;6.31;-0.12;0.8;SUBIR
2016-11-16;1479254400000;MAPT3.SA;6.3;6.3;6.3;6.3;6.3;0;stock;6.31;-0.12;6.31;-0.12;0.8;SUBIR
2016-11-17;1479340800000;MAPT3.SA;6.3;6.3;6.3;6.3;6.3;0;stock;6.31;-0.12;6.31;-0.12;0.8;SUBIR
2016-11-18;1479427200000;MAPT3.SA;6.3;6.3;6.3;6.3;6.3;0;stock;6.31;-0.12;6.31;-0.12;0.8;SUBIR
2016-11-21;1479686400000;MAPT3.SA;6.3;6.3;6.3;6.3;6.3;0;stock;6.31;-0.12;6.31;-0.12;0.8;SUBIR
2016-11-22;1479772800000;MAPT3.SA;6.3;6.3;6.3;6.3;6.3;0;stock;6.31;-0.12;6.31;-0.12;0.8;SUBIR
2016-11-23;1479859200000;MAPT3.SA;6.3;6.3;6.3;6.3;6.3;0;stock;6.31;-0.12;6.31;-0.12;0.8;SUBIR
2016-11-24;1479945600000;MAPT3.SA;6.3;6.3;6.3;6.3;6.3;0;stock;6.31;-0.11;6.31;-0.11;0.8;SUBIR
2016-11-25;1480032000000;MAPT3.SA;6.3;6.3;6.3;6.3;6.3;0;stock;6.31;-0.11;6.31;-0.11;0.8;SUBIR
2016-11-28;1480291200000;MAPT3.SA;6.3;6.3;6.3;6.3;6.3;0;stock;6.31;-0.11;6.31;-0.11;0.8;SUBIR
2016-11-29;1480377600000;MAPT3.SA;6.3;6.3;6.3;6.3;6.3;0;stock;6.31;-0.11;6.31;-0.11;0.8;SUBIR
2016-11-30;1480464000000;MAPT3.SA;6.3;6.3;6.3;6.3;6.3;0;stock;6.31;-0.11;6.31;-0.11;0.8;SUBIR
2016-12-01;1480550400000;MAPT3.SA;6.3;6.3;6.3;6.3;6.3;0;stock;6.31;-0.11;6.31;-0.11;0.8;SUBIR
2016-12-02;1480636800000;MAPT3.SA;6.3;6.3;6.3;6.3;6.3;0;stock;6.31;-0.11;6.31;-0.11;0.8;SUBIR
2016-12-05;1480896000000;MAPT3.SA;6.3;6.3;6.3;6.3;6.3;0;stock;6.31;-0.11;6.31;-0.11;0.8;SUBIR
2016-12-06;1480982400000;MAPT3.SA;6.3;6.3;6.3;6.3;6.3;0;stock;6.31;-0.11;6.31;-0.11;0.8;SUBIR
2016-12-07;1481068800000;MAPT3.SA;6.3;6.3;6.3;6.3;6.3;0;stock;6.31;-0.1;6.31;-0.1;0.8;SUBIR
2016-12-08;1481155200000;MAPT3.SA;6.3;6.3;6.3;6.3;6.3;0;stock;6.31;-0.1;6.31;-0.1;0.8;SUBIR
2016-12-09;1481241600000;MAPT3.SA;6.3;6.3;6.3;6.3;6.3;0;stock;6.31;-0.1;6.31;-0.1;0.8;SUBIR
2016-12-12;1481500800000;MAPT3.SA;6.3;6.3;6.3;6.3;6.3;0;stock;6.31;-0.1;6.31;-0.1;0.8;SUBIR
2016-12-13;1481587200000;MAPT3.SA;6.3;6.3;6.3;6.3;6.3;0;stock;6.31;-0.1;6.31;-0.1;0.8;SUBIR
2016-12-14;1481673600000;MAPT3.SA;6.3;6.3;6.3;6.3;6.3;0;stock;6.31;-0.1;6.31;-0.1;0.8;SUBIR
2016-12-15;1481760000000;MAPT3.SA;6.3;6.3;6.3;6.3;6.3;0;stock;6.31;-0.1;6.31;-0.1;0.8;SUBIR
2016-12-16;1481846400000;MAPT3.SA;6.3;6.3;6.3;6.3;6.3;0;stock;6.31;-0.1;6.31;-0.1;0.8;SUBIR
2016-12-19;1482105600000;MAPT3.SA;6.3;6.3;6.3;6.3;6.3;0;stock;6.31;-0.1;6.31;-0.1;0.8;SUBIR
2016-12-20;1482192000000;MAPT3.SA;6.3;6.3;6.3;6.3;6.3;0;stock;6.31;-0.1;6.31;-0.1;0.8;SUBIR
2016-12-21;1482278400000;MAPT3.SA;6.3;6.3;6.3;6.3;6.3;0;stock;6.31;-0.09;6.31;-0.09;0.8;SUBIR
2016-12-22;1482364800000;MAPT3.SA;6.3;6.3;6.3;6.3;6.3;0;stock;6.31;-0.09;6.31;-0.09;0.8;SUBIR
2016-12-23;1482451200000;MAPT3.SA;6.3;6.3;6.3;6.3;6.3;0;stock;6.31;-0.09;6.31;-0.09;0.8;SUBIR
2016-12-26;1482710400000;MAPT3.SA;6.3;6.3;6.3;6.3;6.3;0;stock;6.31;-0.09;6.31;-0.09;0.8;SUBIR
2016-12-27;1482796800000;MAPT3.SA;6.3;6.3;6.3;6.3;6.3;0;stock;6.31;-0.09;6.31;-0.09;0.8;SUBIR
2016-12-28;1482883200000;MAPT3.SA;6.3;6.3;6.3;6.3;6.3;0;stock;6.31;-0.09;6.31;-0.09;0.8;SUBIR
2016-12-29;1482969600000;MAPT3.SA;6.3;6.3;6.3;6.3;6.3;0;stock;6.31;-0.09;6.31;-0.09;0.8;SUBIR
2017-01-02;1483315200000;MAPT3.SA;6.3;6.3;6.3;6.3;6.3;0;stock;6.31;-0.09;6.31;-0.09;0.8;SUBIR
2017-01-03;1483401600000;MAPT3.SA;6.3;6.3;6.3;6.3;6.3;0;stock;6.31;-0.09;6.31;-0.09;0.8;SUBIR
2017-01-04;1483488000000;MAPT3.SA;6.3;6.3;6.3;6.3;6.3;0;stock;6.31;-0.09;6.31;-0.09;0.8;SUBIR
2017-01-05;1483574400000;MAPT3.SA;6.3;6.3;6.3;6.3;6.3;0;stock;6.31;-0.09;6.31;-0.09;0.8;SUBIR
2017-01-06;1483660800000;MAPT3.SA;6.3;6.3;6.3;6.3;6.3;0;stock;6.31;-0.08;6.31;-0.08;0.8;SUBIR
2017-01-09;1483920000000;MAPT3.SA;6.3;6.3;6.3;6.3;6.3;0;stock;6.31;-0.08;6.31;-0.08;0.8;SUBIR
2017-01-10;1484006400000;MAPT3.SA;6.3;6.3;6.3;6.3;6.3;0;stock;6.31;-0.08;6.31;-0.08;0.8;SUBIR
2017-01-11;1484092800000;MAPT3.SA;6.3;6.3;6.3;6.3;6.3;0;stock;6.31;-0.08;6.31;-0.08;0.8;SUBIR
2017-01-12;1484179200000;MAPT3.SA;6.3;6.3;6.3;6.3;6.3;0;stock;6.31;-0.08;6.31;-0.08;0.8;SUBIR
2017-01-13;1484265600000;MAPT3.SA;6.3;6.3;6.3;6.3;6.3;0;stock;6.31;-0.08;6.31;-0.08;0.8;SUBIR
2017-01-16;1484524800000;MAPT3.SA;6.3;6.3;6.3;6.3;6.3;0;stock;6.31;-0.08;6.31;-0.08;0.8;SUBIR
2017-01-17;1484611200000;MAPT3.SA;6.3;6.3;6.3;6.3;6.3;0;stock;6.3;-0.08;6.3;-0.08;0.8;ESTAVEL
2017-01-18;1484697600000;MAPT3.SA;6.3;6.3;6.3;6.3;6.3;0;stock;6.3;-0.08;6.3;-0.08;0.8;ESTAVEL
2017-01-19;1484784000000;MAPT3.SA;6.3;6.3;6.3;6.3;6.3;0;stock;6.3;-0.08;6.3;-0.08;0.8;ESTAVEL
2017-01-20;1484870400000;MAPT3.SA;6.3;6.3;6.3;6.3;6.3;0;stock;6.3;-0.08;6.3;-0.08;0.8;ESTAVEL
2017-01-23;1485129600000;MAPT3.SA;6.3;6.3;6.3;6.3;6.3;0;stock;6.3;-0.08;6.3;-0.08;0.8;ESTAVEL
2017-01-24;1485216000000;MAPT3.SA;6.3;6.3;6.3;6.3;6.3;0;stock;6.3;-0.08;6.3;-0.08;0.8;ESTAVEL
2017-01-26;1485388800000;MAPT3.SA;6.3;6.3;6.3;6.3;6.3;0;stock;6.3;-0.07;6.3;-0.07;0.8;ESTAVEL
2017-01-27;1485475200000;MAPT3.SA;6.3;6.3;6.3;6.3;6.3;0;stock;6.3;-0.07;6.3;-0.07;0.8;ESTAVEL
2017-01-30;1485734400000;MAPT3.SA;6.3;6.3;6.3;6.3;6.3;0;stock;6.3;-0.07;6.3;-0.07;0.8;ESTAVEL
2017-01-31;1485820800000;MAPT3.SA;6.3;6.3;6.3;6.3;6.3;0;stock;6.3;-0.07;6.3;-0.07;0.8;ESTAVEL
2017-02-01;1485907200000;MAPT3.SA;6.3;6.3;6.3;6.3;6.3;0;stock;6.3;-0.07;6.3;-0.07;0.8;ESTAVEL
2017-02-02;1485993600000;MAPT3.SA;6.3;6.3;6.3;6.3;6.3;0;stock;6.3;-0.07;6.3;-0.07;0.8;ESTAVEL
2017-02-03;1486080000000;MAPT3.SA;6.3;6.3;6.3;6.3;6.3;0;stock;6.3;-0.07;6.3;-0.07;0.8;ESTAVEL
2017-02-06;1486339200000;MAPT3.SA;6.3;6.3;6.3;6.3;6.3;0;stock;6.3;-0.07;6.3;-0.07;0.8;ESTAVEL
2017-02-07;1486425600000;MAPT3.SA;6.3;6.3;6.3;6.3;6.3;0;stock;6.3;-0.07;6.3;-0.07;0.8;ESTAVEL
2017-02-08;1486512000000;MAPT3.SA;6.3;6.3;6.3;6.3;6.3;0;stock;6.3;-0.07;6.3;-0.07;0.8;ESTAVEL
2017-02-09;1486598400000;MAPT3.SA;6.3;6.3;6.3;6.3;6.3;0;stock;6.3;-0.07;6.3;-0.07;0.8;ESTAVEL
2017-02-10;1486684800000;MAPT3.SA;6.3;6.3;6.3;6.3;6.3;0;stock;6.3;-0.07;6.3;-0.07;0.8;ESTAVEL
2017-02-13;1486944000000;MAPT3.SA;6.3;6.3;6.3;6.3;6.3;0;stock;6.3;-0.07;6.3;-0.07;0.8;ESTAVEL
2017-02-14;1487030400000;MAPT3.SA;6.3;6.3;6.3;6.3;6.3;0;stock;6.3;-0.07;6.3;-0.07;0.8;ESTAVEL
2017-02-15;1487116800000;MAPT3.SA;6.3;6.3;6.3;6.3;6.3;0;stock;6.3;-0.06;6.3;-0.06;0.8;ESTAVEL
2017-02-16;1487203200000;MAPT3.SA;6.3;6.3;6.3;6.3;6.3;0;stock;6.3;-0.06;6.3;-0.06;0.8;ESTAVEL
2017-02-17;1487289600000;MAPT3.SA;6.3;6.3;6.3;6.3;6.3;0;stock;6.3;-0.06;6.3;-0.06;0.8;ESTAVEL
2017-02-20;1487548800000;MAPT3.SA;6.3;6.3;6.3;6.3;6.3;0;stock;6.3;-0.06;6.3;-0.06;0.8;ESTAVEL
2017-02-21;1487635200000;MAPT3.SA;6.3;6.3;6.3;6.3;6.3;0;stock;6.3;-0.06;6.3;-0.06;0.8;ESTAVEL
2017-02-22;1487721600000;MAPT3.SA;6.3;6.3;6.3;6.3;6.3;0;stock;6.3;-0.06;6.3;-0.06;0.8;ESTAVEL
2017-02-23;1487808000000;MAPT3.SA;6.3;6.3;6.3;6.3;6.3;0;stock;6.3;-0.06;6.3;-0.06;0.8;ESTAVEL
2017-02-24;1487894400000;MAPT3.SA;6.3;6.3;6.3;6.3;6.3;0;stock;6.3;-0.06;6.3;-0.06;0.8;ESTAVEL
2017-03-01;1488326400000;MAPT3.SA;6.3;6.3;6.3;6.3;6.3;0;stock;6.3;-0.06;6.3;-0.06;0.8;ESTAVEL
2017-03-02;1488412800000;MAPT3.SA;6.3;6.3;6.3;6.3;6.3;0;stock;6.3;-0.06;6.3;-0.06;0.8;ESTAVEL
2017-03-03;1488499200000;MAPT3.SA;6.3;6.3;6.3;6.3;6.3;0;stock;6.3;-0.06;6.3;-0.06;0.8;ESTAVEL
2017-03-06;1488758400000;MAPT3.SA;6.3;6.3;6.3;6.3;6.3;0;stock;6.3;-0.06;6.3;-0.06;0.8;ESTAVEL
2017-03-07;1488844800000;MAPT3.SA;6.3;6.3;6.3;6.3;6.3;0;stock;6.3;-0.06;6.3;-0.06;0.8;ESTAVEL
2017-03-08;1488931200000;MAPT3.SA;6.3;6.3;6.3;6.3;6.3;0;stock;6.3;-0.06;6.3;-0.06;0.8;ESTAVEL
2017-03-09;1489017600000;MAPT3.SA;6.3;6.3;6.3;6.3;6.3;0;stock;6.3;-0.06;6.3;-0.06;0.8;ESTAVEL
2017-03-10;1489104000000;MAPT3.SA;6.3;6.3;6.3;6.3;6.3;0;stock;6.3;-0.06;6.3;-0.06;0.8;ESTAVEL
2017-03-13;1489363200000;MAPT3.SA;6.3;6.3;6.3;6.3;6.3;0;stock;6.3;-0.06;6.3;-0.06;0.8;ESTAVEL
2017-03-14;1489449600000;MAPT3.SA;6.3;6.3;6.3;6.3;6.3;0;stock;6.3;-0.05;6.3;-0.05;0.8;ESTAVEL
2017-03-15;1489536000000;MAPT3.SA;6.3;6.3;6.3;6.3;6.3;0;stock;6.3;-0.05;6.3;-0.05;0.8;ESTAVEL
2017-03-16;1489622400000;MAPT3.SA;6.3;6.3;6.3;6.3;6.3;0;stock;6.3;-0.05;6.3;-0.05;0.8;ESTAVEL
2017-03-17;1489708800000;MAPT3.SA;6.3;6.3;6.3;6.3;6.3;0;stock;6.3;-0.05;6.3;-0.05;0.8;ESTAVEL
2017-03-20;1489968000000;MAPT3.SA;6.3;6.3;6.3;6.3;6.3;0;stock;6.3;-0.05;6.3;-0.05;0.8;ESTAVEL
2017-03-21;1490054400000;MAPT3.SA;6.3;6.3;6.3;6.3;6.3;0;stock;6.3;-0.05;6.3;-0.05;0.8;ESTAVEL
2017-03-22;1490140800000;MAPT3.SA;6.3;6.3;6.3;6.3;6.3;0;stock;6.3;-0.05;6.3;-0.05;0.8;ESTAVEL
2017-03-23;1490227200000;MAPT3.SA;6.3;6.3;6.3;6.3;6.3;0;stock;6.3;-0.05;6.3;-0.05;0.8;ESTAVEL
2017-03-24;1490313600000;MAPT3.SA;6.3;6.3;6.3;6.3;6.3;0;stock;6.3;-0.05;6.3;-0.05;0.8;ESTAVEL
2017-03-27;1490572800000;MAPT3.SA;6.3;6.3;6.3;6.3;6.3;0;stock;6.3;-0.05;6.3;-0.05;0.8;ESTAVEL
2017-03-28;1490659200000;MAPT3.SA;6.3;6.3;6.3;6.3;6.3;0;stock;6.3;-0.05;6.3;-0.05;0.8;ESTAVEL
2017-03-29;1490745600000;MAPT3.SA;6.3;6.3;6.3;6.3;6.3;0;stock;6.3;-0.05;6.3;-0.05;0.8;ESTAVEL
2017-03-30;1490832000000;MAPT3.SA;6.3;6.3;6.3;6.3;6.3;0;stock;6.3;-0.05;6.3;-0.05;0.8;ESTAVEL
2017-03-31;1490918400000;MAPT3.SA;6.3;6.3;6.3;6.3;6.3;0;stock;6.3;-0.05;6.3;-0.05;0.8;ESTAVEL
2017-04-03;1491177600000;MAPT3.SA;6.3;6.3;6.3;6.3;6.3;0;stock;6.3;-0.05;6.3;-0.05;0.8;ESTAVEL
2017-04-04;1491264000000;MAPT3.SA;6.3;6.3;6.3;6.3;6.3;0;stock;6.3;-0.05;6.3;-0.05;0.8;ESTAVEL
2017-04-05;1491350400000;MAPT3.SA;6.3;6.3;6.3;6.3;6.3;0;stock;6.3;-0.05;6.3;-0.05;0.8;ESTAVEL
2017-04-06;1491436800000;MAPT3.SA;6.3;6.3;6.3;6.3;6.3;0;stock;6.3;-0.05;6.3;-0.05;0.8;ESTAVEL
2017-04-07;1491523200000;MAPT3.SA;6.3;6.3;6.3;6.3;6.3;0;stock;6.3;-0.05;6.3;-0.05;0.8;ESTAVEL
2017-04-10;1491782400000;MAPT3.SA;6.3;6.3;6.3;6.3;6.3;0;stock;6.3;-0.05;6.3;-0.05;0.8;ESTAVEL
2017-04-11;1491868800000;MAPT3.SA;6.3;6.3;6.3;6.3;6.3;0;stock;6.3;-0.04;6.3;-0.04;0.8;ESTAVEL
2017-04-12;1491955200000;MAPT3.SA;6.3;6.3;6.3;6.3;6.3;0;stock;6.3;-0.04;6.3;-0.04;0.8;ESTAVEL
2017-04-13;1492041600000;MAPT3.SA;6.3;6.3;6.3;6.3;6.3;0;stock;6.3;-0.04;6.3;-0.04;0.8;ESTAVEL
2017-04-17;1492387200000;MAPT3.SA;6.3;6.3;6.3;6.3;6.3;0;stock;6.3;-0.04;6.3;-0.04;0.8;ESTAVEL
2017-04-18;1492473600000;MAPT3.SA;6.3;6.3;6.3;6.3;6.3;0;stock;6.3;-0.04;6.3;-0.04;0.8;ESTAVEL
2017-04-19;1492560000000;MAPT3.SA;6.3;6.3;6.3;6.3;6.3;0;stock;6.3;-0.04;6.3;-0.04;0.8;ESTAVEL
2017-04-20;1492646400000;MAPT3.SA;6.3;6.3;6.3;6.3;6.3;0;stock;6.3;-0.04;6.3;-0.04;0.8;ESTAVEL
2017-04-24;1492992000000;MAPT3.SA;6.3;6.3;6.3;6.3;6.3;0;stock;6.3;-0.04;6.3;-0.04;0.8;ESTAVEL
2017-04-25;1493078400000;MAPT3.SA;6.3;6.3;6.3;6.3;6.3;0;stock;6.3;-0.04;6.3;-0.04;0.8;ESTAVEL
2017-04-26;1493164800000;MAPT3.SA;6.3;6.3;6.3;6.3;6.3;0;stock;6.3;-0.04;6.3;-0.04;0.8;ESTAVEL
2017-04-27;1493251200000;MAPT3.SA;6.3;6.3;6.3;6.3;6.3;0;stock;6.3;-0.04;6.3;-0.04;0.8;ESTAVEL
2017-04-28;1493337600000;MAPT3.SA;6.3;6.3;6.3;6.3;6.3;0;stock;6.3;-0.04;6.3;-0.04;0.8;ESTAVEL
2017-05-02;1493683200000;MAPT3.SA;6.3;6.3;6.3;6.3;6.3;0;stock;6.3;-0.04;6.3;-0.04;0.8;ESTAVEL
2017-05-03;1493769600000;MAPT3.SA;6.3;6.3;6.3;6.3;6.3;0;stock;6.3;-0.04;6.3;-0.04;0.8;ESTAVEL
2017-05-04;1493856000000;MAPT3.SA;6.3;6.3;6.3;6.3;6.3;0;stock;6.3;-0.04;6.3;-0.04;0.8;ESTAVEL
2017-05-05;1493942400000;MAPT3.SA;6.3;6.3;6.3;6.3;6.3;0;stock;6.3;-0.04;6.3;-0.04;0.8;ESTAVEL
2017-05-08;1494201600000;MAPT3.SA;6.3;6.3;6.3;6.3;6.3;0;stock;6.3;-0.04;6.3;-0.04;0.8;ESTAVEL
2017-05-09;1494288000000;MAPT3.SA;6.3;6.3;6.3;6.3;6.3;0;stock;6.3;-0.04;6.3;-0.04;0.8;ESTAVEL
2017-05-10;1494374400000;MAPT3.SA;6.3;6.3;6.3;6.3;6.3;0;stock;6.3;-0.04;6.3;-0.04;0.8;ESTAVEL
2017-05-11;1494460800000;MAPT3.SA;6.3;6.3;6.3;6.3;6.3;0;stock;6.3;-0.04;6.3;-0.04;0.8;ESTAVEL
2017-05-12;1494547200000;MAPT3.SA;6.3;6.3;6.3;6.3;6.3;0;stock;6.3;-0.04;6.3;-0.04;0.8;ESTAVEL
2017-05-15;1494806400000;MAPT3.SA;6.3;6.3;6.3;6.3;6.3;0;stock;6.3;-0.04;6.3;-0.04;0.8;ESTAVEL
2017-05-16;1494892800000;MAPT3.SA;6.3;6.3;6.3;6.3;6.3;0;stock;6.3;-0.04;6.3;-0.04;0.8;ESTAVEL
2017-05-17;1494979200000;MAPT3.SA;6.3;6.3;6.3;6.3;6.3;0;stock;6.3;-0.04;6.3;-0.04;0.8;ESTAVEL
2017-05-18;1495065600000;MAPT3.SA;6.3;6.3;6.3;6.3;6.3;0;stock;6.3;-0.04;6.3;-0.04;0.8;ESTAVEL
2017-05-19;1495152000000;MAPT3.SA;6.3;6.3;6.3;6.3;6.3;0;stock;6.3;-0.03;6.3;-0.03;0.8;ESTAVEL
2017-05-22;1495411200000;MAPT3.SA;6.3;6.3;6.3;6.3;6.3;0;stock;6.3;-0.03;6.3;-0.03;0.8;ESTAVEL
2017-05-23;1495497600000;MAPT3.SA;6.3;6.3;6.3;6.3;6.3;0;stock;6.3;-0.03;6.3;-0.03;0.8;ESTAVEL
2017-05-24;1495584000000;MAPT3.SA;6.3;6.3;6.3;6.3;6.3;0;stock;6.3;-0.03;6.3;-0.03;0.8;ESTAVEL
2017-05-25;1495670400000;MAPT3.SA;6.3;6.3;6.3;6.3;6.3;0;stock;6.3;-0.03;6.3;-0.03;0.8;ESTAVEL
2017-05-26;1495756800000;MAPT3.SA;6.3;6.3;6.3;6.3;6.3;0;stock;6.3;-0.03;6.3;-0.03;0.8;ESTAVEL
2017-05-29;1496016000000;MAPT3.SA;6.3;6.3;6.3;6.3;6.3;0;stock;6.3;-0.03;6.3;-0.03;0.8;ESTAVEL
2017-05-30;1496102400000;MAPT3.SA;6.3;6.3;6.3;6.3;6.3;0;stock;6.3;-0.03;6.3;-0.03;0.8;ESTAVEL
2017-05-31;1496188800000;MAPT3.SA;6.3;6.3;6.3;6.3;6.3;0;stock;6.3;-0.03;6.3;-0.03;0.8;ESTAVEL
2017-06-01;1496275200000;MAPT3.SA;6.3;6.3;6.3;6.3;6.3;0;stock;6.3;-0.03;6.3;-0.03;0.8;ESTAVEL
2017-06-02;1496361600000;MAPT3.SA;6.3;6.3;6.3;6.3;6.3;0;stock;6.3;-0.03;6.3;-0.03;0.8;ESTAVEL
2017-06-05;1496620800000;MAPT3.SA;6.3;6.3;6.3;6.3;6.3;0;stock;6.3;-0.03;6.3;-0.03;0.8;ESTAVEL
2017-06-06;1496707200000;MAPT3.SA;6.3;6.3;6.3;6.3;6.3;0;stock;6.3;-0.03;6.3;-0.03;0.8;ESTAVEL
2017-06-07;1496793600000;MAPT3.SA;6.3;6.3;6.3;6.3;6.3;0;stock;6.3;-0.03;6.3;-0.03;0.8;ESTAVEL
2017-06-08;1496880000000;MAPT3.SA;6.3;6.3;6.3;6.3;6.3;0;stock;6.3;-0.03;6.3;-0.03;0.8;ESTAVEL
2017-06-09;1496966400000;MAPT3.SA;6.3;6.3;6.3;6.3;6.3;0;stock;6.3;-0.03;6.3;-0.03;0.8;ESTAVEL
2017-06-12;1497225600000;MAPT3.SA;6.3;6.3;6.3;6.3;6.3;0;stock;6.3;-0.03;6.3;-0.03;0.8;ESTAVEL
2017-06-13;1497312000000;MAPT3.SA;6.3;6.3;6.3;6.3;6.3;0;stock;6.3;-0.03;6.3;-0.03;0.8;ESTAVEL
2017-06-14;1497398400000;MAPT3.SA;6.3;6.3;6.3;6.3;6.3;0;stock;6.3;-0.03;6.3;-0.03;0.8;ESTAVEL
2017-06-15;1497484800000;MAPT3.SA;6.3;6.3;6.3;6.3;6.3;0;stock;6.3;-0.03;6.3;-0.03;0.8;ESTAVEL
2017-06-16;1497571200000;MAPT3.SA;6.3;6.3;6.3;6.3;6.3;0;stock;6.3;-0.03;6.3;-0.03;0.8;ESTAVEL
2017-06-19;1497830400000;MAPT3.SA;6.3;6.3;6.3;6.3;6.3;0;stock;6.3;-0.03;6.3;-0.03;0.8;ESTAVEL
2017-06-20;1497916800000;MAPT3.SA;6.3;6.3;6.3;6.3;6.3;0;stock;6.3;-0.03;6.3;-0.03;0.8;ESTAVEL
2017-06-21;1498003200000;MAPT3.SA;6.3;6.3;6.3;6.3;6.3;0;stock;6.3;-0.03;6.3;-0.03;0.8;ESTAVEL
2017-06-22;1498089600000;MAPT3.SA;6.3;6.3;6.3;6.3;6.3;0;stock;6.3;-0.03;6.3;-0.03;0.8;ESTAVEL
2017-06-23;1498176000000;MAPT3.SA;6.3;6.3;6.3;6.3;6.3;0;stock;6.3;-0.03;6.3;-0.03;0.8;ESTAVEL
2017-06-26;1498435200000;MAPT3.SA;6.3;6.3;6.3;6.3;6.3;0;stock;6.3;-0.03;6.3;-0.03;0.8;ESTAVEL
2017-06-27;1498521600000;MAPT3.SA;6.3;6.3;6.3;6.3;6.3;0;stock;6.3;-0.03;6.3;-0.03;0.8;ESTAVEL
2017-06-28;1498608000000;MAPT3.SA;6.3;6.3;6.3;6.3;6.3;0;stock;6.3;-0.03;6.3;-0.03;0.8;ESTAVEL
2017-06-29;1498694400000;MAPT3.SA;6.3;6.3;6.3;6.3;6.3;0;stock;6.3;-0.03;6.3;-0.03;0.8;ESTAVEL
2017-06-30;1498780800000;MAPT3.SA;6.3;6.3;6.3;6.3;6.3;0;stock;6.3;-0.03;6.3;-0.03;0.8;ESTAVEL
2017-07-03;1499040000000;MAPT3.SA;6.3;6.3;6.3;6.3;6.3;0;stock;6.3;-0.03;6.3;-0.03;0.8;ESTAVEL
2017-07-04;1499126400000;MAPT3.SA;6.3;6.3;6.3;6.3;6.3;0;stock;6.3;-0.03;6.3;-0.03;0.8;ESTAVEL
2017-07-05;1499212800000;MAPT3.SA;6.3;6.3;6.3;6.3;6.3;0;stock;6.3;-0.03;6.3;-0.03;0.8;ESTAVEL
2017-07-06;1499299200000;MAPT3.SA;6.3;6.3;6.3;6.3;6.3;0;stock;6.3;-0.02;6.3;-0.02;0.8;ESTAVEL
2017-07-07;1499385600000;MAPT3.SA;6.3;6.3;6.3;6.3;6.3;0;stock;6.3;-0.02;6.3;-0.02;0.8;ESTAVEL
2017-07-10;1499644800000;MAPT3.SA;6.3;6.3;6.3;6.3;6.3;0;stock;6.3;-0.02;6.3;-0.02;0.8;ESTAVEL
2017-07-11;1499731200000;MAPT3.SA;6.3;6.3;6.3;6.3;6.3;0;stock;6.3;-0.02;6.3;-0.02;0.8;ESTAVEL
2017-07-12;1499817600000;MAPT3.SA;6.3;6.3;6.3;6.3;6.3;0;stock;6.3;-0.02;6.3;-0.02;0.8;ESTAVEL
2017-07-13;1499904000000;MAPT3.SA;6.3;6.3;6.3;6.3;6.3;0;stock;6.3;-0.02;6.3;-0.02;0.8;ESTAVEL
2017-07-14;1499990400000;MAPT3.SA;6.3;6.3;6.3;6.3;6.3;0;stock;6.3;-0.02;6.3;-0.02;0.8;ESTAVEL
2017-07-17;1500249600000;MAPT3.SA;6.3;6.3;6.3;6.3;6.3;0;stock;6.3;-0.02;6.3;-0.02;0.8;ESTAVEL
2017-07-18;1500336000000;MAPT3.SA;6.3;6.3;6.3;6.3;6.3;0;stock;6.3;-0.02;6.3;-0.02;0.8;ESTAVEL
2017-07-19;1500422400000;MAPT3.SA;6.3;6.3;6.3;6.3;6.3;0;stock;6.3;-0.02;6.3;-0.02;0.8;ESTAVEL
2017-07-20;1500508800000;MAPT3.SA;6.3;6.3;6.3;6.3;6.3;0;stock;6.3;-0.02;6.3;-0.02;0.8;ESTAVEL
2017-07-21;1500595200000;MAPT3.SA;6.3;6.3;6.3;6.3;6.3;0;stock;6.3;-0.02;6.3;-0.02;0.8;ESTAVEL
2017-07-24;1500854400000;MAPT3.SA;6.3;6.3;6.3;6.3;6.3;0;stock;6.3;-0.02;6.3;-0.02;0.8;ESTAVEL
2017-07-25;1500940800000;MAPT3.SA;6.3;6.3;6.3;6.3;6.3;0;stock;6.3;-0.02;6.3;-0.02;0.8;ESTAVEL
2017-07-26;1501027200000;MAPT3.SA;6.3;6.3;6.3;6.3;6.3;0;stock;6.3;-0.02;6.3;-0.02;0.8;ESTAVEL
2017-07-27;1501113600000;MAPT3.SA;6.3;6.3;6.3;6.3;6.3;0;stock;6.3;-0.02;6.3;-0.02;0.8;ESTAVEL
2017-07-28;1501200000000;MAPT3.SA;6.3;6.3;6.3;6.3;6.3;0;stock;6.3;-0.02;6.3;-0.02;0.8;ESTAVEL
2017-07-31;1501459200000;MAPT3.SA;6.3;6.3;6.3;6.3;6.3;0;stock;6.3;-0.02;6.3;-0.02;0.8;ESTAVEL
2017-08-01;1501545600000;MAPT3.SA;6.3;6.3;6.3;6.3;6.3;0;stock;6.3;-0.02;6.3;-0.02;0.8;ESTAVEL
2017-08-02;1501632000000;MAPT3.SA;6.3;6.3;6.3;6.3;6.3;0;stock;6.3;-0.02;6.3;-0.02;0.8;ESTAVEL
2017-08-03;1501718400000;MAPT3.SA;6.3;6.3;6.3;6.3;6.3;0;stock;6.3;-0.02;6.3;-0.02;0.8;ESTAVEL
2017-08-04;1501804800000;MAPT3.SA;6.3;6.3;6.3;6.3;6.3;0;stock;6.3;-0.02;6.3;-0.02;0.8;ESTAVEL
2017-08-07;1502064000000;MAPT3.SA;6.3;6.3;6.3;6.3;6.3;0;stock;6.3;-0.02;6.3;-0.02;0.8;ESTAVEL
2017-08-08;1502150400000;MAPT3.SA;6.3;6.3;6.3;6.3;6.3;0;stock;6.3;-0.02;6.3;-0.02;0.8;ESTAVEL
2017-08-09;1502236800000;MAPT3.SA;6.3;6.3;6.3;6.3;6.3;0;stock;6.3;-0.02;6.3;-0.02;0.8;ESTAVEL
2017-08-10;1502323200000;MAPT3.SA;6.3;6.3;6.3;6.3;6.3;0;stock;6.3;-0.02;6.3;-0.02;0.8;ESTAVEL
2017-08-11;1502409600000;MAPT3.SA;6.3;6.3;6.3;6.3;6.3;0;stock;6.3;-0.02;6.3;-0.02;0.8;ESTAVEL
2017-08-14;1502668800000;MAPT3.SA;6.3;6.3;6.3;6.3;6.3;0;stock;6.3;-0.02;6.3;-0.02;0.8;ESTAVEL
2017-08-15;1502755200000;MAPT3.SA;6.3;6.3;6.3;6.3;6.3;0;stock;6.3;-0.02;6.3;-0.02;0.8;ESTAVEL
2017-08-16;1502841600000;MAPT3.SA;6.3;6.3;6.3;6.3;6.3;0;stock;6.3;-0.02;6.3;-0.02;0.8;ESTAVEL
2017-08-17;1502928000000;MAPT3.SA;6.3;6.3;6.3;6.3;6.3;0;stock;6.3;-0.02;6.3;-0.02;0.8;ESTAVEL
2017-08-18;1503014400000;MAPT3.SA;6.3;6.3;6.3;6.3;6.3;0;stock;6.3;-0.02;6.3;-0.02;0.8;ESTAVEL
2017-08-21;1503273600000;MAPT3.SA;6.3;6.3;6.3;6.3;6.3;0;stock;6.3;-0.02;6.3;-0.02;0.8;ESTAVEL
2017-08-22;1503360000000;MAPT3.SA;6.3;6.3;6.3;6.3;6.3;0;stock;6.3;-0.02;6.3;-0.02;0.8;ESTAVEL
2017-08-23;1503446400000;MAPT3.SA;6.3;6.3;6.3;6.3;6.3;0;stock;6.3;-0.02;6.3;-0.02;0.8;ESTAVEL
2017-08-24;1503532800000;MAPT3.SA;6.3;6.3;6.3;6.3;6.3;0;stock;6.3;-0.02;6.3;-0.02;0.8;ESTAVEL
2017-08-25;1503619200000;MAPT3.SA;6.3;6.3;6.3;6.3;6.3;0;stock;6.3;-0.02;6.3;-0.02;0.8;ESTAVEL
2017-08-28;1503878400000;MAPT3.SA;6.3;6.3;6.3;6.3;6.3;0;stock;6.3;-0.02;6.3;-0.02;0.8;ESTAVEL
2017-08-29;1503964800000;MAPT3.SA;6.3;6.3;6.3;6.3;6.3;0;stock;6.3;-0.02;6.3;-0.02;0.8;ESTAVEL
2017-08-30;1504051200000;MAPT3.SA;6.3;6.3;6.3;6.3;6.3;0;stock;6.3;-0.02;6.3;-0.02;0.8;ESTAVEL
2017-08-31;1504137600000;MAPT3.SA;6.3;6.3;6.3;6.3;6.3;0;stock;6.3;-0.02;6.3;-0.02;0.8;ESTAVEL
2017-09-01;1504224000000;MAPT3.SA;6.3;6.3;6.3;6.3;6.3;0;stock;6.3;-0.02;6.3;-0.02;0.8;ESTAVEL
2017-09-04;1504483200000;MAPT3.SA;6.3;6.3;6.3;6.3;6.3;0;stock;6.3;-0.02;6.3;-0.02;0.8;ESTAVEL
2017-09-05;1504569600000;MAPT3.SA;6.3;6.3;6.3;6.3;6.3;0;stock;6.3;-0.02;6.3;-0.02;0.8;ESTAVEL
2017-09-06;1504656000000;MAPT3.SA;6.3;6.3;6.3;6.3;6.3;0;stock;6.3;-0.02;6.3;-0.02;0.8;ESTAVEL
2017-09-07;1504742400000;MAPT3.SA;6.3;6.3;6.3;6.3;6.3;0;stock;6.3;-0.02;6.3;-0.02;0.8;ESTAVEL
2017-09-08;1504828800000;MAPT3.SA;6.3;6.3;6.3;6.3;6.3;0;stock;6.3;-0.02;6.3;-0.02;0.8;ESTAVEL
2017-09-11;1505088000000;MAPT3.SA;6.3;6.3;6.3;6.3;6.3;0;stock;6.3;-0.02;6.3;-0.02;0.8;ESTAVEL
2017-09-12;1505174400000;MAPT3.SA;6.3;6.3;6.3;6.3;6.3;0;stock;6.3;-0.02;6.3;-0.02;0.8;ESTAVEL
2017-09-13;1505260800000;MAPT3.SA;6.3;6.3;6.3;6.3;6.3;0;stock;6.3;-0.02;6.3;-0.02;0.8;ESTAVEL
2017-09-14;1505347200000;MAPT3.SA;6.3;6.3;6.3;6.3;6.3;0;stock;6.3;-0.02;6.3;-0.02;0.8;ESTAVEL
2017-09-15;1505433600000;MAPT3.SA;6.3;6.3;6.3;6.3;6.3;0;stock;6.3;-0.01;6.3;-0.01;0.8;ESTAVEL
2017-09-18;1505692800000;MAPT3.SA;6.3;6.3;6.3;6.3;6.3;0;stock;6.3;-0.01;6.3;-0.01;0.8;ESTAVEL
2017-09-19;1505779200000;MAPT3.SA;6.3;6.3;6.3;6.3;6.3;0;stock;6.3;-0.01;6.3;-0.01;0.8;ESTAVEL
2017-09-20;1505865600000;MAPT3.SA;6.3;6.3;6.3;6.3;6.3;0;stock;6.3;-0.01;6.3;-0.01;0.8;ESTAVEL
2017-09-21;1505952000000;MAPT3.SA;6.3;6.3;6.3;6.3;6.3;0;stock;6.3;-0.01;6.3;-0.01;0.8;ESTAVEL
2017-09-22;1506038400000;MAPT3.SA;6.3;6.3;6.3;6.3;6.3;0;stock;6.3;-0.01;6.3;-0.01;0.8;ESTAVEL
2017-09-25;1506297600000;MAPT3.SA;6.3;6.3;6.3;6.3;6.3;0;stock;6.3;-0.01;6.3;-0.01;0.8;ESTAVEL
2017-09-26;1506384000000;MAPT3.SA;6.3;6.3;6.3;6.3;6.3;0;stock;6.3;-0.01;6.3;-0.01;0.8;ESTAVEL
2017-09-27;1506470400000;MAPT3.SA;6.3;6.3;6.3;6.3;6.3;0;stock;6.3;-0.01;6.3;-0.01;0.8;ESTAVEL
2017-09-28;1506556800000;MAPT3.SA;6.3;6.3;6.3;6.3;6.3;0;stock;6.3;-0.01;6.3;-0.01;0.8;ESTAVEL
2017-09-29;1506643200000;MAPT3.SA;6.3;6.3;6.3;6.3;6.3;0;stock;6.3;-0.01;6.3;-0.01;0.8;ESTAVEL
2017-10-02;1506902400000;MAPT3.SA;6.3;6.3;6.3;6.3;6.3;0;stock;6.3;-0.01;6.3;-0.01;0.8;ESTAVEL
2017-10-03;1506988800000;MAPT3.SA;6.3;6.3;6.3;6.3;6.3;0;stock;6.3;-0.01;6.3;-0.01;0.8;ESTAVEL
2017-10-04;1507075200000;MAPT3.SA;6.3;6.3;6.3;6.3;6.3;0;stock;6.3;-0.01;6.3;-0.01;0.8;ESTAVEL
2017-10-05;1507161600000;MAPT3.SA;6.3;6.3;6.3;6.3;6.3;0;stock;6.3;-0.01;6.3;-0.01;0.8;ESTAVEL
2017-10-06;1507248000000;MAPT3.SA;6.3;6.3;6.3;6.3;6.3;0;stock;6.3;-0.01;6.3;-0.01;0.8;ESTAVEL
2017-10-09;1507507200000;MAPT3.SA;6.3;6.3;6.3;6.3;6.3;0;stock;6.3;-0.01;6.3;-0.01;0.8;ESTAVEL
2017-10-10;1507593600000;MAPT3.SA;6.3;6.3;6.3;6.3;6.3;0;stock;6.3;-0.01;6.3;-0.01;0.8;ESTAVEL
2017-10-11;1507680000000;MAPT3.SA;6.3;6.3;6.3;6.3;6.3;0;stock;6.3;-0.01;6.3;-0.01;0.8;ESTAVEL
2017-10-12;1507766400000;MAPT3.SA;6.3;6.3;6.3;6.3;6.3;0;stock;6.3;-0.01;6.3;-0.01;0.8;ESTAVEL
2017-10-13;1507852800000;MAPT3.SA;6.3;6.3;6.3;6.3;6.3;0;stock;6.3;-0.01;6.3;-0.01;0.8;ESTAVEL
2017-10-16;1508112000000;MAPT3.SA;6.3;6.3;6.3;6.3;6.3;0;stock;6.3;-0.01;6.3;-0.01;0.8;ESTAVEL
2017-10-17;1508198400000;MAPT3.SA;6.3;6.3;6.3;6.3;6.3;0;stock;6.3;-0.01;6.3;-0.01;0.8;ESTAVEL
2017-10-18;1508284800000;MAPT3.SA;6.3;6.3;6.3;6.3;6.3;0;stock;6.3;-0.01;6.3;-0.01;0.8;ESTAVEL
2017-10-19;1508371200000;MAPT3.SA;6.3;6.3;6.3;6.3;6.3;0;stock;6.3;-0.01;6.3;-0.01;0.8;ESTAVEL
2017-10-20;1508457600000;MAPT3.SA;6.3;6.3;6.3;6.3;6.3;0;stock;6.3;-0.01;6.3;-0.01;0.8;ESTAVEL
2017-10-23;1508716800000;MAPT3.SA;6.3;6.3;6.3;6.3;6.3;0;stock;6.3;-0.01;6.3;-0.01;0.8;ESTAVEL
2017-10-24;1508803200000;MAPT3.SA;6.3;6.3;6.3;6.3;6.3;0;stock;6.3;-0.01;6.3;-0.01;0.8;ESTAVEL
2017-10-25;1508889600000;MAPT3.SA;6.3;6.3;6.3;6.3;6.3;0;stock;6.3;-0.01;6.3;-0.01;0.8;ESTAVEL
2017-10-26;1508976000000;MAPT3.SA;6.3;6.3;6.3;6.3;6.3;0;stock;6.3;-0.01;6.3;-0.01;0.8;ESTAVEL
2017-10-27;1509062400000;MAPT3.SA;6.3;6.3;6.3;6.3;6.3;0;stock;6.3;-0.01;6.3;-0.01;0.8;ESTAVEL
2017-10-30;1509321600000;MAPT3.SA;6.3;6.3;6.3;6.3;6.3;0;stock;6.3;-0.01;6.3;-0.01;0.8;ESTAVEL
2017-10-31;1509408000000;MAPT3.SA;6.3;6.3;6.3;6.3;6.3;0;stock;6.3;-0.01;6.3;-0.01;0.8;ESTAVEL
2017-11-01;1509494400000;MAPT3.SA;6.3;6.3;6.3;6.3;6.3;0;stock;6.3;-0.01;6.3;-0.01;0.8;ESTAVEL
2017-11-02;1509580800000;MAPT3.SA;6.3;6.3;6.3;6.3;6.3;0;stock;6.3;-0.01;6.3;-0.01;0.8;ESTAVEL
2017-11-03;1509667200000;MAPT3.SA;6.3;6.3;6.3;6.3;6.3;0;stock;6.3;-0.01;6.3;-0.01;0.8;ESTAVEL
2017-11-06;1509926400000;MAPT3.SA;6.3;6.3;6.3;6.3;6.3;0;stock;6.3;-0.01;6.3;-0.01;0.8;ESTAVEL
2017-11-07;1510012800000;MAPT3.SA;6.3;6.3;6.3;6.3;6.3;0;stock;6.3;-0.01;6.3;-0.01;0.8;ESTAVEL
2017-11-08;1510099200000;MAPT3.SA;6.3;6.3;6.3;6.3;6.3;0;stock;6.3;-0.01;6.3;-0.01;0.8;ESTAVEL
2017-11-09;1510185600000;MAPT3.SA;6.3;6.3;6.3;6.3;6.3;0;stock;6.3;-0.01;6.3;-0.01;0.8;ESTAVEL
2017-11-10;1510272000000;MAPT3.SA;6.3;6.3;6.3;6.3;6.3;0;stock;6.3;-0.01;6.3;-0.01;0.8;ESTAVEL
2017-11-13;1510531200000;MAPT3.SA;6.3;6.3;6.3;6.3;6.3;0;stock;6.3;-0.01;6.3;-0.01;0.8;ESTAVEL
2017-11-14;1510617600000;MAPT3.SA;6.3;6.3;6.3;6.3;6.3;0;stock;6.3;-0.01;6.3;-0.01;0.8;ESTAVEL
2017-11-15;1510704000000;MAPT3.SA;6.3;6.3;6.3;6.3;6.3;0;stock;6.3;-0.01;6.3;-0.01;0.8;ESTAVEL
2017-11-16;1510790400000;MAPT3.SA;6.3;6.3;6.3;6.3;6.3;0;stock;6.3;-0.01;6.3;-0.01;0.8;ESTAVEL
2017-11-17;1510876800000;MAPT3.SA;6.3;6.3;6.3;6.3;6.3;0;stock;6.3;-0.01;6.3;-0.01;0.8;ESTAVEL
2017-11-20;1511136000000;MAPT3.SA;6.3;6.3;6.3;6.3;6.3;0;stock;6.3;-0.01;6.3;-0.01;0.8;ESTAVEL
2017-11-21;1511222400000;MAPT3.SA;6.3;6.3;6.3;6.3;6.3;0;stock;6.3;-0.01;6.3;-0.01;0.8;ESTAVEL
2017-11-22;1511308800000;MAPT3.SA;6.3;6.3;6.3;6.3;6.3;0;stock;6.3;-0.01;6.3;-0.01;0.8;ESTAVEL
2017-11-23;1511395200000;MAPT3.SA;6.3;6.3;6.3;6.3;6.3;0;stock;6.3;-0.01;6.3;-0.01;0.8;ESTAVEL
2017-11-24;1511481600000;MAPT3.SA;6.3;6.3;6.3;6.3;6.3;0;stock;6.3;-0.01;6.3;-0.01;0.8;ESTAVEL
2017-11-27;1511740800000;MAPT3.SA;6.3;6.3;6.3;6.3;6.3;0;stock;6.3;-0.01;6.3;-0.01;0.8;ESTAVEL
2017-11-28;1511827200000;MAPT3.SA;6.3;6.3;6.3;6.3;6.3;0;stock;6.3;-0.01;6.3;-0.01;0.8;ESTAVEL
2017-11-29;1511913600000;MAPT3.SA;6.3;6.3;6.3;6.3;6.3;0;stock;6.3;-0.01;6.3;-0.01;0.8;ESTAVEL
2017-11-30;1512000000000;MAPT3.SA;6.3;6.3;6.3;6.3;6.3;0;stock;6.3;-0.01;6.3;-0.01;0.8;ESTAVEL
2017-12-01;1512086400000;MAPT3.SA;6.3;6.3;6.3;6.3;6.3;0;stock;6.3;-0.01;6.3;-0.01;0.8;ESTAVEL
2017-12-04;1512345600000;MAPT3.SA;6.3;6.3;6.3;6.3;6.3;0;stock;6.3;-0.01;6.3;-0.01;0.8;ESTAVEL
2017-12-05;1512432000000;MAPT3.SA;6.3;6.3;6.3;6.3;6.3;0;stock;6.3;-0.01;6.3;-0.01;0.8;ESTAVEL
2017-12-06;1512518400000;MAPT3.SA;6.3;6.3;6.3;6.3;6.3;0;stock;6.3;-0.01;6.3;-0.01;0.8;ESTAVEL
2017-12-07;1512604800000;MAPT3.SA;6.3;6.3;6.3;6.3;6.3;0;stock;6.3;-0.01;6.3;-0.01;0.8;ESTAVEL
2017-12-08;1512691200000;MAPT3.SA;6.3;6.3;6.3;6.3;6.3;0;stock;6.3;-0.01;6.3;-0.01;0.8;ESTAVEL
2017-12-11;1512950400000;MAPT3.SA;6.3;6.3;6.3;6.3;6.3;0;stock;6.3;-0.01;6.3;-0.01;0.8;ESTAVEL
2017-12-12;1513036800000;MAPT3.SA;6.3;6.3;6.3;6.3;6.3;0;stock;6.3;-0.01;6.3;-0.01;0.8;ESTAVEL
2017-12-13;1513123200000;MAPT3.SA;6.3;6.3;6.3;6.3;6.3;0;stock;6.3;-0.01;6.3;-0.01;0.8;ESTAVEL
2017-12-14;1513209600000;MAPT3.SA;6.3;6.3;6.3;6.3;6.3;0;stock;6.3;-0.01;6.3;-0.01;0.8;ESTAVEL
2017-12-15;1513296000000;MAPT3.SA;6.3;6.3;6.3;6.3;6.3;0;stock;6.3;-0.01;6.3;-0.01;0.8;ESTAVEL
2017-12-18;1513555200000;MAPT3.SA;6.3;6.3;6.3;6.3;6.3;0;stock;6.3;-0.01;6.3;-0.01;0.8;ESTAVEL
2017-12-19;1513641600000;MAPT3.SA;6.3;6.3;6.3;6.3;6.3;0;stock;6.3;-0.01;6.3;-0.01;0.8;ESTAVEL
2017-12-20;1513728000000;MAPT3.SA;6.3;6.3;6.3;6.3;6.3;0;stock;6.3;-0.01;6.3;-0.01;0.8;ESTAVEL
2017-12-21;1513814400000;MAPT3.SA;6.3;6.3;6.3;6.3;6.3;0;stock;6.3;-0.01;6.3;-0.01;0.8;ESTAVEL
2017-12-22;1513900800000;MAPT3.SA;6.3;6.3;6.3;6.3;6.3;0;stock;6.3;-0.01;6.3;-0.01;0.8;ESTAVEL
2017-12-25;1514160000000;MAPT3.SA;6.3;6.3;6.3;6.3;6.3;0;stock;6.3;-0.01;6.3;-0.01;0.8;ESTAVEL
2017-12-26;1514246400000;MAPT3.SA;6.3;6.3;6.3;6.3;6.3;0;stock;6.3;-0.01;6.3;-0.01;0.8;ESTAVEL
2017-12-27;1514332800000;MAPT3.SA;6.3;6.3;6.3;6.3;6.3;0;stock;6.3;-0.01;6.3;-0.01;0.8;ESTAVEL
2017-12-28;1514419200000;MAPT3.SA;6.3;6.3;6.3;6.3;6.3;0;stock;6.3;-0.01;6.3;-0.01;0.8;ESTAVEL
2017-12-29;1514505600000;MAPT3.SA;6.3;6.3;6.3;6.3;6.3;0;stock;6.3;-0.01;6.3;-0.01;0.8;ESTAVEL
2018-01-02;1514851200000;MAPT3.SA;6.3;6.3;6.3;6.3;6.3;0;stock;6.3;-0.01;6.3;-0.01;0.8;ESTAVEL
2018-01-03;1514937600000;MAPT3.SA;6.3;6.3;6.3;6.3;6.3;0;stock;6.3;-0.01;6.3;-0.01;0.8;ESTAVEL
2018-01-04;1515024000000;MAPT3.SA;6.3;6.3;6.3;6.3;6.3;0;stock;6.3;-0.01;6.3;-0.01;0.8;ESTAVEL
2018-01-05;1515110400000;MAPT3.SA;6.3;6.3;6.3;6.3;6.3;0;stock;6.3;-0.01;6.3;-0.01;0.8;ESTAVEL
2018-01-08;1515369600000;MAPT3.SA;6.3;6.3;6.3;6.3;6.3;0;stock;6.3;-0.01;6.3;-0.01;0.8;ESTAVEL
2018-01-09;1515456000000;MAPT3.SA;6.3;6.3;6.3;6.3;6.3;0;stock;6.3;-0.01;6.3;-0.01;0.8;ESTAVEL
2018-01-10;1515542400000;MAPT3.SA;6.3;6.3;6.3;6.3;6.3;0;stock;6.3;-0.01;6.3;-0.01;0.8;ESTAVEL
2018-01-11;1515628800000;MAPT3.SA;6.3;6.3;6.3;6.3;6.3;0;stock;6.3;-0.01;6.3;-0.01;0.8;ESTAVEL
2018-01-12;1515715200000;MAPT3.SA;6.3;6.3;6.3;6.3;6.3;0;stock;6.3;-0.01;6.3;-0.01;0.8;ESTAVEL
2018-01-15;1515974400000;MAPT3.SA;6.3;6.3;6.3;6.3;6.3;0;stock;6.3;-0.01;6.3;-0.01;0.8;ESTAVEL
2018-01-16;1516060800000;MAPT3.SA;6.3;6.3;6.3;6.3;6.3;0;stock;6.3;-0.01;6.3;-0.01;0.8;ESTAVEL
2018-01-17;1516147200000;MAPT3.SA;6.3;6.3;6.3;6.3;6.3;0;stock;6.3;-0.01;6.3;-0.01;0.8;ESTAVEL
2018-01-18;1516233600000;MAPT3.SA;6.3;6.3;6.3;6.3;6.3;0;stock;6.3;-0.01;6.3;-0.01;0.8;ESTAVEL
2018-01-19;1516320000000;MAPT3.SA;6.3;6.3;6.3;6.3;6.3;0;stock;6.3;-0.01;6.3;-0.01;0.8;ESTAVEL
2018-01-22;1516579200000;MAPT3.SA;6.3;6.3;6.3;6.3;6.3;0;stock;6.3;-0.01;6.3;-0.01;0.8;ESTAVEL
2018-01-23;1516665600000;MAPT3.SA;6.3;6.3;6.3;6.3;6.3;0;stock;6.3;-0.01;6.3;-0.01;0.8;ESTAVEL
2018-01-24;1516752000000;MAPT3.SA;6.3;6.3;6.3;6.3;6.3;0;stock;6.3;-0.01;6.3;-0.01;0.8;ESTAVEL
2018-01-25;1516838400000;MAPT3.SA;6.3;6.3;6.3;6.3;6.3;0;stock;6.3;-0.01;6.3;-0.01;0.8;ESTAVEL
2018-01-26;1516924800000;MAPT3.SA;6.3;6.3;6.3;6.3;6.3;0;stock;6.3;-0.01;6.3;-0.01;0.8;ESTAVEL
2018-01-29;1517184000000;MAPT3.SA;6.3;6.3;6.3;6.3;6.3;0;stock;6.3;-0.01;6.3;-0.01;0.8;ESTAVEL
2018-01-30;1517270400000;MAPT3.SA;6.3;6.3;6.3;6.3;6.3;0;stock;6.3;-0.01;6.3;-0.01;0.8;ESTAVEL
2018-01-31;1517356800000;MAPT3.SA;6.3;6.3;6.3;6.3;6.3;0;stock;6.3;-0.01;6.3;-0.01;0.8;ESTAVEL
2018-02-01;1517443200000;MAPT3.SA;6.3;6.3;6.3;6.3;6.3;0;stock;6.3;-0.01;6.3;-0.01;0.8;ESTAVEL
2018-02-02;1517529600000;MAPT3.SA;6.3;6.3;6.3;6.3;6.3;0;stock;6.3;-0.01;6.3;-0.01;0.8;ESTAVEL
2018-02-05;1517788800000;MAPT3.SA;6.3;6.3;6.3;6.3;6.3;0;stock;6.3;-0.01;6.3;-0.01;0.8;ESTAVEL
2018-02-06;1517875200000;MAPT3.SA;6.3;6.3;6.3;6.3;6.3;0;stock;6.3;-0.01;6.3;-0.01;0.8;ESTAVEL
2018-02-07;1517961600000;MAPT3.SA;6.3;6.3;6.3;6.3;6.3;0;stock;6.3;-0.01;6.3;-0.01;0.8;ESTAVEL
2018-02-08;1518048000000;MAPT3.SA;6.3;6.3;6.3;6.3;6.3;0;stock;6.3;-0.01;6.3;-0.01;0.8;ESTAVEL
2018-02-09;1518134400000;MAPT3.SA;6.3;6.3;6.3;6.3;6.3;0;stock;6.3;-0.01;6.3;-0.01;0.8;ESTAVEL
2018-02-14;1518566400000;MAPT3.SA;6.3;6.3;6.3;6.3;6.3;0;stock;6.3;-0.01;6.3;-0.01;0.8;ESTAVEL
2018-02-15;1518652800000;MAPT3.SA;6.3;6.3;6.3;6.3;6.3;0;stock;6.3;-0.01;6.3;-0.01;0.8;ESTAVEL
2018-02-16;1518739200000;MAPT3.SA;6.3;6.3;6.3;6.3;6.3;0;stock;6.3;-0.01;6.3;-0.01;0.8;ESTAVEL
2018-02-19;1518998400000;MAPT3.SA;6.3;6.3;6.3;6.3;6.3;0;stock;6.3;-0.01;6.3;-0.01;0.8;ESTAVEL
2018-02-20;1519084800000;MAPT3.SA;6.3;6.3;6.3;6.3;6.3;0;stock;6.3;-0.01;6.3;-0.01;0.8;ESTAVEL
2018-02-21;1519171200000;MAPT3.SA;6.3;6.3;6.3;6.3;6.3;0;stock;6.3;-0.0;6.3;-0.0;0.8;ESTAVEL
2018-02-22;1519257600000;MAPT3.SA;6.3;6.3;6.3;6.3;6.3;0;stock;6.3;-0.0;6.3;-0.0;0.8;ESTAVEL
2018-02-23;1519344000000;MAPT3.SA;6.3;6.3;6.3;6.3;6.3;0;stock;6.3;-0.0;6.3;-0.0;0.8;ESTAVEL
2018-02-26;1519603200000;MAPT3.SA;6.3;6.3;6.3;6.3;6.3;0;stock;6.3;-0.0;6.3;-0.0;0.8;ESTAVEL
2018-02-27;1519689600000;MAPT3.SA;6.3;6.3;6.3;6.3;6.3;0;stock;6.3;-0.0;6.3;-0.0;0.8;ESTAVEL
2018-02-28;1519776000000;MAPT3.SA;6.3;6.3;6.3;6.3;6.3;0;stock;6.3;-0.0;6.3;-0.0;0.8;ESTAVEL
2018-03-01;1519862400000;MAPT3.SA;6.3;6.3;6.3;6.3;6.3;0;stock;6.3;-0.0;6.3;-0.0;0.8;ESTAVEL
2018-03-02;1519948800000;MAPT3.SA;6.3;6.3;6.3;6.3;6.3;0;stock;6.3;-0.0;6.3;-0.0;0.8;ESTAVEL
2018-03-05;1520208000000;MAPT3.SA;6.3;6.3;6.3;6.3;6.3;0;stock;6.3;-0.0;6.3;-0.0;0.8;ESTAVEL
2018-03-06;1520294400000;MAPT3.SA;6.3;6.3;6.3;6.3;6.3;0;stock;6.3;-0.0;6.3;-0.0;0.8;ESTAVEL
2018-03-07;1520380800000;MAPT3.SA;6.3;6.3;6.3;6.3;6.3;0;stock;6.3;-0.0;6.3;-0.0;0.8;ESTAVEL
2018-03-08;1520467200000;MAPT3.SA;6.3;6.3;6.3;6.3;6.3;0;stock;6.3;-0.0;6.3;-0.0;0.8;ESTAVEL
2018-03-09;1520553600000;MAPT3.SA;6.3;6.3;6.3;6.3;6.3;0;stock;6.3;-0.0;6.3;-0.0;0.8;ESTAVEL
2018-03-12;1520812800000;MAPT3.SA;6.3;6.3;6.3;6.3;6.3;0;stock;6.3;-0.0;6.3;-0.0;0.8;ESTAVEL
2018-03-13;1520899200000;MAPT3.SA;6.3;6.3;6.3;6.3;6.3;0;stock;6.3;-0.0;6.3;-0.0;0.8;ESTAVEL
2018-03-14;1520985600000;MAPT3.SA;6.3;6.3;6.3;6.3;6.3;0;stock;6.3;-0.0;6.3;-0.0;0.8;ESTAVEL
2018-03-15;1521072000000;MAPT3.SA;6.3;6.3;6.3;6.3;6.3;0;stock;6.3;-0.0;6.3;-0.0;0.8;ESTAVEL
2018-03-16;1521158400000;MAPT3.SA;6.3;6.3;6.3;6.3;6.3;0;stock;6.3;-0.0;6.3;-0.0;0.8;ESTAVEL
2018-03-19;1521417600000;MAPT3.SA;6.3;6.3;6.3;6.3;6.3;0;stock;6.3;-0.0;6.3;-0.0;0.8;ESTAVEL
2018-03-20;1521504000000;MAPT3.SA;6.3;6.3;6.3;6.3;6.3;0;stock;6.3;-0.0;6.3;-0.0;0.8;ESTAVEL
2018-03-21;1521590400000;MAPT3.SA;6.3;6.3;6.3;6.3;6.3;0;stock;6.3;-0.0;6.3;-0.0;0.8;ESTAVEL
2018-03-22;1521676800000;MAPT3.SA;6.3;6.3;6.3;6.3;6.3;0;stock;6.3;-0.0;6.3;-0.0;0.8;ESTAVEL
2018-03-23;1521763200000;MAPT3.SA;6.3;6.3;6.3;6.3;6.3;0;stock;6.3;-0.0;6.3;-0.0;0.8;ESTAVEL
2018-03-26;1522022400000;MAPT3.SA;6.3;6.3;6.3;6.3;6.3;0;stock;6.3;-0.0;6.3;-0.0;0.8;ESTAVEL
2018-03-27;1522108800000;MAPT3.SA;6.3;6.3;6.3;6.3;6.3;0;stock;6.3;-0.0;6.3;-0.0;0.8;ESTAVEL
2018-03-28;1522195200000;MAPT3.SA;6.3;6.3;6.3;6.3;6.3;0;stock;6.3;-0.0;6.3;-0.0;0.8;ESTAVEL
2018-03-29;1522281600000;MAPT3.SA;6.3;6.3;6.3;6.3;6.3;0;stock;6.3;-0.0;6.3;-0.0;0.8;ESTAVEL
2018-04-02;1522627200000;MAPT3.SA;6.3;6.3;6.3;6.3;6.3;0;stock;6.3;-0.0;6.3;-0.0;0.8;ESTAVEL
2018-04-03;1522713600000;MAPT3.SA;6.3;6.3;6.3;6.3;6.3;0;stock;6.3;-0.0;6.3;-0.0;0.8;ESTAVEL
2018-04-04;1522800000000;MAPT3.SA;6.3;6.3;6.3;6.3;6.3;0;stock;6.3;-0.0;6.3;-0.0;0.8;ESTAVEL
2018-04-05;1522886400000;MAPT3.SA;6.3;6.3;6.3;6.3;6.3;0;stock;6.3;-0.0;6.3;-0.0;0.8;ESTAVEL
2018-04-06;1522972800000;MAPT3.SA;6.3;6.3;6.3;6.3;6.3;0;stock;6.3;-0.0;6.3;-0.0;0.8;ESTAVEL
2018-04-09;1523232000000;MAPT3.SA;6.3;6.3;6.3;6.3;6.3;0;stock;6.3;-0.0;6.3;-0.0;0.8;ESTAVEL
2018-04-10;1523318400000;MAPT3.SA;6.3;6.3;6.3;6.3;6.3;0;stock;6.3;-0.0;6.3;-0.0;0.8;ESTAVEL
2018-04-11;1523404800000;MAPT3.SA;6.3;6.3;6.3;6.3;6.3;0;stock;6.3;-0.0;6.3;-0.0;0.8;ESTAVEL
2018-04-12;1523491200000;MAPT3.SA;6.3;6.3;6.3;6.3;6.3;0;stock;6.3;-0.0;6.3;-0.0;0.8;ESTAVEL
2018-04-13;1523577600000;MAPT3.SA;6.3;6.3;6.3;6.3;6.3;0;stock;6.3;-0.0;6.3;-0.0;0.8;ESTAVEL
2018-04-16;1523836800000;MAPT3.SA;6.3;6.3;6.3;6.3;6.3;0;stock;6.3;-0.0;6.3;-0.0;0.8;ESTAVEL
2018-04-17;1523923200000;MAPT3.SA;6.3;6.3;6.3;6.3;6.3;0;stock;6.3;-0.0;6.3;-0.0;0.8;ESTAVEL
2018-04-18;1524009600000;MAPT3.SA;6.3;6.3;6.3;6.3;6.3;0;stock;6.3;-0.0;6.3;-0.0;0.8;ESTAVEL
2018-04-19;1524096000000;MAPT3.SA;6.3;6.3;6.3;6.3;6.3;0;stock;6.3;-0.0;6.3;-0.0;0.8;ESTAVEL
2018-04-20;1524182400000;MAPT3.SA;6.3;6.3;6.3;6.3;6.3;0;stock;6.3;-0.0;6.3;-0.0;0.8;ESTAVEL
2018-04-23;1524441600000;MAPT3.SA;6.3;6.3;6.3;6.3;6.3;0;stock;6.3;-0.0;6.3;-0.0;0.8;ESTAVEL
2018-04-24;1524528000000;MAPT3.SA;6.3;6.3;6.3;6.3;6.3;0;stock;6.3;-0.0;6.3;-0.0;0.8;ESTAVEL
2018-04-25;1524614400000;MAPT3.SA;6.3;6.3;6.3;6.3;6.3;0;stock;6.3;-0.0;6.3;-0.0;0.8;ESTAVEL
2018-04-26;1524700800000;MAPT3.SA;6.3;6.3;6.3;6.3;6.3;0;stock;6.3;-0.0;6.3;-0.0;0.8;ESTAVEL
2018-04-27;1524787200000;MAPT3.SA;6.3;6.3;6.3;6.3;6.3;0;stock;6.3;-0.0;6.3;-0.0;0.8;ESTAVEL
2018-04-30;1525046400000;MAPT3.SA;6.3;6.3;6.3;6.3;6.3;0;stock;6.3;-0.0;6.3;-0.0;0.8;ESTAVEL
2018-05-02;1525219200000;MAPT3.SA;6.3;6.3;6.3;6.3;6.3;0;stock;6.3;-0.0;6.3;-0.0;0.8;ESTAVEL
2018-05-03;1525305600000;MAPT3.SA;6.3;6.3;6.3;6.3;6.3;0;stock;6.3;-0.0;6.3;-0.0;0.8;ESTAVEL
2018-05-04;1525392000000;MAPT3.SA;6.3;6.3;6.3;6.3;6.3;0;stock;6.3;-0.0;6.3;-0.0;0.8;ESTAVEL
2018-05-07;1525651200000;MAPT3.SA;6.3;6.3;6.3;6.3;6.3;0;stock;6.3;-0.0;6.3;-0.0;0.8;ESTAVEL
2018-05-08;1525737600000;MAPT3.SA;6.3;6.3;6.3;6.3;6.3;0;stock;6.3;-0.0;6.3;-0.0;0.8;ESTAVEL
2018-05-09;1525824000000;MAPT3.SA;6.3;6.3;6.3;6.3;6.3;0;stock;6.3;-0.0;6.3;-0.0;0.8;ESTAVEL
2018-05-10;1525910400000;MAPT3.SA;6.3;6.3;6.3;6.3;6.3;0;stock;6.3;-0.0;6.3;-0.0;0.8;ESTAVEL
2018-05-11;1525996800000;MAPT3.SA;6.3;6.3;6.3;6.3;6.3;0;stock;6.3;-0.0;6.3;-0.0;0.8;ESTAVEL
2018-05-14;1526256000000;MAPT3.SA;6.3;6.3;6.3;6.3;6.3;0;stock;6.3;-0.0;6.3;-0.0;0.8;ESTAVEL
2018-05-15;1526342400000;MAPT3.SA;6.3;6.3;6.3;6.3;6.3;0;stock;6.3;-0.0;6.3;-0.0;0.8;ESTAVEL
2018-05-16;1526428800000;MAPT3.SA;6.3;6.3;6.3;6.3;6.3;0;stock;6.3;-0.0;6.3;-0.0;0.8;ESTAVEL
2018-05-17;1526515200000;MAPT3.SA;6.3;6.3;6.3;6.3;6.3;0;stock;6.3;-0.0;6.3;-0.0;0.8;ESTAVEL
2018-05-18;1526601600000;MAPT3.SA;6.3;6.3;6.3;6.3;6.3;0;stock;6.3;-0.0;6.3;-0.0;0.8;ESTAVEL
2018-05-21;1526860800000;MAPT3.SA;6.3;6.3;6.3;6.3;6.3;0;stock;6.3;-0.0;6.3;-0.0;0.8;ESTAVEL
2018-05-22;1526947200000;MAPT3.SA;6.3;6.3;6.3;6.3;6.3;0;stock;6.3;-0.0;6.3;-0.0;0.8;ESTAVEL
2018-05-23;1527033600000;MAPT3.SA;6.3;6.3;6.3;6.3;6.3;0;stock;6.3;-0.0;6.3;-0.0;0.8;ESTAVEL
2018-05-24;1527120000000;MAPT3.SA;6.3;6.3;6.3;6.3;6.3;0;stock;6.3;-0.0;6.3;-0.0;0.8;ESTAVEL
2018-05-25;1527206400000;MAPT3.SA;6.3;6.3;6.3;6.3;6.3;0;stock;6.3;-0.0;6.3;-0.0;0.8;ESTAVEL
2018-05-28;1527465600000;MAPT3.SA;6.3;6.3;6.3;6.3;6.3;0;stock;6.3;-0.0;6.3;-0.0;0.8;ESTAVEL
2018-05-29;1527552000000;MAPT3.SA;6.3;6.3;6.3;6.3;6.3;0;stock;6.3;-0.0;6.3;-0.0;0.8;ESTAVEL
2018-05-30;1527638400000;MAPT3.SA;6.3;6.3;6.3;6.3;6.3;0;stock;6.3;-0.0;6.3;-0.0;0.8;ESTAVEL
2018-06-01;1527811200000;MAPT3.SA;6.3;6.3;6.3;6.3;6.3;0;stock;6.3;-0.0;6.3;-0.0;0.8;ESTAVEL
2018-06-04;1528070400000;MAPT3.SA;6.3;6.3;6.3;6.3;6.3;0;stock;6.3;-0.0;6.3;-0.0;0.8;ESTAVEL
2018-06-05;1528156800000;MAPT3.SA;6.3;6.3;6.3;6.3;6.3;0;stock;6.3;-0.0;6.3;-0.0;0.8;ESTAVEL
2018-06-06;1528243200000;MAPT3.SA;6.3;6.3;6.3;6.3;6.3;0;stock;6.3;-0.0;6.3;-0.0;0.8;ESTAVEL
2018-06-07;1528329600000;MAPT3.SA;6.3;6.3;6.3;6.3;6.3;0;stock;6.3;-0.0;6.3;-0.0;0.8;ESTAVEL
2018-06-08;1528416000000;MAPT3.SA;6.3;6.3;6.3;6.3;6.3;0;stock;6.3;-0.0;6.3;-0.0;0.8;ESTAVEL
2018-06-11;1528675200000;MAPT3.SA;6.3;6.3;6.3;6.3;6.3;0;stock;6.3;-0.0;6.3;-0.0;0.8;ESTAVEL
2018-06-12;1528761600000;MAPT3.SA;6.3;6.3;6.3;6.3;6.3;0;stock;6.3;-0.0;6.3;-0.0;0.8;ESTAVEL
2018-06-13;1528848000000;MAPT3.SA;6.3;6.3;6.3;6.3;6.3;0;stock;6.3;-0.0;6.3;-0.0;0.8;ESTAVEL
2018-06-14;1528934400000;MAPT3.SA;6.3;6.3;6.3;6.3;6.3;0;stock;6.3;-0.0;6.3;-0.0;0.8;ESTAVEL
2018-06-15;1529020800000;MAPT3.SA;6.3;6.3;6.3;6.3;6.3;0;stock;6.3;-0.0;6.3;-0.0;0.8;ESTAVEL
2018-06-18;1529280000000;MAPT3.SA;6.3;6.3;6.3;6.3;6.3;0;stock;6.3;-0.0;6.3;-0.0;0.8;ESTAVEL
2018-06-19;1529366400000;MAPT3.SA;6.3;6.3;6.3;6.3;6.3;0;stock;6.3;-0.0;6.3;-0.0;0.8;ESTAVEL
2018-06-20;1529452800000;MAPT3.SA;6.3;6.3;6.3;6.3;6.3;0;stock;6.3;-0.0;6.3;-0.0;0.8;ESTAVEL
2018-06-21;1529539200000;MAPT3.SA;6.3;6.3;6.3;6.3;6.3;0;stock;6.3;-0.0;6.3;-0.0;0.8;ESTAVEL
2018-06-22;1529625600000;MAPT3.SA;6.3;6.3;6.3;6.3;6.3;0;stock;6.3;-0.0;6.3;-0.0;0.8;ESTAVEL
2018-06-25;1529884800000;MAPT3.SA;6.3;6.3;6.3;6.3;6.3;0;stock;6.3;-0.0;6.3;-0.0;0.8;ESTAVEL
2018-06-26;1529971200000;MAPT3.SA;6.3;6.3;6.3;6.3;6.3;0;stock;6.3;-0.0;6.3;-0.0;0.8;ESTAVEL
2018-06-27;1530057600000;MAPT3.SA;6.3;6.3;6.3;6.3;6.3;0;stock;6.3;-0.0;6.3;-0.0;0.8;ESTAVEL
2018-06-28;1530144000000;MAPT3.SA;6.3;6.3;6.3;6.3;6.3;0;stock;6.3;-0.0;6.3;-0.0;0.8;ESTAVEL
2018-06-29;1530230400000;MAPT3.SA;6.3;6.3;6.3;6.3;6.3;0;stock;6.3;-0.0;6.3;-0.0;0.8;ESTAVEL
2018-07-02;1530489600000;MAPT3.SA;6.3;6.3;6.3;6.3;6.3;0;stock;6.3;-0.0;6.3;-0.0;0.8;ESTAVEL
2018-07-03;1530576000000;MAPT3.SA;6.3;6.3;6.3;6.3;6.3;0;stock;6.3;-0.0;6.3;-0.0;0.8;ESTAVEL
2018-07-04;1530662400000;MAPT3.SA;6.3;6.3;6.3;6.3;6.3;0;stock;6.3;-0.0;6.3;-0.0;0.8;ESTAVEL
2018-07-05;1530748800000;MAPT3.SA;6.3;6.3;6.3;6.3;6.3;0;stock;6.3;-0.0;6.3;-0.0;0.8;ESTAVEL
2018-07-06;1530835200000;MAPT3.SA;6.3;6.3;6.3;6.3;6.3;0;stock;6.3;-0.0;6.3;-0.0;0.8;ESTAVEL
2018-07-10;1531180800000;MAPT3.SA;6.3;6.3;6.3;6.3;6.3;0;stock;6.3;-0.0;6.3;-0.0;0.8;ESTAVEL
2018-07-11;1531267200000;MAPT3.SA;6.3;6.3;6.3;6.3;6.3;0;stock;6.3;-0.0;6.3;-0.0;0.8;ESTAVEL
2018-07-12;1531353600000;MAPT3.SA;6.3;6.3;6.3;6.3;6.3;0;stock;6.3;-0.0;6.3;-0.0;0.8;ESTAVEL
2018-07-13;1531440000000;MAPT3.SA;6.3;6.3;6.3;6.3;6.3;0;stock;6.3;-0.0;6.3;-0.0;0.8;ESTAVEL
2018-07-16;1531699200000;MAPT3.SA;6.3;6.3;6.3;6.3;6.3;0;stock;6.3;-0.0;6.3;-0.0;0.8;ESTAVEL
2018-07-17;1531785600000;MAPT3.SA;6.3;6.3;6.3;6.3;6.3;0;stock;6.3;-0.0;6.3;-0.0;0.8;ESTAVEL
2018-07-18;1531872000000;MAPT3.SA;6.3;6.3;6.3;6.3;6.3;0;stock;6.3;-0.0;6.3;-0.0;0.8;ESTAVEL
2018-07-19;1531958400000;MAPT3.SA;6.3;6.3;6.3;6.3;6.3;0;stock;6.3;-0.0;6.3;-0.0;0.8;ESTAVEL
2018-07-20;1532044800000;MAPT3.SA;6.3;6.3;6.3;6.3;6.3;0;stock;6.3;-0.0;6.3;-0.0;0.8;ESTAVEL
2018-07-23;1532304000000;MAPT3.SA;6.3;6.3;6.3;6.3;6.3;0;stock;6.3;-0.0;6.3;-0.0;0.8;ESTAVEL
2018-07-24;1532390400000;MAPT3.SA;6.3;6.3;6.3;6.3;6.3;0;stock;6.3;-0.0;6.3;-0.0;0.8;ESTAVEL
2018-07-25;1532476800000;MAPT3.SA;6.3;6.3;6.3;6.3;6.3;0;stock;6.3;-0.0;6.3;-0.0;0.8;ESTAVEL
2018-07-26;1532563200000;MAPT3.SA;6.3;6.3;6.3;6.3;6.3;0;stock;6.3;-0.0;6.3;-0.0;0.8;ESTAVEL
2018-07-27;1532649600000;MAPT3.SA;6.3;6.3;6.3;6.3;6.3;0;stock;6.3;-0.0;6.3;-0.0;0.8;ESTAVEL
2018-07-30;1532908800000;MAPT3.SA;6.3;6.3;6.3;6.3;6.3;0;stock;6.3;-0.0;6.3;-0.0;0.8;ESTAVEL
2018-07-31;1532995200000;MAPT3.SA;6.3;6.3;6.3;6.3;6.3;0;stock;6.3;-0.0;6.3;-0.0;0.8;ESTAVEL
2018-08-01;1533081600000;MAPT3.SA;6.3;6.3;6.3;6.3;6.3;0;stock;6.3;-0.0;6.3;-0.0;0.8;ESTAVEL
2018-08-02;1533168000000;MAPT3.SA;6.3;6.3;6.3;6.3;6.3;0;stock;6.3;-0.0;6.3;-0.0;0.8;ESTAVEL
2018-08-03;1533254400000;MAPT3.SA;6.3;6.3;6.3;6.3;6.3;0;stock;6.3;-0.0;6.3;-0.0;0.8;ESTAVEL
2018-08-06;1533513600000;MAPT3.SA;6.3;6.3;6.3;6.3;6.3;0;stock;6.3;-0.0;6.3;-0.0;0.8;ESTAVEL
2018-08-07;1533600000000;MAPT3.SA;6.3;6.3;6.3;6.3;6.3;0;stock;6.3;-0.0;6.3;-0.0;0.8;ESTAVEL
2018-08-08;1533686400000;MAPT3.SA;6.3;6.3;6.3;6.3;6.3;0;stock;6.3;-0.0;6.3;-0.0;0.8;ESTAVEL
2018-08-09;1533772800000;MAPT3.SA;6.3;6.3;6.3;6.3;6.3;0;stock;6.3;-0.0;6.3;-0.0;0.8;ESTAVEL
2018-08-10;1533859200000;MAPT3.SA;6.3;6.3;6.3;6.3;6.3;0;stock;6.3;-0.0;6.3;-0.0;0.8;ESTAVEL
2018-08-13;1534118400000;MAPT3.SA;6.3;6.3;6.3;6.3;6.3;0;stock;6.3;-0.0;6.3;-0.0;0.8;ESTAVEL
2018-08-14;1534204800000;MAPT3.SA;6.3;6.3;6.3;6.3;6.3;0;stock;6.3;-0.0;6.3;-0.0;0.8;ESTAVEL
2018-08-15;1534291200000;MAPT3.SA;6.3;6.3;6.3;6.3;6.3;0;stock;6.3;-0.0;6.3;-0.0;0.8;ESTAVEL
2018-08-16;1534377600000;MAPT3.SA;6.3;6.3;6.3;6.3;6.3;0;stock;6.3;-0.0;6.3;-0.0;0.8;ESTAVEL
2018-08-17;1534464000000;MAPT3.SA;6.3;6.3;6.3;6.3;6.3;0;stock;6.3;-0.0;6.3;-0.0;0.8;ESTAVEL
2018-08-20;1534723200000;MAPT3.SA;6.3;6.3;6.3;6.3;6.3;0;stock;6.3;-0.0;6.3;-0.0;0.8;ESTAVEL
2018-08-21;1534809600000;MAPT3.SA;6.3;6.3;6.3;6.3;6.3;0;stock;6.3;-0.0;6.3;-0.0;0.8;ESTAVEL
2018-08-22;1534896000000;MAPT3.SA;6.3;6.3;6.3;6.3;6.3;0;stock;6.3;-0.0;6.3;-0.0;0.8;ESTAVEL
2018-08-23;1534982400000;MAPT3.SA;6.3;6.3;6.3;6.3;6.3;0;stock;6.3;-0.0;6.3;-0.0;0.8;ESTAVEL
2018-08-24;1535068800000;MAPT3.SA;6.3;6.3;6.3;6.3;6.3;0;stock;6.3;-0.0;6.3;-0.0;0.8;ESTAVEL
2018-08-27;1535328000000;MAPT3.SA;6.3;6.3;6.3;6.3;6.3;0;stock;6.3;-0.0;6.3;-0.0;0.8;ESTAVEL
2018-08-28;1535414400000;MAPT3.SA;6.3;6.3;6.3;6.3;6.3;0;stock;6.3;-0.0;6.3;-0.0;0.8;ESTAVEL
2018-08-29;1535500800000;MAPT3.SA;6.3;6.3;6.3;6.3;6.3;0;stock;6.3;-0.0;6.3;-0.0;0.8;ESTAVEL
2018-08-30;1535587200000;MAPT3.SA;6.3;6.3;6.3;6.3;6.3;0;stock;6.3;-0.0;6.3;-0.0;0.8;ESTAVEL
2018-08-31;1535673600000;MAPT3.SA;6.3;6.3;6.3;6.3;6.3;0;stock;6.3;-0.0;6.3;-0.0;0.8;ESTAVEL
2018-09-03;1535932800000;MAPT3.SA;6.3;6.3;6.3;6.3;6.3;0;stock;6.3;-0.0;6.3;-0.0;0.8;ESTAVEL
2018-09-04;1536019200000;MAPT3.SA;6.3;6.3;6.3;6.3;6.3;0;stock;6.3;-0.0;6.3;-0.0;0.8;ESTAVEL
2018-09-05;1536105600000;MAPT3.SA;6.3;6.3;6.3;6.3;6.3;0;stock;6.3;-0.0;6.3;-0.0;0.8;ESTAVEL
2018-09-06;1536192000000;MAPT3.SA;6.3;6.3;6.3;6.3;6.3;0;stock;6.3;-0.0;6.3;-0.0;0.8;ESTAVEL
2018-09-10;1536537600000;MAPT3.SA;6.3;6.3;6.3;6.3;6.3;0;stock;6.3;-0.0;6.3;-0.0;0.8;ESTAVEL
2018-09-11;1536624000000;MAPT3.SA;6.3;6.3;6.3;6.3;6.3;0;stock;6.3;-0.0;6.3;-0.0;0.8;ESTAVEL
2018-09-12;1536710400000;MAPT3.SA;6.3;6.3;6.3;6.3;6.3;0;stock;6.3;-0.0;6.3;-0.0;0.8;ESTAVEL
2018-09-13;1536796800000;MAPT3.SA;6.3;6.3;6.3;6.3;6.3;0;stock;6.3;-0.0;6.3;-0.0;0.8;ESTAVEL
2018-09-14;1536883200000;MAPT3.SA;6.3;6.3;6.3;6.3;6.3;0;stock;6.3;-0.0;6.3;-0.0;0.8;ESTAVEL
2018-09-17;1537142400000;MAPT3.SA;6.3;6.3;6.3;6.3;6.3;0;stock;6.3;-0.0;6.3;-0.0;0.8;ESTAVEL
2018-09-18;1537228800000;MAPT3.SA;6.3;6.3;6.3;6.3;6.3;0;stock;6.3;-0.0;6.3;-0.0;0.8;ESTAVEL
2018-09-19;1537315200000;MAPT3.SA;6.3;6.3;6.3;6.3;6.3;0;stock;6.3;-0.0;6.3;-0.0;0.8;ESTAVEL
2018-09-20;1537401600000;MAPT3.SA;6.3;6.3;6.3;6.3;6.3;0;stock;6.3;-0.0;6.3;-0.0;0.8;ESTAVEL
2018-09-21;1537488000000;MAPT3.SA;6.3;6.3;6.3;6.3;6.3;0;stock;6.3;-0.0;6.3;-0.0;0.8;ESTAVEL
2018-09-24;1537747200000;MAPT3.SA;6.3;6.3;6.3;6.3;6.3;0;stock;6.3;-0.0;6.3;-0.0;0.8;ESTAVEL
2018-09-25;1537833600000;MAPT3.SA;6.3;6.3;6.3;6.3;6.3;0;stock;6.3;-0.0;6.3;-0.0;0.8;ESTAVEL
2018-09-26;1537920000000;MAPT3.SA;6.3;6.3;6.3;6.3;6.3;0;stock;6.3;-0.0;6.3;-0.0;0.8;ESTAVEL
2018-09-27;1538006400000;MAPT3.SA;6.3;6.3;6.3;6.3;6.3;0;stock;6.3;-0.0;6.3;-0.0;0.8;ESTAVEL
2018-09-28;1538092800000;MAPT3.SA;6.3;6.3;6.3;6.3;6.3;0;stock;6.3;-0.0;6.3;-0.0;0.8;ESTAVEL
2018-10-01;1538352000000;MAPT3.SA;6.3;6.3;6.3;6.3;6.3;0;stock;6.3;-0.0;6.3;-0.0;0.8;ESTAVEL
2018-10-02;1538438400000;MAPT3.SA;6.3;6.3;6.3;6.3;6.3;0;stock;6.3;-0.0;6.3;-0.0;0.8;ESTAVEL
2018-10-03;1538524800000;MAPT3.SA;6.3;6.3;6.3;6.3;6.3;0;stock;6.3;-0.0;6.3;-0.0;0.8;ESTAVEL
2018-10-04;1538611200000;MAPT3.SA;6.3;6.3;6.3;6.3;6.3;0;stock;6.3;-0.0;6.3;-0.0;0.8;ESTAVEL
2018-10-05;1538697600000;MAPT3.SA;6.3;6.3;6.3;6.3;6.3;0;stock;6.3;-0.0;6.3;-0.0;0.8;ESTAVEL
2018-10-08;1538956800000;MAPT3.SA;6.3;6.3;6.3;6.3;6.3;0;stock;6.3;-0.0;6.3;-0.0;0.8;ESTAVEL
2018-10-09;1539043200000;MAPT3.SA;6.3;6.3;6.3;6.3;6.3;0;stock;6.3;-0.0;6.3;-0.0;0.8;ESTAVEL
2018-10-10;1539129600000;MAPT3.SA;6.3;6.3;6.3;6.3;6.3;0;stock;6.3;-0.0;6.3;-0.0;0.8;ESTAVEL
2018-10-11;1539216000000;MAPT3.SA;6.3;6.3;6.3;6.3;6.3;0;stock;6.3;-0.0;6.3;-0.0;0.8;ESTAVEL
2018-10-15;1539561600000;MAPT3.SA;6.3;6.3;6.3;6.3;6.3;0;stock;6.3;-0.0;6.3;-0.0;0.8;ESTAVEL
2018-10-16;1539648000000;MAPT3.SA;6.3;6.3;6.3;6.3;6.3;0;stock;6.3;-0.0;6.3;-0.0;0.8;ESTAVEL
2018-10-17;1539734400000;MAPT3.SA;6.3;6.3;6.3;6.3;6.3;0;stock;6.3;-0.0;6.3;-0.0;0.8;ESTAVEL
2018-10-18;1539820800000;MAPT3.SA;6.3;6.3;6.3;6.3;6.3;0;stock;6.3;-0.0;6.3;-0.0;0.8;ESTAVEL
2018-10-19;1539907200000;MAPT3.SA;6.3;6.3;6.3;6.3;6.3;0;stock;6.3;-0.0;6.3;-0.0;0.8;ESTAVEL
2018-10-22;1540166400000;MAPT3.SA;6.3;6.3;6.3;6.3;6.3;0;stock;6.3;-0.0;6.3;-0.0;0.8;ESTAVEL
2018-10-23;1540252800000;MAPT3.SA;6.3;6.3;6.3;6.3;6.3;0;stock;6.3;-0.0;6.3;-0.0;0.8;ESTAVEL
2018-10-24;1540339200000;MAPT3.SA;6.3;6.3;6.3;6.3;6.3;0;stock;6.3;-0.0;6.3;-0.0;0.8;ESTAVEL
2018-10-25;1540425600000;MAPT3.SA;6.3;6.3;6.3;6.3;6.3;0;stock;6.3;-0.0;6.3;-0.0;0.8;ESTAVEL
2018-10-26;1540512000000;MAPT3.SA;6.3;6.3;6.3;6.3;6.3;0;stock;6.3;-0.0;6.3;-0.0;0.8;ESTAVEL
2018-10-29;1540771200000;MAPT3.SA;6.3;6.3;6.3;6.3;6.3;0;stock;6.3;-0.0;6.3;-0.0;0.8;ESTAVEL
2018-10-30;1540857600000;MAPT3.SA;6.3;6.3;6.3;6.3;6.3;0;stock;6.3;-0.0;6.3;-0.0;0.8;ESTAVEL
2018-10-31;1540944000000;MAPT3.SA;6.3;6.3;6.3;6.3;6.3;0;stock;6.3;-0.0;6.3;-0.0;0.8;ESTAVEL
2018-11-01;1541030400000;MAPT3.SA;6.3;6.3;6.3;6.3;6.3;0;stock;6.3;-0.0;6.3;-0.0;0.8;ESTAVEL
2018-11-05;1541376000000;MAPT3.SA;6.3;6.3;6.3;6.3;6.3;0;stock;6.3;-0.0;6.3;-0.0;0.8;ESTAVEL
2018-11-06;1541462400000;MAPT3.SA;6.3;6.3;6.3;6.3;6.3;0;stock;6.3;-0.0;6.3;-0.0;0.8;ESTAVEL
2018-11-07;1541548800000;MAPT3.SA;6.3;6.3;6.3;6.3;6.3;0;stock;6.3;-0.0;6.3;-0.0;0.8;ESTAVEL
2018-11-08;1541635200000;MAPT3.SA;6.3;6.3;6.3;6.3;6.3;0;stock;6.3;-0.0;6.3;-0.0;0.8;ESTAVEL
2018-11-09;1541721600000;MAPT3.SA;6.3;6.3;6.3;6.3;6.3;0;stock;6.3;-0.0;6.3;-0.0;0.8;ESTAVEL
2018-11-12;1541980800000;MAPT3.SA;6.3;6.3;6.3;6.3;6.3;0;stock;6.3;-0.0;6.3;-0.0;0.8;ESTAVEL
2018-11-13;1542067200000;MAPT3.SA;6.3;6.3;6.3;6.3;6.3;0;stock;6.3;-0.0;6.3;-0.0;0.8;ESTAVEL
2018-11-14;1542153600000;MAPT3.SA;6.3;6.3;6.3;6.3;6.3;0;stock;6.3;-0.0;6.3;-0.0;0.8;ESTAVEL
2018-11-16;1542326400000;MAPT3.SA;6.3;6.3;6.3;6.3;6.3;0;stock;6.3;-0.0;6.3;-0.0;0.8;ESTAVEL
2018-11-19;1542585600000;MAPT3.SA;6.3;6.3;6.3;6.3;6.3;0;stock;6.3;-0.0;6.3;-0.0;0.8;ESTAVEL
2018-11-21;1542758400000;MAPT3.SA;6.3;6.3;6.3;6.3;6.3;0;stock;6.3;-0.0;6.3;-0.0;0.8;ESTAVEL
2018-11-22;1542844800000;MAPT3.SA;6.3;6.3;6.3;6.3;6.3;0;stock;6.3;-0.0;6.3;-0.0;0.8;ESTAVEL
2018-11-23;1542931200000;MAPT3.SA;6.3;6.3;6.3;6.3;6.3;0;stock;6.3;-0.0;6.3;-0.0;0.8;ESTAVEL
2018-11-26;1543190400000;MAPT3.SA;6.3;6.3;6.3;6.3;6.3;0;stock;6.3;-0.0;6.3;-0.0;0.8;ESTAVEL
2018-11-27;1543276800000;MAPT3.SA;6.3;6.3;6.3;6.3;6.3;0;stock;6.3;-0.0;6.3;-0.0;0.8;ESTAVEL
2018-11-28;1543363200000;MAPT3.SA;6.3;6.3;6.3;6.3;6.3;0;stock;6.3;-0.0;6.3;-0.0;0.8;ESTAVEL
2018-11-29;1543449600000;MAPT3.SA;6.3;6.3;6.3;6.3;6.3;0;stock;6.3;-0.0;6.3;-0.0;0.8;ESTAVEL
2018-11-30;1543536000000;MAPT3.SA;6.3;6.3;6.3;6.3;6.3;0;stock;6.3;-0.0;6.3;-0.0;0.8;ESTAVEL
2018-12-03;1543795200000;MAPT3.SA;6.3;6.3;6.3;6.3;6.3;0;stock;6.3;-0.0;6.3;-0.0;0.8;ESTAVEL
2018-12-04;1543881600000;MAPT3.SA;6.3;6.3;6.3;6.3;6.3;0;stock;6.3;-0.0;6.3;-0.0;0.8;ESTAVEL
2018-12-05;1543968000000;MAPT3.SA;6.3;6.3;6.3;6.3;6.3;0;stock;6.3;-0.0;6.3;-0.0;0.8;ESTAVEL
2018-12-06;1544054400000;MAPT3.SA;6.3;6.3;6.3;6.3;6.3;0;stock;6.3;-0.0;6.3;-0.0;0.8;ESTAVEL
2018-12-07;1544140800000;MAPT3.SA;6.3;6.3;6.3;6.3;6.3;0;stock;6.3;-0.0;6.3;-0.0;0.8;ESTAVEL
2018-12-10;1544400000000;MAPT3.SA;6.3;6.3;6.3;6.3;6.3;0;stock;6.3;-0.0;6.3;-0.0;0.8;ESTAVEL
2018-12-11;1544486400000;MAPT3.SA;6.3;6.3;6.3;6.3;6.3;0;stock;6.3;-0.0;6.3;-0.0;0.8;ESTAVEL
2018-12-12;1544572800000;MAPT3.SA;6.3;6.3;6.3;6.3;6.3;0;stock;6.3;-0.0;6.3;-0.0;0.8;ESTAVEL
2018-12-13;1544659200000;MAPT3.SA;6.3;6.3;6.3;6.3;6.3;0;stock;6.3;-0.0;6.3;-0.0;0.8;ESTAVEL
2018-12-14;1544745600000;MAPT3.SA;6.3;6.3;6.3;6.3;6.3;0;stock;6.3;-0.0;6.3;-0.0;0.8;ESTAVEL
2018-12-17;1545004800000;MAPT3.SA;6.3;6.3;6.3;6.3;6.3;0;stock;6.3;-0.0;6.3;-0.0;0.8;ESTAVEL
2018-12-18;1545091200000;MAPT3.SA;6.3;6.3;6.3;6.3;6.3;0;stock;6.3;-0.0;6.3;-0.0;0.8;ESTAVEL
2018-12-19;1545177600000;MAPT3.SA;6.3;6.3;6.3;6.3;6.3;0;stock;6.3;-0.0;6.3;-0.0;0.8;ESTAVEL
2018-12-20;1545264000000;MAPT3.SA;6.3;6.3;6.3;6.3;6.3;0;stock;6.3;-0.0;6.3;-0.0;0.8;ESTAVEL
2018-12-21;1545350400000;MAPT3.SA;6.3;6.3;6.3;6.3;6.3;0;stock;6.3;-0.0;6.3;-0.0;0.8;ESTAVEL
2018-12-26;1545782400000;MAPT3.SA;6.3;6.3;6.3;6.3;6.3;0;stock;6.3;-0.0;6.3;-0.0;0.8;ESTAVEL
2018-12-27;1545868800000;MAPT3.SA;6.3;6.3;6.3;6.3;6.3;0;stock;6.3;-0.0;6.3;-0.0;0.8;ESTAVEL
2018-12-28;1545955200000;MAPT3.SA;6.3;6.3;6.3;6.3;6.3;0;stock;6.3;-0.0;6.3;-0.0;0.8;ESTAVEL
2019-01-02;1546387200000;MAPT3.SA;6.3;6.3;6.3;6.3;6.3;0;stock;6.3;-0.0;6.3;-0.0;0.8;ESTAVEL
2019-01-03;1546473600000;MAPT3.SA;6.3;6.3;6.3;6.3;6.3;0;stock;6.3;-0.0;6.3;-0.0;0.8;ESTAVEL
2019-01-04;1546560000000;MAPT3.SA;6.3;6.3;6.3;6.3;6.3;0;stock;6.3;-0.0;6.3;-0.0;0.8;ESTAVEL
2019-01-07;1546819200000;MAPT3.SA;6.3;6.3;6.3;6.3;6.3;0;stock;6.3;-0.0;6.3;-0.0;0.8;ESTAVEL
2019-01-08;1546905600000;MAPT3.SA;6.3;6.3;6.3;6.3;6.3;0;stock;6.3;-0.0;6.3;-0.0;0.8;ESTAVEL
2019-01-09;1546992000000;MAPT3.SA;6.3;6.3;6.3;6.3;6.3;0;stock;6.3;-0.0;6.3;-0.0;0.8;ESTAVEL
2019-01-10;1547078400000;MAPT3.SA;6.3;6.3;6.3;6.3;6.3;0;stock;6.3;-0.0;6.3;-0.0;0.8;ESTAVEL
2019-01-11;1547164800000;MAPT3.SA;6.3;6.3;6.3;6.3;6.3;0;stock;6.3;-0.0;6.3;-0.0;0.8;ESTAVEL
2019-01-14;1547424000000;MAPT3.SA;6.3;6.3;6.3;6.3;6.3;0;stock;6.3;-0.0;6.3;-0.0;0.8;ESTAVEL
2019-01-15;1547510400000;MAPT3.SA;6.3;6.3;6.3;6.3;6.3;0;stock;6.3;-0.0;6.3;-0.0;0.8;ESTAVEL
2019-01-16;1547596800000;MAPT3.SA;6.3;6.3;6.3;6.3;6.3;0;stock;6.3;-0.0;6.3;-0.0;0.8;ESTAVEL
2019-01-17;1547683200000;MAPT3.SA;6.3;6.3;6.3;6.3;6.3;0;stock;6.3;-0.0;6.3;-0.0;0.8;ESTAVEL
2019-01-18;1547769600000;MAPT3.SA;6.3;6.3;6.3;6.3;6.3;0;stock;6.3;-0.0;6.3;-0.0;0.8;ESTAVEL
2019-01-21;1548028800000;MAPT3.SA;6.3;6.3;6.3;6.3;6.3;0;stock;6.3;-0.0;6.3;-0.0;0.8;ESTAVEL
2019-01-22;1548115200000;MAPT3.SA;6.3;6.3;6.3;6.3;6.3;0;stock;6.3;-0.0;6.3;-0.0;0.8;ESTAVEL
2019-01-23;1548201600000;MAPT3.SA;6.3;6.3;6.3;6.3;6.3;0;stock;6.3;-0.0;6.3;-0.0;0.8;ESTAVEL
2019-01-24;1548288000000;MAPT3.SA;6.3;6.3;6.3;6.3;6.3;0;stock;6.3;-0.0;6.3;-0.0;0.8;ESTAVEL
2019-01-28;1548633600000;MAPT3.SA;6.3;6.3;6.3;6.3;6.3;0;stock;6.3;-0.0;6.3;-0.0;0.8;ESTAVEL
2019-01-29;1548720000000;MAPT3.SA;6.3;6.3;6.3;6.3;6.3;0;stock;6.3;-0.0;6.3;-0.0;0.8;ESTAVEL
2019-01-30;1548806400000;MAPT3.SA;6.3;6.3;6.3;6.3;6.3;0;stock;6.3;-0.0;6.3;-0.0;0.8;ESTAVEL
2019-01-31;1548892800000;MAPT3.SA;6.3;6.3;6.3;6.3;6.3;0;stock;6.3;-0.0;6.3;-0.0;0.8;ESTAVEL
2019-02-01;1548979200000;MAPT3.SA;6.3;6.3;6.3;6.3;6.3;0;stock;6.3;-0.0;6.3;-0.0;0.8;ESTAVEL
2019-02-04;1549238400000;MAPT3.SA;6.3;6.3;6.3;6.3;6.3;0;stock;6.3;-0.0;6.3;-0.0;0.8;ESTAVEL
2019-02-05;1549324800000;MAPT3.SA;6.3;6.3;6.3;6.3;6.3;0;stock;6.3;-0.0;6.3;-0.0;0.8;ESTAVEL
2019-02-06;1549411200000;MAPT3.SA;6.3;6.3;6.3;6.3;6.3;0;stock;6.3;-0.0;6.3;-0.0;0.8;ESTAVEL
2019-02-07;1549497600000;MAPT3.SA;6.3;6.3;6.3;6.3;6.3;0;stock;6.3;-0.0;6.3;-0.0;0.8;ESTAVEL
2019-02-08;1549584000000;MAPT3.SA;6.3;6.3;6.3;6.3;6.3;0;stock;6.3;-0.0;6.3;-0.0;0.8;ESTAVEL
2019-02-11;1549843200000;MAPT3.SA;6.3;6.3;6.3;6.3;6.3;0;stock;6.3;-0.0;6.3;-0.0;0.8;ESTAVEL
2019-02-12;1549929600000;MAPT3.SA;6.3;6.3;6.3;6.3;6.3;0;stock;6.3;-0.0;6.3;-0.0;0.8;ESTAVEL
2019-02-13;1550016000000;MAPT3.SA;6.3;6.3;6.3;6.3;6.3;0;stock;6.3;-0.0;6.3;-0.0;0.8;ESTAVEL
2019-02-14;1550102400000;MAPT3.SA;6.3;6.3;6.3;6.3;6.3;0;stock;6.3;-0.0;6.3;-0.0;0.8;ESTAVEL
2019-02-15;1550188800000;MAPT3.SA;6.3;6.3;6.3;6.3;6.3;0;stock;6.3;-0.0;6.3;-0.0;0.8;ESTAVEL
2019-02-18;1550448000000;MAPT3.SA;6.3;6.3;6.3;6.3;6.3;0;stock;6.3;-0.0;6.3;-0.0;0.8;ESTAVEL
2019-02-19;1550534400000;MAPT3.SA;6.3;6.3;6.3;6.3;6.3;0;stock;6.3;-0.0;6.3;-0.0;0.8;ESTAVEL
2019-02-20;1550620800000;MAPT3.SA;6.3;6.3;6.3;6.3;6.3;0;stock;6.3;-0.0;6.3;-0.0;0.8;ESTAVEL
2019-02-21;1550707200000;MAPT3.SA;6.3;6.3;6.3;6.3;6.3;0;stock;6.3;-0.0;6.3;-0.0;0.8;ESTAVEL
2019-02-22;1550793600000;MAPT3.SA;6.3;6.3;6.3;6.3;6.3;0;stock;6.3;-0.0;6.3;-0.0;0.8;ESTAVEL
2019-02-25;1551052800000;MAPT3.SA;6.3;6.3;6.3;6.3;6.3;0;stock;6.3;-0.0;6.3;-0.0;0.8;ESTAVEL
2019-02-26;1551139200000;MAPT3.SA;6.3;6.3;6.3;6.3;6.3;0;stock;6.3;-0.0;6.3;-0.0;0.8;ESTAVEL
2019-02-27;1551225600000;MAPT3.SA;6.3;6.3;6.3;6.3;6.3;0;stock;6.3;-0.0;6.3;-0.0;0.8;ESTAVEL
2019-02-28;1551312000000;MAPT3.SA;6.3;6.3;6.3;6.3;6.3;0;stock;6.3;-0.0;6.3;-0.0;0.8;ESTAVEL
2019-03-01;1551398400000;MAPT3.SA;6.3;6.3;6.3;6.3;6.3;0;stock;6.3;-0.0;6.3;-0.0;0.8;ESTAVEL
2019-03-06;1551830400000;MAPT3.SA;6.3;6.3;6.3;6.3;6.3;0;stock;6.3;-0.0;6.3;-0.0;0.8;ESTAVEL
2019-03-07;1551916800000;MAPT3.SA;6.3;6.3;6.3;6.3;6.3;0;stock;6.3;-0.0;6.3;-0.0;0.8;ESTAVEL
2019-03-08;1552003200000;MAPT3.SA;6.3;6.3;6.3;6.3;6.3;0;stock;6.3;-0.0;6.3;-0.0;0.8;ESTAVEL
2019-03-11;1552262400000;MAPT3.SA;6.3;6.3;6.3;6.3;6.3;0;stock;6.3;-0.0;6.3;-0.0;0.8;ESTAVEL
2019-03-12;1552348800000;MAPT3.SA;6.3;6.3;6.3;6.3;6.3;0;stock;6.3;-0.0;6.3;-0.0;0.8;ESTAVEL
2019-03-13;1552435200000;MAPT3.SA;6.3;6.3;6.3;6.3;6.3;0;stock;6.3;-0.0;6.3;-0.0;0.8;ESTAVEL
2019-03-14;1552521600000;MAPT3.SA;6.3;6.3;6.3;6.3;6.3;0;stock;6.3;-0.0;6.3;-0.0;0.8;ESTAVEL
2019-03-15;1552608000000;MAPT3.SA;6.3;6.3;6.3;6.3;6.3;0;stock;6.3;-0.0;6.3;-0.0;0.8;ESTAVEL
2019-03-18;1552867200000;MAPT3.SA;6.3;6.3;6.3;6.3;6.3;0;stock;6.3;-0.0;6.3;-0.0;0.8;ESTAVEL
2019-03-19;1552953600000;MAPT3.SA;6.3;6.3;6.3;6.3;6.3;0;stock;6.3;-0.0;6.3;-0.0;0.8;ESTAVEL
2019-03-20;1553040000000;MAPT3.SA;6.3;6.3;6.3;6.3;6.3;0;stock;6.3;-0.0;6.3;-0.0;0.8;ESTAVEL
2019-03-21;1553126400000;MAPT3.SA;6.3;6.3;6.3;6.3;6.3;0;stock;6.3;-0.0;6.3;-0.0;0.8;ESTAVEL
2019-03-22;1553212800000;MAPT3.SA;6.3;6.3;6.3;6.3;6.3;0;stock;6.3;-0.0;6.3;-0.0;0.8;ESTAVEL
2019-03-25;1553472000000;MAPT3.SA;6.3;6.3;6.3;6.3;6.3;0;stock;6.3;-0.0;6.3;-0.0;0.8;ESTAVEL
2019-03-26;1553558400000;MAPT3.SA;6.3;6.3;6.3;6.3;6.3;0;stock;6.3;-0.0;6.3;-0.0;0.8;ESTAVEL
2019-03-27;1553644800000;MAPT3.SA;6.3;6.3;6.3;6.3;6.3;0;stock;6.3;-0.0;6.3;-0.0;0.8;ESTAVEL
2019-03-28;1553731200000;MAPT3.SA;6.3;6.3;6.3;6.3;6.3;0;stock;6.3;-0.0;6.3;-0.0;0.8;ESTAVEL
2019-03-29;1553817600000;MAPT3.SA;6.3;6.3;6.3;6.3;6.3;0;stock;6.3;-0.0;6.3;-0.0;0.8;ESTAVEL
2019-04-01;1554076800000;MAPT3.SA;6.3;6.3;6.3;6.3;6.3;0;stock;6.3;-0.0;6.3;-0.0;0.8;ESTAVEL
2019-04-02;1554163200000;MAPT3.SA;6.3;6.3;6.3;6.3;6.3;0;stock;6.3;-0.0;6.3;-0.0;0.8;ESTAVEL
2019-04-03;1554249600000;MAPT3.SA;6.3;6.3;6.3;6.3;6.3;0;stock;6.3;-0.0;6.3;-0.0;0.8;ESTAVEL
2019-04-04;1554336000000;MAPT3.SA;6.3;6.3;6.3;6.3;6.3;0;stock;6.3;-0.0;6.3;-0.0;0.8;ESTAVEL
2019-04-05;1554422400000;MAPT3.SA;6.3;6.3;6.3;6.3;6.3;0;stock;6.3;-0.0;6.3;-0.0;0.8;ESTAVEL
2019-04-08;1554681600000;MAPT3.SA;6.3;6.3;6.3;6.3;6.3;0;stock;6.3;-0.0;6.3;-0.0;0.8;ESTAVEL
2019-04-09;1554768000000;MAPT3.SA;6.3;6.3;6.3;6.3;6.3;0;stock;6.3;-0.0;6.3;-0.0;0.8;ESTAVEL
2019-04-10;1554854400000;MAPT3.SA;6.3;6.3;6.3;6.3;6.3;0;stock;6.3;-0.0;6.3;-0.0;0.8;ESTAVEL
2019-04-11;1554940800000;MAPT3.SA;6.3;6.3;6.3;6.3;6.3;0;stock;6.3;-0.0;6.3;-0.0;0.8;ESTAVEL
2019-04-12;1555027200000;MAPT3.SA;6.3;6.3;6.3;6.3;6.3;0;stock;6.3;-0.0;6.3;-0.0;0.8;ESTAVEL
2019-04-15;1555286400000;MAPT3.SA;6.3;6.3;6.3;6.3;6.3;0;stock;6.3;-0.0;6.3;-0.0;0.8;ESTAVEL
2019-04-16;1555372800000;MAPT3.SA;6.3;6.3;6.3;6.3;6.3;0;stock;6.3;-0.0;6.3;-0.0;0.8;ESTAVEL
2019-04-17;1555459200000;MAPT3.SA;6.3;6.3;6.3;6.3;6.3;0;stock;6.3;-0.0;6.3;-0.0;0.8;ESTAVEL
2019-04-18;1555545600000;MAPT3.SA;6.3;6.3;6.3;6.3;6.3;0;stock;6.3;-0.0;6.3;-0.0;0.8;ESTAVEL
2019-04-22;1555891200000;MAPT3.SA;6.3;6.3;6.3;6.3;6.3;0;stock;6.3;-0.0;6.3;-0.0;0.8;ESTAVEL
2019-04-23;1555977600000;MAPT3.SA;6.3;6.3;6.3;6.3;6.3;0;stock;6.3;-0.0;6.3;-0.0;0.8;ESTAVEL
2019-04-24;1556064000000;MAPT3.SA;6.3;6.3;6.3;6.3;6.3;0;stock;6.3;-0.0;6.3;-0.0;0.8;ESTAVEL
2019-04-25;1556150400000;MAPT3.SA;6.3;6.3;6.3;6.3;6.3;0;stock;6.3;-0.0;6.3;-0.0;0.8;ESTAVEL
2019-04-26;1556236800000;MAPT3.SA;6.3;6.3;6.3;6.3;6.3;0;stock;6.3;-0.0;6.3;-0.0;0.8;ESTAVEL
2019-04-29;1556496000000;MAPT3.SA;6.3;6.3;6.3;6.3;6.3;0;stock;6.3;-0.0;6.3;-0.0;0.8;ESTAVEL
2019-04-30;1556582400000;MAPT3.SA;6.3;6.3;6.3;6.3;6.3;0;stock;6.3;-0.0;6.3;-0.0;0.8;ESTAVEL
2019-05-02;1556755200000;MAPT3.SA;6.99;6.99;6.99;6.99;6.99;100;stock;6.31;10.83;6.31;10.83;100.0;CAIR
2019-05-03;1556841600000;MAPT3.SA;6.99;6.99;6.99;6.99;6.99;0;stock;6.31;10.71;6.31;10.71;100.0;CAIR
2019-05-06;1557100800000;MAPT3.SA;6.99;6.99;6.99;6.99;6.99;0;stock;6.32;10.59;6.32;10.59;100.0;CAIR
2019-05-07;1557187200000;MAPT3.SA;4.5;4.5;4.5;4.5;4.5;100;stock;6.3;-28.6;6.3;-28.6;18.16;SUBIR
2019-05-08;1557273600000;MAPT3.SA;4.5;4.5;4.5;4.5;4.5;0;stock;6.28;-28.39;6.28;-28.39;18.16;SUBIR
2019-05-09;1557360000000;MAPT3.SA;4.5;4.5;4.5;4.5;4.5;0;stock;6.27;-28.19;6.27;-28.19;18.16;SUBIR
2019-05-10;1557446400000;MAPT3.SA;4.5;4.5;4.5;4.5;4.5;0;stock;6.25;-27.99;6.25;-27.99;18.16;SUBIR
2019-05-13;1557705600000;MAPT3.SA;4.5;4.5;4.5;4.5;4.5;0;stock;6.23;-27.79;6.23;-27.79;18.16;SUBIR
2019-05-14;1557792000000;MAPT3.SA;4.5;4.5;4.5;4.5;4.5;0;stock;6.21;-27.59;6.21;-27.59;18.16;SUBIR
2019-05-15;1557878400000;MAPT3.SA;4.5;4.5;4.5;4.5;4.5;0;stock;6.2;-27.39;6.2;-27.39;18.16;SUBIR
2019-05-16;1557964800000;MAPT3.SA;4.5;4.5;4.5;4.5;4.5;0;stock;6.18;-27.19;6.18;-27.19;18.16;SUBIR
2019-05-17;1558051200000;MAPT3.SA;4.5;4.5;4.5;4.5;4.5;0;stock;6.16;-26.99;6.16;-26.99;18.16;SUBIR
2019-05-20;1558310400000;MAPT3.SA;4.5;4.5;4.5;4.5;4.5;0;stock;6.15;-26.8;6.15;-26.8;18.16;SUBIR
2019-05-21;1558396800000;MAPT3.SA;4.5;4.5;4.5;4.5;4.5;0;stock;6.13;-26.6;6.13;-26.6;18.16;SUBIR
2019-05-22;1558483200000;MAPT3.SA;4.5;4.5;4.5;4.5;4.5;0;stock;6.11;-26.41;6.11;-26.41;18.16;SUBIR
2019-05-23;1558569600000;MAPT3.SA;4.5;4.5;4.5;4.5;4.5;0;stock;6.1;-26.21;6.1;-26.21;18.16;SUBIR
2019-05-24;1558656000000;MAPT3.SA;4.5;4.5;4.5;4.5;4.5;0;stock;6.08;-26.02;6.08;-26.02;18.16;SUBIR
2019-05-27;1558915200000;MAPT3.SA;4.5;4.5;4.5;4.5;4.5;0;stock;6.07;-25.83;6.07;-25.83;18.16;SUBIR
2019-05-28;1559001600000;MAPT3.SA;4.5;4.5;4.5;4.5;4.5;0;stock;6.05;-25.64;6.05;-25.64;18.16;SUBIR
2019-05-29;1559088000000;MAPT3.SA;4.5;4.5;4.5;4.5;4.5;0;stock;6.04;-25.45;6.04;-25.45;18.16;SUBIR
2019-05-30;1559174400000;MAPT3.SA;4.5;4.5;4.5;4.5;4.5;0;stock;6.02;-25.26;6.02;-25.26;18.16;SUBIR
2019-05-31;1559260800000;MAPT3.SA;4.5;4.5;4.5;4.5;4.5;0;stock;6.01;-25.07;6.01;-25.07;18.16;SUBIR
2019-06-03;1559520000000;MAPT3.SA;4.5;4.5;4.5;4.5;4.5;0;stock;5.99;-24.88;5.99;-24.88;18.16;SUBIR
2019-06-04;1559606400000;MAPT3.SA;4.5;4.5;4.5;4.5;4.5;0;stock;5.98;-24.69;5.98;-24.69;18.16;SUBIR
2019-06-05;1559692800000;MAPT3.SA;4.5;4.5;4.5;4.5;4.5;0;stock;5.96;-24.51;5.96;-24.51;18.16;SUBIR
2019-06-06;1559779200000;MAPT3.SA;4.5;4.5;4.5;4.5;4.5;0;stock;5.95;-24.32;5.95;-24.32;18.16;SUBIR
2019-06-07;1559865600000;MAPT3.SA;4.5;4.5;4.5;4.5;4.5;0;stock;5.93;-24.14;5.93;-24.14;18.16;SUBIR
2019-06-10;1560124800000;MAPT3.SA;4.5;4.5;4.5;4.5;4.5;0;stock;5.92;-23.96;5.92;-23.96;18.16;SUBIR
2019-06-11;1560211200000;MAPT3.SA;4.5;4.5;4.5;4.5;4.5;0;stock;5.9;-23.78;5.9;-23.78;18.16;SUBIR
2019-06-12;1560297600000;MAPT3.SA;4.5;4.5;4.5;4.5;4.5;0;stock;5.89;-23.59;5.89;-23.59;18.16;SUBIR
2019-06-13;1560384000000;MAPT3.SA;4.5;4.5;4.5;4.5;4.5;0;stock;5.88;-23.42;5.88;-23.42;18.16;SUBIR
2019-06-14;1560470400000;MAPT3.SA;4.5;4.5;4.5;4.5;4.5;0;stock;5.86;-23.24;5.86;-23.24;18.16;SUBIR
2019-06-17;1560729600000;MAPT3.SA;4.5;4.5;4.5;4.5;4.5;0;stock;5.85;-23.06;5.85;-23.06;18.16;SUBIR
2019-06-18;1560816000000;MAPT3.SA;4.5;4.5;4.5;4.5;4.5;0;stock;5.84;-22.88;5.84;-22.88;18.16;SUBIR
2019-06-19;1560902400000;MAPT3.SA;4.5;4.5;4.5;4.5;4.5;0;stock;5.82;-22.71;5.82;-22.71;18.16;SUBIR
2019-06-21;1561075200000;MAPT3.SA;4.5;4.5;4.5;4.5;4.5;0;stock;5.81;-22.53;5.81;-22.53;18.16;SUBIR
2019-06-24;1561334400000;MAPT3.SA;4.5;4.5;4.5;4.5;4.5;0;stock;5.8;-22.36;5.8;-22.36;18.16;SUBIR
2019-06-25;1561420800000;MAPT3.SA;4.5;4.5;4.5;4.5;4.5;0;stock;5.78;-22.18;5.78;-22.18;18.16;SUBIR
2019-06-26;1561507200000;MAPT3.SA;4.5;4.5;4.5;4.5;4.5;0;stock;5.77;-22.01;5.77;-22.01;18.16;SUBIR
2019-06-27;1561593600000;MAPT3.SA;4.5;4.5;4.5;4.5;4.5;0;stock;5.76;-21.84;5.76;-21.84;18.16;SUBIR
2019-06-28;1561680000000;MAPT3.SA;4.5;4.5;4.5;4.5;4.5;0;stock;5.74;-21.67;5.74;-21.67;18.16;SUBIR
2019-07-01;1561939200000;MAPT3.SA;4.5;4.5;4.5;4.5;4.5;0;stock;5.73;-21.5;5.73;-21.5;18.16;SUBIR
2019-07-02;1562025600000;MAPT3.SA;4.5;4.5;4.5;4.5;4.5;0;stock;5.72;-21.33;5.72;-21.33;18.16;SUBIR
2019-07-03;1562112000000;MAPT3.SA;4.5;4.5;4.5;4.5;4.5;0;stock;5.71;-21.16;5.71;-21.16;18.16;SUBIR
2019-07-04;1562198400000;MAPT3.SA;4.5;4.5;4.5;4.5;4.5;0;stock;5.7;-21.0;5.7;-21.0;18.16;SUBIR
2019-07-05;1562284800000;MAPT3.SA;4.5;4.5;4.5;4.5;4.5;0;stock;5.68;-20.83;5.68;-20.83;18.16;SUBIR
2019-07-08;1562544000000;MAPT3.SA;4.5;4.5;4.5;4.5;4.5;0;stock;5.67;-20.67;5.67;-20.67;18.16;SUBIR
2019-07-10;1562716800000;MAPT3.SA;4.5;4.5;4.5;4.5;4.5;0;stock;5.66;-20.51;5.66;-20.51;18.16;SUBIR
2019-07-11;1562803200000;MAPT3.SA;4.5;4.5;4.5;4.5;4.5;0;stock;5.65;-20.34;5.65;-20.34;18.16;SUBIR
2019-07-12;1562889600000;MAPT3.SA;4.5;4.5;4.5;4.5;4.5;0;stock;5.64;-20.18;5.64;-20.18;18.16;SUBIR
2019-07-15;1563148800000;MAPT3.SA;4.5;4.5;4.5;4.5;4.5;0;stock;5.63;-20.02;5.63;-20.02;18.16;SUBIR
2019-07-16;1563235200000;MAPT3.SA;4.5;4.5;4.5;4.5;4.5;0;stock;5.62;-19.86;5.62;-19.86;18.16;SUBIR
2019-07-17;1563321600000;MAPT3.SA;4.5;4.5;4.5;4.5;4.5;0;stock;5.6;-19.7;5.6;-19.7;18.16;SUBIR
2019-07-18;1563408000000;MAPT3.SA;4.5;4.5;4.5;4.5;4.5;0;stock;5.59;-19.54;5.59;-19.54;18.16;SUBIR
2019-07-19;1563494400000;MAPT3.SA;4.5;4.5;4.5;4.5;4.5;0;stock;5.58;-19.39;5.58;-19.39;18.16;SUBIR
2019-07-22;1563753600000;MAPT3.SA;4.5;4.5;4.5;4.5;4.5;0;stock;5.57;-19.23;5.57;-19.23;18.16;SUBIR
2019-07-23;1563840000000;MAPT3.SA;4.5;4.5;4.5;4.5;4.5;0;stock;5.56;-19.08;5.56;-19.08;18.16;SUBIR
2019-07-24;1563926400000;MAPT3.SA;4.5;4.5;4.5;4.5;4.5;0;stock;5.55;-18.92;5.55;-18.92;18.16;SUBIR
2019-07-25;1564012800000;MAPT3.SA;4.5;4.5;4.5;4.5;4.5;0;stock;5.54;-18.77;5.54;-18.77;18.16;SUBIR
2019-07-26;1564099200000;MAPT3.SA;4.5;4.5;4.5;4.5;4.5;0;stock;5.53;-18.62;5.53;-18.62;18.16;SUBIR
2019-07-29;1564358400000;MAPT3.SA;4.5;4.5;4.5;4.5;4.5;0;stock;5.52;-18.47;5.52;-18.47;18.16;SUBIR
2019-07-30;1564444800000;MAPT3.SA;4.5;4.5;4.5;4.5;4.5;0;stock;5.51;-18.32;5.51;-18.32;18.16;SUBIR
2019-07-31;1564531200000;MAPT3.SA;4.5;4.5;4.5;4.5;4.5;0;stock;5.5;-18.17;5.5;-18.17;18.16;SUBIR
2019-08-01;1564617600000;MAPT3.SA;4.5;4.5;4.5;4.5;4.5;0;stock;5.49;-18.02;5.49;-18.02;18.16;SUBIR
2019-08-02;1564704000000;MAPT3.SA;4.5;4.5;4.5;4.5;4.5;0;stock;5.48;-17.87;5.48;-17.87;18.16;SUBIR
2019-08-05;1564963200000;MAPT3.SA;4.5;4.5;4.5;4.5;4.5;0;stock;5.47;-17.73;5.47;-17.73;18.16;SUBIR
2019-08-06;1565049600000;MAPT3.SA;4.5;4.5;4.5;4.5;4.5;0;stock;5.46;-17.58;5.46;-17.58;18.16;SUBIR
2019-08-07;1565136000000;MAPT3.SA;4.5;4.5;4.5;4.5;4.5;0;stock;5.45;-17.44;5.45;-17.44;18.16;SUBIR
2019-08-08;1565222400000;MAPT3.SA;7.81;7.81;7.81;7.81;7.81;100;stock;5.47;42.68;5.47;42.68;99.4;CAIR
2019-08-09;1565308800000;MAPT3.SA;13.01;13.01;13.01;13.01;13.01;100;stock;5.55;134.47;5.55;134.47;99.77;CAIR
2019-08-12;1565568000000;MAPT3.SA;25.51;26.02;25.51;26.02;26.02;200;stock;5.75;352.33;5.75;352.33;99.92;CAIR
2019-08-13;1565654400000;MAPT3.SA;40.01;95.01;40.01;95.01;95.01;1700;stock;6.64;1330.74;6.64;1330.74;99.98;CAIR
2019-08-14;1565740800000;MAPT3.SA;95.01;95.01;65.0;65.0;65.0;600;stock;7.22;800.11;7.22;800.11;73.18;CAIR
2019-08-15;1565827200000;MAPT3.SA;65.0;65.0;65.0;65.0;65.0;100;stock;7.8;733.74;7.8;733.74;73.18;CAIR
2019-08-16;1565913600000;MAPT3.SA;65.0;65.0;65.0;65.0;65.0;0;stock;8.37;677.01;8.37;677.01;73.18;CAIR
2019-08-19;1566172800000;MAPT3.SA;65.0;65.0;65.0;65.0;65.0;0;stock;8.93;627.97;8.93;627.97;73.18;CAIR
2019-08-20;1566259200000;MAPT3.SA;65.0;65.0;65.0;65.0;65.0;0;stock;9.49;585.16;9.49;585.16;73.18;CAIR
2019-08-21;1566345600000;MAPT3.SA;65.0;65.0;65.0;65.0;65.0;0;stock;10.04;547.46;10.04;547.46;73.18;CAIR
2019-08-22;1566432000000;MAPT3.SA;65.0;65.0;65.0;65.0;65.0;0;stock;10.59;514.01;10.59;514.01;73.18;CAIR
2019-08-23;1566518400000;MAPT3.SA;65.0;65.0;65.0;65.0;65.0;0;stock;11.13;484.14;11.13;484.14;73.18;CAIR
2019-08-26;1566777600000;MAPT3.SA;65.0;65.0;65.0;65.0;65.0;0;stock;11.66;457.29;11.66;457.29;73.18;CAIR
2019-08-27;1566864000000;MAPT3.SA;65.0;65.0;65.0;65.0;65.0;0;stock;12.19;433.04;12.19;433.04;73.18;CAIR
2019-08-28;1566950400000;MAPT3.SA;65.0;65.0;65.0;65.0;65.0;0;stock;12.72;411.02;12.72;411.02;73.18;CAIR
2019-08-29;1567036800000;MAPT3.SA;65.0;65.0;65.0;65.0;65.0;0;stock;13.24;390.94;13.24;390.94;73.18;CAIR
2019-08-30;1567123200000;MAPT3.SA;65.0;65.0;65.0;65.0;65.0;0;stock;13.75;372.56;13.75;372.56;73.18;CAIR
2019-09-02;1567382400000;MAPT3.SA;65.0;65.0;65.0;65.0;65.0;0;stock;14.26;355.67;14.26;355.67;73.18;CAIR
2019-09-03;1567468800000;MAPT3.SA;65.0;65.0;65.0;65.0;65.0;0;stock;14.77;340.09;14.77;340.09;73.18;CAIR
2019-09-04;1567555200000;MAPT3.SA;65.0;65.0;65.0;65.0;65.0;0;stock;15.27;325.69;15.27;325.69;73.18;CAIR
2019-09-05;1567641600000;MAPT3.SA;65.0;65.0;65.0;65.0;65.0;0;stock;15.76;312.32;15.76;312.32;73.18;CAIR
2019-09-06;1567728000000;MAPT3.SA;65.0;65.0;65.0;65.0;65.0;0;stock;16.25;299.9;16.25;299.9;73.18;CAIR
2019-09-09;1567987200000;MAPT3.SA;65.0;65.0;65.0;65.0;65.0;0;stock;16.74;288.31;16.74;288.31;73.18;CAIR
2019-09-10;1568073600000;MAPT3.SA;65.0;65.0;65.0;65.0;65.0;0;stock;17.22;277.48;17.22;277.48;73.18;CAIR
2019-09-11;1568160000000;MAPT3.SA;65.0;65.0;65.0;65.0;65.0;0;stock;17.69;267.34;17.69;267.34;73.18;CAIR
2019-09-12;1568246400000;MAPT3.SA;65.0;65.0;65.0;65.0;65.0;0;stock;18.17;257.82;18.17;257.82;73.18;CAIR
2019-09-13;1568332800000;MAPT3.SA;65.0;65.0;65.0;65.0;65.0;0;stock;18.63;248.87;18.63;248.87;73.18;CAIR
2019-09-16;1568592000000;MAPT3.SA;65.0;65.0;65.0;65.0;65.0;0;stock;19.09;240.44;19.09;240.44;73.18;CAIR
2019-09-17;1568678400000;MAPT3.SA;65.0;65.0;65.0;65.0;65.0;0;stock;19.55;232.48;19.55;232.48;73.18;CAIR
2019-09-18;1568764800000;MAPT3.SA;65.0;65.0;65.0;65.0;65.0;0;stock;20.0;224.97;20.0;224.97;73.18;CAIR
2019-09-19;1568851200000;MAPT3.SA;65.0;65.0;65.0;65.0;65.0;0;stock;20.45;217.85;20.45;217.85;73.18;CAIR
2019-09-20;1568937600000;MAPT3.SA;65.0;65.0;65.0;65.0;65.0;0;stock;20.89;211.11;20.89;211.11;73.18;CAIR
2019-09-23;1569196800000;MAPT3.SA;65.0;65.0;65.0;65.0;65.0;0;stock;21.33;204.71;21.33;204.71;73.18;CAIR
2019-09-24;1569283200000;MAPT3.SA;65.0;65.0;65.0;65.0;65.0;0;stock;21.77;198.63;21.77;198.63;73.18;CAIR
2019-09-25;1569369600000;MAPT3.SA;65.0;65.0;65.0;65.0;65.0;0;stock;22.2;192.84;22.2;192.84;73.18;CAIR
2019-09-26;1569456000000;MAPT3.SA;65.0;65.0;65.0;65.0;65.0;0;stock;22.62;187.32;22.62;187.32;73.18;CAIR
2019-09-27;1569542400000;MAPT3.SA;65.0;65.0;65.0;65.0;65.0;0;stock;23.04;182.07;23.04;182.07;73.18;CAIR
2019-09-30;1569801600000;MAPT3.SA;65.0;65.0;65.0;65.0;65.0;0;stock;23.46;177.05;23.46;177.05;73.18;CAIR
2019-10-01;1569888000000;MAPT3.SA;65.0;65.0;65.0;65.0;65.0;0;stock;23.87;172.25;23.87;172.25;73.18;CAIR
2019-10-02;1569974400000;MAPT3.SA;65.0;65.0;65.0;65.0;65.0;0;stock;24.28;167.66;24.28;167.66;73.18;CAIR
2019-10-03;1570060800000;MAPT3.SA;65.0;65.0;65.0;65.0;65.0;0;stock;24.69;163.27;24.69;163.27;73.18;CAIR
2019-10-04;1570147200000;MAPT3.SA;65.0;65.0;65.0;65.0;65.0;0;stock;25.09;159.06;25.09;159.06;73.18;CAIR
2019-10-07;1570406400000;MAPT3.SA;65.0;65.0;65.0;65.0;65.0;0;stock;25.49;155.03;25.49;155.03;73.18;CAIR
2019-10-08;1570492800000;MAPT3.SA;65.0;65.0;65.0;65.0;65.0;0;stock;25.88;151.15;25.88;151.15;73.18;CAIR
2019-10-09;1570579200000;MAPT3.SA;65.0;65.0;65.0;65.0;65.0;0;stock;26.27;147.43;26.27;147.43;73.18;CAIR
2019-10-10;1570665600000;MAPT3.SA;65.0;65.0;65.0;65.0;65.0;0;stock;26.66;143.85;26.66;143.85;73.18;CAIR
2019-10-11;1570752000000;MAPT3.SA;65.0;65.0;65.0;65.0;65.0;0;stock;27.04;140.41;27.04;140.41;73.18;CAIR
2019-10-14;1571011200000;MAPT3.SA;65.0;65.0;65.0;65.0;65.0;0;stock;27.41;137.1;27.41;137.1;73.18;CAIR
2019-10-15;1571097600000;MAPT3.SA;65.0;65.0;65.0;65.0;65.0;0;stock;27.79;133.91;27.79;133.91;73.18;CAIR
2019-10-16;1571184000000;MAPT3.SA;65.0;65.0;65.0;65.0;65.0;0;stock;28.16;130.83;28.16;130.83;73.18;CAIR
2019-10-17;1571270400000;MAPT3.SA;65.0;65.0;65.0;65.0;65.0;0;stock;28.53;127.87;28.53;127.87;73.18;CAIR
2019-10-18;1571356800000;MAPT3.SA;65.0;65.0;65.0;65.0;65.0;0;stock;28.89;125.0;28.89;125.0;73.18;CAIR
2019-10-21;1571616000000;MAPT3.SA;65.0;65.0;65.0;65.0;65.0;0;stock;29.25;122.24;29.25;122.24;73.18;CAIR
2019-10-22;1571702400000;MAPT3.SA;65.0;65.0;65.0;65.0;65.0;0;stock;29.6;119.57;29.6;119.57;73.18;CAIR
2019-10-23;1571788800000;MAPT3.SA;65.0;65.0;65.0;65.0;65.0;0;stock;29.96;116.99;29.96;116.99;73.18;CAIR
2019-10-24;1571875200000;MAPT3.SA;65.0;65.0;65.0;65.0;65.0;0;stock;30.3;114.49;30.3;114.49;73.18;CAIR
2019-10-25;1571961600000;MAPT3.SA;65.0;65.0;65.0;65.0;65.0;0;stock;30.65;112.08;30.65;112.08;73.18;CAIR
2019-10-28;1572220800000;MAPT3.SA;65.0;65.0;65.0;65.0;65.0;0;stock;30.99;109.74;30.99;109.74;73.18;CAIR
2019-10-29;1572307200000;MAPT3.SA;65.0;65.0;65.0;65.0;65.0;0;stock;31.33;107.47;31.33;107.47;73.18;CAIR
2019-10-30;1572393600000;MAPT3.SA;65.0;65.0;65.0;65.0;65.0;0;stock;31.66;105.28;31.66;105.28;73.18;CAIR
2019-10-31;1572480000000;MAPT3.SA;65.0;65.0;65.0;65.0;65.0;0;stock;32.0;103.15;32.0;103.15;73.18;CAIR
2019-11-01;1572566400000;MAPT3.SA;65.0;65.0;65.0;65.0;65.0;0;stock;32.32;101.08;32.32;101.08;73.18;CAIR
2019-11-04;1572825600000;MAPT3.SA;65.0;65.0;65.0;65.0;65.0;0;stock;32.65;99.08;32.65;99.08;73.18;CAIR
2019-11-05;1572912000000;MAPT3.SA;65.0;65.0;65.0;65.0;65.0;0;stock;32.97;97.14;32.97;97.14;73.18;CAIR
2019-11-06;1572998400000;MAPT3.SA;65.0;65.0;65.0;65.0;65.0;0;stock;33.29;95.25;33.29;95.25;73.18;CAIR
2019-11-07;1573084800000;MAPT3.SA;65.0;65.0;65.0;65.0;65.0;0;stock;33.61;93.42;33.61;93.42;73.18;CAIR
2019-11-08;1573171200000;MAPT3.SA;65.0;65.0;65.0;65.0;65.0;0;stock;33.92;91.64;33.92;91.64;73.18;CAIR
2019-11-11;1573430400000;MAPT3.SA;65.0;65.0;65.0;65.0;65.0;0;stock;34.23;89.9;34.23;89.9;73.18;CAIR
2019-11-12;1573516800000;MAPT3.SA;65.0;65.0;65.0;65.0;65.0;0;stock;34.53;88.22;34.53;88.22;73.18;CAIR
2019-11-13;1573603200000;MAPT3.SA;65.0;65.0;65.0;65.0;65.0;0;stock;34.84;86.58;34.84;86.58;73.18;CAIR
2019-11-14;1573689600000;MAPT3.SA;65.0;65.0;65.0;65.0;65.0;0;stock;35.14;84.99;35.14;84.99;73.18;CAIR
2019-11-18;1574035200000;MAPT3.SA;65.0;65.0;65.0;65.0;65.0;0;stock;35.43;83.44;35.43;83.44;73.18;CAIR
2019-11-19;1574121600000;MAPT3.SA;65.0;65.0;65.0;65.0;65.0;0;stock;35.73;81.93;35.73;81.93;73.18;CAIR
2019-11-21;1574294400000;MAPT3.SA;65.0;65.0;65.0;65.0;65.0;0;stock;36.02;80.46;36.02;80.46;73.18;CAIR
2019-11-22;1574380800000;MAPT3.SA;65.0;65.0;65.0;65.0;65.0;0;stock;36.31;79.02;36.31;79.02;73.18;CAIR
2019-11-25;1574640000000;MAPT3.SA;65.0;65.0;65.0;65.0;65.0;0;stock;36.59;77.63;36.59;77.63;73.18;CAIR
2019-11-26;1574726400000;MAPT3.SA;65.0;65.0;65.0;65.0;65.0;0;stock;36.88;76.27;36.88;76.27;73.18;CAIR
2019-11-27;1574812800000;MAPT3.SA;65.0;65.0;65.0;65.0;65.0;0;stock;37.16;74.94;37.16;74.94;73.18;CAIR
2019-11-28;1574899200000;MAPT3.SA;65.0;65.0;65.0;65.0;65.0;0;stock;37.43;73.64;37.43;73.64;73.18;CAIR
2019-11-29;1574985600000;MAPT3.SA;65.0;65.0;65.0;65.0;65.0;0;stock;37.71;72.38;37.71;72.38;73.18;CAIR
2019-12-02;1575244800000;MAPT3.SA;65.0;65.0;65.0;65.0;65.0;0;stock;37.98;71.15;37.98;71.15;73.18;CAIR
2019-12-03;1575331200000;MAPT3.SA;65.0;65.0;65.0;65.0;65.0;0;stock;38.25;69.94;38.25;69.94;73.18;CAIR
2019-12-04;1575417600000;MAPT3.SA;65.0;65.0;65.0;65.0;65.0;0;stock;38.51;68.77;38.51;68.77;73.18;CAIR
2019-12-05;1575504000000;MAPT3.SA;65.0;65.0;65.0;65.0;65.0;0;stock;38.78;67.62;38.78;67.62;73.18;CAIR
2019-12-06;1575590400000;MAPT3.SA;65.0;65.0;65.0;65.0;65.0;0;stock;39.04;66.5;39.04;66.5;73.18;CAIR
2019-12-09;1575849600000;MAPT3.SA;65.0;65.0;65.0;65.0;65.0;0;stock;39.3;65.41;39.3;65.41;73.18;CAIR
2019-12-10;1575936000000;MAPT3.SA;65.0;65.0;65.0;65.0;65.0;0;stock;39.55;64.34;39.55;64.34;73.18;CAIR
2019-12-11;1576022400000;MAPT3.SA;65.0;65.0;65.0;65.0;65.0;0;stock;39.81;63.29;39.81;63.29;73.18;CAIR
2019-12-12;1576108800000;MAPT3.SA;65.0;65.0;65.0;65.0;65.0;0;stock;40.06;62.27;40.06;62.27;73.18;CAIR
2019-12-13;1576195200000;MAPT3.SA;65.0;65.0;65.0;65.0;65.0;0;stock;40.3;61.27;40.3;61.27;73.18;CAIR
2019-12-16;1576454400000;MAPT3.SA;65.0;65.0;65.0;65.0;65.0;0;stock;40.55;60.29;40.55;60.29;73.18;CAIR
2019-12-17;1576540800000;MAPT3.SA;65.0;65.0;65.0;65.0;65.0;0;stock;40.79;59.34;40.79;59.34;73.18;CAIR
2019-12-18;1576627200000;MAPT3.SA;65.0;65.0;65.0;65.0;65.0;0;stock;41.03;58.4;41.03;58.4;73.18;CAIR
2019-12-19;1576713600000;MAPT3.SA;65.0;65.0;65.0;65.0;65.0;0;stock;41.27;57.49;41.27;57.49;73.18;CAIR
2019-12-20;1576800000000;MAPT3.SA;65.0;65.0;65.0;65.0;65.0;0;stock;41.51;56.59;41.51;56.59;73.18;CAIR
2019-12-23;1577059200000;MAPT3.SA;65.0;65.0;65.0;65.0;65.0;0;stock;41.74;55.72;41.74;55.72;73.18;CAIR
2019-12-26;1577318400000;MAPT3.SA;65.0;65.0;65.0;65.0;65.0;0;stock;41.97;54.86;41.97;54.86;73.18;CAIR
2019-12-27;1577404800000;MAPT3.SA;65.0;65.0;65.0;65.0;65.0;0;stock;42.2;54.02;42.2;54.02;73.18;CAIR
2019-12-30;1577664000000;MAPT3.SA;65.0;65.0;65.0;65.0;65.0;0;stock;42.43;53.19;42.43;53.19;73.18;CAIR
2020-01-02;1577923200000;MAPT3.SA;65.0;65.0;65.0;65.0;65.0;0;stock;42.65;52.39;42.65;52.39;73.18;CAIR
2020-01-03;1578009600000;MAPT3.SA;65.0;65.0;65.0;65.0;65.0;0;stock;42.88;51.6;42.88;51.6;73.18;CAIR
2020-01-06;1578268800000;MAPT3.SA;65.0;65.0;65.0;65.0;65.0;0;stock;43.1;50.82;43.1;50.82;73.18;CAIR
2020-01-07;1578355200000;MAPT3.SA;65.0;65.0;65.0;65.0;65.0;0;stock;43.32;50.06;43.32;50.06;73.18;CAIR
2020-01-08;1578441600000;MAPT3.SA;65.0;65.0;65.0;65.0;65.0;0;stock;43.53;49.32;43.53;49.32;73.18;CAIR
2020-01-09;1578528000000;MAPT3.SA;65.0;65.0;65.0;65.0;65.0;0;stock;43.74;48.59;43.74;48.59;73.18;CAIR
2020-01-10;1578614400000;MAPT3.SA;65.0;65.0;65.0;65.0;65.0;0;stock;43.96;47.87;43.96;47.87;73.18;CAIR
2020-01-13;1578873600000;MAPT3.SA;65.0;65.0;65.0;65.0;65.0;0;stock;44.17;47.17;44.17;47.17;73.18;CAIR
2020-01-14;1578960000000;MAPT3.SA;65.0;65.0;65.0;65.0;65.0;0;stock;44.37;46.49;44.37;46.49;73.18;CAIR
2020-01-15;1579046400000;MAPT3.SA;65.0;65.0;65.0;65.0;65.0;0;stock;44.58;45.81;44.58;45.81;73.18;CAIR
2020-01-16;1579132800000;MAPT3.SA;65.0;65.0;65.0;65.0;65.0;0;stock;44.78;45.15;44.78;45.15;73.18;CAIR
2020-01-17;1579219200000;MAPT3.SA;65.0;65.0;65.0;65.0;65.0;0;stock;44.98;44.5;44.98;44.5;73.18;CAIR
2020-01-20;1579478400000;MAPT3.SA;65.0;65.0;65.0;65.0;65.0;0;stock;45.18;43.86;45.18;43.86;73.18;CAIR
2020-01-21;1579564800000;MAPT3.SA;65.0;65.0;65.0;65.0;65.0;0;stock;45.38;43.24;45.38;43.24;73.18;CAIR
2020-01-22;1579651200000;MAPT3.SA;65.0;65.0;65.0;65.0;65.0;0;stock;45.57;42.63;45.57;42.63;73.18;CAIR
2020-01-23;1579737600000;MAPT3.SA;65.0;65.0;65.0;65.0;65.0;0;stock;45.77;42.02;45.77;42.02;73.18;CAIR
2020-01-24;1579824000000;MAPT3.SA;65.0;65.0;65.0;65.0;65.0;0;stock;45.96;41.43;45.96;41.43;73.18;CAIR
2020-01-27;1580083200000;MAPT3.SA;65.0;65.0;65.0;65.0;65.0;0;stock;46.15;40.85;46.15;40.85;73.18;CAIR
2020-01-28;1580169600000;MAPT3.SA;65.0;65.0;65.0;65.0;65.0;0;stock;46.34;40.28;46.34;40.28;73.18;CAIR
2020-01-29;1580256000000;MAPT3.SA;65.0;65.0;65.0;65.0;65.0;0;stock;46.52;39.72;46.52;39.72;73.18;CAIR
2020-01-30;1580342400000;MAPT3.SA;65.0;65.0;65.0;65.0;65.0;0;stock;46.71;39.17;46.71;39.17;73.18;CAIR
2020-01-31;1580428800000;MAPT3.SA;65.0;65.0;65.0;65.0;65.0;0;stock;46.89;38.63;46.89;38.63;73.18;CAIR
2020-02-03;1580688000000;MAPT3.SA;65.0;65.0;65.0;65.0;65.0;0;stock;47.07;38.1;47.07;38.1;73.18;CAIR
2020-02-04;1580774400000;MAPT3.SA;65.0;65.0;65.0;65.0;65.0;0;stock;47.25;37.58;47.25;37.58;73.18;CAIR
2020-02-05;1580860800000;MAPT3.SA;65.0;65.0;65.0;65.0;65.0;0;stock;47.42;37.07;47.42;37.07;73.18;CAIR
2020-02-06;1580947200000;MAPT3.SA;65.0;65.0;65.0;65.0;65.0;0;stock;47.6;36.56;47.6;36.56;73.18;CAIR
2020-02-07;1581033600000;MAPT3.SA;65.0;65.0;65.0;65.0;65.0;0;stock;47.77;36.07;47.77;36.07;73.18;CAIR
2020-02-10;1581292800000;MAPT3.SA;65.0;65.0;65.0;65.0;65.0;0;stock;47.94;35.58;47.94;35.58;73.18;CAIR
2020-02-11;1581379200000;MAPT3.SA;65.0;65.0;65.0;65.0;65.0;0;stock;48.11;35.1;48.11;35.1;73.18;CAIR
2020-02-12;1581465600000;MAPT3.SA;65.0;65.0;65.0;65.0;65.0;0;stock;48.28;34.63;48.28;34.63;73.18;CAIR
2020-02-13;1581552000000;MAPT3.SA;65.0;65.0;65.0;65.0;65.0;0;stock;48.45;34.17;48.45;34.17;73.18;CAIR
2020-02-14;1581638400000;MAPT3.SA;65.0;65.0;65.0;65.0;65.0;0;stock;48.61;33.71;48.61;33.71;73.18;CAIR
2020-02-17;1581897600000;MAPT3.SA;65.0;65.0;65.0;65.0;65.0;0;stock;48.77;33.27;48.77;33.27;73.18;CAIR
2020-02-18;1581984000000;MAPT3.SA;65.0;65.0;65.0;65.0;65.0;0;stock;48.94;32.83;48.94;32.83;73.18;CAIR
2020-02-19;1582070400000;MAPT3.SA;65.0;65.0;65.0;65.0;65.0;0;stock;49.1;32.4;49.1;32.4;73.18;CAIR
2020-02-20;1582156800000;MAPT3.SA;65.0;65.0;65.0;65.0;65.0;0;stock;49.25;31.97;49.25;31.97;73.18;CAIR
2020-02-21;1582243200000;MAPT3.SA;65.0;65.0;65.0;65.0;65.0;0;stock;49.41;31.55;49.41;31.55;73.18;CAIR
2020-02-26;1582675200000;MAPT3.SA;65.0;65.0;65.0;65.0;65.0;0;stock;49.57;31.14;49.57;31.14;73.18;CAIR
2020-02-27;1582761600000;MAPT3.SA;65.0;65.0;65.0;65.0;65.0;0;stock;49.72;30.73;49.72;30.73;73.18;CAIR
2020-02-28;1582848000000;MAPT3.SA;65.0;65.0;65.0;65.0;65.0;0;stock;49.87;30.34;49.87;30.34;73.18;CAIR
2020-03-02;1583107200000;MAPT3.SA;65.0;65.0;65.0;65.0;65.0;0;stock;50.02;29.94;50.02;29.94;73.18;CAIR
2020-03-03;1583193600000;MAPT3.SA;65.0;65.0;65.0;65.0;65.0;0;stock;50.17;29.56;50.17;29.56;73.18;CAIR
2020-03-04;1583280000000;MAPT3.SA;65.0;65.0;65.0;65.0;65.0;0;stock;50.32;29.18;50.32;29.18;73.18;CAIR
2020-03-05;1583366400000;MAPT3.SA;65.0;65.0;65.0;65.0;65.0;0;stock;50.46;28.8;50.46;28.8;73.18;CAIR
2020-03-06;1583452800000;MAPT3.SA;65.0;65.0;65.0;65.0;65.0;0;stock;50.61;28.44;50.61;28.44;73.18;CAIR
2020-03-09;1583712000000;MAPT3.SA;65.0;65.0;65.0;65.0;65.0;0;stock;50.75;28.07;50.75;28.07;73.18;CAIR
2020-03-10;1583798400000;MAPT3.SA;65.0;65.0;65.0;65.0;65.0;0;stock;50.89;27.72;50.89;27.72;73.18;CAIR
2020-03-11;1583884800000;MAPT3.SA;65.0;65.0;65.0;65.0;65.0;0;stock;51.03;27.37;51.03;27.37;73.18;CAIR
2020-03-12;1583971200000;MAPT3.SA;65.0;65.0;65.0;65.0;65.0;0;stock;51.17;27.02;51.17;27.02;73.18;CAIR
2020-03-13;1584057600000;MAPT3.SA;65.0;65.0;65.0;65.0;65.0;0;stock;51.31;26.68;51.31;26.68;73.18;CAIR
2020-03-16;1584316800000;MAPT3.SA;65.0;65.0;65.0;65.0;65.0;0;stock;51.45;26.34;51.45;26.34;73.18;CAIR
2020-03-17;1584403200000;MAPT3.SA;65.0;65.0;65.0;65.0;65.0;0;stock;51.58;26.01;51.58;26.01;73.18;CAIR
2020-03-18;1584489600000;MAPT3.SA;65.0;65.0;65.0;65.0;65.0;0;stock;51.72;25.69;51.72;25.69;73.18;CAIR
2020-03-19;1584576000000;MAPT3.SA;65.0;65.0;65.0;65.0;65.0;0;stock;51.85;25.37;51.85;25.37;73.18;CAIR
2020-03-20;1584662400000;MAPT3.SA;65.0;65.0;65.0;65.0;65.0;0;stock;51.98;25.05;51.98;25.05;73.18;CAIR
2020-03-23;1584921600000;MAPT3.SA;65.0;65.0;65.0;65.0;65.0;0;stock;52.11;24.74;52.11;24.74;73.18;CAIR
2020-03-24;1585008000000;MAPT3.SA;65.0;65.0;65.0;65.0;65.0;0;stock;52.24;24.43;52.24;24.43;73.18;CAIR
2020-03-25;1585094400000;MAPT3.SA;65.0;65.0;65.0;65.0;65.0;0;stock;52.36;24.13;52.36;24.13;73.18;CAIR
2020-03-26;1585180800000;MAPT3.SA;65.0;65.0;65.0;65.0;65.0;0;stock;52.49;23.84;52.49;23.84;73.18;CAIR
2020-03-27;1585267200000;MAPT3.SA;65.0;65.0;65.0;65.0;65.0;0;stock;52.61;23.54;52.61;23.54;73.18;CAIR
2020-03-30;1585526400000;MAPT3.SA;65.0;65.0;65.0;65.0;65.0;0;stock;52.74;23.25;52.74;23.25;73.18;CAIR
2020-03-31;1585612800000;MAPT3.SA;65.0;65.0;65.0;65.0;65.0;0;stock;52.86;22.97;52.86;22.97;73.18;CAIR
2020-04-01;1585699200000;MAPT3.SA;65.0;65.0;65.0;65.0;65.0;0;stock;52.98;22.69;52.98;22.69;73.18;CAIR
2020-04-02;1585785600000;MAPT3.SA;65.0;65.0;65.0;65.0;65.0;0;stock;53.1;22.41;53.1;22.41;73.18;CAIR
2020-04-03;1585872000000;MAPT3.SA;65.0;65.0;65.0;65.0;65.0;0;stock;53.22;22.14;53.22;22.14;73.18;CAIR
2020-04-06;1586131200000;MAPT3.SA;65.0;65.0;65.0;65.0;65.0;0;stock;53.33;21.87;53.33;21.87;73.18;CAIR
2020-04-07;1586217600000;MAPT3.SA;65.0;65.0;65.0;65.0;65.0;0;stock;53.45;21.61;53.45;21.61;73.18;CAIR
2020-04-08;1586304000000;MAPT3.SA;65.0;65.0;65.0;65.0;65.0;0;stock;53.57;21.35;53.57;21.35;73.18;CAIR
2020-04-09;1586390400000;MAPT3.SA;65.0;65.0;65.0;65.0;65.0;0;stock;53.68;21.09;53.68;21.09;73.18;CAIR
2020-04-13;1586736000000;MAPT3.SA;65.0;65.0;65.0;65.0;65.0;0;stock;53.79;20.84;53.79;20.84;73.18;CAIR
2020-04-14;1586822400000;MAPT3.SA;65.0;65.0;65.0;65.0;65.0;0;stock;53.9;20.59;53.9;20.59;73.18;CAIR
2020-04-15;1586908800000;MAPT3.SA;65.0;65.0;65.0;65.0;65.0;0;stock;54.01;20.34;54.01;20.34;73.18;CAIR
2020-04-16;1586995200000;MAPT3.SA;65.0;65.0;65.0;65.0;65.0;0;stock;54.12;20.1;54.12;20.1;73.18;CAIR
2020-04-17;1587081600000;MAPT3.SA;65.0;65.0;65.0;65.0;65.0;0;stock;54.23;19.86;54.23;19.86;73.18;CAIR
2020-04-20;1587340800000;MAPT3.SA;65.0;65.0;65.0;65.0;65.0;0;stock;54.34;19.62;54.34;19.62;73.18;CAIR
2020-04-22;1587513600000;MAPT3.SA;65.0;65.0;65.0;65.0;65.0;0;stock;54.44;19.39;54.44;19.39;73.18;CAIR
2020-04-23;1587600000000;MAPT3.SA;65.0;65.0;65.0;65.0;65.0;0;stock;54.55;19.16;54.55;19.16;73.18;CAIR
2020-04-24;1587686400000;MAPT3.SA;65.0;65.0;65.0;65.0;65.0;0;stock;54.65;18.93;54.65;18.93;73.18;CAIR
2020-04-27;1587945600000;MAPT3.SA;65.0;65.0;65.0;65.0;65.0;0;stock;54.76;18.71;54.76;18.71;73.18;CAIR
2020-04-28;1588032000000;MAPT3.SA;65.0;65.0;65.0;65.0;65.0;0;stock;54.86;18.49;54.86;18.49;73.18;CAIR
2020-04-29;1588118400000;MAPT3.SA;65.0;65.0;65.0;65.0;65.0;0;stock;54.96;18.27;54.96;18.27;73.18;CAIR
2020-04-30;1588204800000;MAPT3.SA;65.0;65.0;65.0;65.0;65.0;0;stock;55.06;18.05;55.06;18.05;73.18;CAIR
2020-05-04;1588550400000;MAPT3.SA;65.0;65.0;65.0;65.0;65.0;0;stock;55.16;17.84;55.16;17.84;73.18;CAIR
2020-05-05;1588636800000;MAPT3.SA;65.0;65.0;65.0;65.0;65.0;0;stock;55.26;17.63;55.26;17.63;73.18;CAIR
2020-05-06;1588723200000;MAPT3.SA;65.0;65.0;65.0;65.0;65.0;0;stock;55.35;17.43;55.35;17.43;73.18;CAIR
2020-05-07;1588809600000;MAPT3.SA;65.0;65.0;65.0;65.0;65.0;0;stock;55.45;17.22;55.45;17.22;73.18;CAIR
2020-05-08;1588896000000;MAPT3.SA;65.0;65.0;65.0;65.0;65.0;0;stock;55.54;17.02;55.54;17.02;73.18;CAIR
2020-05-11;1589155200000;MAPT3.SA;65.0;65.0;65.0;65.0;65.0;0;stock;55.64;16.83;55.64;16.83;73.18;CAIR
2020-05-12;1589241600000;MAPT3.SA;65.0;65.0;65.0;65.0;65.0;0;stock;55.73;16.63;55.73;16.63;73.18;CAIR
2020-05-13;1589328000000;MAPT3.SA;65.0;65.0;65.0;65.0;65.0;0;stock;55.82;16.44;55.82;16.44;73.18;CAIR
2020-05-14;1589414400000;MAPT3.SA;65.0;65.0;65.0;65.0;65.0;0;stock;55.92;16.25;55.92;16.25;73.18;CAIR
2020-05-15;1589500800000;MAPT3.SA;65.0;65.0;65.0;65.0;65.0;0;stock;56.01;16.06;56.01;16.06;73.18;CAIR
2020-05-18;1589760000000;MAPT3.SA;65.0;65.0;65.0;65.0;65.0;0;stock;56.1;15.87;56.1;15.87;73.18;CAIR
2020-05-19;1589846400000;MAPT3.SA;65.0;65.0;65.0;65.0;65.0;0;stock;56.18;15.69;56.18;15.69;73.18;CAIR
2020-05-20;1589932800000;MAPT3.SA;65.0;65.0;65.0;65.0;65.0;0;stock;56.27;15.51;56.27;15.51;73.18;CAIR
2020-05-21;1590019200000;MAPT3.SA;65.0;65.0;65.0;65.0;65.0;0;stock;56.36;15.33;56.36;15.33;73.18;CAIR
2020-05-22;1590105600000;MAPT3.SA;65.0;65.0;65.0;65.0;65.0;0;stock;56.44;15.16;56.44;15.16;73.18;CAIR
2020-05-25;1590364800000;MAPT3.SA;65.0;65.0;65.0;65.0;65.0;0;stock;56.53;14.98;56.53;14.98;73.18;CAIR
2020-05-26;1590451200000;MAPT3.SA;65.0;65.0;65.0;65.0;65.0;0;stock;56.61;14.81;56.61;14.81;73.18;CAIR
2020-05-27;1590537600000;MAPT3.SA;65.0;65.0;65.0;65.0;65.0;0;stock;56.7;14.64;56.7;14.64;73.18;CAIR
2020-05-28;1590624000000;MAPT3.SA;65.0;65.0;65.0;65.0;65.0;0;stock;56.78;14.48;56.78;14.48;73.18;CAIR
2020-05-29;1590710400000;MAPT3.SA;65.0;65.0;65.0;65.0;65.0;0;stock;56.86;14.31;56.86;14.31;73.18;CAIR
2020-06-01;1590969600000;MAPT3.SA;65.0;65.0;65.0;65.0;65.0;0;stock;56.94;14.15;56.94;14.15;73.18;CAIR
2020-06-02;1591056000000;MAPT3.SA;65.0;65.0;65.0;65.0;65.0;0;stock;57.02;13.99;57.02;13.99;73.18;CAIR
2020-06-03;1591142400000;MAPT3.SA;65.0;65.0;65.0;65.0;65.0;0;stock;57.1;13.83;57.1;13.83;73.18;CAIR
2020-06-04;1591228800000;MAPT3.SA;65.0;65.0;65.0;65.0;65.0;0;stock;57.18;13.67;57.18;13.67;73.18;CAIR
2020-06-05;1591315200000;MAPT3.SA;65.0;65.0;65.0;65.0;65.0;0;stock;57.26;13.52;57.26;13.52;73.18;CAIR
2020-06-08;1591574400000;MAPT3.SA;65.0;65.0;65.0;65.0;65.0;0;stock;57.34;13.37;57.34;13.37;73.18;CAIR
2020-06-09;1591660800000;MAPT3.SA;65.0;65.0;65.0;65.0;65.0;0;stock;57.41;13.22;57.41;13.22;73.18;CAIR
2020-06-10;1591747200000;MAPT3.SA;65.0;65.0;65.0;65.0;65.0;0;stock;57.49;13.07;57.49;13.07;73.18;CAIR
2020-06-12;1591920000000;MAPT3.SA;65.0;65.0;65.0;65.0;65.0;0;stock;57.56;12.92;57.56;12.92;73.18;CAIR
2020-06-15;1592179200000;MAPT3.SA;65.0;65.0;65.0;65.0;65.0;0;stock;57.64;12.78;57.64;12.78;73.18;CAIR
2020-06-16;1592265600000;MAPT3.SA;65.0;65.0;65.0;65.0;65.0;0;stock;57.71;12.63;57.71;12.63;73.18;CAIR
2020-06-17;1592352000000;MAPT3.SA;65.0;65.0;65.0;65.0;65.0;0;stock;57.78;12.49;57.78;12.49;73.18;CAIR
2020-06-18;1592438400000;MAPT3.SA;65.0;65.0;65.0;65.0;65.0;0;stock;57.85;12.35;57.85;12.35;73.18;CAIR
2020-06-19;1592524800000;MAPT3.SA;65.0;65.0;65.0;65.0;65.0;0;stock;57.92;12.21;57.92;12.21;73.18;CAIR
2020-06-22;1592784000000;MAPT3.SA;65.0;65.0;65.0;65.0;65.0;0;stock;58.0;12.08;58.0;12.08;73.18;CAIR
2020-06-23;1592870400000;MAPT3.SA;65.0;65.0;65.0;65.0;65.0;0;stock;58.06;11.94;58.06;11.94;73.18;CAIR
2020-06-24;1592956800000;MAPT3.SA;65.0;65.0;65.0;65.0;65.0;0;stock;58.13;11.81;58.13;11.81;73.18;CAIR
2020-06-25;1593043200000;MAPT3.SA;65.0;65.0;65.0;65.0;65.0;0;stock;58.2;11.68;58.2;11.68;73.18;CAIR
2020-06-26;1593129600000;MAPT3.SA;65.0;65.0;65.0;65.0;65.0;0;stock;58.27;11.55;58.27;11.55;73.18;CAIR
2020-06-29;1593388800000;MAPT3.SA;65.0;65.0;65.0;65.0;65.0;0;stock;58.34;11.42;58.34;11.42;73.18;CAIR
2020-06-30;1593475200000;MAPT3.SA;65.0;65.0;65.0;65.0;65.0;0;stock;58.4;11.3;58.4;11.3;73.18;CAIR
2020-07-01;1593561600000;MAPT3.SA;65.0;65.0;65.0;65.0;65.0;0;stock;58.47;11.17;58.47;11.17;73.18;CAIR
2020-07-02;1593648000000;MAPT3.SA;65.0;65.0;65.0;65.0;65.0;0;stock;58.53;11.05;58.53;11.05;73.18;CAIR
2020-07-03;1593734400000;MAPT3.SA;65.0;65.0;65.0;65.0;65.0;0;stock;58.6;10.93;58.6;10.93;73.18;CAIR
2020-07-06;1593993600000;MAPT3.SA;65.0;65.0;65.0;65.0;65.0;0;stock;58.66;10.8;58.66;10.8;73.18;CAIR
2020-07-07;1594080000000;MAPT3.SA;65.0;65.0;65.0;65.0;65.0;0;stock;58.72;10.69;58.72;10.69;73.18;CAIR
2020-07-08;1594166400000;MAPT3.SA;65.0;65.0;65.0;65.0;65.0;0;stock;58.79;10.57;58.79;10.57;73.18;CAIR
2020-07-09;1594252800000;MAPT3.SA;65.0;65.0;65.0;65.0;65.0;0;stock;58.85;10.45;58.85;10.45;73.18;CAIR
2020-07-10;1594339200000;MAPT3.SA;65.0;65.0;65.0;65.0;65.0;0;stock;58.91;10.34;58.91;10.34;73.18;CAIR
2020-07-13;1594598400000;MAPT3.SA;65.0;65.0;65.0;65.0;65.0;0;stock;58.97;10.22;58.97;10.22;73.18;CAIR
2020-07-14;1594684800000;MAPT3.SA;65.0;65.0;65.0;65.0;65.0;0;stock;59.03;10.11;59.03;10.11;73.18;CAIR
2020-07-15;1594771200000;MAPT3.SA;65.0;65.0;65.0;65.0;65.0;0;stock;59.09;10.0;59.09;10.0;73.18;CAIR
2020-07-16;1594857600000;MAPT3.SA;65.0;65.0;65.0;65.0;65.0;0;stock;59.15;9.89;59.15;9.89;73.18;CAIR
2020-07-17;1594944000000;MAPT3.SA;65.0;65.0;65.0;65.0;65.0;0;stock;59.21;9.78;59.21;9.78;73.18;CAIR
2020-07-20;1595203200000;MAPT3.SA;65.0;65.0;65.0;65.0;65.0;0;stock;59.26;9.68;59.26;9.68;73.18;CAIR
2020-07-21;1595289600000;MAPT3.SA;65.0;65.0;65.0;65.0;65.0;0;stock;59.32;9.57;59.32;9.57;73.18;CAIR
2020-07-22;1595376000000;MAPT3.SA;65.0;65.0;65.0;65.0;65.0;0;stock;59.38;9.47;59.38;9.47;73.18;CAIR
2020-07-23;1595462400000;MAPT3.SA;65.0;65.0;65.0;65.0;65.0;0;stock;59.43;9.36;59.43;9.36;73.18;CAIR
2020-07-24;1595548800000;MAPT3.SA;65.0;65.0;65.0;65.0;65.0;0;stock;59.49;9.26;59.49;9.26;73.18;CAIR
2020-07-27;1595808000000;MAPT3.SA;65.0;65.0;65.0;65.0;65.0;0;stock;59.54;9.16;59.54;9.16;73.18;CAIR
2020-07-28;1595894400000;MAPT3.SA;65.0;65.0;65.0;65.0;65.0;0;stock;59.6;9.06;59.6;9.06;73.18;CAIR
2020-07-29;1595980800000;MAPT3.SA;65.0;65.0;65.0;65.0;65.0;0;stock;59.65;8.96;59.65;8.96;73.18;CAIR
2020-07-30;1596067200000;MAPT3.SA;65.0;65.0;65.0;65.0;65.0;0;stock;59.71;8.87;59.71;8.87;73.18;CAIR
2020-07-31;1596153600000;MAPT3.SA;65.0;65.0;65.0;65.0;65.0;0;stock;59.76;8.77;59.76;8.77;73.18;CAIR
2020-08-03;1596412800000;MAPT3.SA;65.0;65.0;65.0;65.0;65.0;0;stock;59.81;8.68;59.81;8.68;73.18;CAIR
2020-08-04;1596499200000;MAPT3.SA;65.0;65.0;65.0;65.0;65.0;0;stock;59.86;8.58;59.86;8.58;73.18;CAIR
2020-08-05;1596585600000;MAPT3.SA;65.0;65.0;65.0;65.0;65.0;0;stock;59.91;8.49;59.91;8.49;73.18;CAIR
2020-08-06;1596672000000;MAPT3.SA;65.0;65.0;65.0;65.0;65.0;0;stock;59.96;8.4;59.96;8.4;73.18;CAIR
2020-08-07;1596758400000;MAPT3.SA;65.0;65.0;65.0;65.0;65.0;0;stock;60.01;8.31;60.01;8.31;73.18;CAIR
2020-08-10;1597017600000;MAPT3.SA;65.0;65.0;65.0;65.0;65.0;0;stock;60.06;8.22;60.06;8.22;73.18;CAIR
2020-08-11;1597104000000;MAPT3.SA;65.0;65.0;65.0;65.0;65.0;0;stock;60.11;8.13;60.11;8.13;73.18;CAIR
2020-08-12;1597190400000;MAPT3.SA;65.0;65.0;65.0;65.0;65.0;0;stock;60.16;8.04;60.16;8.04;73.18;CAIR
2020-08-13;1597276800000;MAPT3.SA;65.0;65.0;65.0;65.0;65.0;0;stock;60.21;7.96;60.21;7.96;73.18;CAIR
2020-08-14;1597363200000;MAPT3.SA;65.0;65.0;65.0;65.0;65.0;0;stock;60.26;7.87;60.26;7.87;73.18;CAIR
2020-08-17;1597622400000;MAPT3.SA;65.0;65.0;65.0;65.0;65.0;0;stock;60.3;7.79;60.3;7.79;73.18;CAIR
2020-08-18;1597708800000;MAPT3.SA;65.0;65.0;65.0;65.0;65.0;0;stock;60.35;7.7;60.35;7.7;73.18;CAIR
2020-08-19;1597795200000;MAPT3.SA;65.0;65.0;65.0;65.0;65.0;0;stock;60.4;7.62;60.4;7.62;73.18;CAIR
2020-08-20;1597881600000;MAPT3.SA;65.0;65.0;65.0;65.0;65.0;0;stock;60.44;7.54;60.44;7.54;73.18;CAIR
2020-08-21;1597968000000;MAPT3.SA;65.0;65.0;65.0;65.0;65.0;0;stock;60.49;7.46;60.49;7.46;73.18;CAIR
2020-08-24;1598227200000;MAPT3.SA;65.0;65.0;65.0;65.0;65.0;0;stock;60.53;7.38;60.53;7.38;73.18;CAIR
2020-08-25;1598313600000;MAPT3.SA;65.0;65.0;65.0;65.0;65.0;0;stock;60.58;7.3;60.58;7.3;73.18;CAIR
2020-08-26;1598400000000;MAPT3.SA;65.0;65.0;65.0;65.0;65.0;0;stock;60.62;7.22;60.62;7.22;73.18;CAIR
2020-08-27;1598486400000;MAPT3.SA;65.0;65.0;65.0;65.0;65.0;0;stock;60.67;7.14;60.67;7.14;73.18;CAIR
2020-08-28;1598572800000;MAPT3.SA;65.0;65.0;65.0;65.0;65.0;0;stock;60.71;7.07;60.71;7.07;73.18;CAIR
2020-08-31;1598832000000;MAPT3.SA;65.0;65.0;65.0;65.0;65.0;0;stock;60.75;6.99;60.75;6.99;73.18;CAIR
2020-09-01;1598918400000;MAPT3.SA;65.0;65.0;65.0;65.0;65.0;0;stock;60.79;6.92;60.79;6.92;73.18;CAIR
2020-09-02;1599004800000;MAPT3.SA;65.0;65.0;65.0;65.0;65.0;0;stock;60.84;6.85;60.84;6.85;73.18;CAIR
2020-09-03;1599091200000;MAPT3.SA;65.0;65.0;65.0;65.0;65.0;0;stock;60.88;6.77;60.88;6.77;73.18;CAIR
2020-09-04;1599177600000;MAPT3.SA;65.0;65.0;65.0;65.0;65.0;0;stock;60.92;6.7;60.92;6.7;73.18;CAIR
2020-09-08;1599523200000;MAPT3.SA;65.0;65.0;65.0;65.0;65.0;0;stock;60.96;6.63;60.96;6.63;73.18;CAIR
2020-09-09;1599609600000;MAPT3.SA;50.01;50.01;50.01;50.01;50.01;100;stock;60.85;-17.81;60.85;-17.81;0.0;SUBIR
2020-09-10;1599696000000;MAPT3.SA;50.01;50.01;50.01;50.01;50.01;0;stock;60.74;-17.67;60.74;-17.67;0.0;SUBIR
2020-09-11;1599782400000;MAPT3.SA;50.01;50.01;50.01;50.01;50.01;0;stock;60.63;-17.52;60.63;-17.52;0.0;SUBIR
2020-09-14;1600041600000;MAPT3.SA;50.01;50.01;50.01;50.01;50.01;0;stock;60.53;-17.38;60.53;-17.38;0.0;SUBIR
2020-09-15;1600128000000;MAPT3.SA;50.01;50.01;50.01;50.01;50.01;0;stock;60.42;-17.24;60.42;-17.24;0.0;SUBIR
2020-09-16;1600214400000;MAPT3.SA;50.01;50.01;50.01;50.01;50.01;0;stock;60.32;-17.09;60.32;-17.09;0.0;SUBIR
2020-09-17;1600300800000;MAPT3.SA;50.01;50.01;50.01;50.01;50.01;0;stock;60.22;-16.95;60.22;-16.95;0.0;SUBIR
2020-09-18;1600387200000;MAPT3.SA;50.01;50.01;50.01;50.01;50.01;0;stock;60.12;-16.81;60.12;-16.81;0.0;SUBIR
2020-09-21;1600646400000;MAPT3.SA;50.01;50.01;50.01;50.01;50.01;0;stock;60.02;-16.67;60.02;-16.67;0.0;SUBIR
2020-09-22;1600732800000;MAPT3.SA;50.01;50.01;50.01;50.01;50.01;0;stock;59.92;-16.53;59.92;-16.53;0.0;SUBIR
2020-09-23;1600819200000;MAPT3.SA;50.01;50.01;50.01;50.01;50.01;0;stock;59.82;-16.4;59.82;-16.4;0.0;SUBIR
2020-09-24;1600905600000;MAPT3.SA;50.01;50.01;50.01;50.01;50.01;0;stock;59.72;-16.26;59.72;-16.26;0.0;SUBIR
2020-09-25;1600992000000;MAPT3.SA;50.01;50.01;50.01;50.01;50.01;0;stock;59.62;-16.12;59.62;-16.12;0.0;SUBIR
2020-09-28;1601251200000;MAPT3.SA;50.01;50.01;50.01;50.01;50.01;0;stock;59.53;-15.99;59.53;-15.99;0.0;SUBIR
2020-09-29;1601337600000;MAPT3.SA;50.01;50.01;50.01;50.01;50.01;0;stock;59.43;-15.86;59.43;-15.86;0.0;SUBIR
2020-09-30;1601424000000;MAPT3.SA;50.01;50.01;50.01;50.01;50.01;0;stock;59.34;-15.72;59.34;-15.72;0.0;SUBIR
2020-10-01;1601510400000;MAPT3.SA;50.01;50.01;50.01;50.01;50.01;0;stock;59.25;-15.59;59.25;-15.59;0.0;SUBIR
2020-10-02;1601596800000;MAPT3.SA;50.01;50.01;50.01;50.01;50.01;0;stock;59.16;-15.46;59.16;-15.46;0.0;SUBIR
2020-10-05;1601856000000;MAPT3.SA;50.01;50.01;50.01;50.01;50.01;0;stock;59.06;-15.33;59.06;-15.33;0.0;SUBIR
2020-10-06;1601942400000;MAPT3.SA;50.01;50.01;50.01;50.01;50.01;0;stock;58.97;-15.2;58.97;-15.2;0.0;SUBIR
2020-10-07;1602028800000;MAPT3.SA;50.01;50.01;50.01;50.01;50.01;0;stock;58.88;-15.07;58.88;-15.07;0.0;SUBIR
2020-10-08;1602115200000;MAPT3.SA;50.01;50.01;50.01;50.01;50.01;0;stock;58.8;-14.94;58.8;-14.94;0.0;SUBIR
2020-10-09;1602201600000;MAPT3.SA;50.01;50.01;50.01;50.01;50.01;0;stock;58.71;-14.82;58.71;-14.82;0.0;SUBIR
2020-10-13;1602547200000;MAPT3.SA;50.01;50.01;50.01;50.01;50.01;0;stock;58.62;-14.69;58.62;-14.69;0.0;SUBIR
2020-10-14;1602633600000;MAPT3.SA;50.01;50.01;50.01;50.01;50.01;0;stock;58.54;-14.57;58.54;-14.57;0.0;SUBIR
2020-10-15;1602720000000;MAPT3.SA;50.01;50.01;50.01;50.01;50.01;0;stock;58.45;-14.44;58.45;-14.44;0.0;SUBIR
2020-10-16;1602806400000;MAPT3.SA;50.01;50.01;50.01;50.01;50.01;0;stock;58.37;-14.32;58.37;-14.32;0.0;SUBIR
2020-10-19;1603065600000;MAPT3.SA;50.01;50.01;50.01;50.01;50.01;0;stock;58.28;-14.2;58.28;-14.2;0.0;SUBIR
2020-10-20;1603152000000;MAPT3.SA;50.01;50.01;50.01;50.01;50.01;0;stock;58.2;-14.08;58.2;-14.08;0.0;SUBIR
2020-10-21;1603238400000;MAPT3.SA;50.01;50.01;50.01;50.01;50.01;0;stock;58.12;-13.96;58.12;-13.96;0.0;SUBIR
2020-10-22;1603324800000;MAPT3.SA;50.01;50.01;50.01;50.01;50.01;0;stock;58.04;-13.84;58.04;-13.84;0.0;SUBIR
2020-10-23;1603411200000;MAPT3.SA;50.01;50.01;50.01;50.01;50.01;0;stock;57.96;-13.72;57.96;-13.72;0.0;SUBIR
2020-10-26;1603670400000;MAPT3.SA;50.01;50.01;50.01;50.01;50.01;0;stock;57.88;-13.6;57.88;-13.6;0.0;SUBIR
2020-10-27;1603756800000;MAPT3.SA;50.01;50.01;50.01;50.01;50.01;0;stock;57.8;-13.48;57.8;-13.48;0.0;SUBIR
2020-10-28;1603843200000;MAPT3.SA;50.01;50.01;50.01;50.01;50.01;0;stock;57.73;-13.37;57.73;-13.37;0.0;SUBIR
2020-10-29;1603929600000;MAPT3.SA;50.01;50.01;50.01;50.01;50.01;0;stock;57.65;-13.25;57.65;-13.25;0.0;SUBIR
2020-10-30;1604016000000;MAPT3.SA;50.01;50.01;50.01;50.01;50.01;0;stock;57.57;-13.14;57.57;-13.14;0.0;SUBIR
2020-11-03;1604361600000;MAPT3.SA;50.01;50.01;50.01;50.01;50.01;0;stock;57.5;-13.02;57.5;-13.02;0.0;SUBIR
2020-11-04;1604448000000;MAPT3.SA;50.01;50.01;50.01;50.01;50.01;0;stock;57.42;-12.91;57.42;-12.91;0.0;SUBIR
2020-11-05;1604534400000;MAPT3.SA;50.01;50.01;50.01;50.01;50.01;0;stock;57.35;-12.8;57.35;-12.8;0.0;SUBIR
2020-11-06;1604620800000;MAPT3.SA;50.01;50.01;50.01;50.01;50.01;0;stock;57.28;-12.69;57.28;-12.69;0.0;SUBIR
2020-11-09;1604880000000;MAPT3.SA;50.01;50.01;50.01;50.01;50.01;0;stock;57.2;-12.58;57.2;-12.58;0.0;SUBIR
2020-11-10;1604966400000;MAPT3.SA;50.01;50.01;50.01;50.01;50.01;0;stock;57.13;-12.47;57.13;-12.47;0.0;SUBIR
2020-11-11;1605052800000;MAPT3.SA;50.01;50.01;50.01;50.01;50.01;0;stock;57.06;-12.36;57.06;-12.36;0.0;SUBIR
2020-11-12;1605139200000;MAPT3.SA;50.01;50.01;50.01;50.01;50.01;0;stock;56.99;-12.25;56.99;-12.25;0.0;SUBIR
2020-11-13;1605225600000;MAPT3.SA;50.01;50.01;50.01;50.01;50.01;0;stock;56.92;-12.14;56.92;-12.14;0.0;SUBIR
2020-11-16;1605484800000;MAPT3.SA;50.01;50.01;50.01;50.01;50.01;0;stock;56.85;-12.04;56.85;-12.04;0.0;SUBIR
2020-11-17;1605571200000;MAPT3.SA;50.01;50.01;50.01;50.01;50.01;0;stock;56.78;-11.93;56.78;-11.93;0.0;SUBIR
2020-11-18;1605657600000;MAPT3.SA;50.01;50.01;50.01;50.01;50.01;0;stock;56.72;-11.83;56.72;-11.83;0.0;SUBIR
2020-11-19;1605744000000;MAPT3.SA;50.01;50.01;50.01;50.01;50.01;0;stock;56.65;-11.72;56.65;-11.72;0.0;SUBIR
2020-11-23;1606089600000;MAPT3.SA;50.01;50.01;50.01;50.01;50.01;0;stock;56.58;-11.62;56.58;-11.62;0.0;SUBIR
2020-11-24;1606176000000;MAPT3.SA;50.01;50.01;50.01;50.01;50.01;0;stock;56.52;-11.52;56.52;-11.52;0.0;SUBIR
2020-11-25;1606262400000;MAPT3.SA;50.01;50.01;50.01;50.01;50.01;0;stock;56.45;-11.42;56.45;-11.42;0.0;SUBIR
2020-11-26;1606348800000;MAPT3.SA;50.01;50.01;50.01;50.01;50.01;100;stock;56.39;-11.31;56.39;-11.31;0.0;SUBIR
2020-11-27;1606435200000;MAPT3.SA;50.01;50.01;50.01;50.01;50.01;0;stock;56.33;-11.21;56.33;-11.21;0.0;SUBIR
2020-11-30;1606694400000;MAPT3.SA;50.01;50.01;50.01;50.01;50.01;0;stock;56.26;-11.12;56.26;-11.12;0.0;SUBIR
2020-12-01;1606780800000;MAPT3.SA;50.01;50.01;50.01;50.01;50.01;0;stock;56.2;-11.02;56.2;-11.02;0.0;SUBIR
2020-12-02;1606867200000;MAPT3.SA;50.01;50.01;50.01;50.01;50.01;0;stock;56.14;-10.92;56.14;-10.92;0.0;SUBIR
2020-12-03;1606953600000;MAPT3.SA;50.01;50.01;50.01;50.01;50.01;100;stock;56.08;-10.82;56.08;-10.82;0.0;SUBIR
2020-12-04;1607040000000;MAPT3.SA;50.01;50.01;50.01;50.01;50.01;0;stock;56.02;-10.73;56.02;-10.73;0.0;SUBIR
2020-12-07;1607299200000;MAPT3.SA;50.01;50.01;50.01;50.01;50.01;0;stock;55.96;-10.63;55.96;-10.63;0.0;SUBIR
2020-12-08;1607385600000;MAPT3.SA;50.01;50.01;50.01;50.01;50.01;0;stock;55.9;-10.54;55.9;-10.54;0.0;SUBIR
2020-12-09;1607472000000;MAPT3.SA;50.01;50.01;50.01;50.01;50.01;0;stock;55.84;-10.44;55.84;-10.44;0.0;SUBIR
2020-12-10;1607558400000;MAPT3.SA;50.01;50.01;50.01;50.01;50.01;0;stock;55.78;-10.35;55.78;-10.35;0.0;SUBIR
2020-12-11;1607644800000;MAPT3.SA;50.01;50.01;50.01;50.01;50.01;0;stock;55.73;-10.26;55.73;-10.26;0.0;SUBIR
2020-12-14;1607904000000;MAPT3.SA;50.01;50.01;50.01;50.01;50.01;0;stock;55.67;-10.17;55.67;-10.17;0.0;SUBIR
2020-12-15;1607990400000;MAPT3.SA;50.01;50.01;50.01;50.01;50.01;0;stock;55.61;-10.07;55.61;-10.07;0.0;SUBIR
2020-12-16;1608076800000;MAPT3.SA;50.01;50.01;50.01;50.01;50.01;0;stock;55.56;-9.98;55.56;-9.98;0.0;SUBIR
2020-12-17;1608163200000;MAPT3.SA;50.01;50.01;50.01;50.01;50.01;0;stock;55.5;-9.89;55.5;-9.89;0.0;SUBIR
2020-12-18;1608249600000;MAPT3.SA;50.01;50.01;50.01;50.01;50.01;0;stock;55.45;-9.81;55.45;-9.81;0.0;SUBIR
2020-12-21;1608508800000;MAPT3.SA;50.01;50.01;50.01;50.01;50.01;0;stock;55.39;-9.72;55.39;-9.72;0.0;SUBIR
2020-12-22;1608595200000;MAPT3.SA;50.01;50.01;50.01;50.01;50.01;0;stock;55.34;-9.63;55.34;-9.63;0.0;SUBIR
2020-12-23;1608681600000;MAPT3.SA;50.01;50.01;50.01;50.01;50.01;0;stock;55.29;-9.54;55.29;-9.54;0.0;SUBIR
2020-12-28;1609113600000;MAPT3.SA;50.01;50.01;50.01;50.01;50.01;0;stock;55.23;-9.46;55.23;-9.46;0.0;SUBIR
2020-12-29;1609200000000;MAPT3.SA;50.01;50.01;50.01;50.01;50.01;0;stock;55.18;-9.37;55.18;-9.37;0.0;SUBIR
2020-12-30;1609286400000;MAPT3.SA;50.01;50.01;50.01;50.01;50.01;0;stock;55.13;-9.29;55.13;-9.29;0.0;SUBIR
2021-01-04;1609718400000;MAPT3.SA;50.01;50.01;50.01;50.01;50.01;0;stock;55.08;-9.2;55.08;-9.2;0.0;SUBIR
2021-01-05;1609804800000;MAPT3.SA;50.01;50.01;50.01;50.01;50.01;0;stock;55.03;-9.12;55.03;-9.12;0.0;SUBIR
2021-01-06;1609891200000;MAPT3.SA;50.01;50.01;50.01;50.01;50.01;0;stock;54.98;-9.04;54.98;-9.04;0.0;SUBIR
2021-01-07;1609977600000;MAPT3.SA;50.01;50.01;50.01;50.01;50.01;0;stock;54.93;-8.96;54.93;-8.96;0.0;SUBIR
2021-01-08;1610064000000;MAPT3.SA;50.01;50.01;50.01;50.01;50.01;0;stock;54.88;-8.87;54.88;-8.87;0.0;SUBIR
2021-01-11;1610323200000;MAPT3.SA;50.01;50.01;50.01;50.01;50.01;0;stock;54.83;-8.79;54.83;-8.79;0.0;SUBIR
2021-01-12;1610409600000;MAPT3.SA;50.01;50.01;50.01;50.01;50.01;0;stock;54.78;-8.71;54.78;-8.71;0.0;SUBIR
2021-01-13;1610496000000;MAPT3.SA;50.01;50.01;50.01;50.01;50.01;0;stock;54.74;-8.64;54.74;-8.64;0.0;SUBIR
2021-01-14;1610582400000;MAPT3.SA;50.01;50.01;50.01;50.01;50.01;0;stock;54.69;-8.56;54.69;-8.56;0.0;SUBIR
2021-01-15;1610668800000;MAPT3.SA;50.01;50.01;50.01;50.01;50.01;0;stock;54.64;-8.48;54.64;-8.48;0.0;SUBIR
2021-01-18;1610928000000;MAPT3.SA;50.01;50.01;50.01;50.01;50.01;0;stock;54.6;-8.4;54.6;-8.4;0.0;SUBIR
2021-01-19;1611014400000;MAPT3.SA;50.01;50.01;50.01;50.01;50.01;0;stock;54.55;-8.32;54.55;-8.32;0.0;SUBIR
2021-01-20;1611100800000;MAPT3.SA;50.01;50.01;50.01;50.01;50.01;0;stock;54.51;-8.25;54.51;-8.25;0.0;SUBIR
2021-01-21;1611187200000;MAPT3.SA;50.01;50.01;50.01;50.01;50.01;0;stock;54.46;-8.17;54.46;-8.17;0.0;SUBIR
2021-01-22;1611273600000;MAPT3.SA;50.01;50.01;50.01;50.01;50.01;0;stock;54.42;-8.1;54.42;-8.1;0.0;SUBIR
2021-01-26;1611619200000;MAPT3.SA;50.01;50.01;50.01;50.01;50.01;0;stock;54.37;-8.02;54.37;-8.02;0.0;SUBIR
2021-01-27;1611705600000;MAPT3.SA;50.01;50.01;50.01;50.01;50.01;0;stock;54.33;-7.95;54.33;-7.95;0.0;SUBIR
2021-01-28;1611792000000;MAPT3.SA;50.01;50.01;50.01;50.01;50.01;0;stock;54.29;-7.88;54.29;-7.88;0.0;SUBIR
2021-01-29;1611878400000;MAPT3.SA;50.01;50.01;50.01;50.01;50.01;0;stock;54.24;-7.81;54.24;-7.81;0.0;SUBIR
2021-02-01;1612137600000;MAPT3.SA;50.01;50.01;50.01;50.01;50.01;0;stock;54.2;-7.73;54.2;-7.73;0.0;SUBIR
2021-02-02;1612224000000;MAPT3.SA;50.01;50.01;50.01;50.01;50.01;0;stock;54.16;-7.66;54.16;-7.66;0.0;SUBIR
2021-02-03;1612310400000;MAPT3.SA;50.01;50.01;50.01;50.01;50.01;0;stock;54.12;-7.59;54.12;-7.59;0.0;SUBIR
2021-02-04;1612396800000;MAPT3.SA;50.01;50.01;50.01;50.01;50.01;0;stock;54.08;-7.52;54.08;-7.52;0.0;SUBIR
2021-02-05;1612483200000;MAPT3.SA;50.01;50.01;50.01;50.01;50.01;0;stock;54.04;-7.45;54.04;-7.45;0.0;SUBIR
2021-02-08;1612742400000;MAPT3.SA;50.01;50.01;50.01;50.01;50.01;0;stock;54.0;-7.38;54.0;-7.38;0.0;SUBIR
2021-02-09;1612828800000;MAPT3.SA;50.01;50.01;50.01;50.01;50.01;0;stock;53.96;-7.32;53.96;-7.32;0.0;SUBIR
2021-02-10;1612915200000;MAPT3.SA;50.01;50.01;50.01;50.01;50.01;0;stock;53.92;-7.25;53.92;-7.25;0.0;SUBIR
2021-02-11;1613001600000;MAPT3.SA;50.01;50.01;50.01;50.01;50.01;0;stock;53.88;-7.18;53.88;-7.18;0.0;SUBIR
2021-02-12;1613088000000;MAPT3.SA;50.01;50.01;50.01;50.01;50.01;0;stock;53.84;-7.12;53.84;-7.12;0.0;SUBIR
2021-02-17;1613520000000;MAPT3.SA;50.01;50.01;50.01;50.01;50.01;0;stock;53.8;-7.05;53.8;-7.05;0.0;SUBIR
2021-02-18;1613606400000;MAPT3.SA;50.01;50.01;50.01;50.01;50.01;0;stock;53.77;-6.98;53.77;-6.98;0.0;SUBIR
2021-02-19;1613692800000;MAPT3.SA;50.01;50.01;50.01;50.01;50.01;0;stock;53.73;-6.92;53.73;-6.92;0.0;SUBIR
2021-02-22;1613952000000;MAPT3.SA;50.01;50.01;50.01;50.01;50.01;0;stock;53.69;-6.86;53.69;-6.86;0.0;SUBIR
2021-02-23;1614038400000;MAPT3.SA;50.01;50.01;50.01;50.01;50.01;0;stock;53.65;-6.79;53.65;-6.79;0.0;SUBIR
2021-02-24;1614124800000;MAPT3.SA;50.01;50.01;50.01;50.01;50.01;0;stock;53.62;-6.73;53.62;-6.73;0.0;SUBIR
2021-02-25;1614211200000;MAPT3.SA;50.01;50.01;50.01;50.01;50.01;0;stock;53.58;-6.67;53.58;-6.67;0.0;SUBIR
2021-02-26;1614297600000;MAPT3.SA;50.01;50.01;50.01;50.01;50.01;0;stock;53.55;-6.6;53.55;-6.6;0.0;SUBIR
2021-03-01;1614556800000;MAPT3.SA;50.01;50.01;50.01;50.01;50.01;0;stock;53.51;-6.54;53.51;-6.54;0.0;SUBIR
2021-03-02;1614643200000;MAPT3.SA;50.01;50.01;50.01;50.01;50.01;0;stock;53.48;-6.48;53.48;-6.48;0.0;SUBIR
2021-03-03;1614729600000;MAPT3.SA;50.01;50.01;50.01;50.01;50.01;0;stock;53.44;-6.42;53.44;-6.42;0.0;SUBIR
2021-03-04;1614816000000;MAPT3.SA;50.01;50.01;50.01;50.01;50.01;0;stock;53.41;-6.36;53.41;-6.36;0.0;SUBIR
2021-03-05;1614902400000;MAPT3.SA;50.01;50.01;50.01;50.01;50.01;0;stock;53.37;-6.3;53.37;-6.3;0.0;SUBIR
2021-03-08;1615161600000;MAPT3.SA;50.01;50.01;50.01;50.01;50.01;0;stock;53.34;-6.24;53.34;-6.24;0.0;SUBIR
2021-03-09;1615248000000;MAPT3.SA;50.01;50.01;50.01;50.01;50.01;0;stock;53.31;-6.19;53.31;-6.19;0.0;SUBIR
2021-03-10;1615334400000;MAPT3.SA;50.01;50.01;50.01;50.01;50.01;0;stock;53.27;-6.13;53.27;-6.13;0.0;SUBIR
2021-03-11;1615420800000;MAPT3.SA;50.01;50.01;50.01;50.01;50.01;0;stock;53.24;-6.07;53.24;-6.07;0.0;SUBIR
2021-03-12;1615507200000;MAPT3.SA;50.01;50.01;50.01;50.01;50.01;0;stock;53.21;-6.01;53.21;-6.01;0.0;SUBIR
2021-03-15;1615766400000;MAPT3.SA;50.01;50.01;50.01;50.01;50.01;0;stock;53.18;-5.96;53.18;-5.96;0.0;SUBIR
2021-03-16;1615852800000;MAPT3.SA;50.01;50.01;50.01;50.01;50.01;0;stock;53.15;-5.9;53.15;-5.9;0.0;SUBIR
2021-03-17;1615939200000;MAPT3.SA;50.01;50.01;50.01;50.01;50.01;0;stock;53.12;-5.85;53.12;-5.85;0.0;SUBIR
2021-03-18;1616025600000;MAPT3.SA;50.01;50.01;50.01;50.01;50.01;0;stock;53.08;-5.79;53.08;-5.79;0.0;SUBIR
2021-03-19;1616112000000;MAPT3.SA;50.01;50.01;50.01;50.01;50.01;0;stock;53.05;-5.74;53.05;-5.74;0.0;SUBIR
2021-03-22;1616371200000;MAPT3.SA;50.01;50.01;50.01;50.01;50.01;0;stock;53.02;-5.68;53.02;-5.68;0.0;SUBIR
2021-03-23;1616457600000;MAPT3.SA;50.01;50.01;50.01;50.01;50.01;0;stock;52.99;-5.63;52.99;-5.63;0.0;SUBIR
2021-03-24;1616544000000;MAPT3.SA;50.01;50.01;50.01;50.01;50.01;0;stock;52.96;-5.58;52.96;-5.58;0.0;SUBIR
2021-03-25;1616630400000;MAPT3.SA;50.01;50.01;50.01;50.01;50.01;0;stock;52.93;-5.53;52.93;-5.53;0.0;SUBIR
2021-03-26;1616716800000;MAPT3.SA;50.01;50.01;50.01;50.01;50.01;0;stock;52.91;-5.47;52.91;-5.47;0.0;SUBIR
2021-03-29;1616976000000;MAPT3.SA;50.01;50.01;50.01;50.01;50.01;0;stock;52.88;-5.42;52.88;-5.42;0.0;SUBIR
2021-03-30;1617062400000;MAPT3.SA;50.01;50.01;50.01;50.01;50.01;0;stock;52.85;-5.37;52.85;-5.37;0.0;SUBIR
2021-03-31;1617148800000;MAPT3.SA;50.01;50.01;50.01;50.01;50.01;0;stock;52.82;-5.32;52.82;-5.32;0.0;SUBIR
2021-04-01;1617235200000;MAPT3.SA;50.01;50.01;50.01;50.01;50.01;0;stock;52.79;-5.27;52.79;-5.27;0.0;SUBIR
2021-04-05;1617580800000;MAPT3.SA;50.01;50.01;50.01;50.01;50.01;0;stock;52.76;-5.22;52.76;-5.22;0.0;SUBIR
2021-04-06;1617667200000;MAPT3.SA;50.01;50.01;50.01;50.01;50.01;0;stock;52.74;-5.17;52.74;-5.17;0.0;SUBIR
2021-04-07;1617753600000;MAPT3.SA;50.01;50.01;50.01;50.01;50.01;0;stock;52.71;-5.12;52.71;-5.12;0.0;SUBIR
2021-04-08;1617840000000;MAPT3.SA;50.01;50.01;50.01;50.01;50.01;0;stock;52.68;-5.07;52.68;-5.07;0.0;SUBIR
2021-04-09;1617926400000;MAPT3.SA;50.01;50.01;50.01;50.01;50.01;0;stock;52.66;-5.03;52.66;-5.03;0.0;SUBIR
2021-04-12;1618185600000;MAPT3.SA;50.01;50.01;50.01;50.01;50.01;0;stock;52.63;-4.98;52.63;-4.98;0.0;SUBIR
2021-04-13;1618272000000;MAPT3.SA;50.01;50.01;50.01;50.01;50.01;0;stock;52.6;-4.93;52.6;-4.93;0.0;SUBIR
2021-04-14;1618358400000;MAPT3.SA;50.01;50.01;50.01;50.01;50.01;0;stock;52.58;-4.88;52.58;-4.88;0.0;SUBIR
2021-04-15;1618444800000;MAPT3.SA;50.01;50.01;50.01;50.01;50.01;0;stock;52.55;-4.84;52.55;-4.84;0.0;SUBIR
2021-04-16;1618531200000;MAPT3.SA;50.01;50.01;50.01;50.01;50.01;0;stock;52.53;-4.79;52.53;-4.79;0.0;SUBIR
2021-04-19;1618790400000;MAPT3.SA;50.01;50.01;50.01;50.01;50.01;0;stock;52.5;-4.75;52.5;-4.75;0.0;SUBIR
2021-04-20;1618876800000;MAPT3.SA;50.01;50.01;50.01;50.01;50.01;0;stock;52.48;-4.7;52.48;-4.7;0.0;SUBIR
2021-04-22;1619049600000;MAPT3.SA;37.0;37.0;37.0;37.0;37.0;400;stock;52.32;-29.29;52.32;-29.29;0.0;SUBIR
2021-04-23;1619136000000;MAPT3.SA;37.0;37.0;37.0;37.0;37.0;0;stock;52.17;-29.08;52.17;-29.08;0.0;SUBIR
2021-04-26;1619395200000;MAPT3.SA;37.0;37.0;37.0;37.0;37.0;0;stock;52.02;-28.87;52.02;-28.87;0.0;SUBIR
2021-04-27;1619481600000;MAPT3.SA;37.0;37.0;37.0;37.0;37.0;0;stock;51.87;-28.67;51.87;-28.67;0.0;SUBIR
2021-04-28;1619568000000;MAPT3.SA;37.0;37.0;37.0;37.0;37.0;0;stock;51.72;-28.46;51.72;-28.46;0.0;SUBIR
2021-04-29;1619654400000;MAPT3.SA;37.0;37.0;37.0;37.0;37.0;0;stock;51.58;-28.26;51.58;-28.26;0.0;SUBIR
2021-04-30;1619740800000;MAPT3.SA;37.0;37.0;37.0;37.0;37.0;0;stock;51.43;-28.06;51.43;-28.06;0.0;SUBIR
2021-05-03;1620000000000;MAPT3.SA;37.0;37.0;37.0;37.0;37.0;0;stock;51.29;-27.86;51.29;-27.86;0.0;SUBIR
2021-05-04;1620086400000;MAPT3.SA;37.0;37.0;37.0;37.0;37.0;0;stock;51.15;-27.66;51.15;-27.66;0.0;SUBIR
2021-05-05;1620172800000;MAPT3.SA;37.0;37.0;37.0;37.0;37.0;0;stock;51.0;-27.46;51.0;-27.46;0.0;SUBIR
2021-05-06;1620259200000;MAPT3.SA;37.0;37.0;37.0;37.0;37.0;0;stock;50.87;-27.26;50.87;-27.26;0.0;SUBIR
2021-05-07;1620345600000;MAPT3.SA;37.0;37.0;37.0;37.0;37.0;0;stock;50.73;-27.06;50.73;-27.06;0.0;SUBIR
2021-05-10;1620604800000;MAPT3.SA;37.0;37.0;37.0;37.0;37.0;0;stock;50.59;-26.86;50.59;-26.86;0.0;SUBIR
2021-05-11;1620691200000;MAPT3.SA;37.0;37.0;37.0;37.0;37.0;0;stock;50.46;-26.67;50.46;-26.67;0.0;SUBIR
2021-05-12;1620777600000;MAPT3.SA;37.0;37.0;37.0;37.0;37.0;0;stock;50.32;-26.47;50.32;-26.47;0.0;SUBIR
2021-05-13;1620864000000;MAPT3.SA;37.0;37.0;37.0;37.0;37.0;0;stock;50.19;-26.28;50.19;-26.28;0.0;SUBIR
2021-05-14;1620950400000;MAPT3.SA;37.0;37.0;37.0;37.0;37.0;0;stock;50.06;-26.09;50.06;-26.09;0.0;SUBIR
2021-05-17;1621209600000;MAPT3.SA;37.0;37.0;37.0;37.0;37.0;0;stock;49.93;-25.89;49.93;-25.89;0.0;SUBIR
2021-05-18;1621296000000;MAPT3.SA;37.0;37.0;37.0;37.0;37.0;0;stock;49.8;-25.7;49.8;-25.7;0.0;SUBIR
2021-05-19;1621382400000;MAPT3.SA;37.0;37.0;37.0;37.0;37.0;0;stock;49.67;-25.51;49.67;-25.51;0.0;SUBIR
2021-05-20;1621468800000;MAPT3.SA;37.0;37.0;37.0;37.0;37.0;0;stock;49.55;-25.32;49.55;-25.32;0.0;SUBIR
2021-05-21;1621555200000;MAPT3.SA;37.0;37.0;37.0;37.0;37.0;0;stock;49.42;-25.13;49.42;-25.13;0.0;SUBIR
2021-05-24;1621814400000;MAPT3.SA;37.0;37.0;37.0;37.0;37.0;0;stock;49.3;-24.95;49.3;-24.95;0.0;SUBIR
2021-05-25;1621900800000;MAPT3.SA;37.0;37.0;37.0;37.0;37.0;0;stock;49.17;-24.76;49.17;-24.76;0.0;SUBIR
2021-05-26;1621987200000;MAPT3.SA;37.0;37.0;37.0;37.0;37.0;0;stock;49.05;-24.57;49.05;-24.57;0.0;SUBIR
2021-05-27;1622073600000;MAPT3.SA;37.0;37.0;37.0;37.0;37.0;0;stock;48.93;-24.39;48.93;-24.39;0.0;SUBIR
2021-05-28;1622160000000;MAPT3.SA;37.0;37.0;37.0;37.0;37.0;0;stock;48.82;-24.2;48.82;-24.2;0.0;SUBIR
2021-05-31;1622419200000;MAPT3.SA;37.0;37.0;37.0;37.0;37.0;0;stock;48.7;-24.02;48.7;-24.02;0.0;SUBIR
2021-06-01;1622505600000;MAPT3.SA;37.0;37.0;37.0;37.0;37.0;0;stock;48.58;-23.84;48.58;-23.84;0.0;SUBIR
2021-06-02;1622592000000;MAPT3.SA;37.0;37.0;37.0;37.0;37.0;0;stock;48.47;-23.66;48.47;-23.66;0.0;SUBIR
2021-06-04;1622764800000;MAPT3.SA;37.0;37.0;37.0;37.0;37.0;0;stock;48.35;-23.48;48.35;-23.48;0.0;SUBIR
2021-06-07;1623024000000;MAPT3.SA;37.0;37.0;37.0;37.0;37.0;0;stock;48.24;-23.3;48.24;-23.3;0.0;SUBIR
2021-06-08;1623110400000;MAPT3.SA;37.0;37.0;37.0;37.0;37.0;0;stock;48.13;-23.12;48.13;-23.12;0.0;SUBIR
2021-06-09;1623196800000;MAPT3.SA;37.0;37.0;37.0;37.0;37.0;0;stock;48.02;-22.94;48.02;-22.94;0.0;SUBIR
2021-06-10;1623283200000;MAPT3.SA;37.0;37.0;37.0;37.0;37.0;100;stock;47.91;-22.77;47.91;-22.77;0.0;SUBIR
2021-06-11;1623369600000;MAPT3.SA;37.0;37.0;37.0;37.0;37.0;0;stock;47.8;-22.59;47.8;-22.59;0.0;SUBIR
2021-06-14;1623628800000;MAPT3.SA;37.0;37.0;37.0;37.0;37.0;0;stock;47.69;-22.42;47.69;-22.42;0.0;SUBIR
2021-06-15;1623715200000;MAPT3.SA;37.0;37.0;37.0;37.0;37.0;0;stock;47.58;-22.24;47.58;-22.24;0.0;SUBIR
2021-06-16;1623801600000;MAPT3.SA;37.0;37.0;37.0;37.0;37.0;0;stock;47.48;-22.07;47.48;-22.07;0.0;SUBIR
2021-06-17;1623888000000;MAPT3.SA;37.0;37.0;37.0;37.0;37.0;0;stock;47.37;-21.9;47.37;-21.9;0.0;SUBIR
2021-06-18;1623974400000;MAPT3.SA;37.0;37.0;37.0;37.0;37.0;0;stock;47.27;-21.73;47.27;-21.73;0.0;SUBIR
2021-06-21;1624233600000;MAPT3.SA;37.0;37.0;37.0;37.0;37.0;0;stock;47.17;-21.56;47.17;-21.56;0.0;SUBIR
2021-06-22;1624320000000;MAPT3.SA;37.0;37.0;37.0;37.0;37.0;0;stock;47.07;-21.39;47.07;-21.39;0.0;SUBIR
2021-06-23;1624406400000;MAPT3.SA;37.0;37.0;37.0;37.0;37.0;0;stock;46.97;-21.22;46.97;-21.22;0.0;SUBIR
2021-06-24;1624492800000;MAPT3.SA;37.0;37.0;37.0;37.0;37.0;0;stock;46.87;-21.06;46.87;-21.06;0.0;SUBIR
2021-06-25;1624579200000;MAPT3.SA;37.0;37.0;37.0;37.0;37.0;0;stock;46.77;-20.89;46.77;-20.89;0.0;SUBIR
2021-06-28;1624838400000;MAPT3.SA;37.0;37.0;37.0;37.0;37.0;0;stock;46.67;-20.73;46.67;-20.73;0.0;SUBIR
2021-06-29;1624924800000;MAPT3.SA;37.0;37.0;37.0;37.0;37.0;0;stock;46.58;-20.56;46.58;-20.56;0.0;SUBIR
2021-06-30;1625011200000;MAPT3.SA;37.0;37.0;37.0;37.0;37.0;0;stock;46.48;-20.4;46.48;-20.4;0.0;SUBIR
2021-07-01;1625097600000;MAPT3.SA;37.0;37.0;37.0;37.0;37.0;0;stock;46.39;-20.24;46.39;-20.24;0.0;SUBIR
2021-07-02;1625184000000;MAPT3.SA;37.0;37.0;37.0;37.0;37.0;0;stock;46.29;-20.08;46.29;-20.08;0.0;SUBIR
2021-07-05;1625443200000;MAPT3.SA;37.0;37.0;37.0;37.0;37.0;0;stock;46.2;-19.92;46.2;-19.92;0.0;SUBIR
2021-07-06;1625529600000;MAPT3.SA;37.0;37.0;37.0;37.0;37.0;0;stock;46.11;-19.76;46.11;-19.76;0.0;SUBIR
2021-07-07;1625616000000;MAPT3.SA;37.0;37.0;37.0;37.0;37.0;0;stock;46.02;-19.6;46.02;-19.6;0.0;SUBIR
2021-07-08;1625702400000;MAPT3.SA;37.0;37.0;37.0;37.0;37.0;0;stock;45.93;-19.44;45.93;-19.44;0.0;SUBIR
2021-07-12;1626048000000;MAPT3.SA;37.0;37.0;37.0;37.0;37.0;0;stock;45.84;-19.29;45.84;-19.29;0.0;SUBIR
2021-07-13;1626134400000;MAPT3.SA;37.0;37.0;37.0;37.0;37.0;0;stock;45.75;-19.13;45.75;-19.13;0.0;SUBIR
2021-07-14;1626220800000;MAPT3.SA;37.0;37.0;37.0;37.0;37.0;0;stock;45.67;-18.98;45.67;-18.98;0.0;SUBIR
2021-07-15;1626307200000;MAPT3.SA;37.0;37.0;37.0;37.0;37.0;0;stock;45.58;-18.82;45.58;-18.82;0.0;SUBIR
2021-07-16;1626393600000;MAPT3.SA;37.0;37.0;37.0;37.0;37.0;0;stock;45.49;-18.67;45.49;-18.67;0.0;SUBIR
2021-07-19;1626652800000;MAPT3.SA;37.0;37.0;37.0;37.0;37.0;0;stock;45.41;-18.52;45.41;-18.52;0.0;SUBIR
2021-07-20;1626739200000;MAPT3.SA;37.0;37.0;37.0;37.0;37.0;0;stock;45.33;-18.37;45.33;-18.37;0.0;SUBIR
2021-07-21;1626825600000;MAPT3.SA;37.0;37.0;37.0;37.0;37.0;0;stock;45.24;-18.22;45.24;-18.22;0.0;SUBIR
2021-07-22;1626912000000;MAPT3.SA;37.0;37.0;37.0;37.0;37.0;0;stock;45.16;-18.07;45.16;-18.07;0.0;SUBIR
2021-07-23;1626998400000;MAPT3.SA;37.0;37.0;37.0;37.0;37.0;0;stock;45.08;-17.92;45.08;-17.92;0.0;SUBIR
2021-07-26;1627257600000;MAPT3.SA;37.0;37.0;37.0;37.0;37.0;0;stock;45.0;-17.78;45.0;-17.78;0.0;SUBIR
2021-07-27;1627344000000;MAPT3.SA;37.0;37.0;37.0;37.0;37.0;0;stock;44.92;-17.63;44.92;-17.63;0.0;SUBIR
2021-07-28;1627430400000;MAPT3.SA;37.0;37.0;37.0;37.0;37.0;0;stock;44.84;-17.49;44.84;-17.49;0.0;SUBIR
2021-07-29;1627516800000;MAPT3.SA;37.0;37.0;37.0;37.0;37.0;0;stock;44.76;-17.34;44.76;-17.34;0.0;SUBIR
2021-07-30;1627603200000;MAPT3.SA;37.0;37.0;37.0;37.0;37.0;0;stock;44.69;-17.2;44.69;-17.2;0.0;SUBIR
2021-08-02;1627862400000;MAPT3.SA;37.0;37.0;37.0;37.0;37.0;0;stock;44.61;-17.06;44.61;-17.06;0.0;SUBIR
2021-08-03;1627948800000;MAPT3.SA;37.0;37.0;37.0;37.0;37.0;0;stock;44.53;-16.92;44.53;-16.92;0.0;SUBIR
2021-08-04;1628035200000;MAPT3.SA;37.0;37.0;37.0;37.0;37.0;0;stock;44.46;-16.78;44.46;-16.78;0.0;SUBIR
2021-08-05;1628121600000;MAPT3.SA;37.0;37.0;37.0;37.0;37.0;0;stock;44.38;-16.64;44.38;-16.64;0.0;SUBIR
2021-08-06;1628208000000;MAPT3.SA;37.0;37.0;37.0;37.0;37.0;0;stock;44.31;-16.5;44.31;-16.5;0.0;SUBIR
2021-08-09;1628467200000;MAPT3.SA;37.0;37.0;37.0;37.0;37.0;0;stock;44.24;-16.36;44.24;-16.36;0.0;SUBIR
2021-08-10;1628553600000;MAPT3.SA;37.0;37.0;37.0;37.0;37.0;0;stock;44.17;-16.23;44.17;-16.23;0.0;SUBIR
2021-08-11;1628640000000;MAPT3.SA;37.0;37.0;37.0;37.0;37.0;0;stock;44.09;-16.09;44.09;-16.09;0.0;SUBIR
2021-08-12;1628726400000;MAPT3.SA;37.0;37.0;37.0;37.0;37.0;0;stock;44.02;-15.96;44.02;-15.96;0.0;SUBIR
2021-08-13;1628812800000;MAPT3.SA;37.0;37.0;37.0;37.0;37.0;0;stock;43.95;-15.82;43.95;-15.82;0.0;SUBIR
2021-08-16;1629072000000;MAPT3.SA;37.0;37.0;37.0;37.0;37.0;0;stock;43.89;-15.69;43.89;-15.69;0.0;SUBIR
2021-08-17;1629158400000;MAPT3.SA;37.0;37.0;37.0;37.0;37.0;0;stock;43.82;-15.56;43.82;-15.56;0.0;SUBIR
2021-08-18;1629244800000;MAPT3.SA;37.0;37.0;37.0;37.0;37.0;0;stock;43.75;-15.43;43.75;-15.43;0.0;SUBIR
2021-08-19;1629331200000;MAPT3.SA;37.0;37.0;37.0;37.0;37.0;0;stock;43.68;-15.3;43.68;-15.3;0.0;SUBIR
2021-08-20;1629417600000;MAPT3.SA;37.0;37.0;37.0;37.0;37.0;0;stock;43.62;-15.17;43.62;-15.17;0.0;SUBIR
2021-08-23;1629676800000;MAPT3.SA;37.0;37.0;37.0;37.0;37.0;0;stock;43.55;-15.04;43.55;-15.04;0.0;SUBIR
2021-08-24;1629763200000;MAPT3.SA;37.0;37.0;37.0;37.0;37.0;0;stock;43.48;-14.91;43.48;-14.91;0.0;SUBIR
2021-08-25;1629849600000;MAPT3.SA;37.0;37.0;37.0;37.0;37.0;0;stock;43.42;-14.79;43.42;-14.79;0.0;SUBIR
2021-08-26;1629936000000;MAPT3.SA;37.0;37.0;37.0;37.0;37.0;0;stock;43.36;-14.66;43.36;-14.66;0.0;SUBIR
2021-08-27;1630022400000;MAPT3.SA;37.0;37.0;37.0;37.0;37.0;0;stock;43.29;-14.54;43.29;-14.54;0.0;SUBIR
2021-08-30;1630281600000;MAPT3.SA;37.0;37.0;37.0;37.0;37.0;0;stock;43.23;-14.41;43.23;-14.41;0.0;SUBIR
2021-08-31;1630368000000;MAPT3.SA;37.0;37.0;37.0;37.0;37.0;0;stock;43.17;-14.29;43.17;-14.29;0.0;SUBIR
2021-09-01;1630454400000;MAPT3.SA;37.0;37.0;37.0;37.0;37.0;0;stock;43.11;-14.17;43.11;-14.17;0.0;SUBIR
2021-09-02;1630540800000;MAPT3.SA;37.0;37.0;37.0;37.0;37.0;0;stock;43.05;-14.05;43.05;-14.05;0.0;SUBIR
2021-09-03;1630627200000;MAPT3.SA;37.0;37.0;37.0;37.0;37.0;0;stock;42.99;-13.92;42.99;-13.92;0.0;SUBIR
2021-09-06;1630886400000;MAPT3.SA;37.0;37.0;37.0;37.0;37.0;0;stock;42.93;-13.81;42.93;-13.81;0.0;SUBIR
2021-09-08;1631059200000;MAPT3.SA;37.0;37.0;37.0;37.0;37.0;0;stock;42.87;-13.69;42.87;-13.69;0.0;SUBIR
2021-09-09;1631145600000;MAPT3.SA;37.0;37.0;37.0;37.0;37.0;0;stock;42.81;-13.57;42.81;-13.57;0.0;SUBIR
2021-09-10;1631232000000;MAPT3.SA;37.0;37.0;37.0;37.0;37.0;0;stock;42.75;-13.45;42.75;-13.45;0.0;SUBIR
2021-09-13;1631491200000;MAPT3.SA;37.0;37.0;37.0;37.0;37.0;0;stock;42.69;-13.34;42.69;-13.34;0.0;SUBIR
2021-09-14;1631577600000;MAPT3.SA;37.0;37.0;37.0;37.0;37.0;0;stock;42.64;-13.22;42.64;-13.22;0.0;SUBIR
2021-09-15;1631664000000;MAPT3.SA;37.0;37.0;37.0;37.0;37.0;0;stock;42.58;-13.11;42.58;-13.11;0.0;SUBIR
2021-09-16;1631750400000;MAPT3.SA;37.0;37.0;37.0;37.0;37.0;0;stock;42.53;-12.99;42.53;-12.99;0.0;SUBIR
2021-09-17;1631836800000;MAPT3.SA;37.0;37.0;37.0;37.0;37.0;0;stock;42.47;-12.88;42.47;-12.88;0.0;SUBIR
2021-09-20;1632096000000;MAPT3.SA;37.0;37.0;37.0;37.0;37.0;0;stock;42.42;-12.77;42.42;-12.77;0.0;SUBIR
2021-09-21;1632182400000;MAPT3.SA;37.0;37.0;37.0;37.0;37.0;0;stock;42.36;-12.66;42.36;-12.66;0.0;SUBIR
2021-09-22;1632268800000;MAPT3.SA;37.0;37.0;37.0;37.0;37.0;0;stock;42.31;-12.55;42.31;-12.55;0.0;SUBIR
2021-09-23;1632355200000;MAPT3.SA;37.0;37.0;37.0;37.0;37.0;0;stock;42.26;-12.44;42.26;-12.44;0.0;SUBIR
2021-09-24;1632441600000;MAPT3.SA;37.0;37.0;37.0;37.0;37.0;0;stock;42.2;-12.33;42.2;-12.33;0.0;SUBIR
2021-09-27;1632700800000;MAPT3.SA;37.0;37.0;37.0;37.0;37.0;0;stock;42.15;-12.22;42.15;-12.22;0.0;SUBIR
2021-09-28;1632787200000;MAPT3.SA;37.0;37.0;37.0;37.0;37.0;0;stock;42.1;-12.12;42.1;-12.12;0.0;SUBIR
2021-09-29;1632873600000;MAPT3.SA;37.0;37.0;37.0;37.0;37.0;0;stock;42.05;-12.01;42.05;-12.01;0.0;SUBIR
2021-09-30;1632960000000;MAPT3.SA;37.0;37.0;37.0;37.0;37.0;0;stock;42.0;-11.9;42.0;-11.9;0.0;SUBIR
2021-10-01;1633046400000;MAPT3.SA;37.0;37.0;37.0;37.0;37.0;0;stock;41.95;-11.8;41.95;-11.8;0.0;SUBIR
2021-10-04;1633305600000;MAPT3.SA;37.0;37.0;37.0;37.0;37.0;0;stock;41.9;-11.7;41.9;-11.7;0.0;SUBIR
2021-10-05;1633392000000;MAPT3.SA;37.0;37.0;37.0;37.0;37.0;0;stock;41.85;-11.59;41.85;-11.59;0.0;SUBIR
2021-10-06;1633478400000;MAPT3.SA;37.0;37.0;37.0;37.0;37.0;0;stock;41.8;-11.49;41.8;-11.49;0.0;SUBIR
2021-10-07;1633564800000;MAPT3.SA;37.0;37.0;37.0;37.0;37.0;0;stock;41.76;-11.39;41.76;-11.39;0.0;SUBIR
2021-10-08;1633651200000;MAPT3.SA;37.0;37.0;37.0;37.0;37.0;0;stock;41.71;-11.29;41.71;-11.29;0.0;SUBIR
2021-10-11;1633910400000;MAPT3.SA;37.0;37.0;37.0;37.0;37.0;0;stock;41.66;-11.19;41.66;-11.19;0.0;SUBIR
2021-10-13;1634083200000;MAPT3.SA;37.0;37.0;37.0;37.0;37.0;0;stock;41.62;-11.09;41.62;-11.09;0.0;SUBIR
2021-10-14;1634169600000;MAPT3.SA;37.0;37.0;37.0;37.0;37.0;0;stock;41.57;-10.99;41.57;-10.99;0.0;SUBIR
2021-10-15;1634256000000;MAPT3.SA;37.0;37.0;37.0;37.0;37.0;0;stock;41.52;-10.89;41.52;-10.89;0.0;SUBIR
2021-10-18;1634515200000;MAPT3.SA;37.0;37.0;37.0;37.0;37.0;0;stock;41.48;-10.8;41.48;-10.8;0.0;SUBIR
2021-10-19;1634601600000;MAPT3.SA;37.0;37.0;37.0;37.0;37.0;0;stock;41.43;-10.7;41.43;-10.7;0.0;SUBIR
2021-10-20;1634688000000;MAPT3.SA;37.0;37.0;37.0;37.0;37.0;0;stock;41.39;-10.61;41.39;-10.61;0.0;SUBIR
2021-10-21;1634774400000;MAPT3.SA;37.0;37.0;37.0;37.0;37.0;0;stock;41.35;-10.51;41.35;-10.51;0.0;SUBIR
2021-10-22;1634860800000;MAPT3.SA;37.0;37.0;37.0;37.0;37.0;0;stock;41.3;-10.42;41.3;-10.42;0.0;SUBIR
2021-10-25;1635120000000;MAPT3.SA;37.0;37.0;37.0;37.0;37.0;0;stock;41.26;-10.33;41.26;-10.33;0.0;SUBIR
2021-10-26;1635206400000;MAPT3.SA;37.0;37.0;37.0;37.0;37.0;0;stock;41.22;-10.23;41.22;-10.23;0.0;SUBIR
2021-10-27;1635292800000;MAPT3.SA;37.0;37.0;37.0;37.0;37.0;0;stock;41.18;-10.14;41.18;-10.14;0.0;SUBIR
2021-10-28;1635379200000;MAPT3.SA;37.0;37.0;37.0;37.0;37.0;0;stock;41.13;-10.05;41.13;-10.05;0.0;SUBIR
2021-10-29;1635465600000;MAPT3.SA;37.0;37.0;37.0;37.0;37.0;0;stock;41.09;-9.96;41.09;-9.96;0.0;SUBIR
2021-11-01;1635724800000;MAPT3.SA;37.0;37.0;37.0;37.0;37.0;0;stock;41.05;-9.87;41.05;-9.87;0.0;SUBIR
2021-11-03;1635897600000;MAPT3.SA;37.0;37.0;37.0;37.0;37.0;0;stock;41.01;-9.78;41.01;-9.78;0.0;SUBIR
2021-11-04;1635984000000;MAPT3.SA;37.0;37.0;37.0;37.0;37.0;0;stock;40.97;-9.7;40.97;-9.7;0.0;SUBIR
2021-11-05;1636070400000;MAPT3.SA;37.0;37.0;37.0;37.0;37.0;0;stock;40.93;-9.61;40.93;-9.61;0.0;SUBIR
2021-11-08;1636329600000;MAPT3.SA;37.0;37.0;37.0;37.0;37.0;0;stock;40.89;-9.52;40.89;-9.52;0.0;SUBIR
2021-11-09;1636416000000;MAPT3.SA;37.0;37.0;37.0;37.0;37.0;0;stock;40.86;-9.44;40.86;-9.44;0.0;SUBIR
2021-11-10;1636502400000;MAPT3.SA;37.0;37.0;37.0;37.0;37.0;0;stock;40.82;-9.35;40.82;-9.35;0.0;SUBIR
2021-11-11;1636588800000;MAPT3.SA;37.0;37.0;37.0;37.0;37.0;0;stock;40.78;-9.27;40.78;-9.27;0.0;SUBIR
2021-11-12;1636675200000;MAPT3.SA;37.0;37.0;37.0;37.0;37.0;0;stock;40.74;-9.18;40.74;-9.18;0.0;SUBIR
2021-11-16;1637020800000;MAPT3.SA;37.0;37.0;37.0;37.0;37.0;0;stock;40.7;-9.1;40.7;-9.1;0.0;SUBIR
2021-11-17;1637107200000;MAPT3.SA;37.0;37.0;37.0;37.0;37.0;0;stock;40.67;-9.02;40.67;-9.02;0.0;SUBIR
2021-11-18;1637193600000;MAPT3.SA;37.0;37.0;37.0;37.0;37.0;0;stock;40.63;-8.94;40.63;-8.94;0.0;SUBIR
2021-11-19;1637280000000;MAPT3.SA;37.0;37.0;37.0;37.0;37.0;0;stock;40.59;-8.85;40.59;-8.85;0.0;SUBIR
2021-11-22;1637539200000;MAPT3.SA;37.0;37.0;37.0;37.0;37.0;0;stock;40.56;-8.77;40.56;-8.77;0.0;SUBIR
2021-11-23;1637625600000;MAPT3.SA;37.0;37.0;37.0;37.0;37.0;0;stock;40.52;-8.69;40.52;-8.69;0.0;SUBIR
2021-11-24;1637712000000;MAPT3.SA;37.0;37.0;37.0;37.0;37.0;0;stock;40.49;-8.62;40.49;-8.62;0.0;SUBIR
2021-11-25;1637798400000;MAPT3.SA;37.0;37.0;37.0;37.0;37.0;0;stock;40.45;-8.54;40.45;-8.54;0.0;SUBIR
2021-11-26;1637884800000;MAPT3.SA;37.0;37.0;37.0;37.0;37.0;0;stock;40.42;-8.46;40.42;-8.46;0.0;SUBIR
2021-11-29;1638144000000;MAPT3.SA;37.0;37.0;37.0;37.0;37.0;0;stock;40.39;-8.38;40.39;-8.38;0.0;SUBIR
2021-11-30;1638230400000;MAPT3.SA;37.0;37.0;37.0;37.0;37.0;0;stock;40.35;-8.31;40.35;-8.31;0.0;SUBIR
2021-12-01;1638316800000;MAPT3.SA;37.0;37.0;37.0;37.0;37.0;0;stock;40.32;-8.23;40.32;-8.23;0.0;SUBIR
2021-12-02;1638403200000;MAPT3.SA;37.0;37.0;37.0;37.0;37.0;0;stock;40.29;-8.15;40.29;-8.15;0.0;SUBIR
2021-12-03;1638489600000;MAPT3.SA;37.0;37.0;37.0;37.0;37.0;0;stock;40.25;-8.08;40.25;-8.08;0.0;SUBIR
2021-12-06;1638748800000;MAPT3.SA;37.0;37.0;37.0;37.0;37.0;0;stock;40.22;-8.01;40.22;-8.01;0.0;SUBIR
2021-12-07;1638835200000;MAPT3.SA;37.0;37.0;37.0;37.0;37.0;0;stock;40.19;-7.93;40.19;-7.93;0.0;SUBIR
2021-12-08;1638921600000;MAPT3.SA;37.0;37.0;37.0;37.0;37.0;0;stock;40.16;-7.86;40.16;-7.86;0.0;SUBIR
2021-12-09;1639008000000;MAPT3.SA;37.0;37.0;37.0;37.0;37.0;0;stock;40.12;-7.79;40.12;-7.79;0.0;SUBIR
2021-12-10;1639094400000;MAPT3.SA;37.0;37.0;37.0;37.0;37.0;0;stock;40.09;-7.72;40.09;-7.72;0.0;SUBIR
2021-12-13;1639353600000;MAPT3.SA;37.0;37.0;37.0;37.0;37.0;0;stock;40.06;-7.65;40.06;-7.65;0.0;SUBIR
2021-12-14;1639440000000;MAPT3.SA;37.0;37.0;37.0;37.0;37.0;0;stock;40.03;-7.57;40.03;-7.57;0.0;SUBIR
2021-12-15;1639526400000;MAPT3.SA;37.0;37.0;37.0;37.0;37.0;0;stock;40.0;-7.51;40.0;-7.51;0.0;SUBIR
2021-12-16;1639612800000;MAPT3.SA;37.0;37.0;37.0;37.0;37.0;0;stock;39.97;-7.44;39.97;-7.44;0.0;SUBIR
2021-12-17;1639699200000;MAPT3.SA;37.0;37.0;37.0;37.0;37.0;0;stock;39.94;-7.37;39.94;-7.37;0.0;SUBIR
2021-12-20;1639958400000;MAPT3.SA;37.0;37.0;37.0;37.0;37.0;0;stock;39.91;-7.3;39.91;-7.3;0.0;SUBIR
2021-12-21;1640044800000;MAPT3.SA;37.0;37.0;37.0;37.0;37.0;0;stock;39.88;-7.23;39.88;-7.23;0.0;SUBIR
2021-12-22;1640131200000;MAPT3.SA;37.0;37.0;37.0;37.0;37.0;0;stock;39.86;-7.17;39.86;-7.17;0.0;SUBIR
2021-12-23;1640217600000;MAPT3.SA;37.0;37.0;37.0;37.0;37.0;0;stock;39.83;-7.1;39.83;-7.1;0.0;SUBIR
2021-12-27;1640563200000;MAPT3.SA;37.0;37.0;37.0;37.0;37.0;0;stock;39.8;-7.03;39.8;-7.03;0.0;SUBIR
2021-12-28;1640649600000;MAPT3.SA;37.0;37.0;37.0;37.0;37.0;0;stock;39.77;-6.97;39.77;-6.97;0.0;SUBIR
2021-12-29;1640736000000;MAPT3.SA;37.0;37.0;37.0;37.0;37.0;0;stock;39.74;-6.9;39.74;-6.9;0.0;SUBIR
2021-12-30;1640822400000;MAPT3.SA;37.0;37.0;37.0;37.0;37.0;0;stock;39.72;-6.84;39.72;-6.84;0.0;SUBIR
2022-01-03;1641168000000;MAPT3.SA;37.0;37.0;37.0;37.0;37.0;0;stock;39.69;-6.78;39.69;-6.78;0.0;SUBIR
2022-01-04;1641254400000;MAPT3.SA;37.0;37.0;37.0;37.0;37.0;0;stock;39.66;-6.71;39.66;-6.71;0.0;SUBIR
2022-01-05;1641340800000;MAPT3.SA;37.0;37.0;37.0;37.0;37.0;0;stock;39.64;-6.65;39.64;-6.65;0.0;SUBIR
2022-01-06;1641427200000;MAPT3.SA;37.0;37.0;37.0;37.0;37.0;0;stock;39.61;-6.59;39.61;-6.59;0.0;SUBIR
2022-01-07;1641513600000;MAPT3.SA;37.0;37.0;37.0;37.0;37.0;0;stock;39.58;-6.53;39.58;-6.53;0.0;SUBIR
2022-01-10;1641772800000;MAPT3.SA;37.0;37.0;37.0;37.0;37.0;0;stock;39.56;-6.47;39.56;-6.47;0.0;SUBIR
2022-01-11;1641859200000;MAPT3.SA;37.0;37.0;37.0;37.0;37.0;0;stock;39.53;-6.41;39.53;-6.41;0.0;SUBIR
2022-01-12;1641945600000;MAPT3.SA;37.0;37.0;37.0;37.0;37.0;0;stock;39.51;-6.35;39.51;-6.35;0.0;SUBIR
2022-01-13;1642032000000;MAPT3.SA;37.0;37.0;37.0;37.0;37.0;0;stock;39.48;-6.29;39.48;-6.29;0.0;SUBIR
2022-01-14;1642118400000;MAPT3.SA;37.0;37.0;37.0;37.0;37.0;0;stock;39.46;-6.23;39.46;-6.23;0.0;SUBIR
2022-01-17;1642377600000;MAPT3.SA;37.0;37.0;37.0;37.0;37.0;0;stock;39.43;-6.17;39.43;-6.17;0.0;SUBIR
2022-01-18;1642464000000;MAPT3.SA;37.0;37.0;37.0;37.0;37.0;0;stock;39.41;-6.11;39.41;-6.11;0.0;SUBIR
2022-01-19;1642550400000;MAPT3.SA;37.0;37.0;37.0;37.0;37.0;0;stock;39.39;-6.06;39.39;-6.06;0.0;SUBIR
2022-01-20;1642636800000;MAPT3.SA;37.0;37.0;37.0;37.0;37.0;0;stock;39.36;-6.0;39.36;-6.0;0.0;SUBIR
2022-01-21;1642723200000;MAPT3.SA;37.0;37.0;37.0;37.0;37.0;0;stock;39.34;-5.94;39.34;-5.94;0.0;SUBIR
2022-01-24;1642982400000;MAPT3.SA;37.0;37.0;37.0;37.0;37.0;0;stock;39.31;-5.89;39.31;-5.89;0.0;SUBIR
2022-01-25;1643068800000;MAPT3.SA;37.0;37.0;37.0;37.0;37.0;0;stock;39.29;-5.83;39.29;-5.83;0.0;SUBIR
2022-01-26;1643155200000;MAPT3.SA;37.0;37.0;37.0;37.0;37.0;0;stock;39.27;-5.78;39.27;-5.78;0.0;SUBIR
2022-01-27;1643241600000;MAPT3.SA;37.0;37.0;37.0;37.0;37.0;0;stock;39.25;-5.72;39.25;-5.72;0.0;SUBIR
2022-01-28;1643328000000;MAPT3.SA;37.0;37.0;37.0;37.0;37.0;0;stock;39.22;-5.67;39.22;-5.67;0.0;SUBIR
2022-01-31;1643587200000;MAPT3.SA;37.0;37.0;37.0;37.0;37.0;0;stock;39.2;-5.62;39.2;-5.62;0.0;SUBIR
2022-02-01;1643673600000;MAPT3.SA;37.0;37.0;37.0;37.0;37.0;0;stock;39.18;-5.56;39.18;-5.56;0.0;SUBIR
2022-02-02;1643760000000;MAPT3.SA;37.0;37.0;37.0;37.0;37.0;0;stock;39.16;-5.51;39.16;-5.51;0.0;SUBIR
2022-02-03;1643846400000;MAPT3.SA;37.0;37.0;37.0;37.0;37.0;0;stock;39.14;-5.46;39.14;-5.46;0.0;SUBIR
2022-02-04;1643932800000;MAPT3.SA;37.0;37.0;37.0;37.0;37.0;0;stock;39.12;-5.41;39.12;-5.41;0.0;SUBIR
2022-02-07;1644192000000;MAPT3.SA;37.0;37.0;37.0;37.0;37.0;0;stock;39.09;-5.36;39.09;-5.36;0.0;SUBIR
2022-02-08;1644278400000;MAPT3.SA;37.0;37.0;37.0;37.0;37.0;0;stock;39.07;-5.31;39.07;-5.31;0.0;SUBIR
2022-02-09;1644364800000;MAPT3.SA;37.0;37.0;37.0;37.0;37.0;0;stock;39.05;-5.26;39.05;-5.26;0.0;SUBIR
2022-02-10;1644451200000;MAPT3.SA;37.0;37.0;37.0;37.0;37.0;0;stock;39.03;-5.21;39.03;-5.21;0.0;SUBIR
2022-02-11;1644537600000;MAPT3.SA;37.0;37.0;37.0;37.0;37.0;0;stock;39.01;-5.16;39.01;-5.16;0.0;SUBIR
2022-02-14;1644796800000;MAPT3.SA;37.0;37.0;37.0;37.0;37.0;0;stock;38.99;-5.11;38.99;-5.11;0.0;SUBIR
2022-02-15;1644883200000;MAPT3.SA;37.0;37.0;37.0;37.0;37.0;0;stock;38.97;-5.06;38.97;-5.06;0.0;SUBIR
2022-02-16;1644969600000;MAPT3.SA;37.0;37.0;37.0;37.0;37.0;0;stock;38.95;-5.01;38.95;-5.01;0.0;SUBIR
2022-02-17;1645056000000;MAPT3.SA;37.0;37.0;37.0;37.0;37.0;0;stock;38.93;-4.97;38.93;-4.97;0.0;SUBIR
2022-02-18;1645142400000;MAPT3.SA;37.0;37.0;37.0;37.0;37.0;0;stock;38.91;-4.92;38.91;-4.92;0.0;SUBIR
2022-02-21;1645401600000;MAPT3.SA;37.0;37.0;37.0;37.0;37.0;0;stock;38.9;-4.87;38.9;-4.87;0.0;SUBIR
2022-02-22;1645488000000;MAPT3.SA;37.0;37.0;37.0;37.0;37.0;0;stock;38.88;-4.83;38.88;-4.83;0.0;SUBIR
2022-02-23;1645574400000;MAPT3.SA;37.0;37.0;37.0;37.0;37.0;0;stock;38.86;-4.78;38.86;-4.78;0.0;SUBIR
2022-02-24;1645660800000;MAPT3.SA;37.0;37.0;37.0;37.0;37.0;0;stock;38.84;-4.74;38.84;-4.74;0.0;SUBIR
2022-02-25;1645747200000;MAPT3.SA;37.0;37.0;37.0;37.0;37.0;0;stock;38.82;-4.69;38.82;-4.69;0.0;SUBIR
2022-03-02;1646179200000;MAPT3.SA;37.0;37.0;37.0;37.0;37.0;0;stock;38.8;-4.65;38.8;-4.65;0.0;SUBIR
2022-03-03;1646265600000;MAPT3.SA;37.0;37.0;37.0;37.0;37.0;0;stock;38.78;-4.6;38.78;-4.6;0.0;SUBIR
2022-03-04;1646352000000;MAPT3.SA;37.0;37.0;37.0;37.0;37.0;0;stock;38.77;-4.56;38.77;-4.56;0.0;SUBIR
2022-03-07;1646611200000;MAPT3.SA;37.0;37.0;37.0;37.0;37.0;0;stock;38.75;-4.52;38.75;-4.52;0.0;SUBIR
2022-03-08;1646697600000;MAPT3.SA;37.0;37.0;37.0;37.0;37.0;0;stock;38.73;-4.47;38.73;-4.47;0.0;SUBIR
2022-03-09;1646784000000;MAPT3.SA;37.0;37.0;37.0;37.0;37.0;0;stock;38.71;-4.43;38.71;-4.43;0.0;SUBIR
2022-03-10;1646870400000;MAPT3.SA;37.0;37.0;37.0;37.0;37.0;0;stock;38.7;-4.39;38.7;-4.39;0.0;SUBIR
2022-03-11;1646956800000;MAPT3.SA;37.0;37.0;37.0;37.0;37.0;0;stock;38.68;-4.35;38.68;-4.35;0.0;SUBIR
2022-03-14;1647216000000;MAPT3.SA;37.0;37.0;37.0;37.0;37.0;0;stock;38.66;-4.3;38.66;-4.3;0.0;SUBIR
2022-03-15;1647302400000;MAPT3.SA;37.0;37.0;37.0;37.0;37.0;0;stock;38.65;-4.26;38.65;-4.26;0.0;SUBIR
2022-03-16;1647388800000;MAPT3.SA;37.0;37.0;37.0;37.0;37.0;0;stock;38.63;-4.22;38.63;-4.22;0.0;SUBIR
2022-03-17;1647475200000;MAPT3.SA;37.0;37.0;37.0;37.0;37.0;0;stock;38.62;-4.18;38.62;-4.18;0.0;SUBIR
2022-03-18;1647561600000;MAPT3.SA;37.0;37.0;37.0;37.0;37.0;0;stock;38.6;-4.14;38.6;-4.14;0.0;SUBIR
2022-03-21;1647820800000;MAPT3.SA;37.0;37.0;37.0;37.0;37.0;0;stock;38.58;-4.1;38.58;-4.1;0.0;SUBIR
2022-03-22;1647907200000;MAPT3.SA;37.0;37.0;37.0;37.0;37.0;0;stock;38.57;-4.06;38.57;-4.06;0.0;SUBIR
2022-03-23;1647993600000;MAPT3.SA;37.0;37.0;37.0;37.0;37.0;0;stock;38.55;-4.03;38.55;-4.03;0.0;SUBIR
2022-03-24;1648080000000;MAPT3.SA;37.0;37.0;37.0;37.0;37.0;0;stock;38.54;-3.99;38.54;-3.99;0.0;SUBIR
2022-03-25;1648166400000;MAPT3.SA;37.0;37.0;37.0;37.0;37.0;0;stock;38.52;-3.95;38.52;-3.95;0.0;SUBIR
2022-03-28;1648425600000;MAPT3.SA;37.0;37.0;37.0;37.0;37.0;0;stock;38.51;-3.91;38.51;-3.91;0.0;SUBIR
2022-03-29;1648512000000;MAPT3.SA;37.0;37.0;37.0;37.0;37.0;0;stock;38.49;-3.87;38.49;-3.87;0.0;SUBIR
2022-03-30;1648598400000;MAPT3.SA;37.0;37.0;37.0;37.0;37.0;0;stock;38.48;-3.84;38.48;-3.84;0.0;SUBIR
2022-03-31;1648684800000;MAPT3.SA;37.0;37.0;37.0;37.0;37.0;0;stock;38.46;-3.8;38.46;-3.8;0.0;SUBIR
2022-04-01;1648771200000;MAPT3.SA;37.0;37.0;37.0;37.0;37.0;0;stock;38.45;-3.76;38.45;-3.76;0.0;SUBIR
2022-04-04;1649030400000;MAPT3.SA;37.0;37.0;37.0;37.0;37.0;0;stock;38.43;-3.73;38.43;-3.73;0.0;SUBIR
2022-04-05;1649116800000;MAPT3.SA;37.0;37.0;37.0;37.0;37.0;0;stock;38.42;-3.69;38.42;-3.69;0.0;SUBIR
2022-04-06;1649203200000;MAPT3.SA;37.0;37.0;37.0;37.0;37.0;0;stock;38.4;-3.66;38.4;-3.66;0.0;SUBIR
2022-04-07;1649289600000;MAPT3.SA;37.0;37.0;37.0;37.0;37.0;0;stock;38.39;-3.62;38.39;-3.62;0.0;SUBIR
2022-04-08;1649376000000;MAPT3.SA;37.0;37.0;37.0;37.0;37.0;0;stock;38.38;-3.59;38.38;-3.59;0.0;SUBIR
2022-04-11;1649635200000;MAPT3.SA;37.0;37.0;37.0;37.0;37.0;0;stock;38.36;-3.55;38.36;-3.55;0.0;SUBIR
2022-04-12;1649721600000;MAPT3.SA;37.0;37.0;37.0;37.0;37.0;0;stock;38.35;-3.52;38.35;-3.52;0.0;SUBIR
2022-04-13;1649808000000;MAPT3.SA;37.0;37.0;37.0;37.0;37.0;0;stock;38.34;-3.48;38.34;-3.48;0.0;SUBIR
2022-04-14;1649894400000;MAPT3.SA;37.0;37.0;37.0;37.0;37.0;0;stock;38.32;-3.45;38.32;-3.45;0.0;SUBIR
2022-04-18;1650240000000;MAPT3.SA;37.0;37.0;37.0;37.0;37.0;0;stock;38.31;-3.42;38.31;-3.42;0.0;SUBIR
2022-04-19;1650326400000;MAPT3.SA;37.0;37.0;37.0;37.0;37.0;0;stock;38.3;-3.38;38.3;-3.38;0.0;SUBIR
2022-04-20;1650412800000;MAPT3.SA;37.0;37.0;37.0;37.0;37.0;0;stock;38.28;-3.35;38.28;-3.35;0.0;SUBIR
2022-04-22;1650585600000;MAPT3.SA;37.0;37.0;37.0;37.0;37.0;0;stock;38.27;-3.32;38.27;-3.32;0.0;SUBIR
2022-04-25;1650844800000;MAPT3.SA;37.0;37.0;37.0;37.0;37.0;0;stock;38.26;-3.29;38.26;-3.29;0.0;SUBIR
2022-04-26;1650931200000;MAPT3.SA;37.0;37.0;37.0;37.0;37.0;0;stock;38.25;-3.26;38.25;-3.26;0.0;SUBIR
2022-04-27;1651017600000;MAPT3.SA;37.0;37.0;37.0;37.0;37.0;0;stock;38.23;-3.22;38.23;-3.22;0.0;SUBIR
2022-04-28;1651104000000;MAPT3.SA;37.0;37.0;37.0;37.0;37.0;0;stock;38.22;-3.19;38.22;-3.19;0.0;SUBIR
2022-04-29;1651190400000;MAPT3.SA;37.0;37.0;37.0;37.0;37.0;0;stock;38.21;-3.16;38.21;-3.16;0.0;SUBIR
2022-05-02;1651449600000;MAPT3.SA;37.0;37.0;37.0;37.0;37.0;0;stock;38.2;-3.13;38.2;-3.13;0.0;SUBIR
2022-05-03;1651536000000;MAPT3.SA;37.0;37.0;37.0;37.0;37.0;0;stock;38.18;-3.1;38.18;-3.1;0.0;SUBIR
2022-05-04;1651622400000;MAPT3.SA;37.0;37.0;37.0;37.0;37.0;0;stock;38.17;-3.07;38.17;-3.07;0.0;SUBIR
2022-05-05;1651708800000;MAPT3.SA;37.0;37.0;37.0;37.0;37.0;0;stock;38.16;-3.04;38.16;-3.04;0.0;SUBIR
2022-05-06;1651795200000;MAPT3.SA;37.0;37.0;37.0;37.0;37.0;0;stock;38.15;-3.01;38.15;-3.01;0.0;SUBIR
2022-05-09;1652054400000;MAPT3.SA;37.0;37.0;37.0;37.0;37.0;0;stock;38.14;-2.98;38.14;-2.98;0.0;SUBIR
2022-05-10;1652140800000;MAPT3.SA;37.0;37.0;37.0;37.0;37.0;0;stock;38.13;-2.96;38.13;-2.96;0.0;SUBIR
2022-05-11;1652227200000;MAPT3.SA;37.0;37.0;37.0;37.0;37.0;0;stock;38.12;-2.93;38.12;-2.93;0.0;SUBIR
2022-05-12;1652313600000;MAPT3.SA;37.0;37.0;37.0;37.0;37.0;0;stock;38.1;-2.9;38.1;-2.9;0.0;SUBIR
2022-05-13;1652400000000;MAPT3.SA;37.0;37.0;37.0;37.0;37.0;0;stock;38.09;-2.87;38.09;-2.87;0.0;SUBIR
2022-05-16;1652659200000;MAPT3.SA;37.0;37.0;37.0;37.0;37.0;0;stock;38.08;-2.84;38.08;-2.84;0.0;SUBIR
2022-05-17;1652745600000;MAPT3.SA;37.0;37.0;37.0;37.0;37.0;0;stock;38.07;-2.82;38.07;-2.82;0.0;SUBIR
2022-05-18;1652832000000;MAPT3.SA;37.0;37.0;37.0;37.0;37.0;0;stock;38.06;-2.79;38.06;-2.79;0.0;SUBIR
2022-05-19;1652918400000;MAPT3.SA;37.0;37.0;37.0;37.0;37.0;0;stock;38.05;-2.76;38.05;-2.76;0.0;SUBIR
2022-05-20;1653004800000;MAPT3.SA;37.0;37.0;37.0;37.0;37.0;0;stock;38.04;-2.73;38.04;-2.73;0.0;SUBIR
2022-05-23;1653264000000;MAPT3.SA;37.0;37.0;37.0;37.0;37.0;0;stock;38.03;-2.71;38.03;-2.71;0.0;SUBIR
2022-05-24;1653350400000;MAPT3.SA;37.0;37.0;37.0;37.0;37.0;0;stock;38.02;-2.68;38.02;-2.68;0.0;SUBIR
2022-05-25;1653436800000;MAPT3.SA;37.0;37.0;37.0;37.0;37.0;0;stock;38.01;-2.66;38.01;-2.66;0.0;SUBIR
2022-05-26;1653523200000;MAPT3.SA;37.0;37.0;37.0;37.0;37.0;0;stock;38.0;-2.63;38.0;-2.63;0.0;SUBIR
2022-05-27;1653609600000;MAPT3.SA;37.0;37.0;37.0;37.0;37.0;0;stock;37.99;-2.6;37.99;-2.6;0.0;SUBIR
2022-05-30;1653868800000;MAPT3.SA;37.0;37.0;37.0;37.0;37.0;0;stock;37.98;-2.58;37.98;-2.58;0.0;SUBIR
2022-05-31;1653955200000;MAPT3.SA;37.0;37.0;37.0;37.0;37.0;0;stock;37.97;-2.55;37.97;-2.55;0.0;SUBIR
2022-06-01;1654041600000;MAPT3.SA;37.0;37.0;37.0;37.0;37.0;0;stock;37.96;-2.53;37.96;-2.53;0.0;SUBIR
2022-06-02;1654128000000;MAPT3.SA;37.0;37.0;37.0;37.0;37.0;0;stock;37.95;-2.5;37.95;-2.5;0.0;SUBIR
2022-06-03;1654214400000;MAPT3.SA;37.0;37.0;37.0;37.0;37.0;0;stock;37.94;-2.48;37.94;-2.48;0.0;SUBIR
2022-06-06;1654473600000;MAPT3.SA;37.0;37.0;37.0;37.0;37.0;0;stock;37.93;-2.46;37.93;-2.46;0.0;SUBIR
2022-06-07;1654560000000;MAPT3.SA;37.0;37.0;37.0;37.0;37.0;0;stock;37.92;-2.43;37.92;-2.43;0.0;SUBIR
2022-06-08;1654646400000;MAPT3.SA;37.0;37.0;37.0;37.0;37.0;0;stock;37.91;-2.41;37.91;-2.41;0.0;SUBIR
2022-06-09;1654732800000;MAPT3.SA;37.0;37.0;37.0;37.0;37.0;0;stock;37.9;-2.39;37.9;-2.39;0.0;SUBIR
2022-06-10;1654819200000;MAPT3.SA;37.0;37.0;37.0;37.0;37.0;0;stock;37.9;-2.36;37.9;-2.36;0.0;SUBIR
2022-06-13;1655078400000;MAPT3.SA;37.0;37.0;37.0;37.0;37.0;0;stock;37.89;-2.34;37.89;-2.34;0.0;SUBIR
2022-06-14;1655164800000;MAPT3.SA;37.0;37.0;37.0;37.0;37.0;0;stock;37.88;-2.32;37.88;-2.32;0.0;SUBIR
2022-06-15;1655251200000;MAPT3.SA;37.0;37.0;37.0;37.0;37.0;0;stock;37.87;-2.29;37.87;-2.29;0.0;SUBIR
2022-06-17;1655424000000;MAPT3.SA;37.0;37.0;37.0;37.0;37.0;0;stock;37.86;-2.27;37.86;-2.27;0.0;SUBIR
2022-06-20;1655683200000;MAPT3.SA;37.0;37.0;37.0;37.0;37.0;0;stock;37.85;-2.25;37.85;-2.25;0.0;SUBIR
2022-06-21;1655769600000;MAPT3.SA;37.0;37.0;37.0;37.0;37.0;0;stock;37.84;-2.23;37.84;-2.23;0.0;SUBIR
2022-06-22;1655856000000;MAPT3.SA;37.0;37.0;37.0;37.0;37.0;0;stock;37.83;-2.21;37.83;-2.21;0.0;SUBIR
2022-06-23;1655942400000;MAPT3.SA;37.0;37.0;37.0;37.0;37.0;0;stock;37.83;-2.18;37.83;-2.18;0.0;SUBIR
2022-06-24;1656028800000;MAPT3.SA;37.0;37.0;37.0;37.0;37.0;0;stock;37.82;-2.16;37.82;-2.16;0.0;SUBIR
2022-06-27;1656288000000;MAPT3.SA;37.0;37.0;37.0;37.0;37.0;0;stock;37.81;-2.14;37.81;-2.14;0.0;SUBIR
2022-06-28;1656374400000;MAPT3.SA;37.0;37.0;37.0;37.0;37.0;0;stock;37.8;-2.12;37.8;-2.12;0.0;SUBIR
2022-06-29;1656460800000;MAPT3.SA;37.0;37.0;37.0;37.0;37.0;0;stock;37.79;-2.1;37.79;-2.1;0.0;SUBIR
2022-06-30;1656547200000;MAPT3.SA;37.0;37.0;37.0;37.0;37.0;0;stock;37.79;-2.08;37.79;-2.08;0.0;SUBIR
2022-07-01;1656633600000;MAPT3.SA;37.0;37.0;37.0;37.0;37.0;0;stock;37.78;-2.06;37.78;-2.06;0.0;SUBIR
2022-07-04;1656892800000;MAPT3.SA;37.0;37.0;37.0;37.0;37.0;0;stock;37.77;-2.04;37.77;-2.04;0.0;SUBIR
2022-07-05;1656979200000;MAPT3.SA;37.0;37.0;37.0;37.0;37.0;0;stock;37.76;-2.02;37.76;-2.02;0.0;SUBIR
2022-07-06;1657065600000;MAPT3.SA;37.0;37.0;37.0;37.0;37.0;0;stock;37.76;-2.0;37.76;-2.0;0.0;SUBIR
2022-07-07;1657152000000;MAPT3.SA;37.0;37.0;37.0;37.0;37.0;0;stock;37.75;-1.98;37.75;-1.98;0.0;SUBIR
2022-07-08;1657238400000;MAPT3.SA;37.0;37.0;37.0;37.0;37.0;0;stock;37.74;-1.96;37.74;-1.96;0.0;SUBIR
2022-07-11;1657497600000;MAPT3.SA;37.0;37.0;37.0;37.0;37.0;0;stock;37.73;-1.94;37.73;-1.94;0.0;SUBIR
2022-07-12;1657584000000;MAPT3.SA;37.0;37.0;37.0;37.0;37.0;0;stock;37.73;-1.92;37.73;-1.92;0.0;SUBIR
2022-07-13;1657670400000;MAPT3.SA;37.0;37.0;37.0;37.0;37.0;0;stock;37.72;-1.9;37.72;-1.9;0.0;SUBIR
2022-07-14;1657756800000;MAPT3.SA;37.0;37.0;37.0;37.0;37.0;0;stock;37.71;-1.89;37.71;-1.89;0.0;SUBIR
2022-07-15;1657843200000;MAPT3.SA;37.0;37.0;37.0;37.0;37.0;0;stock;37.7;-1.87;37.7;-1.87;0.0;SUBIR
2022-07-18;1658102400000;MAPT3.SA;37.0;37.0;37.0;37.0;37.0;0;stock;37.7;-1.85;37.7;-1.85;0.0;SUBIR
2022-07-19;1658188800000;MAPT3.SA;37.0;37.0;37.0;37.0;37.0;0;stock;37.69;-1.83;37.69;-1.83;0.0;SUBIR
2022-07-20;1658275200000;MAPT3.SA;37.0;37.0;37.0;37.0;37.0;0;stock;37.68;-1.81;37.68;-1.81;0.0;SUBIR
2022-07-21;1658361600000;MAPT3.SA;37.0;37.0;37.0;37.0;37.0;0;stock;37.68;-1.8;37.68;-1.8;0.0;SUBIR
2022-07-22;1658448000000;MAPT3.SA;37.0;37.0;37.0;37.0;37.0;0;stock;37.67;-1.78;37.67;-1.78;0.0;SUBIR
2022-07-25;1658707200000;MAPT3.SA;37.0;37.0;37.0;37.0;37.0;0;stock;37.66;-1.76;37.66;-1.76;0.0;SUBIR
2022-07-26;1658793600000;MAPT3.SA;37.0;37.0;37.0;37.0;37.0;0;stock;37.66;-1.74;37.66;-1.74;0.0;SUBIR
2022-07-27;1658880000000;MAPT3.SA;37.0;37.0;37.0;37.0;37.0;0;stock;37.65;-1.73;37.65;-1.73;0.0;SUBIR
2022-07-28;1658966400000;MAPT3.SA;37.0;37.0;37.0;37.0;37.0;0;stock;37.64;-1.71;37.64;-1.71;0.0;SUBIR
2022-07-29;1659052800000;MAPT3.SA;37.0;37.0;37.0;37.0;37.0;0;stock;37.64;-1.69;37.64;-1.69;0.0;SUBIR
2022-08-01;1659312000000;MAPT3.SA;37.0;37.0;37.0;37.0;37.0;0;stock;37.63;-1.68;37.63;-1.68;0.0;SUBIR
2022-08-02;1659398400000;MAPT3.SA;37.0;37.0;37.0;37.0;37.0;0;stock;37.62;-1.66;37.62;-1.66;0.0;SUBIR
2022-08-03;1659484800000;MAPT3.SA;37.0;37.0;37.0;37.0;37.0;0;stock;37.62;-1.64;37.62;-1.64;0.0;SUBIR
2022-08-04;1659571200000;MAPT3.SA;37.0;37.0;37.0;37.0;37.0;0;stock;37.61;-1.63;37.61;-1.63;0.0;SUBIR
2022-08-05;1659657600000;MAPT3.SA;37.0;37.0;37.0;37.0;37.0;0;stock;37.61;-1.61;37.61;-1.61;0.0;SUBIR
2022-08-08;1659916800000;MAPT3.SA;37.0;37.0;37.0;37.0;37.0;0;stock;37.6;-1.6;37.6;-1.6;0.0;SUBIR
2022-08-09;1660003200000;MAPT3.SA;37.0;37.0;37.0;37.0;37.0;0;stock;37.59;-1.58;37.59;-1.58;0.0;SUBIR
2022-08-10;1660089600000;MAPT3.SA;37.0;37.0;37.0;37.0;37.0;0;stock;37.59;-1.56;37.59;-1.56;0.0;SUBIR
2022-08-11;1660176000000;MAPT3.SA;37.0;37.0;37.0;37.0;37.0;0;stock;37.58;-1.55;37.58;-1.55;0.0;SUBIR
2022-08-12;1660262400000;MAPT3.SA;37.0;37.0;37.0;37.0;37.0;0;stock;37.58;-1.53;37.58;-1.53;0.0;SUBIR
2022-08-15;1660521600000;MAPT3.SA;37.0;37.0;37.0;37.0;37.0;0;stock;37.57;-1.52;37.57;-1.52;0.0;SUBIR
2022-08-16;1660608000000;MAPT3.SA;37.0;37.0;37.0;37.0;37.0;0;stock;37.57;-1.5;37.57;-1.5;0.0;SUBIR
2022-08-17;1660694400000;MAPT3.SA;37.0;37.0;37.0;37.0;37.0;0;stock;37.56;-1.49;37.56;-1.49;0.0;SUBIR
2022-08-18;1660780800000;MAPT3.SA;37.0;37.0;37.0;37.0;37.0;0;stock;37.55;-1.48;37.55;-1.48;0.0;SUBIR
2022-08-19;1660867200000;MAPT3.SA;37.0;37.0;37.0;37.0;37.0;0;stock;37.55;-1.46;37.55;-1.46;0.0;SUBIR
2022-08-22;1661126400000;MAPT3.SA;37.0;37.0;37.0;37.0;37.0;0;stock;37.54;-1.45;37.54;-1.45;0.0;SUBIR
2022-08-23;1661212800000;MAPT3.SA;37.0;37.0;37.0;37.0;37.0;0;stock;37.54;-1.43;37.54;-1.43;0.0;SUBIR
2022-08-24;1661299200000;MAPT3.SA;37.0;37.0;37.0;37.0;37.0;0;stock;37.53;-1.42;37.53;-1.42;0.0;SUBIR
2022-08-25;1661385600000;MAPT3.SA;37.0;37.0;37.0;37.0;37.0;0;stock;37.53;-1.4;37.53;-1.4;0.0;SUBIR
2022-08-26;1661472000000;MAPT3.SA;37.0;37.0;37.0;37.0;37.0;0;stock;37.52;-1.39;37.52;-1.39;0.0;SUBIR
2022-08-29;1661731200000;MAPT3.SA;37.0;37.0;37.0;37.0;37.0;0;stock;37.52;-1.38;37.52;-1.38;0.0;SUBIR
2022-08-30;1661817600000;MAPT3.SA;37.0;37.0;37.0;37.0;37.0;0;stock;37.51;-1.36;37.51;-1.36;0.0;SUBIR
2022-08-31;1661904000000;MAPT3.SA;37.0;37.0;37.0;37.0;37.0;0;stock;37.51;-1.35;37.51;-1.35;0.0;SUBIR
2022-09-01;1661990400000;MAPT3.SA;37.0;37.0;37.0;37.0;37.0;0;stock;37.5;-1.34;37.5;-1.34;0.0;SUBIR
2022-09-02;1662076800000;MAPT3.SA;37.0;37.0;37.0;37.0;37.0;0;stock;37.5;-1.32;37.5;-1.32;0.0;SUBIR
2022-09-05;1662336000000;MAPT3.SA;37.5;37.5;37.5;37.5;37.5;300;stock;37.5;0.01;37.5;0.01;100.0;ESTAVEL
2022-09-06;1662422400000;MAPT3.SA;37.5;37.5;37.5;37.5;37.5;0;stock;37.5;0.01;37.5;0.01;100.0;ESTAVEL
2022-09-08;1662595200000;MAPT3.SA;37.5;37.5;37.5;37.5;37.5;0;stock;37.5;0.01;37.5;0.01;100.0;ESTAVEL
2022-09-09;1662681600000;MAPT3.SA;37.5;37.5;37.5;37.5;37.5;0;stock;37.5;0.01;37.5;0.01;100.0;ESTAVEL
2022-09-12;1662940800000;MAPT3.SA;37.5;37.5;37.5;37.5;37.5;0;stock;37.5;0.01;37.5;0.01;100.0;ESTAVEL
2022-09-13;1663027200000;MAPT3.SA;37.5;37.5;37.5;37.5;37.5;0;stock;37.5;0.01;37.5;0.01;100.0;ESTAVEL
2022-09-14;1663113600000;MAPT3.SA;37.5;37.5;37.5;37.5;37.5;0;stock;37.5;0.01;37.5;0.01;100.0;ESTAVEL
2022-09-15;1663200000000;MAPT3.SA;37.5;37.5;37.5;37.5;37.5;0;stock;37.5;0.01;37.5;0.01;100.0;ESTAVEL
2022-09-16;1663286400000;MAPT3.SA;37.5;37.5;37.5;37.5;37.5;0;stock;37.5;0.01;37.5;0.01;100.0;ESTAVEL
2022-09-19;1663545600000;MAPT3.SA;37.5;37.5;37.5;37.5;37.5;0;stock;37.5;0.01;37.5;0.01;100.0;ESTAVEL
2022-09-20;1663632000000;MAPT3.SA;37.5;37.5;37.5;37.5;37.5;0;stock;37.5;0.01;37.5;0.01;100.0;ESTAVEL
2022-09-21;1663718400000;MAPT3.SA;37.5;37.5;37.5;37.5;37.5;0;stock;37.5;0.01;37.5;0.01;100.0;ESTAVEL
2022-09-22;1663804800000;MAPT3.SA;37.5;37.5;37.5;37.5;37.5;0;stock;37.5;0.01;37.5;0.01;100.0;ESTAVEL
2022-09-23;1663891200000;MAPT3.SA;37.5;37.5;37.5;37.5;37.5;0;stock;37.5;0.01;37.5;0.01;100.0;ESTAVEL
2022-09-26;1664150400000;MAPT3.SA;37.5;37.5;37.5;37.5;37.5;0;stock;37.5;0.01;37.5;0.01;100.0;ESTAVEL
2022-09-27;1664236800000;MAPT3.SA;37.5;37.5;37.5;37.5;37.5;0;stock;37.5;0.01;37.5;0.01;100.0;ESTAVEL
2022-09-28;1664323200000;MAPT3.SA;37.5;37.5;37.5;37.5;37.5;0;stock;37.5;0.01;37.5;0.01;100.0;ESTAVEL
2022-09-29;1664409600000;MAPT3.SA;37.5;37.5;37.5;37.5;37.5;0;stock;37.5;0.01;37.5;0.01;100.0;ESTAVEL
2022-09-30;1664496000000;MAPT3.SA;37.5;37.5;37.5;37.5;37.5;0;stock;37.5;0.01;37.5;0.01;100.0;ESTAVEL
2022-10-03;1664755200000;MAPT3.SA;37.5;37.5;37.5;37.5;37.5;0;stock;37.5;0.01;37.5;0.01;100.0;ESTAVEL
2022-10-04;1664841600000;MAPT3.SA;37.5;37.5;37.5;37.5;37.5;0;stock;37.5;0.01;37.5;0.01;100.0;ESTAVEL
2022-10-05;1664928000000;MAPT3.SA;37.5;37.5;37.5;37.5;37.5;0;stock;37.5;0.01;37.5;0.01;100.0;ESTAVEL
2022-10-06;1665014400000;MAPT3.SA;37.5;37.5;37.5;37.5;37.5;0;stock;37.5;0.01;37.5;0.01;100.0;ESTAVEL
2022-10-07;1665100800000;MAPT3.SA;37.5;37.5;37.5;37.5;37.5;0;stock;37.5;0.01;37.5;0.01;100.0;ESTAVEL
2022-10-10;1665360000000;MAPT3.SA;37.5;37.5;37.5;37.5;37.5;0;stock;37.5;0.01;37.5;0.01;100.0;ESTAVEL
2022-10-11;1665446400000;MAPT3.SA;37.5;37.5;37.5;37.5;37.5;0;stock;37.5;0.01;37.5;0.01;100.0;ESTAVEL
2022-10-13;1665619200000;MAPT3.SA;37.5;37.5;37.5;37.5;37.5;0;stock;37.5;0.01;37.5;0.01;100.0;ESTAVEL
2022-10-14;1665705600000;MAPT3.SA;37.5;37.5;37.5;37.5;37.5;0;stock;37.5;0.01;37.5;0.01;100.0;ESTAVEL
2022-10-17;1665964800000;MAPT3.SA;37.5;37.5;37.5;37.5;37.5;0;stock;37.5;0.01;37.5;0.01;100.0;ESTAVEL
2022-10-18;1666051200000;MAPT3.SA;37.5;37.5;37.5;37.5;37.5;0;stock;37.5;0.01;37.5;0.01;100.0;ESTAVEL
2022-10-19;1666137600000;MAPT3.SA;37.5;37.5;37.5;37.5;37.5;0;stock;37.5;0.01;37.5;0.01;100.0;ESTAVEL
2022-10-20;1666224000000;MAPT3.SA;37.5;37.5;37.5;37.5;37.5;0;stock;37.5;0.01;37.5;0.01;100.0;ESTAVEL
2022-10-21;1666310400000;MAPT3.SA;37.5;37.5;37.5;37.5;37.5;0;stock;37.5;0.01;37.5;0.01;100.0;ESTAVEL
2022-10-24;1666569600000;MAPT3.SA;37.5;37.5;37.5;37.5;37.5;0;stock;37.5;0.01;37.5;0.01;100.0;ESTAVEL
2022-10-25;1666656000000;MAPT3.SA;37.5;37.5;37.5;37.5;37.5;0;stock;37.5;0.01;37.5;0.01;100.0;ESTAVEL
2022-10-26;1666742400000;MAPT3.SA;37.5;37.5;37.5;37.5;37.5;0;stock;37.5;0.01;37.5;0.01;100.0;ESTAVEL
2022-10-27;1666828800000;MAPT3.SA;37.5;37.5;37.5;37.5;37.5;0;stock;37.5;0.01;37.5;0.01;100.0;ESTAVEL
2022-10-28;1666915200000;MAPT3.SA;37.5;37.5;37.5;37.5;37.5;0;stock;37.5;0.01;37.5;0.01;100.0;ESTAVEL
2022-10-31;1667174400000;MAPT3.SA;37.5;37.5;37.5;37.5;37.5;0;stock;37.5;0.01;37.5;0.01;100.0;ESTAVEL
2022-11-01;1667260800000;MAPT3.SA;37.5;37.5;37.5;37.5;37.5;0;stock;37.5;0.01;37.5;0.01;100.0;ESTAVEL
2022-11-03;1667433600000;MAPT3.SA;37.5;37.5;37.5;37.5;37.5;0;stock;37.5;0.01;37.5;0.01;100.0;ESTAVEL
2022-11-04;1667520000000;MAPT3.SA;37.5;37.5;37.5;37.5;37.5;0;stock;37.5;0.01;37.5;0.01;100.0;ESTAVEL
2022-11-07;1667779200000;MAPT3.SA;37.5;37.5;37.5;37.5;37.5;0;stock;37.5;0.01;37.5;0.01;100.0;ESTAVEL
2022-11-08;1667865600000;MAPT3.SA;37.5;37.5;37.5;37.5;37.5;0;stock;37.5;0.01;37.5;0.01;100.0;ESTAVEL
2022-11-09;1667952000000;MAPT3.SA;37.5;37.5;37.5;37.5;37.5;0;stock;37.5;0.01;37.5;0.01;100.0;ESTAVEL
2022-11-10;1668038400000;MAPT3.SA;37.5;37.5;37.5;37.5;37.5;0;stock;37.5;0.01;37.5;0.01;100.0;ESTAVEL
2022-11-11;1668124800000;MAPT3.SA;37.5;37.5;37.5;37.5;37.5;0;stock;37.5;0.01;37.5;0.01;100.0;ESTAVEL
2022-11-14;1668384000000;MAPT3.SA;37.5;37.5;37.5;37.5;37.5;0;stock;37.5;0.01;37.5;0.01;100.0;ESTAVEL
2022-11-16;1668556800000;MAPT3.SA;37.5;37.5;37.5;37.5;37.5;0;stock;37.5;0.01;37.5;0.01;100.0;ESTAVEL
2022-11-17;1668643200000;MAPT3.SA;37.5;37.5;37.5;37.5;37.5;0;stock;37.5;0.01;37.5;0.01;100.0;ESTAVEL
2022-11-18;1668729600000;MAPT3.SA;37.5;37.5;37.5;37.5;37.5;0;stock;37.5;0.01;37.5;0.01;100.0;ESTAVEL
2022-11-21;1668988800000;MAPT3.SA;37.5;37.5;37.5;37.5;37.5;0;stock;37.5;0.01;37.5;0.01;100.0;ESTAVEL
2022-11-22;1669075200000;MAPT3.SA;37.5;37.5;37.5;37.5;37.5;0;stock;37.5;0.01;37.5;0.01;100.0;ESTAVEL
2022-11-23;1669161600000;MAPT3.SA;37.5;37.5;37.5;37.5;37.5;0;stock;37.5;0.01;37.5;0.01;100.0;ESTAVEL
2022-11-24;1669248000000;MAPT3.SA;37.5;37.5;37.5;37.5;37.5;0;stock;37.5;0.01;37.5;0.01;100.0;ESTAVEL
2022-11-25;1669334400000;MAPT3.SA;37.5;37.5;37.5;37.5;37.5;0;stock;37.5;0.01;37.5;0.01;100.0;ESTAVEL
2022-11-28;1669593600000;MAPT3.SA;37.5;37.5;37.5;37.5;37.5;0;stock;37.5;0.01;37.5;0.01;100.0;ESTAVEL
2022-11-29;1669680000000;MAPT3.SA;37.5;37.5;37.5;37.5;37.5;0;stock;37.5;0.01;37.5;0.01;100.0;ESTAVEL
2022-11-30;1669766400000;MAPT3.SA;37.5;37.5;37.5;37.5;37.5;0;stock;37.5;0.01;37.5;0.01;100.0;ESTAVEL
2022-12-01;1669852800000;MAPT3.SA;37.5;37.5;37.5;37.5;37.5;0;stock;37.5;0.01;37.5;0.01;100.0;ESTAVEL
2022-12-02;1669939200000;MAPT3.SA;37.5;37.5;37.5;37.5;37.5;0;stock;37.5;0.01;37.5;0.01;100.0;ESTAVEL
2022-12-05;1670198400000;MAPT3.SA;37.5;37.5;37.5;37.5;37.5;0;stock;37.5;0.01;37.5;0.01;100.0;ESTAVEL
2022-12-06;1670284800000;MAPT3.SA;37.5;37.5;37.5;37.5;37.5;0;stock;37.5;0.01;37.5;0.01;100.0;ESTAVEL
2022-12-07;1670371200000;MAPT3.SA;37.5;37.5;37.5;37.5;37.5;0;stock;37.5;0.01;37.5;0.01;100.0;ESTAVEL
2022-12-08;1670457600000;MAPT3.SA;37.5;37.5;37.5;37.5;37.5;0;stock;37.5;0.01;37.5;0.01;100.0;ESTAVEL
2022-12-09;1670544000000;MAPT3.SA;37.5;37.5;37.5;37.5;37.5;0;stock;37.5;0.01;37.5;0.01;100.0;ESTAVEL
2022-12-12;1670803200000;MAPT3.SA;37.5;37.5;37.5;37.5;37.5;0;stock;37.5;0.01;37.5;0.01;100.0;ESTAVEL
2022-12-13;1670889600000;MAPT3.SA;37.5;37.5;37.5;37.5;37.5;0;stock;37.5;0.01;37.5;0.01;100.0;ESTAVEL
2022-12-14;1670976000000;MAPT3.SA;37.5;37.5;37.5;37.5;37.5;0;stock;37.5;0.0;37.5;0.0;100.0;ESTAVEL
2022-12-15;1671062400000;MAPT3.SA;37.5;37.5;37.5;37.5;37.5;0;stock;37.5;0.0;37.5;0.0;100.0;ESTAVEL
2022-12-16;1671148800000;MAPT3.SA;37.5;37.5;37.5;37.5;37.5;0;stock;37.5;0.0;37.5;0.0;100.0;ESTAVEL
2022-12-19;1671408000000;MAPT3.SA;37.5;37.5;37.5;37.5;37.5;0;stock;37.5;0.0;37.5;0.0;100.0;ESTAVEL
2022-12-20;1671494400000;MAPT3.SA;37.5;37.5;37.5;37.5;37.5;0;stock;37.5;0.0;37.5;0.0;100.0;ESTAVEL
2022-12-21;1671580800000;MAPT3.SA;37.5;37.5;37.5;37.5;37.5;0;stock;37.5;0.0;37.5;0.0;100.0;ESTAVEL
2022-12-22;1671667200000;MAPT3.SA;37.5;37.5;37.5;37.5;37.5;0;stock;37.5;0.0;37.5;0.0;100.0;ESTAVEL
2022-12-23;1671753600000;MAPT3.SA;37.5;37.5;37.5;37.5;37.5;0;stock;37.5;0.0;37.5;0.0;100.0;ESTAVEL
2022-12-26;1672012800000;MAPT3.SA;37.5;37.5;37.5;37.5;37.5;0;stock;37.5;0.0;37.5;0.0;100.0;ESTAVEL
2022-12-27;1672099200000;MAPT3.SA;37.5;37.5;37.5;37.5;37.5;0;stock;37.5;0.0;37.5;0.0;100.0;ESTAVEL
2022-12-28;1672185600000;MAPT3.SA;37.5;37.5;37.5;37.5;37.5;0;stock;37.5;0.0;37.5;0.0;100.0;ESTAVEL
2022-12-29;1672272000000;MAPT3.SA;37.5;37.5;37.5;37.5;37.5;0;stock;37.5;0.0;37.5;0.0;100.0;ESTAVEL
2023-01-02;1672617600000;MAPT3.SA;37.5;37.5;37.5;37.5;37.5;0;stock;37.5;0.0;37.5;0.0;100.0;ESTAVEL
2023-01-03;1672704000000;MAPT3.SA;37.5;37.5;37.5;37.5;37.5;0;stock;37.5;0.0;37.5;0.0;100.0;ESTAVEL
2023-01-04;1672790400000;MAPT3.SA;37.5;37.5;37.5;37.5;37.5;0;stock;37.5;0.0;37.5;0.0;100.0;ESTAVEL
2023-01-05;1672876800000;MAPT3.SA;37.5;37.5;37.5;37.5;37.5;0;stock;37.5;0.0;37.5;0.0;100.0;ESTAVEL
2023-01-06;1672963200000;MAPT3.SA;37.5;37.5;37.5;37.5;37.5;0;stock;37.5;0.0;37.5;0.0;100.0;ESTAVEL
2023-01-09;1673222400000;MAPT3.SA;37.5;37.5;37.5;37.5;37.5;0;stock;37.5;0.0;37.5;0.0;100.0;ESTAVEL
2023-01-10;1673308800000;MAPT3.SA;37.5;37.5;37.5;37.5;37.5;0;stock;37.5;0.0;37.5;0.0;100.0;ESTAVEL
2023-01-11;1673395200000;MAPT3.SA;37.5;37.5;37.5;37.5;37.5;0;stock;37.5;0.0;37.5;0.0;100.0;ESTAVEL
2023-01-12;1673481600000;MAPT3.SA;37.5;37.5;37.5;37.5;37.5;0;stock;37.5;0.0;37.5;0.0;100.0;ESTAVEL
2023-01-13;1673568000000;MAPT3.SA;37.5;37.5;37.5;37.5;37.5;0;stock;37.5;0.0;37.5;0.0;100.0;ESTAVEL
2023-01-16;1673827200000;MAPT3.SA;37.5;37.5;37.5;37.5;37.5;0;stock;37.5;0.0;37.5;0.0;100.0;ESTAVEL
2023-01-17;1673913600000;MAPT3.SA;37.5;37.5;37.5;37.5;37.5;0;stock;37.5;0.0;37.5;0.0;100.0;ESTAVEL
2023-01-18;1674000000000;MAPT3.SA;37.5;37.5;37.5;37.5;37.5;0;stock;37.5;0.0;37.5;0.0;100.0;ESTAVEL
2023-01-19;1674086400000;MAPT3.SA;37.5;37.5;37.5;37.5;37.5;0;stock;37.5;0.0;37.5;0.0;100.0;ESTAVEL
2023-01-20;1674172800000;MAPT3.SA;37.5;37.5;37.5;37.5;37.5;0;stock;37.5;0.0;37.5;0.0;100.0;ESTAVEL
2023-01-23;1674432000000;MAPT3.SA;37.5;37.5;37.5;37.5;37.5;0;stock;37.5;0.0;37.5;0.0;100.0;ESTAVEL
2023-01-24;1674518400000;MAPT3.SA;37.5;37.5;37.5;37.5;37.5;0;stock;37.5;0.0;37.5;0.0;100.0;ESTAVEL
2023-01-25;1674604800000;MAPT3.SA;37.5;37.5;37.5;37.5;37.5;0;stock;37.5;0.0;37.5;0.0;100.0;ESTAVEL
2023-01-26;1674691200000;MAPT3.SA;37.5;37.5;37.5;37.5;37.5;0;stock;37.5;0.0;37.5;0.0;100.0;ESTAVEL
2023-01-27;1674777600000;MAPT3.SA;37.5;37.5;37.5;37.5;37.5;0;stock;37.5;0.0;37.5;0.0;100.0;ESTAVEL
2023-01-30;1675036800000;MAPT3.SA;37.5;37.5;37.5;37.5;37.5;0;stock;37.5;0.0;37.5;0.0;100.0;ESTAVEL
2023-01-31;1675123200000;MAPT3.SA;37.5;37.5;37.5;37.5;37.5;0;stock;37.5;0.0;37.5;0.0;100.0;ESTAVEL
2023-02-01;1675209600000;MAPT3.SA;37.5;37.5;37.5;37.5;37.5;0;stock;37.5;0.0;37.5;0.0;100.0;ESTAVEL
2023-02-02;1675296000000;MAPT3.SA;37.5;37.5;37.5;37.5;37.5;0;stock;37.5;0.0;37.5;0.0;100.0;ESTAVEL
2023-02-03;1675382400000;MAPT3.SA;37.5;37.5;37.5;37.5;37.5;0;stock;37.5;0.0;37.5;0.0;100.0;ESTAVEL
2023-02-06;1675641600000;MAPT3.SA;37.5;37.5;37.5;37.5;37.5;0;stock;37.5;0.0;37.5;0.0;100.0;ESTAVEL
2023-02-07;1675728000000;MAPT3.SA;37.5;37.5;37.5;37.5;37.5;0;stock;37.5;0.0;37.5;0.0;100.0;ESTAVEL
2023-02-08;1675814400000;MAPT3.SA;37.5;37.5;37.5;37.5;37.5;0;stock;37.5;0.0;37.5;0.0;100.0;ESTAVEL
2023-02-09;1675900800000;MAPT3.SA;37.5;37.5;37.5;37.5;37.5;0;stock;37.5;0.0;37.5;0.0;100.0;ESTAVEL
2023-02-10;1675987200000;MAPT3.SA;37.5;37.5;37.5;37.5;37.5;0;stock;37.5;0.0;37.5;0.0;100.0;ESTAVEL
2023-02-13;1676246400000;MAPT3.SA;37.5;37.5;37.5;37.5;37.5;0;stock;37.5;0.0;37.5;0.0;100.0;ESTAVEL
2023-02-14;1676332800000;MAPT3.SA;37.5;37.5;37.5;37.5;37.5;0;stock;37.5;0.0;37.5;0.0;100.0;ESTAVEL
2023-02-15;1676419200000;MAPT3.SA;37.5;37.5;37.5;37.5;37.5;0;stock;37.5;0.0;37.5;0.0;100.0;ESTAVEL
2023-02-16;1676505600000;MAPT3.SA;37.5;37.5;37.5;37.5;37.5;0;stock;37.5;0.0;37.5;0.0;100.0;ESTAVEL
2023-02-17;1676592000000;MAPT3.SA;37.5;37.5;37.5;37.5;37.5;0;stock;37.5;0.0;37.5;0.0;100.0;ESTAVEL
2023-02-22;1677024000000;MAPT3.SA;37.5;37.5;37.5;37.5;37.5;0;stock;37.5;0.0;37.5;0.0;100.0;ESTAVEL
2023-02-23;1677110400000;MAPT3.SA;37.5;37.5;37.5;37.5;37.5;0;stock;37.5;0.0;37.5;0.0;100.0;ESTAVEL
2023-02-24;1677196800000;MAPT3.SA;37.5;37.5;37.5;37.5;37.5;0;stock;37.5;0.0;37.5;0.0;100.0;ESTAVEL
2023-02-27;1677456000000;MAPT3.SA;37.5;37.5;37.5;37.5;37.5;0;stock;37.5;0.0;37.5;0.0;100.0;ESTAVEL
2023-02-28;1677542400000;MAPT3.SA;37.5;37.5;37.5;37.5;37.5;0;stock;37.5;0.0;37.5;0.0;100.0;ESTAVEL
2023-03-01;1677628800000;MAPT3.SA;37.5;37.5;37.5;37.5;37.5;0;stock;37.5;0.0;37.5;0.0;100.0;ESTAVEL
2023-03-02;1677715200000;MAPT3.SA;37.5;37.5;37.5;37.5;37.5;0;stock;37.5;0.0;37.5;0.0;100.0;ESTAVEL
2023-03-03;1677801600000;MAPT3.SA;37.5;37.5;37.5;37.5;37.5;0;stock;37.5;0.0;37.5;0.0;100.0;ESTAVEL
2023-03-06;1678060800000;MAPT3.SA;37.5;37.5;37.5;37.5;37.5;0;stock;37.5;0.0;37.5;0.0;100.0;ESTAVEL
2023-03-07;1678147200000;MAPT3.SA;30.05;30.05;30.05;30.05;30.05;100;stock;37.42;-19.71;37.42;-19.71;0.0;SUBIR
2023-03-08;1678233600000;MAPT3.SA;30.05;30.05;30.05;30.05;30.05;0;stock;37.35;-19.55;37.35;-19.55;0.0;SUBIR
2023-03-09;1678320000000;MAPT3.SA;30.05;30.05;30.05;30.05;30.05;0;stock;37.28;-19.39;37.28;-19.39;0.0;SUBIR
2023-03-13;1678665600000;MAPT3.SA;30.05;30.05;30.05;30.05;30.05;0;stock;37.21;-19.24;37.21;-19.24;0.0;SUBIR
2023-03-14;1678752000000;MAPT3.SA;30.05;30.05;30.05;30.05;30.05;0;stock;37.14;-19.08;37.14;-19.08;0.0;SUBIR
2023-03-15;1678838400000;MAPT3.SA;30.05;30.05;30.05;30.05;30.05;0;stock;37.07;-18.93;37.07;-18.93;0.0;SUBIR
2023-03-16;1678924800000;MAPT3.SA;30.05;30.05;30.05;30.05;30.05;0;stock;37.0;-18.77;37.0;-18.77;0.0;SUBIR
2023-03-17;1679011200000;MAPT3.SA;30.05;30.05;30.05;30.05;30.05;0;stock;36.93;-18.62;36.93;-18.62;0.0;SUBIR
2023-03-20;1679270400000;MAPT3.SA;30.05;30.05;30.05;30.05;30.05;0;stock;36.86;-18.47;36.86;-18.47;0.0;SUBIR
2023-03-21;1679356800000;MAPT3.SA;30.05;30.05;30.05;30.05;30.05;0;stock;36.79;-18.32;36.79;-18.32;0.0;SUBIR
2023-03-22;1679443200000;MAPT3.SA;30.05;30.05;30.05;30.05;30.05;0;stock;36.72;-18.17;36.72;-18.17;0.0;SUBIR
2023-03-23;1679529600000;MAPT3.SA;30.05;30.05;30.05;30.05;30.05;0;stock;36.66;-18.02;36.66;-18.02;0.0;SUBIR
2023-03-24;1679616000000;MAPT3.SA;30.05;30.05;30.05;30.05;30.05;0;stock;36.59;-17.88;36.59;-17.88;0.0;SUBIR
2023-03-27;1679875200000;MAPT3.SA;30.05;30.05;30.05;30.05;30.05;0;stock;36.53;-17.73;36.53;-17.73;0.0;SUBIR
2023-03-28;1679961600000;MAPT3.SA;30.05;30.05;30.05;30.05;30.05;0;stock;36.46;-17.58;36.46;-17.58;0.0;SUBIR
2023-03-29;1680048000000;MAPT3.SA;30.05;30.05;30.05;30.05;30.05;0;stock;36.4;-17.44;36.4;-17.44;0.0;SUBIR
2023-03-30;1680134400000;MAPT3.SA;30.05;30.05;30.05;30.05;30.05;0;stock;36.33;-17.3;36.33;-17.3;0.0;SUBIR
2023-03-31;1680220800000;MAPT3.SA;30.05;30.05;30.05;30.05;30.05;0;stock;36.27;-17.15;36.27;-17.15;0.0;SUBIR
2023-04-03;1680480000000;MAPT3.SA;30.05;30.05;30.05;30.05;30.05;0;stock;36.21;-17.01;36.21;-17.01;0.0;SUBIR
2023-04-04;1680566400000;MAPT3.SA;30.05;30.05;30.05;30.05;30.05;0;stock;36.15;-16.87;36.15;-16.87;0.0;SUBIR
2023-04-05;1680652800000;MAPT3.SA;30.05;30.05;30.05;30.05;30.05;0;stock;36.09;-16.73;36.09;-16.73;0.0;SUBIR
2023-04-06;1680739200000;MAPT3.SA;30.05;30.05;30.05;30.05;30.05;0;stock;36.03;-16.59;36.03;-16.59;0.0;SUBIR
2023-04-10;1681084800000;MAPT3.SA;30.05;30.05;30.05;30.05;30.05;0;stock;35.97;-16.45;35.97;-16.45;0.0;SUBIR
2023-04-11;1681171200000;MAPT3.SA;30.05;30.05;30.05;30.05;30.05;0;stock;35.91;-16.32;35.91;-16.32;0.0;SUBIR
2023-04-12;1681257600000;MAPT3.SA;30.05;30.05;30.05;30.05;30.05;0;stock;35.85;-16.18;35.85;-16.18;0.0;SUBIR
2023-04-13;1681344000000;MAPT3.SA;30.05;30.05;30.05;30.05;30.05;0;stock;35.79;-16.05;35.79;-16.05;0.0;SUBIR
2023-04-14;1681430400000;MAPT3.SA;30.05;30.05;30.05;30.05;30.05;0;stock;35.74;-15.91;35.74;-15.91;0.0;SUBIR
2023-04-17;1681689600000;MAPT3.SA;30.05;30.05;30.05;30.05;30.05;0;stock;35.68;-15.78;35.68;-15.78;0.0;SUBIR
2023-04-18;1681776000000;MAPT3.SA;30.05;30.05;30.05;30.05;30.05;0;stock;35.62;-15.65;35.62;-15.65;0.0;SUBIR
2023-04-19;1681862400000;MAPT3.SA;30.05;30.05;30.05;30.05;30.05;0;stock;35.57;-15.51;35.57;-15.51;0.0;SUBIR
2023-04-20;1681948800000;MAPT3.SA;30.05;30.05;30.05;30.05;30.05;0;stock;35.51;-15.38;35.51;-15.38;0.0;SUBIR
2023-04-24;1682294400000;MAPT3.SA;30.05;30.05;30.05;30.05;30.05;0;stock;35.46;-15.25;35.46;-15.25;0.0;SUBIR
2023-04-25;1682380800000;MAPT3.SA;30.05;30.05;30.05;30.05;30.05;0;stock;35.41;-15.13;35.41;-15.13;0.0;SUBIR
2023-04-26;1682467200000;MAPT3.SA;30.05;30.05;30.05;30.05;30.05;0;stock;35.35;-15.0;35.35;-15.0;0.0;SUBIR
2023-04-27;1682553600000;MAPT3.SA;30.05;30.05;30.05;30.05;30.05;0;stock;35.3;-14.87;35.3;-14.87;0.0;SUBIR
2023-04-28;1682640000000;MAPT3.SA;30.05;30.05;30.05;30.05;30.05;0;stock;35.25;-14.74;35.25;-14.74;0.0;SUBIR
2023-05-02;1682985600000;MAPT3.SA;30.05;30.05;30.05;30.05;30.05;0;stock;35.2;-14.62;35.2;-14.62;0.0;SUBIR
2023-05-03;1683072000000;MAPT3.SA;30.05;30.05;30.05;30.05;30.05;0;stock;35.14;-14.49;35.14;-14.49;0.0;SUBIR
2023-05-04;1683158400000;MAPT3.SA;30.05;30.05;30.05;30.05;30.05;0;stock;35.09;-14.37;35.09;-14.37;0.0;SUBIR
2023-05-05;1683244800000;MAPT3.SA;30.05;30.05;30.05;30.05;30.05;0;stock;35.04;-14.25;35.04;-14.25;0.0;SUBIR
2023-05-08;1683504000000;MAPT3.SA;30.05;30.05;30.05;30.05;30.05;0;stock;34.99;-14.13;34.99;-14.13;0.0;SUBIR
2023-05-09;1683590400000;MAPT3.SA;30.05;30.05;30.05;30.05;30.05;0;stock;34.94;-14.01;34.94;-14.01;0.0;SUBIR
2023-05-10;1683676800000;MAPT3.SA;30.05;30.05;30.05;30.05;30.05;0;stock;34.9;-13.89;34.9;-13.89;0.0;SUBIR
2023-05-11;1683763200000;MAPT3.SA;30.05;30.05;30.05;30.05;30.05;0;stock;34.85;-13.77;34.85;-13.77;0.0;SUBIR
2023-05-12;1683849600000;MAPT3.SA;30.05;30.05;30.05;30.05;30.05;0;stock;34.8;-13.65;34.8;-13.65;0.0;SUBIR
2023-05-15;1684108800000;MAPT3.SA;30.05;30.05;30.05;30.05;30.05;0;stock;34.75;-13.53;34.75;-13.53;0.0;SUBIR
2023-05-16;1684195200000;MAPT3.SA;30.05;30.05;30.05;30.05;30.05;0;stock;34.71;-13.41;34.71;-13.41;0.0;SUBIR
2023-05-17;1684281600000;MAPT3.SA;30.05;30.05;30.05;30.05;30.05;0;stock;34.66;-13.3;34.66;-13.3;0.0;SUBIR
2023-05-18;1684368000000;MAPT3.SA;30.05;30.05;30.05;30.05;30.05;0;stock;34.61;-13.18;34.61;-13.18;0.0;SUBIR
2023-05-19;1684454400000;MAPT3.SA;30.05;30.05;30.05;30.05;30.05;0;stock;34.57;-13.07;34.57;-13.07;0.0;SUBIR
2023-05-22;1684713600000;MAPT3.SA;30.05;30.05;30.05;30.05;30.05;0;stock;34.52;-12.96;34.52;-12.96;0.0;SUBIR
2023-05-23;1684800000000;MAPT3.SA;30.05;30.05;30.05;30.05;30.05;0;stock;34.48;-12.84;34.48;-12.84;0.0;SUBIR
2023-05-24;1684886400000;MAPT3.SA;30.05;30.05;30.05;30.05;30.05;0;stock;34.43;-12.73;34.43;-12.73;0.0;SUBIR
2023-05-25;1684972800000;MAPT3.SA;30.05;30.05;30.05;30.05;30.05;0;stock;34.39;-12.62;34.39;-12.62;0.0;SUBIR
2023-05-26;1685059200000;MAPT3.SA;30.05;30.05;30.05;30.05;30.05;0;stock;34.35;-12.51;34.35;-12.51;0.0;SUBIR
2023-05-29;1685318400000;MAPT3.SA;30.05;30.05;30.05;30.05;30.05;0;stock;34.3;-12.4;34.3;-12.4;0.0;SUBIR
2023-05-30;1685404800000;MAPT3.SA;30.05;30.05;30.05;30.05;30.05;0;stock;34.26;-12.29;34.26;-12.29;0.0;SUBIR
2023-05-31;1685491200000;MAPT3.SA;30.05;30.05;30.05;30.05;30.05;0;stock;34.22;-12.19;34.22;-12.19;0.0;SUBIR
2023-06-01;1685577600000;MAPT3.SA;30.05;30.05;30.05;30.05;30.05;0;stock;34.18;-12.08;34.18;-12.08;0.0;SUBIR
2023-06-02;1685664000000;MAPT3.SA;30.05;30.05;30.05;30.05;30.05;0;stock;34.14;-11.98;34.14;-11.98;0.0;SUBIR
2023-06-05;1685923200000;MAPT3.SA;30.05;30.05;30.05;30.05;30.05;0;stock;34.1;-11.87;34.1;-11.87;0.0;SUBIR
2023-06-06;1686009600000;MAPT3.SA;30.05;30.05;30.05;30.05;30.05;0;stock;34.06;-11.77;34.06;-11.77;0.0;SUBIR
2023-06-07;1686096000000;MAPT3.SA;30.05;30.05;30.05;30.05;30.05;0;stock;34.02;-11.66;34.02;-11.66;0.0;SUBIR
2023-06-09;1686268800000;MAPT3.SA;30.05;30.05;30.05;30.05;30.05;0;stock;33.98;-11.56;33.98;-11.56;0.0;SUBIR
2023-06-12;1686528000000;MAPT3.SA;30.05;30.05;30.05;30.05;30.05;0;stock;33.94;-11.46;33.94;-11.46;0.0;SUBIR
2023-06-13;1686614400000;MAPT3.SA;30.05;30.05;30.05;30.05;30.05;0;stock;33.9;-11.36;33.9;-11.36;0.0;SUBIR
2023-06-14;1686700800000;MAPT3.SA;30.05;30.05;30.05;30.05;30.05;0;stock;33.86;-11.26;33.86;-11.26;0.0;SUBIR
2023-06-15;1686787200000;MAPT3.SA;30.05;30.05;30.05;30.05;30.05;0;stock;33.82;-11.16;33.82;-11.16;0.0;SUBIR
2023-06-16;1686873600000;MAPT3.SA;30.05;30.05;30.05;30.05;30.05;0;stock;33.79;-11.06;33.79;-11.06;0.0;SUBIR
2023-06-19;1687132800000;MAPT3.SA;30.05;30.05;30.05;30.05;30.05;300;stock;33.75;-10.96;33.75;-10.96;0.0;SUBIR
2023-06-20;1687219200000;MAPT3.SA;30.05;30.05;30.05;30.05;30.05;0;stock;33.71;-10.86;33.71;-10.86;0.0;SUBIR
2023-06-21;1687305600000;MAPT3.SA;30.05;30.05;30.05;30.05;30.05;0;stock;33.68;-10.77;33.68;-10.77;0.0;SUBIR
2023-06-22;1687392000000;MAPT3.SA;30.05;30.05;30.05;30.05;30.05;0;stock;33.64;-10.67;33.64;-10.67;0.0;SUBIR
2023-06-23;1687478400000;MAPT3.SA;30.05;30.05;30.05;30.05;30.05;0;stock;33.6;-10.58;33.6;-10.58;0.0;SUBIR
2023-06-26;1687737600000;MAPT3.SA;30.05;30.05;30.05;30.05;30.05;0;stock;33.57;-10.48;33.57;-10.48;0.0;SUBIR
2023-06-27;1687824000000;MAPT3.SA;30.05;30.05;30.05;30.05;30.05;0;stock;33.53;-10.39;33.53;-10.39;0.0;SUBIR
2023-06-28;1687910400000;MAPT3.SA;30.05;30.05;30.05;30.05;30.05;0;stock;33.5;-10.3;33.5;-10.3;0.0;SUBIR
2023-06-29;1687996800000;MAPT3.SA;30.05;30.05;30.05;30.05;30.05;0;stock;33.46;-10.2;33.46;-10.2;0.0;SUBIR
2023-06-30;1688083200000;MAPT3.SA;30.05;30.05;30.05;30.05;30.05;0;stock;33.43;-10.11;33.43;-10.11;0.0;SUBIR
2023-07-03;1688342400000;MAPT3.SA;30.05;30.05;30.05;30.05;30.05;0;stock;33.4;-10.02;33.4;-10.02;0.0;SUBIR
2023-07-04;1688428800000;MAPT3.SA;30.05;30.05;30.05;30.05;30.05;0;stock;33.36;-9.93;33.36;-9.93;0.0;SUBIR
2023-07-05;1688515200000;MAPT3.SA;30.05;30.05;30.05;30.05;30.05;0;stock;33.33;-9.84;33.33;-9.84;0.0;SUBIR
2023-07-06;1688601600000;MAPT3.SA;30.05;30.05;30.05;30.05;30.05;0;stock;33.3;-9.75;33.3;-9.75;0.0;SUBIR
2023-07-07;1688688000000;MAPT3.SA;30.05;30.05;30.05;30.05;30.05;0;stock;33.27;-9.67;33.27;-9.67;0.0;SUBIR
2023-07-10;1688947200000;MAPT3.SA;30.05;30.05;30.05;30.05;30.05;0;stock;33.23;-9.58;33.23;-9.58;0.0;SUBIR
2023-07-11;1689033600000;MAPT3.SA;30.05;30.05;30.05;30.05;30.05;0;stock;33.2;-9.49;33.2;-9.49;0.0;SUBIR
2023-07-12;1689120000000;MAPT3.SA;30.05;30.05;30.05;30.05;30.05;0;stock;33.17;-9.41;33.17;-9.41;0.0;SUBIR
2023-07-13;1689206400000;MAPT3.SA;30.05;30.05;30.05;30.05;30.05;0;stock;33.14;-9.32;33.14;-9.32;0.0;SUBIR
2023-07-14;1689292800000;MAPT3.SA;30.05;30.05;30.05;30.05;30.05;0;stock;33.11;-9.24;33.11;-9.24;0.0;SUBIR
2023-07-17;1689552000000;MAPT3.SA;30.05;30.05;30.05;30.05;30.05;0;stock;33.08;-9.16;33.08;-9.16;0.0;SUBIR
2023-07-18;1689638400000;MAPT3.SA;30.05;30.05;30.05;30.05;30.05;0;stock;33.05;-9.07;33.05;-9.07;0.0;SUBIR
2023-07-19;1689724800000;MAPT3.SA;30.05;30.05;30.05;30.05;30.05;0;stock;33.02;-8.99;33.02;-8.99;0.0;SUBIR
2023-07-20;1689811200000;MAPT3.SA;30.05;30.05;30.05;30.05;30.05;0;stock;32.99;-8.91;32.99;-8.91;0.0;SUBIR
2023-07-21;1689897600000;MAPT3.SA;30.05;30.05;30.05;30.05;30.05;0;stock;32.96;-8.83;32.96;-8.83;0.0;SUBIR
2023-07-24;1690156800000;MAPT3.SA;30.05;30.05;30.05;30.05;30.05;0;stock;32.93;-8.75;32.93;-8.75;0.0;SUBIR
2023-07-25;1690243200000;MAPT3.SA;30.05;30.05;30.05;30.05;30.05;0;stock;32.9;-8.67;32.9;-8.67;0.0;SUBIR
2023-07-26;1690329600000;MAPT3.SA;30.05;30.05;30.05;30.05;30.05;0;stock;32.87;-8.59;32.87;-8.59;0.0;SUBIR
2023-07-27;1690416000000;MAPT3.SA;30.05;30.05;30.05;30.05;30.05;0;stock;32.85;-8.51;32.85;-8.51;0.0;SUBIR
2023-07-28;1690502400000;MAPT3.SA;30.05;30.05;30.05;30.05;30.05;0;stock;32.82;-8.43;32.82;-8.43;0.0;SUBIR
2023-07-31;1690761600000;MAPT3.SA;30.05;30.05;30.05;30.05;30.05;0;stock;32.79;-8.36;32.79;-8.36;0.0;SUBIR
2023-08-01;1690848000000;MAPT3.SA;30.05;30.05;30.05;30.05;30.05;0;stock;32.76;-8.28;32.76;-8.28;0.0;SUBIR
2023-08-02;1690934400000;MAPT3.SA;30.05;30.05;30.05;30.05;30.05;0;stock;32.74;-8.21;32.74;-8.21;0.0;SUBIR
2023-08-03;1691020800000;MAPT3.SA;30.05;30.05;30.05;30.05;30.05;0;stock;32.71;-8.13;32.71;-8.13;0.0;SUBIR
2023-08-04;1691107200000;MAPT3.SA;30.05;30.05;30.05;30.05;30.05;0;stock;32.68;-8.06;32.68;-8.06;0.0;SUBIR
2023-08-07;1691366400000;MAPT3.SA;30.05;30.05;30.05;30.05;30.05;0;stock;32.66;-7.98;32.66;-7.98;0.0;SUBIR
2023-08-08;1691452800000;MAPT3.SA;30.05;30.05;30.05;30.05;30.05;0;stock;32.63;-7.91;32.63;-7.91;0.0;SUBIR
2023-08-09;1691539200000;MAPT3.SA;30.05;30.05;30.05;30.05;30.05;0;stock;32.61;-7.84;32.61;-7.84;0.0;SUBIR
2023-08-10;1691625600000;MAPT3.SA;30.05;30.05;30.05;30.05;30.05;0;stock;32.58;-7.76;32.58;-7.76;0.0;SUBIR
2023-08-11;1691712000000;MAPT3.SA;30.05;30.05;30.05;30.05;30.05;0;stock;32.55;-7.69;32.55;-7.69;0.0;SUBIR
2023-08-14;1691971200000;MAPT3.SA;30.05;30.05;30.05;30.05;30.05;0;stock;32.53;-7.62;32.53;-7.62;0.0;SUBIR
2023-08-15;1692057600000;MAPT3.SA;30.05;30.05;30.05;30.05;30.05;0;stock;32.5;-7.55;32.5;-7.55;0.0;SUBIR
2023-08-16;1692144000000;MAPT3.SA;30.05;30.05;30.05;30.05;30.05;0;stock;32.48;-7.48;32.48;-7.48;0.0;SUBIR
2023-08-17;1692230400000;MAPT3.SA;30.05;30.05;30.05;30.05;30.05;0;stock;32.46;-7.41;32.46;-7.41;0.0;SUBIR
2023-08-18;1692316800000;MAPT3.SA;30.05;30.05;30.05;30.05;30.05;0;stock;32.43;-7.35;32.43;-7.35;0.0;SUBIR
2023-08-21;1692576000000;MAPT3.SA;30.05;30.05;30.05;30.05;30.05;0;stock;32.41;-7.28;32.41;-7.28;0.0;SUBIR
2023-08-22;1692662400000;MAPT3.SA;30.05;30.05;30.05;30.05;30.05;0;stock;32.39;-7.21;32.39;-7.21;0.0;SUBIR
2023-08-23;1692748800000;MAPT3.SA;30.05;30.05;30.05;30.05;30.05;0;stock;32.36;-7.14;32.36;-7.14;0.0;SUBIR
2023-08-24;1692835200000;MAPT3.SA;30.05;30.05;30.05;30.05;30.05;0;stock;32.34;-7.08;32.34;-7.08;0.0;SUBIR
2023-08-25;1692921600000;MAPT3.SA;30.05;30.05;30.05;30.05;30.05;0;stock;32.32;-7.01;32.32;-7.01;0.0;SUBIR
2023-08-28;1693180800000;MAPT3.SA;30.05;30.05;30.05;30.05;30.05;0;stock;32.29;-6.95;32.29;-6.95;0.0;SUBIR
2023-08-29;1693267200000;MAPT3.SA;30.05;30.05;30.05;30.05;30.05;0;stock;32.27;-6.88;32.27;-6.88;0.0;SUBIR
2023-08-30;1693353600000;MAPT3.SA;30.05;30.05;30.05;30.05;30.05;0;stock;32.25;-6.82;32.25;-6.82;0.0;SUBIR
2023-08-31;1693440000000;MAPT3.SA;30.05;30.05;30.05;30.05;30.05;0;stock;32.23;-6.76;32.23;-6.76;0.0;SUBIR
2023-09-01;1693526400000;MAPT3.SA;30.05;30.05;30.05;30.05;30.05;0;stock;32.21;-6.69;32.21;-6.69;0.0;SUBIR
2023-09-04;1693785600000;MAPT3.SA;30.05;30.05;30.05;30.05;30.05;0;stock;32.18;-6.63;32.18;-6.63;0.0;SUBIR
2023-09-05;1693872000000;MAPT3.SA;30.05;30.05;30.05;30.05;30.05;0;stock;32.16;-6.57;32.16;-6.57;0.0;SUBIR
2023-09-06;1693958400000;MAPT3.SA;30.05;30.05;30.05;30.05;30.05;0;stock;32.14;-6.51;32.14;-6.51;0.0;SUBIR
2023-09-08;1694131200000;MAPT3.SA;30.05;30.05;30.05;30.05;30.05;0;stock;32.12;-6.45;32.12;-6.45;0.0;SUBIR
2023-09-11;1694390400000;MAPT3.SA;30.05;30.05;30.05;30.05;30.05;0;stock;32.1;-6.39;32.1;-6.39;0.0;SUBIR
2023-09-12;1694476800000;MAPT3.SA;30.05;30.05;30.05;30.05;30.05;0;stock;32.08;-6.33;32.08;-6.33;0.0;SUBIR
2023-09-13;1694563200000;MAPT3.SA;30.05;30.05;30.05;30.05;30.05;0;stock;32.06;-6.27;32.06;-6.27;0.0;SUBIR
2023-09-14;1694649600000;MAPT3.SA;30.05;30.05;30.05;30.05;30.05;0;stock;32.04;-6.21;32.04;-6.21;0.0;SUBIR
2023-09-15;1694736000000;MAPT3.SA;30.05;30.05;30.05;30.05;30.05;0;stock;32.02;-6.15;32.02;-6.15;0.0;SUBIR
2023-09-18;1694995200000;MAPT3.SA;30.05;30.05;30.05;30.05;30.05;0;stock;32.0;-6.1;32.0;-6.1;0.0;SUBIR
2023-09-19;1695081600000;MAPT3.SA;30.05;30.05;30.05;30.05;30.05;0;stock;31.98;-6.04;31.98;-6.04;0.0;SUBIR
2023-09-20;1695168000000;MAPT3.SA;30.05;30.05;30.05;30.05;30.05;0;stock;31.96;-5.98;31.96;-5.98;0.0;SUBIR
2023-09-21;1695254400000;MAPT3.SA;30.05;30.05;30.05;30.05;30.05;0;stock;31.94;-5.93;31.94;-5.93;0.0;SUBIR
2023-09-22;1695340800000;MAPT3.SA;30.05;30.05;30.05;30.05;30.05;0;stock;31.92;-5.87;31.92;-5.87;0.0;SUBIR
2023-09-25;1695600000000;MAPT3.SA;30.05;30.05;30.05;30.05;30.05;0;stock;31.91;-5.82;31.91;-5.82;0.0;SUBIR
2023-09-26;1695686400000;MAPT3.SA;30.05;30.05;30.05;30.05;30.05;0;stock;31.89;-5.76;31.89;-5.76;0.0;SUBIR
2023-09-27;1695772800000;MAPT3.SA;30.05;30.05;30.05;30.05;30.05;0;stock;31.87;-5.71;31.87;-5.71;0.0;SUBIR
2023-09-28;1695859200000;MAPT3.SA;30.05;30.05;30.05;30.05;30.05;0;stock;31.85;-5.65;31.85;-5.65;0.0;SUBIR
2023-09-29;1695945600000;MAPT3.SA;30.05;30.05;30.05;30.05;30.05;0;stock;31.83;-5.6;31.83;-5.6;0.0;SUBIR
2023-10-02;1696204800000;MAPT3.SA;30.05;30.05;30.05;30.05;30.05;0;stock;31.81;-5.55;31.81;-5.55;0.0;SUBIR
2023-10-03;1696291200000;MAPT3.SA;30.05;30.05;30.05;30.05;30.05;0;stock;31.8;-5.5;31.8;-5.5;0.0;SUBIR
2023-10-04;1696377600000;MAPT3.SA;30.05;30.05;30.05;30.05;30.05;0;stock;31.78;-5.44;31.78;-5.44;0.0;SUBIR
2023-10-05;1696464000000;MAPT3.SA;30.05;30.05;30.05;30.05;30.05;0;stock;31.76;-5.39;31.76;-5.39;0.0;SUBIR
2023-10-06;1696550400000;MAPT3.SA;30.05;30.05;30.05;30.05;30.05;0;stock;31.75;-5.34;31.75;-5.34;0.0;SUBIR
2023-10-09;1696809600000;MAPT3.SA;30.05;30.05;30.05;30.05;30.05;0;stock;31.73;-5.29;31.73;-5.29;0.0;SUBIR
2023-10-10;1696896000000;MAPT3.SA;30.05;30.05;30.05;30.05;30.05;0;stock;31.71;-5.24;31.71;-5.24;0.0;SUBIR
2023-10-11;1696982400000;MAPT3.SA;30.05;30.05;30.05;30.05;30.05;0;stock;31.7;-5.19;31.7;-5.19;0.0;SUBIR
2023-10-13;1697155200000;MAPT3.SA;30.05;30.05;30.05;30.05;30.05;0;stock;31.68;-5.14;31.68;-5.14;0.0;SUBIR
2023-10-16;1697414400000;MAPT3.SA;30.05;30.05;30.05;30.05;30.05;0;stock;31.66;-5.09;31.66;-5.09;0.0;SUBIR
2023-10-17;1697500800000;MAPT3.SA;30.05;30.05;30.05;30.05;30.05;0;stock;31.65;-5.05;31.65;-5.05;0.0;SUBIR
2023-10-18;1697587200000;MAPT3.SA;30.05;30.05;30.05;30.05;30.05;0;stock;31.63;-5.0;31.63;-5.0;0.0;SUBIR
2023-10-19;1697673600000;MAPT3.SA;30.05;30.05;30.05;30.05;30.05;0;stock;31.62;-4.95;31.62;-4.95;0.0;SUBIR
2023-10-20;1697760000000;MAPT3.SA;30.05;30.05;30.05;30.05;30.05;0;stock;31.6;-4.9;31.6;-4.9;0.0;SUBIR
2023-10-23;1698019200000;MAPT3.SA;30.05;30.05;30.05;30.05;30.05;0;stock;31.58;-4.86;31.58;-4.86;0.0;SUBIR
2023-10-24;1698105600000;MAPT3.SA;30.05;30.05;30.05;30.05;30.05;0;stock;31.57;-4.81;31.57;-4.81;0.0;SUBIR
2023-10-25;1698192000000;MAPT3.SA;30.05;30.05;30.05;30.05;30.05;0;stock;31.55;-4.77;31.55;-4.77;0.0;SUBIR
2023-10-26;1698278400000;MAPT3.SA;30.05;30.05;30.05;30.05;30.05;0;stock;31.54;-4.72;31.54;-4.72;0.0;SUBIR
2023-10-27;1698364800000;MAPT3.SA;30.05;30.05;30.05;30.05;30.05;0;stock;31.52;-4.68;31.52;-4.68;0.0;SUBIR
2023-10-30;1698624000000;MAPT3.SA;30.05;30.05;30.05;30.05;30.05;0;stock;31.51;-4.63;31.51;-4.63;0.0;SUBIR
2023-10-31;1698710400000;MAPT3.SA;30.05;30.05;30.05;30.05;30.05;0;stock;31.49;-4.59;31.49;-4.59;0.0;SUBIR
2023-11-01;1698796800000;MAPT3.SA;30.05;30.05;30.05;30.05;30.05;0;stock;31.48;-4.54;31.48;-4.54;0.0;SUBIR
2023-11-03;1698969600000;MAPT3.SA;30.05;30.05;30.05;30.05;30.05;0;stock;31.47;-4.5;31.47;-4.5;0.0;SUBIR
2023-11-06;1699228800000;MAPT3.SA;30.05;30.05;30.05;30.05;30.05;0;stock;31.45;-4.46;31.45;-4.46;0.0;SUBIR
2023-11-07;1699315200000;MAPT3.SA;30.05;30.05;30.05;30.05;30.05;0;stock;31.44;-4.42;31.44;-4.42;0.0;SUBIR
2023-11-08;1699401600000;MAPT3.SA;30.05;30.05;30.05;30.05;30.05;0;stock;31.42;-4.37;31.42;-4.37;0.0;SUBIR
2023-11-09;1699488000000;MAPT3.SA;30.05;30.05;30.05;30.05;30.05;0;stock;31.41;-4.33;31.41;-4.33;0.0;SUBIR
2023-11-10;1699574400000;MAPT3.SA;30.05;30.05;30.05;30.05;30.05;0;stock;31.4;-4.29;31.4;-4.29;0.0;SUBIR
2023-11-13;1699833600000;MAPT3.SA;30.05;30.05;30.05;30.05;30.05;0;stock;31.38;-4.25;31.38;-4.25;0.0;SUBIR
2023-11-14;1699920000000;MAPT3.SA;30.05;30.05;30.05;30.05;30.05;0;stock;31.37;-4.21;31.37;-4.21;0.0;SUBIR
2023-11-16;1700092800000;MAPT3.SA;30.05;30.05;30.05;30.05;30.05;0;stock;31.36;-4.17;31.36;-4.17;0.0;SUBIR
2023-11-17;1700179200000;MAPT3.SA;30.05;30.05;30.05;30.05;30.05;0;stock;31.34;-4.13;31.34;-4.13;0.0;SUBIR
2023-11-20;1700438400000;MAPT3.SA;30.05;30.05;30.05;30.05;30.05;0;stock;31.33;-4.09;31.33;-4.09;0.0;SUBIR
2023-11-21;1700524800000;MAPT3.SA;30.05;30.05;30.05;30.05;30.05;0;stock;31.32;-4.05;31.32;-4.05;0.0;SUBIR
2023-11-22;1700611200000;MAPT3.SA;30.05;30.05;30.05;30.05;30.05;0;stock;31.31;-4.01;31.31;-4.01;0.0;SUBIR
2023-11-23;1700697600000;MAPT3.SA;30.05;30.05;30.05;30.05;30.05;0;stock;31.29;-3.97;31.29;-3.97;0.0;SUBIR
2023-11-24;1700784000000;MAPT3.SA;30.05;30.05;30.05;30.05;30.05;0;stock;31.28;-3.94;31.28;-3.94;0.0;SUBIR
2023-11-27;1701043200000;MAPT3.SA;30.05;30.05;30.05;30.05;30.05;0;stock;31.27;-3.9;31.27;-3.9;0.0;SUBIR
2023-11-28;1701129600000;MAPT3.SA;30.05;30.05;30.05;30.05;30.05;0;stock;31.26;-3.86;31.26;-3.86;0.0;SUBIR
2023-11-29;1701216000000;MAPT3.SA;30.05;30.05;30.05;30.05;30.05;0;stock;31.24;-3.82;31.24;-3.82;0.0;SUBIR
