s_open_time;open_time;ticker;open;high;low;close;adj_close;volume;type;ema_adj_close_200p;ema_adj_close_200p_diff;ema_close_200p;ema_close_200p_diff;rsi;previsao
2001-08-22;998438400000;MNDL3.SA;40.0;40.0;40.0;40.0;30.73;0;stock;22.33;37.6;29.07;37.59;99.99;CAIR
2001-08-23;998524800000;MNDL3.SA;40.0;40.0;40.0;40.0;30.73;0;stock;22.43;37.01;29.2;37.0;99.99;CAIR
2001-08-24;998611200000;MNDL3.SA;40.0;40.0;40.0;40.0;30.73;0;stock;22.52;36.43;29.32;36.42;99.99;CAIR
2001-08-27;998870400000;MNDL3.SA;40.0;40.0;40.0;40.0;30.73;0;stock;22.62;35.86;29.44;35.85;99.99;CAIR
2001-08-28;998956800000;MNDL3.SA;40.0;40.0;40.0;40.0;30.73;0;stock;22.71;35.31;29.56;35.3;99.99;CAIR
2001-08-29;999043200000;MNDL3.SA;40.0;40.0;40.0;40.0;30.73;0;stock;22.8;34.77;29.68;34.76;99.99;CAIR
2001-08-30;999129600000;MNDL3.SA;40.0;40.0;40.0;40.0;30.73;0;stock;22.89;34.23;29.8;34.22;99.99;CAIR
2001-08-31;999216000000;MNDL3.SA;40.0;40.0;40.0;40.0;30.73;0;stock;22.98;33.71;29.92;33.7;99.99;CAIR
2001-09-03;999475200000;MNDL3.SA;40.0;40.0;40.0;40.0;30.73;0;stock;23.07;33.2;30.03;33.19;99.99;CAIR
2001-09-04;999561600000;MNDL3.SA;40.0;40.0;40.0;40.0;30.73;0;stock;23.16;32.7;30.14;32.69;99.99;CAIR
2001-09-05;999648000000;MNDL3.SA;40.0;40.0;40.0;40.0;30.73;0;stock;23.24;32.21;30.26;32.2;99.99;CAIR
2001-09-06;999734400000;MNDL3.SA;40.0;40.0;40.0;40.0;30.73;0;stock;23.33;31.73;30.37;31.72;99.99;CAIR
2001-09-07;999820800000;MNDL3.SA;40.0;40.0;40.0;40.0;30.73;0;stock;23.41;31.26;30.48;31.25;99.99;CAIR
2001-09-10;1000080000000;MNDL3.SA;40.0;40.0;40.0;40.0;30.73;0;stock;23.49;30.8;30.58;30.79;99.99;CAIR
2001-09-11;1000166400000;MNDL3.SA;40.0;40.0;40.0;40.0;30.73;0;stock;23.58;30.35;30.69;30.34;99.99;CAIR
2001-09-12;1000252800000;MNDL3.SA;40.0;40.0;40.0;40.0;30.73;0;stock;23.66;29.9;30.79;29.89;99.99;ESTAVEL
2001-09-13;1000339200000;MNDL3.SA;40.0;40.0;40.0;40.0;30.73;0;stock;23.74;29.47;30.9;29.46;99.99;ESTAVEL
2001-09-14;1000425600000;MNDL3.SA;40.0;40.0;40.0;40.0;30.73;0;stock;23.81;29.04;31.0;29.03;99.99;ESTAVEL
2001-09-17;1000684800000;MNDL3.SA;40.0;40.0;40.0;40.0;30.73;0;stock;23.89;28.62;31.1;28.61;99.99;ESTAVEL
2001-09-18;1000771200000;MNDL3.SA;40.0;40.0;40.0;40.0;30.73;0;stock;23.97;28.21;31.2;28.2;99.99;ESTAVEL
2001-09-19;1000857600000;MNDL3.SA;40.0;40.0;40.0;40.0;30.73;0;stock;24.04;27.81;31.3;27.8;99.99;ESTAVEL
2001-09-20;1000944000000;MNDL3.SA;40.0;40.0;40.0;40.0;30.73;0;stock;24.12;27.41;31.4;27.4;99.99;ESTAVEL
2001-09-21;1001030400000;MNDL3.SA;40.0;40.0;40.0;40.0;30.73;0;stock;24.19;27.02;31.49;27.01;99.99;ESTAVEL
2001-09-24;1001289600000;MNDL3.SA;40.0;40.0;40.0;40.0;30.73;0;stock;24.27;26.64;31.59;26.63;99.99;ESTAVEL
2001-09-25;1001376000000;MNDL3.SA;40.0;40.0;40.0;40.0;30.73;0;stock;24.34;26.26;31.68;26.26;99.99;ESTAVEL
2001-09-26;1001462400000;MNDL3.SA;40.0;40.0;40.0;40.0;30.73;0;stock;24.41;25.9;31.77;25.89;99.99;ESTAVEL
2001-09-27;1001548800000;MNDL3.SA;40.0;40.0;40.0;40.0;30.73;0;stock;24.48;25.54;31.87;25.53;99.99;ESTAVEL
2001-09-28;1001635200000;MNDL3.SA;40.0;40.0;40.0;40.0;30.73;0;stock;24.55;25.18;31.96;25.17;99.99;ESTAVEL
2001-10-01;1001894400000;MNDL3.SA;40.0;40.0;40.0;40.0;30.73;0;stock;24.62;24.83;32.04;24.83;99.99;ESTAVEL
2001-10-02;1001980800000;MNDL3.SA;40.0;40.0;40.0;40.0;30.73;0;stock;24.68;24.49;32.13;24.48;99.99;ESTAVEL
2001-10-03;1002067200000;MNDL3.SA;40.0;40.0;40.0;40.0;30.73;0;stock;24.75;24.15;32.22;24.15;99.99;ESTAVEL
2001-10-04;1002153600000;MNDL3.SA;40.0;40.0;40.0;40.0;30.73;0;stock;24.82;23.82;32.31;23.82;99.99;ESTAVEL
2001-10-05;1002240000000;MNDL3.SA;40.0;40.0;40.0;40.0;30.73;0;stock;24.88;23.5;32.39;23.49;99.99;ESTAVEL
2001-10-08;1002499200000;MNDL3.SA;40.0;40.0;40.0;40.0;30.73;0;stock;24.95;23.18;32.47;23.17;99.99;ESTAVEL
2001-10-09;1002585600000;MNDL3.SA;40.0;40.0;40.0;40.0;30.73;0;stock;25.01;22.87;32.56;22.86;99.99;ESTAVEL
2001-10-10;1002672000000;MNDL3.SA;40.0;40.0;40.0;40.0;30.73;0;stock;25.07;22.56;32.64;22.55;99.99;ESTAVEL
2001-10-11;1002758400000;MNDL3.SA;40.0;40.0;40.0;40.0;30.73;0;stock;25.14;22.26;32.72;22.25;99.99;ESTAVEL
2001-10-12;1002844800000;MNDL3.SA;40.0;40.0;40.0;40.0;30.73;0;stock;25.2;21.96;32.8;21.95;99.99;ESTAVEL
2001-10-15;1003104000000;MNDL3.SA;40.0;40.0;40.0;40.0;30.73;0;stock;25.26;21.66;32.88;21.66;99.99;ESTAVEL
2001-10-16;1003190400000;MNDL3.SA;40.0;40.0;40.0;40.0;30.73;0;stock;25.32;21.38;32.96;21.37;99.99;ESTAVEL
2001-10-17;1003276800000;MNDL3.SA;40.0;40.0;40.0;40.0;30.73;0;stock;25.38;21.09;33.03;21.09;99.99;ESTAVEL
2001-10-18;1003363200000;MNDL3.SA;40.0;40.0;40.0;40.0;30.73;0;stock;25.44;20.81;33.11;20.81;99.99;ESTAVEL
2001-10-19;1003449600000;MNDL3.SA;40.0;40.0;40.0;40.0;30.73;0;stock;25.49;20.54;33.19;20.54;99.99;ESTAVEL
2001-10-22;1003708800000;MNDL3.SA;40.0;40.0;40.0;40.0;30.73;0;stock;25.55;20.27;33.26;20.27;99.99;ESTAVEL
2001-10-23;1003795200000;MNDL3.SA;40.0;40.0;40.0;40.0;30.73;0;stock;25.61;20.01;33.33;20.0;99.99;ESTAVEL
2001-10-24;1003881600000;MNDL3.SA;40.0;40.0;40.0;40.0;30.73;0;stock;25.66;19.74;33.41;19.74;99.99;ESTAVEL
2001-10-25;1003968000000;MNDL3.SA;40.0;40.0;40.0;40.0;30.73;0;stock;25.72;19.49;33.48;19.48;99.99;ESTAVEL
2001-10-26;1004054400000;MNDL3.SA;40.0;40.0;40.0;40.0;30.73;0;stock;25.77;19.24;33.55;19.23;99.99;ESTAVEL
2001-10-29;1004313600000;MNDL3.SA;40.0;40.0;40.0;40.0;30.73;0;stock;25.83;18.99;33.62;18.98;99.99;ESTAVEL
2001-10-30;1004400000000;MNDL3.SA;40.0;40.0;40.0;40.0;30.73;0;stock;25.88;18.74;33.69;18.74;99.99;ESTAVEL
2001-10-31;1004486400000;MNDL3.SA;40.0;40.0;40.0;40.0;30.73;0;stock;25.93;18.5;33.76;18.5;99.99;ESTAVEL
2001-11-01;1004572800000;MNDL3.SA;40.0;40.0;40.0;40.0;30.73;0;stock;25.98;18.26;33.82;18.26;99.99;ESTAVEL
2001-11-02;1004659200000;MNDL3.SA;40.0;40.0;40.0;40.0;30.73;0;stock;26.04;18.03;33.89;18.03;99.99;ESTAVEL
2001-11-05;1004918400000;MNDL3.SA;40.0;40.0;40.0;40.0;30.73;0;stock;26.09;17.8;33.96;17.8;99.99;ESTAVEL
2001-11-06;1005004800000;MNDL3.SA;40.0;40.0;40.0;40.0;30.73;0;stock;26.14;17.58;34.02;17.57;99.99;ESTAVEL
2001-11-07;1005091200000;MNDL3.SA;40.0;40.0;40.0;40.0;30.73;0;stock;26.19;17.35;34.09;17.35;99.99;ESTAVEL
2001-11-08;1005177600000;MNDL3.SA;40.0;40.0;40.0;40.0;30.73;0;stock;26.23;17.13;34.15;17.13;99.99;ESTAVEL
2001-11-09;1005264000000;MNDL3.SA;40.0;40.0;40.0;40.0;30.73;0;stock;26.28;16.92;34.21;16.91;99.99;ESTAVEL
2001-11-12;1005523200000;MNDL3.SA;40.0;40.0;40.0;40.0;30.73;0;stock;26.33;16.71;34.28;16.7;99.99;ESTAVEL
2001-11-13;1005609600000;MNDL3.SA;40.0;40.0;40.0;40.0;30.73;0;stock;26.38;16.5;34.34;16.49;99.99;ESTAVEL
2001-11-14;1005696000000;MNDL3.SA;40.0;40.0;40.0;40.0;30.73;0;stock;26.43;16.29;34.4;16.29;99.99;ESTAVEL
2001-11-15;1005782400000;MNDL3.SA;40.0;40.0;40.0;40.0;30.73;0;stock;26.47;16.09;34.46;16.08;99.99;ESTAVEL
2001-11-16;1005868800000;MNDL3.SA;40.0;40.0;40.0;40.0;30.73;0;stock;26.52;15.89;34.52;15.88;99.99;ESTAVEL
2001-11-19;1006128000000;MNDL3.SA;40.0;40.0;40.0;40.0;30.73;0;stock;26.56;15.69;34.58;15.69;99.99;ESTAVEL
2001-11-20;1006214400000;MNDL3.SA;40.0;40.0;40.0;40.0;30.73;0;stock;26.61;15.5;34.63;15.49;99.99;ESTAVEL
2001-11-21;1006300800000;MNDL3.SA;40.0;40.0;40.0;40.0;30.73;0;stock;26.65;15.3;34.69;15.3;99.99;ESTAVEL
2001-11-22;1006387200000;MNDL3.SA;40.0;40.0;40.0;40.0;30.73;0;stock;26.69;15.12;34.75;15.11;99.99;ESTAVEL
2001-11-23;1006473600000;MNDL3.SA;40.0;40.0;40.0;40.0;30.73;0;stock;26.74;14.93;34.8;14.93;99.99;ESTAVEL
2001-11-26;1006732800000;MNDL3.SA;40.0;40.0;40.0;40.0;30.73;0;stock;26.78;14.75;34.86;14.74;99.99;ESTAVEL
2001-11-27;1006819200000;MNDL3.SA;40.0;40.0;40.0;40.0;30.73;0;stock;26.82;14.57;34.92;14.56;99.99;ESTAVEL
2001-11-28;1006905600000;MNDL3.SA;40.0;40.0;40.0;40.0;30.73;0;stock;26.86;14.39;34.97;14.39;99.99;ESTAVEL
2001-11-29;1006992000000;MNDL3.SA;40.0;40.0;40.0;40.0;30.73;0;stock;26.91;14.21;35.02;14.21;99.99;ESTAVEL
2001-11-30;1007078400000;MNDL3.SA;40.0;40.0;40.0;40.0;30.73;0;stock;26.95;14.04;35.08;14.04;99.99;ESTAVEL
2001-12-03;1007337600000;MNDL3.SA;40.0;40.0;40.0;40.0;30.73;0;stock;26.99;13.87;35.13;13.87;99.99;ESTAVEL
2001-12-04;1007424000000;MNDL3.SA;40.0;40.0;40.0;40.0;30.73;0;stock;27.03;13.7;35.18;13.7;99.99;ESTAVEL
2001-12-05;1007510400000;MNDL3.SA;40.0;40.0;40.0;40.0;30.73;0;stock;27.07;13.54;35.23;13.53;99.99;ESTAVEL
2001-12-06;1007596800000;MNDL3.SA;40.0;40.0;40.0;40.0;30.73;0;stock;27.1;13.37;35.28;13.37;99.99;ESTAVEL
2001-12-07;1007683200000;MNDL3.SA;40.0;40.0;40.0;40.0;30.73;0;stock;27.14;13.21;35.33;13.21;99.99;ESTAVEL
2001-12-10;1007942400000;MNDL3.SA;40.0;40.0;40.0;40.0;30.73;0;stock;27.18;13.06;35.38;13.05;99.99;ESTAVEL
2001-12-11;1008028800000;MNDL3.SA;40.0;40.0;40.0;40.0;30.73;0;stock;27.22;12.9;35.43;12.9;99.99;ESTAVEL
2001-12-12;1008115200000;MNDL3.SA;40.0;40.0;40.0;40.0;30.73;0;stock;27.26;12.75;35.48;12.74;99.99;ESTAVEL
2001-12-13;1008201600000;MNDL3.SA;40.0;40.0;40.0;40.0;30.73;0;stock;27.29;12.59;35.53;12.59;99.99;ESTAVEL
2001-12-14;1008288000000;MNDL3.SA;40.0;40.0;40.0;40.0;30.73;0;stock;27.33;12.44;35.57;12.44;99.99;ESTAVEL
2001-12-17;1008547200000;MNDL3.SA;40.0;40.0;40.0;40.0;30.73;0;stock;27.37;12.3;35.62;12.29;99.99;ESTAVEL
2001-12-18;1008633600000;MNDL3.SA;40.0;40.0;40.0;40.0;30.73;0;stock;27.4;12.15;35.67;12.15;99.99;ESTAVEL
2001-12-19;1008720000000;MNDL3.SA;40.0;40.0;40.0;40.0;30.73;0;stock;27.44;12.01;35.71;12.0;99.99;ESTAVEL
2001-12-20;1008806400000;MNDL3.SA;40.0;40.0;40.0;40.0;30.73;0;stock;27.47;11.86;35.76;11.86;99.99;ESTAVEL
2001-12-21;1008892800000;MNDL3.SA;40.0;40.0;40.0;40.0;30.73;0;stock;27.51;11.72;35.8;11.72;99.99;ESTAVEL
2001-12-24;1009152000000;MNDL3.SA;40.0;40.0;40.0;40.0;30.73;0;stock;27.54;11.59;35.85;11.58;99.99;ESTAVEL
2001-12-25;1009238400000;MNDL3.SA;40.0;40.0;40.0;40.0;30.73;0;stock;27.57;11.45;35.89;11.45;99.99;ESTAVEL
2001-12-26;1009324800000;MNDL3.SA;40.0;40.0;40.0;40.0;30.73;0;stock;27.61;11.32;35.93;11.31;99.99;ESTAVEL
2001-12-27;1009411200000;MNDL3.SA;40.0;40.0;40.0;40.0;30.73;0;stock;27.64;11.18;35.98;11.18;99.99;ESTAVEL
2001-12-28;1009497600000;MNDL3.SA;40.0;40.0;40.0;40.0;30.73;0;stock;27.67;11.05;36.02;11.05;99.99;ESTAVEL
2001-12-31;1009756800000;MNDL3.SA;40.0;40.0;40.0;40.0;30.73;0;stock;27.7;10.92;36.06;10.92;99.99;ESTAVEL
2002-01-01;1009843200000;MNDL3.SA;40.0;40.0;40.0;40.0;30.73;0;stock;27.74;10.8;36.1;10.79;99.99;ESTAVEL
2002-01-02;1009929600000;MNDL3.SA;40.0;40.0;40.0;40.0;30.73;0;stock;27.77;10.67;36.14;10.67;99.99;ESTAVEL
2002-01-03;1010016000000;MNDL3.SA;40.0;40.0;40.0;40.0;30.73;0;stock;27.8;10.55;36.18;10.55;99.99;ESTAVEL
2002-01-04;1010102400000;MNDL3.SA;40.0;40.0;40.0;40.0;30.73;0;stock;27.83;10.43;36.22;10.42;99.99;ESTAVEL
2002-01-07;1010361600000;MNDL3.SA;40.0;40.0;40.0;40.0;30.73;0;stock;27.86;10.31;36.26;10.3;99.99;ESTAVEL
2002-01-08;1010448000000;MNDL3.SA;40.0;40.0;40.0;40.0;30.73;0;stock;27.89;10.19;36.3;10.18;99.99;ESTAVEL
2002-01-09;1010534400000;MNDL3.SA;40.0;40.0;40.0;40.0;30.73;0;stock;27.92;10.07;36.34;10.07;99.99;ESTAVEL
2002-01-10;1010620800000;MNDL3.SA;40.0;40.0;40.0;40.0;30.73;0;stock;27.95;9.95;36.38;9.95;99.99;ESTAVEL
2002-01-11;1010707200000;MNDL3.SA;40.0;40.0;40.0;40.0;30.73;0;stock;27.98;9.84;36.42;9.84;99.99;ESTAVEL
2002-01-14;1010966400000;MNDL3.SA;40.0;40.0;40.0;40.0;30.73;0;stock;28.01;9.73;36.46;9.72;99.99;ESTAVEL
2002-01-15;1011052800000;MNDL3.SA;40.0;40.0;40.0;40.0;30.73;0;stock;28.03;9.61;36.49;9.61;99.99;ESTAVEL
2002-01-16;1011139200000;MNDL3.SA;40.0;40.0;40.0;40.0;30.73;0;stock;28.06;9.5;36.53;9.5;99.99;ESTAVEL
2002-01-17;1011225600000;MNDL3.SA;40.0;40.0;40.0;40.0;30.73;0;stock;28.09;9.4;36.57;9.39;99.99;ESTAVEL
2002-01-18;1011312000000;MNDL3.SA;40.0;40.0;40.0;40.0;30.73;0;stock;28.12;9.29;36.6;9.29;99.99;ESTAVEL
2002-01-21;1011571200000;MNDL3.SA;40.0;40.0;40.0;40.0;30.73;0;stock;28.15;9.18;36.64;9.18;99.99;ESTAVEL
2002-01-22;1011657600000;MNDL3.SA;40.0;40.0;40.0;40.0;30.73;0;stock;28.17;9.08;36.67;9.08;99.99;ESTAVEL
2002-01-23;1011744000000;MNDL3.SA;40.0;40.0;40.0;40.0;30.73;0;stock;28.2;8.98;36.71;8.97;99.99;ESTAVEL
2002-01-24;1011830400000;MNDL3.SA;40.0;40.0;40.0;40.0;30.73;0;stock;28.23;8.87;36.74;8.87;99.99;ESTAVEL
2002-01-25;1011916800000;MNDL3.SA;40.0;40.0;40.0;40.0;30.73;0;stock;28.25;8.77;36.77;8.77;99.99;ESTAVEL
2002-01-28;1012176000000;MNDL3.SA;40.0;40.0;40.0;40.0;30.73;0;stock;28.28;8.67;36.81;8.67;99.99;ESTAVEL
2002-01-29;1012262400000;MNDL3.SA;40.0;40.0;40.0;40.0;30.73;0;stock;28.3;8.58;36.84;8.57;99.99;ESTAVEL
2002-01-30;1012348800000;MNDL3.SA;40.0;40.0;40.0;40.0;30.73;0;stock;28.33;8.48;36.87;8.48;99.99;ESTAVEL
2002-01-31;1012435200000;MNDL3.SA;40.0;40.0;40.0;40.0;30.73;0;stock;28.35;8.38;36.91;8.38;99.99;ESTAVEL
2002-02-01;1012521600000;MNDL3.SA;40.0;40.0;40.0;40.0;30.73;0;stock;28.38;8.29;36.94;8.29;99.99;ESTAVEL
2002-02-04;1012780800000;MNDL3.SA;40.0;40.0;40.0;40.0;30.73;0;stock;28.4;8.2;36.97;8.19;99.99;ESTAVEL
2002-02-05;1012867200000;MNDL3.SA;40.0;40.0;40.0;40.0;30.73;0;stock;28.43;8.1;37.0;8.1;99.99;ESTAVEL
2002-02-06;1012953600000;MNDL3.SA;40.0;40.0;40.0;40.0;30.73;0;stock;28.45;8.01;37.03;8.01;99.99;ESTAVEL
2002-02-07;1013040000000;MNDL3.SA;40.0;40.0;40.0;40.0;30.73;0;stock;28.47;7.92;37.06;7.92;99.99;ESTAVEL
2002-02-08;1013126400000;MNDL3.SA;40.0;40.0;40.0;40.0;30.73;0;stock;28.5;7.84;37.09;7.83;99.99;ESTAVEL
2002-02-11;1013385600000;MNDL3.SA;40.0;40.0;40.0;40.0;30.73;0;stock;28.52;7.75;37.12;7.75;99.99;ESTAVEL
2002-02-12;1013472000000;MNDL3.SA;40.0;40.0;40.0;40.0;30.73;0;stock;28.54;7.66;37.15;7.66;99.99;ESTAVEL
2002-02-13;1013558400000;MNDL3.SA;40.0;40.0;40.0;40.0;30.73;0;stock;28.57;7.58;37.18;7.57;99.99;ESTAVEL
2002-02-14;1013644800000;MNDL3.SA;40.0;40.0;40.0;40.0;30.73;0;stock;28.59;7.49;37.21;7.49;99.99;ESTAVEL
2002-02-15;1013731200000;MNDL3.SA;40.0;40.0;40.0;40.0;30.73;0;stock;28.61;7.41;37.24;7.41;99.99;ESTAVEL
2002-02-18;1013990400000;MNDL3.SA;40.0;40.0;40.0;40.0;30.73;0;stock;28.63;7.33;37.27;7.32;99.99;ESTAVEL
2002-02-19;1014076800000;MNDL3.SA;40.0;40.0;40.0;40.0;30.73;0;stock;28.65;7.25;37.3;7.24;99.99;ESTAVEL
2002-02-20;1014163200000;MNDL3.SA;40.0;40.0;40.0;40.0;30.73;0;stock;28.68;7.17;37.33;7.16;99.99;ESTAVEL
2002-02-21;1014249600000;MNDL3.SA;40.0;40.0;40.0;40.0;30.73;0;stock;28.7;7.09;37.35;7.08;99.99;ESTAVEL
2002-02-22;1014336000000;MNDL3.SA;40.0;40.0;40.0;40.0;30.73;0;stock;28.72;7.01;37.38;7.01;99.99;ESTAVEL
2002-02-25;1014595200000;MNDL3.SA;40.0;40.0;40.0;40.0;30.73;0;stock;28.74;6.93;37.41;6.93;99.99;ESTAVEL
2002-02-26;1014681600000;MNDL3.SA;40.0;40.0;40.0;40.0;30.73;0;stock;28.76;6.85;37.43;6.85;99.99;ESTAVEL
2002-02-27;1014768000000;MNDL3.SA;40.0;40.0;40.0;40.0;30.73;0;stock;28.78;6.78;37.46;6.78;99.99;ESTAVEL
2002-02-28;1014854400000;MNDL3.SA;40.0;40.0;40.0;40.0;30.73;0;stock;28.8;6.7;37.49;6.7;99.99;ESTAVEL
2002-03-01;1014940800000;MNDL3.SA;40.0;40.0;40.0;40.0;30.73;0;stock;28.82;6.63;37.51;6.63;99.99;ESTAVEL
2002-03-04;1015200000000;MNDL3.SA;40.0;40.0;40.0;40.0;30.73;0;stock;28.84;6.56;37.54;6.56;99.99;ESTAVEL
2002-03-05;1015286400000;MNDL3.SA;40.0;40.0;40.0;40.0;30.73;0;stock;28.86;6.49;37.56;6.48;99.99;ESTAVEL
2002-03-06;1015372800000;MNDL3.SA;40.0;40.0;40.0;40.0;30.73;0;stock;28.88;6.41;37.59;6.41;99.99;ESTAVEL
2002-03-07;1015459200000;MNDL3.SA;40.0;40.0;40.0;40.0;30.73;0;stock;28.9;6.34;37.61;6.34;99.99;ESTAVEL
2002-03-08;1015545600000;MNDL3.SA;40.0;40.0;40.0;40.0;30.73;0;stock;28.92;6.27;37.64;6.27;99.99;ESTAVEL
2002-03-11;1015804800000;MNDL3.SA;40.0;40.0;40.0;40.0;30.73;0;stock;28.93;6.21;37.66;6.21;99.99;ESTAVEL
2002-03-12;1015891200000;MNDL3.SA;40.0;40.0;40.0;40.0;30.73;0;stock;28.95;6.14;37.69;6.14;99.99;ESTAVEL
2002-03-13;1015977600000;MNDL3.SA;40.0;40.0;40.0;40.0;30.73;0;stock;28.97;6.07;37.71;6.07;99.99;ESTAVEL
2002-03-14;1016064000000;MNDL3.SA;40.0;40.0;40.0;40.0;30.73;0;stock;28.99;6.01;37.73;6.0;99.99;ESTAVEL
2002-03-15;1016150400000;MNDL3.SA;40.0;40.0;40.0;40.0;30.73;0;stock;29.01;5.94;37.76;5.94;99.99;ESTAVEL
2002-03-18;1016409600000;MNDL3.SA;40.0;40.0;40.0;40.0;30.73;0;stock;29.02;5.88;37.78;5.87;99.99;ESTAVEL
2002-03-19;1016496000000;MNDL3.SA;40.0;40.0;40.0;40.0;30.73;0;stock;29.04;5.81;37.8;5.81;99.99;ESTAVEL
2002-03-20;1016582400000;MNDL3.SA;40.0;40.0;40.0;40.0;30.73;0;stock;29.06;5.75;37.83;5.75;99.99;ESTAVEL
2002-03-21;1016668800000;MNDL3.SA;40.0;40.0;40.0;40.0;30.73;0;stock;29.08;5.69;37.85;5.69;99.99;ESTAVEL
2002-03-22;1016755200000;MNDL3.SA;40.0;40.0;40.0;40.0;30.73;0;stock;29.09;5.62;37.87;5.62;99.99;ESTAVEL
2002-03-25;1017014400000;MNDL3.SA;40.0;40.0;40.0;40.0;30.73;0;stock;29.11;5.56;37.89;5.56;99.99;ESTAVEL
2002-03-26;1017100800000;MNDL3.SA;40.0;40.0;40.0;40.0;30.73;0;stock;29.13;5.5;37.91;5.5;99.99;ESTAVEL
2002-03-27;1017187200000;MNDL3.SA;40.0;40.0;40.0;40.0;30.73;0;stock;29.14;5.44;37.94;5.44;99.99;ESTAVEL
2002-03-28;1017273600000;MNDL3.SA;40.0;40.0;40.0;40.0;30.73;0;stock;29.16;5.39;37.96;5.38;99.99;ESTAVEL
2002-03-29;1017360000000;MNDL3.SA;40.0;40.0;40.0;40.0;30.73;0;stock;29.18;5.33;37.98;5.33;99.99;ESTAVEL
2002-04-01;1017619200000;MNDL3.SA;40.0;40.0;40.0;40.0;30.73;0;stock;29.19;5.27;38.0;5.27;99.99;ESTAVEL
2002-04-02;1017705600000;MNDL3.SA;40.0;40.0;40.0;40.0;30.73;0;stock;29.21;5.21;38.02;5.21;99.99;ESTAVEL
2002-04-03;1017792000000;MNDL3.SA;40.0;40.0;40.0;40.0;30.73;0;stock;29.22;5.16;38.04;5.16;99.99;ESTAVEL
2002-04-04;1017878400000;MNDL3.SA;40.0;40.0;40.0;40.0;30.73;0;stock;29.24;5.1;38.06;5.1;99.99;ESTAVEL
2002-04-05;1017964800000;MNDL3.SA;40.0;40.0;40.0;40.0;30.73;0;stock;29.25;5.05;38.08;5.05;99.99;ESTAVEL
2002-04-08;1018224000000;MNDL3.SA;40.0;40.0;40.0;40.0;30.73;0;stock;29.27;4.99;38.1;4.99;99.99;ESTAVEL
2002-04-09;1018310400000;MNDL3.SA;40.0;40.0;40.0;40.0;30.73;0;stock;29.28;4.94;38.12;4.94;99.99;ESTAVEL
2002-04-10;1018396800000;MNDL3.SA;40.0;40.0;40.0;40.0;30.73;0;stock;29.3;4.89;38.14;4.89;99.99;ESTAVEL
2002-04-11;1018483200000;MNDL3.SA;40.0;40.0;40.0;40.0;30.73;0;stock;29.31;4.83;38.16;4.83;99.99;ESTAVEL
2002-04-12;1018569600000;MNDL3.SA;40.0;40.0;40.0;40.0;30.73;0;stock;29.33;4.78;38.17;4.78;99.99;ESTAVEL
2002-04-15;1018828800000;MNDL3.SA;40.0;40.0;40.0;40.0;30.73;0;stock;29.34;4.73;38.19;4.73;99.99;ESTAVEL
2002-04-16;1018915200000;MNDL3.SA;40.0;40.0;40.0;40.0;30.73;0;stock;29.36;4.68;38.21;4.68;99.99;ESTAVEL
2002-04-17;1019001600000;MNDL3.SA;40.0;40.0;40.0;40.0;30.73;0;stock;29.37;4.63;38.23;4.63;99.99;ESTAVEL
2002-04-18;1019088000000;MNDL3.SA;40.0;40.0;40.0;40.0;30.73;0;stock;29.38;4.58;38.25;4.58;99.99;ESTAVEL
2002-04-19;1019174400000;MNDL3.SA;40.0;40.0;40.0;40.0;30.73;0;stock;29.4;4.53;38.27;4.53;99.99;ESTAVEL
2002-04-22;1019433600000;MNDL3.SA;40.0;40.0;40.0;40.0;30.73;0;stock;29.41;4.48;38.28;4.48;99.99;ESTAVEL
2002-04-23;1019520000000;MNDL3.SA;40.0;40.0;40.0;40.0;30.73;0;stock;29.42;4.44;38.3;4.44;99.99;ESTAVEL
2002-04-24;1019606400000;MNDL3.SA;50.0;50.0;50.0;50.0;38.41;49;stock;29.52;30.13;38.42;30.14;100.0;ESTAVEL
2002-04-25;1019692800000;MNDL3.SA;50.0;50.0;50.0;50.0;38.41;0;stock;29.61;29.73;38.54;29.74;100.0;ESTAVEL
2002-04-26;1019779200000;MNDL3.SA;50.0;50.0;50.0;50.0;38.41;0;stock;29.7;29.34;38.66;29.35;100.0;ESTAVEL
2002-04-29;1020038400000;MNDL3.SA;50.0;50.0;50.0;50.0;38.41;0;stock;29.79;28.96;38.77;28.96;100.0;ESTAVEL
2002-04-30;1020124800000;MNDL3.SA;50.0;50.0;50.0;50.0;38.41;0;stock;29.87;28.58;38.88;28.58;100.0;ESTAVEL
2002-05-01;1020211200000;MNDL3.SA;50.0;50.0;50.0;50.0;38.41;0;stock;29.96;28.21;39.0;28.21;100.0;ESTAVEL
2002-05-02;1020297600000;MNDL3.SA;50.0;50.0;50.0;50.0;38.41;0;stock;30.05;27.84;39.11;27.84;100.0;ESTAVEL
2002-05-03;1020384000000;MNDL3.SA;50.0;50.0;50.0;50.0;38.41;0;stock;30.13;27.48;39.22;27.48;100.0;ESTAVEL
2002-05-06;1020643200000;MNDL3.SA;50.0;50.0;50.0;50.0;38.41;0;stock;30.22;27.12;39.33;27.13;100.0;ESTAVEL
2002-05-07;1020729600000;MNDL3.SA;50.0;50.0;50.0;50.0;38.41;0;stock;30.3;26.77;39.44;26.78;100.0;ESTAVEL
2002-05-08;1020816000000;MNDL3.SA;50.0;50.0;50.0;50.0;38.41;0;stock;30.38;26.43;39.55;26.43;100.0;ESTAVEL
2002-05-09;1020902400000;MNDL3.SA;50.0;50.0;50.0;50.0;38.41;0;stock;30.46;26.09;39.65;26.1;100.0;ESTAVEL
2002-05-10;1020988800000;MNDL3.SA;50.0;50.0;50.0;50.0;38.41;0;stock;30.54;25.76;39.76;25.76;100.0;ESTAVEL
2002-05-13;1021248000000;MNDL3.SA;50.0;50.0;50.0;50.0;38.41;0;stock;30.62;25.43;39.86;25.43;100.0;ESTAVEL
2002-05-14;1021334400000;MNDL3.SA;50.0;50.0;50.0;50.0;38.41;0;stock;30.7;25.1;39.96;25.11;100.0;ESTAVEL
2002-05-15;1021420800000;MNDL3.SA;50.0;50.0;50.0;50.0;38.41;0;stock;30.78;24.79;40.07;24.79;100.0;ESTAVEL
2002-05-16;1021507200000;MNDL3.SA;50.0;50.0;50.0;50.0;38.41;0;stock;30.86;24.47;40.17;24.48;100.0;ESTAVEL
2002-05-17;1021593600000;MNDL3.SA;50.0;50.0;50.0;50.0;38.41;0;stock;30.93;24.16;40.27;24.17;100.0;ESTAVEL
2002-05-20;1021852800000;MNDL3.SA;50.0;50.0;50.0;50.0;38.41;0;stock;31.01;23.86;40.37;23.87;100.0;ESTAVEL
2002-05-21;1021939200000;MNDL3.SA;50.0;50.0;50.0;50.0;38.41;0;stock;31.09;23.56;40.46;23.57;100.0;ESTAVEL
2002-05-22;1022025600000;MNDL3.SA;50.0;50.0;50.0;50.0;38.41;0;stock;31.16;23.27;40.56;23.27;100.0;ESTAVEL
2002-05-23;1022112000000;MNDL3.SA;50.0;50.0;50.0;50.0;38.41;0;stock;31.23;22.98;40.66;22.98;100.0;ESTAVEL
2002-05-24;1022198400000;MNDL3.SA;50.0;50.0;50.0;50.0;38.41;0;stock;31.31;22.69;40.75;22.7;100.0;ESTAVEL
2002-05-27;1022457600000;MNDL3.SA;50.0;50.0;50.0;50.0;38.41;0;stock;31.38;22.41;40.84;22.41;100.0;ESTAVEL
2002-05-28;1022544000000;MNDL3.SA;50.0;50.0;50.0;50.0;38.41;0;stock;31.45;22.13;40.94;22.14;100.0;ESTAVEL
2002-05-29;1022630400000;MNDL3.SA;50.0;50.0;50.0;50.0;38.41;0;stock;31.52;21.86;41.03;21.86;100.0;ESTAVEL
2002-05-30;1022716800000;MNDL3.SA;50.0;50.0;50.0;50.0;38.41;0;stock;31.59;21.59;41.12;21.59;100.0;ESTAVEL
2002-05-31;1022803200000;MNDL3.SA;50.0;50.0;50.0;50.0;38.41;0;stock;31.66;21.32;41.21;21.33;100.0;ESTAVEL
2002-06-03;1023062400000;MNDL3.SA;50.0;50.0;50.0;50.0;38.41;0;stock;31.73;21.06;41.3;21.07;100.0;ESTAVEL
2002-06-04;1023148800000;MNDL3.SA;50.0;50.0;50.0;50.0;38.41;0;stock;31.8;20.8;41.39;20.81;100.0;ESTAVEL
2002-06-05;1023235200000;MNDL3.SA;50.0;50.0;50.0;50.0;38.41;0;stock;31.86;20.55;41.47;20.56;100.0;ESTAVEL
2002-06-06;1023321600000;MNDL3.SA;50.0;50.0;50.0;50.0;38.41;0;stock;31.93;20.3;41.56;20.3;100.0;ESTAVEL
2002-06-07;1023408000000;MNDL3.SA;50.0;50.0;50.0;50.0;38.41;0;stock;31.99;20.05;41.65;20.06;100.0;ESTAVEL
2002-06-10;1023667200000;MNDL3.SA;50.0;50.0;50.0;50.0;38.41;0;stock;32.06;19.81;41.73;19.81;100.0;ESTAVEL
2002-06-11;1023753600000;MNDL3.SA;50.0;50.0;50.0;50.0;38.41;0;stock;32.12;19.57;41.81;19.57;100.0;ESTAVEL
2002-06-12;1023840000000;MNDL3.SA;50.0;50.0;50.0;50.0;38.41;0;stock;32.19;19.33;41.9;19.34;100.0;ESTAVEL
2002-06-13;1023926400000;MNDL3.SA;50.0;50.0;50.0;50.0;38.41;0;stock;32.25;19.1;41.98;19.11;100.0;ESTAVEL
2002-06-14;1024012800000;MNDL3.SA;50.0;50.0;50.0;50.0;38.41;0;stock;32.31;18.87;42.06;18.88;100.0;ESTAVEL
2002-06-17;1024272000000;MNDL3.SA;50.0;50.0;50.0;50.0;38.41;0;stock;32.37;18.65;42.14;18.65;100.0;ESTAVEL
2002-06-18;1024358400000;MNDL3.SA;50.0;50.0;50.0;50.0;38.41;249;stock;32.43;18.42;42.22;18.43;100.0;ESTAVEL
2002-06-19;1024444800000;MNDL3.SA;50.0;50.0;50.0;50.0;38.41;0;stock;32.5;18.2;42.3;18.21;100.0;ESTAVEL
2002-06-20;1024531200000;MNDL3.SA;50.0;50.0;50.0;50.0;38.41;0;stock;32.56;17.98;42.38;17.99;100.0;ESTAVEL
2002-06-21;1024617600000;MNDL3.SA;50.0;50.0;50.0;50.0;38.41;0;stock;32.61;17.77;42.45;17.77;100.0;ESTAVEL
2002-06-24;1024876800000;MNDL3.SA;50.0;50.0;50.0;50.0;38.41;0;stock;32.67;17.56;42.53;17.56;100.0;ESTAVEL
2002-06-25;1024963200000;MNDL3.SA;50.0;50.0;50.0;50.0;38.41;0;stock;32.73;17.35;42.61;17.36;100.0;ESTAVEL
2002-06-26;1025049600000;MNDL3.SA;50.0;50.0;50.0;50.0;38.41;0;stock;32.79;17.15;42.68;17.15;100.0;ESTAVEL
2002-06-27;1025136000000;MNDL3.SA;32.0;32.0;32.0;32.0;24.58;949;stock;32.71;-24.84;42.57;-24.83;1.8;SUBIR
2002-06-28;1025222400000;MNDL3.SA;32.0;32.0;32.0;32.0;24.58;349;stock;32.62;-24.65;42.47;-24.65;1.8;SUBIR
2002-07-01;1025481600000;MNDL3.SA;32.0;32.0;32.0;32.0;24.58;0;stock;32.54;-24.47;42.36;-24.46;1.8;SUBIR
2002-07-02;1025568000000;MNDL3.SA;32.0;32.0;32.0;32.0;24.58;0;stock;32.46;-24.28;42.26;-24.27;1.8;SUBIR
2002-07-03;1025654400000;MNDL3.SA;32.0;32.0;32.0;32.0;24.58;0;stock;32.38;-24.09;42.15;-24.08;1.8;SUBIR
2002-07-04;1025740800000;MNDL3.SA;32.0;32.0;32.0;32.0;24.58;0;stock;32.3;-23.91;42.05;-23.9;1.8;SUBIR
2002-07-05;1025827200000;MNDL3.SA;32.0;32.0;32.0;32.0;24.58;0;stock;32.23;-23.72;41.95;-23.72;1.8;SUBIR
2002-07-08;1026086400000;MNDL3.SA;32.0;32.0;32.0;32.0;24.58;0;stock;32.15;-23.54;41.85;-23.53;1.8;SUBIR
2002-07-09;1026172800000;MNDL3.SA;32.0;32.0;32.0;32.0;24.58;0;stock;32.07;-23.36;41.75;-23.35;1.8;SUBIR
2002-07-10;1026259200000;MNDL3.SA;32.0;32.0;32.0;32.0;24.58;0;stock;32.0;-23.18;41.65;-23.17;1.8;SUBIR
2002-07-11;1026345600000;MNDL3.SA;32.0;32.0;32.0;32.0;24.58;0;stock;31.92;-23.0;41.55;-22.99;1.8;SUBIR
2002-07-12;1026432000000;MNDL3.SA;32.0;32.0;32.0;32.0;24.58;0;stock;31.85;-22.82;41.46;-22.81;1.8;SUBIR
2002-07-15;1026691200000;MNDL3.SA;30.0;30.0;30.0;30.0;23.05;249;stock;31.76;-27.42;41.34;-27.43;1.43;SUBIR
2002-07-16;1026777600000;MNDL3.SA;30.0;30.0;30.0;30.0;23.05;0;stock;31.67;-27.22;41.23;-27.23;1.43;SUBIR
2002-07-17;1026864000000;MNDL3.SA;30.0;30.0;30.0;30.0;23.05;0;stock;31.58;-27.02;41.11;-27.03;1.43;SUBIR
2002-07-18;1026950400000;MNDL3.SA;30.0;30.0;30.0;30.0;23.05;0;stock;31.5;-26.82;41.0;-26.83;1.43;SUBIR
2002-07-19;1027036800000;MNDL3.SA;30.0;30.0;30.0;30.0;24.84;0;stock;31.43;-20.97;40.89;-26.63;25.83;SUBIR
2002-07-22;1027296000000;MNDL3.SA;30.0;30.0;30.0;30.0;24.84;0;stock;31.36;-20.8;40.78;-26.44;25.83;SUBIR
2002-07-23;1027382400000;MNDL3.SA;30.0;30.0;30.0;30.0;24.84;0;stock;31.3;-20.64;40.67;-26.24;25.83;SUBIR
2002-07-24;1027468800000;MNDL3.SA;30.0;30.0;30.0;30.0;24.84;0;stock;31.23;-20.47;40.56;-26.04;25.83;SUBIR
2002-07-25;1027555200000;MNDL3.SA;30.0;30.0;30.0;30.0;24.84;0;stock;31.17;-20.31;40.46;-25.85;25.83;SUBIR
2002-07-26;1027641600000;MNDL3.SA;30.0;30.0;30.0;30.0;24.84;0;stock;31.11;-20.14;40.35;-25.66;25.83;SUBIR
2002-07-29;1027900800000;MNDL3.SA;30.0;30.0;30.0;30.0;24.84;0;stock;31.04;-19.98;40.25;-25.46;25.83;SUBIR
2002-07-30;1027987200000;MNDL3.SA;30.0;30.0;30.0;30.0;24.84;0;stock;30.98;-19.82;40.15;-25.27;25.83;SUBIR
2002-07-31;1028073600000;MNDL3.SA;30.0;30.0;30.0;30.0;24.84;0;stock;30.92;-19.66;40.04;-25.08;25.83;SUBIR
2002-08-01;1028160000000;MNDL3.SA;30.0;30.0;30.0;30.0;24.84;0;stock;30.86;-19.5;39.94;-24.89;25.83;SUBIR
2002-08-02;1028246400000;MNDL3.SA;30.0;30.0;30.0;30.0;24.84;0;stock;30.8;-19.34;39.84;-24.7;25.83;SUBIR
2002-08-05;1028505600000;MNDL3.SA;30.0;30.0;30.0;30.0;24.84;0;stock;30.74;-19.18;39.74;-24.52;25.83;SUBIR
2002-08-06;1028592000000;MNDL3.SA;30.0;30.0;30.0;30.0;24.84;0;stock;30.68;-19.03;39.64;-24.33;25.83;SUBIR
2002-08-07;1028678400000;MNDL3.SA;30.0;30.0;30.0;30.0;24.84;0;stock;30.62;-18.87;39.55;-24.14;25.83;SUBIR
2002-08-08;1028764800000;MNDL3.SA;30.0;30.0;30.0;30.0;24.84;0;stock;30.56;-18.72;39.45;-23.96;25.83;SUBIR
2002-08-09;1028851200000;MNDL3.SA;30.0;30.0;30.0;30.0;24.84;0;stock;30.5;-18.56;39.36;-23.77;25.83;SUBIR
2002-08-12;1029110400000;MNDL3.SA;30.0;30.0;30.0;30.0;24.84;0;stock;30.45;-18.41;39.26;-23.59;25.83;SUBIR
2002-08-13;1029196800000;MNDL3.SA;30.0;30.0;30.0;30.0;24.84;0;stock;30.39;-18.26;39.17;-23.41;25.83;SUBIR
2002-08-14;1029283200000;MNDL3.SA;30.0;30.0;30.0;30.0;24.84;0;stock;30.33;-18.11;39.08;-23.23;25.83;SUBIR
2002-08-15;1029369600000;MNDL3.SA;30.0;30.0;30.0;30.0;24.84;0;stock;30.28;-17.96;38.99;-23.05;25.83;SUBIR
2002-08-16;1029456000000;MNDL3.SA;30.0;30.0;30.0;30.0;24.84;0;stock;30.22;-17.81;38.9;-22.87;25.83;SUBIR
2002-08-19;1029715200000;MNDL3.SA;30.0;30.0;30.0;30.0;24.84;0;stock;30.17;-17.67;38.81;-22.69;25.83;SUBIR
2002-08-20;1029801600000;MNDL3.SA;30.0;30.0;30.0;30.0;24.84;0;stock;30.12;-17.52;38.72;-22.52;25.83;SUBIR
2002-08-21;1029888000000;MNDL3.SA;30.0;30.0;30.0;30.0;24.84;0;stock;30.06;-17.37;38.63;-22.34;25.83;SUBIR
2002-08-22;1029974400000;MNDL3.SA;30.0;30.0;30.0;30.0;24.84;0;stock;30.01;-17.23;38.54;-22.17;25.83;SUBIR
2002-08-23;1030060800000;MNDL3.SA;30.0;30.0;30.0;30.0;24.84;0;stock;29.96;-17.09;38.46;-21.99;25.83;SUBIR
2002-08-26;1030320000000;MNDL3.SA;30.0;30.0;30.0;30.0;24.84;0;stock;29.91;-16.94;38.37;-21.82;25.83;SUBIR
2002-08-27;1030406400000;MNDL3.SA;30.0;30.0;30.0;30.0;24.84;0;stock;29.86;-16.8;38.29;-21.65;25.83;SUBIR
2002-08-28;1030492800000;MNDL3.SA;30.0;30.0;30.0;30.0;24.84;0;stock;29.81;-16.66;38.21;-21.48;25.83;SUBIR
2002-08-29;1030579200000;MNDL3.SA;30.0;30.0;30.0;30.0;24.84;0;stock;29.76;-16.52;38.12;-21.31;25.83;SUBIR
2002-08-30;1030665600000;MNDL3.SA;30.0;30.0;30.0;30.0;24.84;0;stock;29.71;-16.38;38.04;-21.14;25.83;SUBIR
2002-09-02;1030924800000;MNDL3.SA;30.0;30.0;30.0;30.0;24.84;0;stock;29.66;-16.24;37.96;-20.97;25.83;SUBIR
2002-09-03;1031011200000;MNDL3.SA;30.0;30.0;30.0;30.0;24.84;0;stock;29.61;-16.11;37.88;-20.8;25.83;SUBIR
2002-09-04;1031097600000;MNDL3.SA;30.0;30.0;30.0;30.0;24.84;0;stock;29.56;-15.97;37.8;-20.64;25.83;SUBIR
2002-09-05;1031184000000;MNDL3.SA;30.0;30.0;30.0;30.0;24.84;0;stock;29.51;-15.84;37.72;-20.47;25.83;SUBIR
2002-09-06;1031270400000;MNDL3.SA;30.0;30.0;30.0;30.0;24.84;0;stock;29.47;-15.7;37.65;-20.31;25.83;SUBIR
2002-09-09;1031529600000;MNDL3.SA;30.0;30.0;30.0;30.0;24.84;0;stock;29.42;-15.57;37.57;-20.15;25.83;SUBIR
2002-09-10;1031616000000;MNDL3.SA;30.0;30.0;30.0;30.0;24.84;0;stock;29.37;-15.44;37.49;-19.98;25.83;SUBIR
2002-09-11;1031702400000;MNDL3.SA;30.0;30.0;30.0;30.0;24.84;0;stock;29.33;-15.31;37.42;-19.82;25.83;SUBIR
2002-09-12;1031788800000;MNDL3.SA;30.0;30.0;30.0;30.0;24.84;0;stock;29.28;-15.18;37.34;-19.66;25.83;SUBIR
2002-09-13;1031875200000;MNDL3.SA;30.0;30.0;30.0;30.0;24.84;0;stock;29.24;-15.05;37.27;-19.5;25.83;SUBIR
2002-09-16;1032134400000;MNDL3.SA;30.0;30.0;30.0;30.0;24.84;0;stock;29.2;-14.92;37.2;-19.35;25.83;SUBIR
2002-09-17;1032220800000;MNDL3.SA;30.0;30.0;30.0;30.0;24.84;0;stock;29.15;-14.79;37.12;-19.19;25.83;SUBIR
2002-09-18;1032307200000;MNDL3.SA;30.0;30.0;30.0;30.0;24.84;0;stock;29.11;-14.66;37.05;-19.03;25.83;SUBIR
2002-09-19;1032393600000;MNDL3.SA;30.0;30.0;30.0;30.0;24.84;0;stock;29.07;-14.54;36.98;-18.88;25.83;SUBIR
2002-09-20;1032480000000;MNDL3.SA;30.0;30.0;30.0;30.0;24.84;0;stock;29.02;-14.41;36.91;-18.73;25.83;SUBIR
2002-09-23;1032739200000;MNDL3.SA;30.0;30.0;30.0;30.0;24.84;0;stock;28.98;-14.29;36.84;-18.57;25.83;SUBIR
2002-09-24;1032825600000;MNDL3.SA;30.0;30.0;30.0;30.0;24.84;0;stock;28.94;-14.17;36.77;-18.42;25.83;SUBIR
2002-09-25;1032912000000;MNDL3.SA;30.0;30.0;30.0;30.0;24.84;0;stock;28.9;-14.04;36.71;-18.27;25.83;SUBIR
2002-09-26;1032998400000;MNDL3.SA;30.0;30.0;30.0;30.0;24.84;0;stock;28.86;-13.92;36.64;-18.12;25.83;SUBIR
2002-09-27;1033084800000;MNDL3.SA;30.0;30.0;30.0;30.0;24.84;0;stock;28.82;-13.8;36.57;-17.97;25.83;SUBIR
2002-09-30;1033344000000;MNDL3.SA;30.0;30.0;30.0;30.0;24.84;0;stock;28.78;-13.68;36.51;-17.82;25.83;SUBIR
2002-10-01;1033430400000;MNDL3.SA;30.0;30.0;30.0;30.0;24.84;0;stock;28.74;-13.56;36.44;-17.68;25.83;SUBIR
2002-10-02;1033516800000;MNDL3.SA;30.0;30.0;30.0;30.0;24.84;0;stock;28.7;-13.45;36.38;-17.53;25.83;SUBIR
2002-10-03;1033603200000;MNDL3.SA;30.0;30.0;30.0;30.0;24.84;0;stock;28.66;-13.33;36.31;-17.38;25.83;SUBIR
2002-10-04;1033689600000;MNDL3.SA;30.0;30.0;30.0;30.0;24.84;0;stock;28.62;-13.21;36.25;-17.24;25.83;SUBIR
2002-10-07;1033948800000;MNDL3.SA;30.0;30.0;30.0;30.0;24.84;0;stock;28.58;-13.1;36.19;-17.1;25.83;SUBIR
2002-10-08;1034035200000;MNDL3.SA;30.0;30.0;30.0;30.0;24.84;0;stock;28.55;-12.98;36.12;-16.95;25.83;SUBIR
2002-10-09;1034121600000;MNDL3.SA;30.0;30.0;30.0;30.0;24.84;0;stock;28.51;-12.87;36.06;-16.81;25.83;SUBIR
2002-10-10;1034208000000;MNDL3.SA;30.0;30.0;30.0;30.0;24.84;0;stock;28.47;-12.76;36.0;-16.67;25.83;SUBIR
2002-10-11;1034294400000;MNDL3.SA;30.0;30.0;30.0;30.0;24.84;0;stock;28.44;-12.65;35.94;-16.53;25.83;SUBIR
2002-10-14;1034553600000;MNDL3.SA;30.0;30.0;30.0;30.0;24.84;0;stock;28.4;-12.54;35.88;-16.39;25.83;SUBIR
2002-10-15;1034640000000;MNDL3.SA;30.0;30.0;30.0;30.0;24.84;0;stock;28.36;-12.43;35.82;-16.26;25.83;SUBIR
2002-10-16;1034726400000;MNDL3.SA;30.0;30.0;30.0;30.0;24.84;0;stock;28.33;-12.32;35.77;-16.12;25.83;SUBIR
2002-10-17;1034812800000;MNDL3.SA;30.0;30.0;30.0;30.0;24.84;0;stock;28.29;-12.21;35.71;-15.98;25.83;SUBIR
2002-10-18;1034899200000;MNDL3.SA;30.0;30.0;30.0;30.0;24.84;0;stock;28.26;-12.1;35.65;-15.85;25.83;SUBIR
2002-10-21;1035158400000;MNDL3.SA;30.0;30.0;30.0;30.0;24.84;0;stock;28.23;-11.99;35.59;-15.72;25.83;SUBIR
2002-10-22;1035244800000;MNDL3.SA;30.0;30.0;30.0;30.0;24.84;0;stock;28.19;-11.89;35.54;-15.58;25.83;SUBIR
2002-10-23;1035331200000;MNDL3.SA;30.0;30.0;30.0;30.0;24.84;0;stock;28.16;-11.78;35.48;-15.45;25.83;SUBIR
2002-10-24;1035417600000;MNDL3.SA;30.0;30.0;30.0;30.0;24.84;0;stock;28.12;-11.68;35.43;-15.32;25.83;SUBIR
2002-10-25;1035504000000;MNDL3.SA;30.0;30.0;30.0;30.0;24.84;0;stock;28.09;-11.58;35.37;-15.19;25.83;SUBIR
2002-10-28;1035763200000;MNDL3.SA;30.0;30.0;30.0;30.0;24.84;0;stock;28.06;-11.47;35.32;-15.06;25.83;SUBIR
2002-10-29;1035849600000;MNDL3.SA;30.0;30.0;30.0;30.0;24.84;0;stock;28.03;-11.37;35.27;-14.93;25.83;SUBIR
2002-10-30;1035936000000;MNDL3.SA;30.0;30.0;30.0;30.0;24.84;0;stock;28.0;-11.27;35.21;-14.81;25.83;SUBIR
2002-10-31;1036022400000;MNDL3.SA;30.0;30.0;30.0;30.0;24.84;0;stock;27.96;-11.17;35.16;-14.68;25.83;SUBIR
2002-11-01;1036108800000;MNDL3.SA;30.0;30.0;30.0;30.0;24.84;0;stock;27.93;-11.07;35.11;-14.55;25.83;SUBIR
2002-11-04;1036368000000;MNDL3.SA;30.0;30.0;30.0;30.0;24.84;0;stock;27.9;-10.97;35.06;-14.43;25.83;SUBIR
2002-11-05;1036454400000;MNDL3.SA;30.0;30.0;30.0;30.0;24.84;0;stock;27.87;-10.87;35.01;-14.31;25.83;SUBIR
2002-11-06;1036540800000;MNDL3.SA;30.0;30.0;30.0;30.0;24.84;0;stock;27.84;-10.78;34.96;-14.18;25.83;SUBIR
2002-11-07;1036627200000;MNDL3.SA;30.0;30.0;30.0;30.0;24.84;0;stock;27.81;-10.68;34.91;-14.06;25.83;SUBIR
2002-11-08;1036713600000;MNDL3.SA;30.0;30.0;30.0;30.0;24.84;0;stock;27.78;-10.59;34.86;-13.94;25.83;SUBIR
2002-11-11;1036972800000;MNDL3.SA;30.0;30.0;30.0;30.0;24.84;0;stock;27.75;-10.49;34.81;-13.82;25.83;SUBIR
2002-11-12;1037059200000;MNDL3.SA;30.0;30.0;30.0;30.0;24.84;0;stock;27.72;-10.4;34.76;-13.7;25.83;SUBIR
2002-11-13;1037145600000;MNDL3.SA;30.0;30.0;30.0;30.0;24.84;0;stock;27.69;-10.3;34.71;-13.58;25.83;SUBIR
2002-11-14;1037232000000;MNDL3.SA;30.0;30.0;30.0;30.0;24.84;0;stock;27.66;-10.21;34.67;-13.46;25.83;SUBIR
2002-11-15;1037318400000;MNDL3.SA;30.0;30.0;30.0;30.0;24.84;0;stock;27.64;-10.12;34.62;-13.35;25.83;SUBIR
2002-11-18;1037577600000;MNDL3.SA;30.0;30.0;30.0;30.0;24.84;0;stock;27.61;-10.03;34.57;-13.23;25.83;SUBIR
2002-11-19;1037664000000;MNDL3.SA;30.0;30.0;30.0;30.0;24.84;0;stock;27.58;-9.94;34.53;-13.12;25.83;SUBIR
2002-11-20;1037750400000;MNDL3.SA;30.0;30.0;30.0;30.0;24.84;0;stock;27.55;-9.85;34.48;-13.0;25.83;SUBIR
2002-11-21;1037836800000;MNDL3.SA;30.0;30.0;30.0;30.0;24.84;0;stock;27.53;-9.76;34.44;-12.89;25.83;SUBIR
2002-11-22;1037923200000;MNDL3.SA;30.0;30.0;30.0;30.0;24.84;0;stock;27.5;-9.67;34.39;-12.78;25.83;SUBIR
2002-11-25;1038182400000;MNDL3.SA;30.0;30.0;30.0;30.0;24.84;0;stock;27.47;-9.58;34.35;-12.66;25.83;SUBIR
2002-11-26;1038268800000;MNDL3.SA;30.0;30.0;30.0;30.0;24.84;0;stock;27.45;-9.5;34.31;-12.55;25.83;SUBIR
2002-11-27;1038355200000;MNDL3.SA;30.0;30.0;30.0;30.0;24.84;0;stock;27.42;-9.41;34.26;-12.44;25.83;SUBIR
2002-11-28;1038441600000;MNDL3.SA;30.0;30.0;30.0;30.0;24.84;0;stock;27.39;-9.33;34.22;-12.33;25.83;SUBIR
2002-11-29;1038528000000;MNDL3.SA;30.0;30.0;30.0;30.0;24.84;0;stock;27.37;-9.24;34.18;-12.23;25.83;SUBIR
2002-12-02;1038787200000;MNDL3.SA;30.0;30.0;30.0;30.0;24.84;0;stock;27.34;-9.16;34.14;-12.12;25.83;SUBIR
2002-12-03;1038873600000;MNDL3.SA;30.0;30.0;30.0;30.0;24.84;0;stock;27.32;-9.07;34.1;-12.01;25.83;SUBIR
2002-12-04;1038960000000;MNDL3.SA;30.0;30.0;30.0;30.0;24.84;0;stock;27.29;-8.99;34.05;-11.91;25.83;SUBIR
2002-12-05;1039046400000;MNDL3.SA;30.0;30.0;30.0;30.0;24.84;0;stock;27.27;-8.91;34.01;-11.8;25.83;SUBIR
2002-12-06;1039132800000;MNDL3.SA;30.0;30.0;30.0;30.0;24.84;0;stock;27.25;-8.83;33.97;-11.7;25.83;SUBIR
2002-12-09;1039392000000;MNDL3.SA;30.0;30.0;30.0;30.0;24.84;0;stock;27.22;-8.75;33.93;-11.59;25.83;SUBIR
2002-12-10;1039478400000;MNDL3.SA;30.0;30.0;30.0;30.0;24.84;0;stock;27.2;-8.67;33.9;-11.49;25.83;SUBIR
2002-12-11;1039564800000;MNDL3.SA;30.0;30.0;30.0;30.0;24.84;0;stock;27.17;-8.59;33.86;-11.39;25.83;SUBIR
2002-12-12;1039651200000;MNDL3.SA;30.0;30.0;30.0;30.0;24.84;0;stock;27.15;-8.51;33.82;-11.29;25.83;SUBIR
2002-12-13;1039737600000;MNDL3.SA;30.0;30.0;30.0;30.0;24.84;0;stock;27.13;-8.43;33.78;-11.19;25.83;SUBIR
2002-12-16;1039996800000;MNDL3.SA;30.0;30.0;30.0;30.0;24.84;0;stock;27.1;-8.35;33.74;-11.09;25.83;SUBIR
2002-12-17;1040083200000;MNDL3.SA;30.0;30.0;30.0;30.0;24.84;0;stock;27.08;-8.28;33.7;-10.99;25.83;SUBIR
2002-12-18;1040169600000;MNDL3.SA;30.0;30.0;30.0;30.0;24.84;0;stock;27.06;-8.2;33.67;-10.89;25.83;SUBIR
2002-12-19;1040256000000;MNDL3.SA;30.0;30.0;30.0;30.0;24.84;0;stock;27.04;-8.13;33.63;-10.8;25.83;SUBIR
2002-12-20;1040342400000;MNDL3.SA;30.0;30.0;30.0;30.0;24.84;0;stock;27.02;-8.05;33.59;-10.7;25.83;SUBIR
2002-12-23;1040601600000;MNDL3.SA;30.0;30.0;30.0;30.0;24.84;0;stock;26.99;-7.98;33.56;-10.6;25.83;SUBIR
2002-12-24;1040688000000;MNDL3.SA;30.0;30.0;30.0;30.0;24.84;0;stock;26.97;-7.9;33.52;-10.51;25.83;SUBIR
2002-12-25;1040774400000;MNDL3.SA;30.0;30.0;30.0;30.0;24.84;0;stock;26.95;-7.83;33.49;-10.41;25.83;SUBIR
2002-12-26;1040860800000;MNDL3.SA;30.0;30.0;30.0;30.0;24.84;0;stock;26.93;-7.76;33.45;-10.32;25.83;SUBIR
2002-12-27;1040947200000;MNDL3.SA;30.0;30.0;30.0;30.0;24.84;0;stock;26.91;-7.69;33.42;-10.23;25.83;SUBIR
2002-12-30;1041206400000;MNDL3.SA;30.0;30.0;30.0;30.0;24.84;0;stock;26.89;-7.62;33.38;-10.14;25.83;SUBIR
2002-12-31;1041292800000;MNDL3.SA;30.0;30.0;30.0;30.0;24.84;0;stock;26.87;-7.55;33.35;-10.05;25.83;SUBIR
2003-01-01;1041379200000;MNDL3.SA;30.0;30.0;30.0;30.0;24.84;0;stock;26.85;-7.48;33.32;-9.96;25.83;SUBIR
2003-01-02;1041465600000;MNDL3.SA;30.0;30.0;30.0;30.0;24.84;0;stock;26.83;-7.41;33.28;-9.87;25.83;SUBIR
2003-01-03;1041552000000;MNDL3.SA;30.0;30.0;30.0;30.0;24.84;0;stock;26.81;-7.34;33.25;-9.78;25.83;SUBIR
2003-01-06;1041811200000;MNDL3.SA;30.0;30.0;30.0;30.0;24.84;0;stock;26.79;-7.27;33.22;-9.69;25.83;SUBIR
2003-01-07;1041897600000;MNDL3.SA;30.0;30.0;30.0;30.0;24.84;0;stock;26.77;-7.2;33.19;-9.6;25.83;SUBIR
2003-01-08;1041984000000;MNDL3.SA;30.0;30.0;30.0;30.0;24.84;0;stock;26.75;-7.14;33.15;-9.51;25.83;SUBIR
2003-01-09;1042070400000;MNDL3.SA;30.0;30.0;30.0;30.0;24.84;0;stock;26.73;-7.07;33.12;-9.43;25.83;SUBIR
2003-01-10;1042156800000;MNDL3.SA;30.0;30.0;30.0;30.0;24.84;0;stock;26.71;-7.01;33.09;-9.34;25.83;SUBIR
2003-01-13;1042416000000;MNDL3.SA;30.0;30.0;30.0;30.0;24.84;0;stock;26.69;-6.94;33.06;-9.26;25.83;SUBIR
2003-01-14;1042502400000;MNDL3.SA;30.0;30.0;30.0;30.0;24.84;0;stock;26.67;-6.88;33.03;-9.17;25.83;SUBIR
2003-01-15;1042588800000;MNDL3.SA;30.0;30.0;30.0;30.0;24.84;0;stock;26.66;-6.81;33.0;-9.09;25.83;SUBIR
2003-01-16;1042675200000;MNDL3.SA;30.0;30.0;30.0;30.0;24.84;0;stock;26.64;-6.75;32.97;-9.01;25.83;SUBIR
2003-01-17;1042761600000;MNDL3.SA;30.0;30.0;30.0;30.0;24.84;0;stock;26.62;-6.69;32.94;-8.93;25.83;SUBIR
2003-01-20;1043020800000;MNDL3.SA;30.0;30.0;30.0;30.0;24.84;0;stock;26.6;-6.62;32.91;-8.85;25.83;SUBIR
2003-01-21;1043107200000;MNDL3.SA;30.0;30.0;30.0;30.0;24.84;0;stock;26.58;-6.56;32.88;-8.77;25.83;SUBIR
2003-01-22;1043193600000;MNDL3.SA;30.0;30.0;30.0;30.0;24.84;0;stock;26.57;-6.5;32.85;-8.69;25.83;SUBIR
2003-01-23;1043280000000;MNDL3.SA;30.0;30.0;30.0;30.0;24.84;0;stock;26.55;-6.44;32.82;-8.61;25.83;SUBIR
2003-01-24;1043366400000;MNDL3.SA;30.0;30.0;30.0;30.0;24.84;0;stock;26.53;-6.38;32.8;-8.53;25.83;SUBIR
2003-01-27;1043625600000;MNDL3.SA;30.0;30.0;30.0;30.0;24.84;0;stock;26.52;-6.32;32.77;-8.45;25.83;SUBIR
2003-01-28;1043712000000;MNDL3.SA;30.0;30.0;30.0;30.0;24.84;0;stock;26.5;-6.26;32.74;-8.37;25.83;SUBIR
2003-01-29;1043798400000;MNDL3.SA;30.0;30.0;30.0;30.0;24.84;0;stock;26.48;-6.2;32.71;-8.3;25.83;SUBIR
2003-01-30;1043884800000;MNDL3.SA;30.0;30.0;30.0;30.0;24.84;0;stock;26.47;-6.14;32.69;-8.22;25.83;SUBIR
2003-01-31;1043971200000;MNDL3.SA;30.0;30.0;30.0;30.0;24.84;0;stock;26.45;-6.09;32.66;-8.14;25.83;SUBIR
2003-02-03;1044230400000;MNDL3.SA;30.0;30.0;30.0;30.0;24.84;0;stock;26.43;-6.03;32.63;-8.07;25.83;SUBIR
2003-02-04;1044316800000;MNDL3.SA;30.0;30.0;30.0;30.0;24.84;0;stock;26.42;-5.97;32.61;-8.0;25.83;SUBIR
2003-02-05;1044403200000;MNDL3.SA;30.0;30.0;30.0;30.0;24.84;0;stock;26.4;-5.92;32.58;-7.92;25.83;SUBIR
2003-02-06;1044489600000;MNDL3.SA;30.0;30.0;30.0;30.0;24.84;0;stock;26.39;-5.86;32.56;-7.85;25.83;SUBIR
2003-02-07;1044576000000;MNDL3.SA;30.0;30.0;30.0;30.0;24.84;0;stock;26.37;-5.81;32.53;-7.78;25.83;SUBIR
2003-02-10;1044835200000;MNDL3.SA;30.0;30.0;30.0;30.0;24.84;0;stock;26.36;-5.75;32.5;-7.71;25.83;SUBIR
2003-02-11;1044921600000;MNDL3.SA;30.0;30.0;30.0;30.0;24.84;0;stock;26.34;-5.7;32.48;-7.63;25.83;SUBIR
2003-02-12;1045008000000;MNDL3.SA;30.0;30.0;30.0;30.0;24.84;0;stock;26.33;-5.64;32.45;-7.56;25.83;SUBIR
2003-02-13;1045094400000;MNDL3.SA;28.2;28.2;28.2;28.2;23.35;2499;stock;26.3;-11.2;32.41;-13.0;0.0;SUBIR
2003-02-14;1045180800000;MNDL3.SA;28.0;28.0;28.0;28.0;23.19;2499;stock;26.26;-11.71;32.37;-13.5;0.0;SUBIR
2003-02-17;1045440000000;MNDL3.SA;28.0;28.0;24.0;25.8;21.37;9299;stock;26.22;-18.49;32.3;-20.13;0.0;SUBIR
2003-02-18;1045526400000;MNDL3.SA;25.8;25.8;25.8;25.8;21.37;0;stock;26.17;-18.33;32.24;-19.97;0.0;SUBIR
2003-02-19;1045612800000;MNDL3.SA;25.8;25.8;25.8;25.8;21.37;0;stock;26.12;-18.18;32.17;-19.81;0.0;SUBIR
2003-02-20;1045699200000;MNDL3.SA;25.8;25.8;25.8;25.8;21.37;0;stock;26.07;-18.04;32.11;-19.65;0.0;SUBIR
2003-02-21;1045785600000;MNDL3.SA;25.8;25.8;25.8;25.8;21.37;0;stock;26.03;-17.89;32.05;-19.49;0.0;SUBIR
2003-02-24;1046044800000;MNDL3.SA;25.8;25.8;25.8;25.8;21.37;0;stock;25.98;-17.74;31.98;-19.34;0.0;SUBIR
2003-02-25;1046131200000;MNDL3.SA;25.8;25.8;25.8;25.8;21.37;0;stock;25.93;-17.6;31.92;-19.18;0.0;SUBIR
2003-02-26;1046217600000;MNDL3.SA;25.8;25.8;25.8;25.8;21.37;0;stock;25.89;-17.45;31.86;-19.03;0.0;SUBIR
2003-02-27;1046304000000;MNDL3.SA;25.8;25.8;25.8;25.8;21.37;0;stock;25.84;-17.31;31.8;-18.87;0.0;SUBIR
2003-02-28;1046390400000;MNDL3.SA;25.8;25.8;25.8;25.8;21.37;0;stock;25.8;-17.16;31.74;-18.72;0.0;SUBIR
2003-03-03;1046649600000;MNDL3.SA;25.8;25.8;25.8;25.8;21.37;0;stock;25.75;-17.02;31.68;-18.57;0.0;SUBIR
2003-03-04;1046736000000;MNDL3.SA;25.8;25.8;25.8;25.8;21.37;0;stock;25.71;-16.88;31.62;-18.42;0.0;SUBIR
2003-03-05;1046822400000;MNDL3.SA;25.8;25.8;25.8;25.8;21.37;0;stock;25.67;-16.74;31.57;-18.27;0.0;SUBIR
2003-03-06;1046908800000;MNDL3.SA;25.8;25.8;25.8;25.8;21.37;0;stock;25.62;-16.6;31.51;-18.12;0.0;SUBIR
2003-03-07;1046995200000;MNDL3.SA;25.8;25.8;25.8;25.8;21.37;0;stock;25.58;-16.46;31.45;-17.97;0.0;SUBIR
2003-03-10;1047254400000;MNDL3.SA;25.8;25.8;25.8;25.8;21.37;0;stock;25.54;-16.33;31.39;-17.82;0.0;SUBIR
2003-03-11;1047340800000;MNDL3.SA;25.8;25.8;25.8;25.8;21.37;0;stock;25.5;-16.19;31.34;-17.67;0.0;SUBIR
2003-03-12;1047427200000;MNDL3.SA;25.8;25.8;25.8;25.8;21.37;0;stock;25.46;-16.05;31.28;-17.53;0.0;SUBIR
2003-03-13;1047513600000;MNDL3.SA;25.8;25.8;25.8;25.8;21.37;0;stock;25.42;-15.92;31.23;-17.38;0.0;SUBIR
2003-03-14;1047600000000;MNDL3.SA;25.8;25.8;25.8;25.8;21.37;0;stock;25.38;-15.79;31.17;-17.24;0.0;SUBIR
2003-03-17;1047859200000;MNDL3.SA;25.8;25.8;25.8;25.8;21.37;0;stock;25.34;-15.65;31.12;-17.1;0.0;SUBIR
2003-03-18;1047945600000;MNDL3.SA;25.8;25.8;25.8;25.8;21.37;0;stock;25.3;-15.52;31.07;-16.96;0.0;SUBIR
2003-03-19;1048032000000;MNDL3.SA;25.8;25.8;25.8;25.8;21.37;0;stock;25.26;-15.39;31.02;-16.82;0.0;SUBIR
2003-03-20;1048118400000;MNDL3.SA;25.8;25.8;25.8;25.8;21.37;0;stock;25.22;-15.26;30.96;-16.68;0.0;SUBIR
2003-03-21;1048204800000;MNDL3.SA;25.8;25.8;25.8;25.8;21.37;0;stock;25.18;-15.13;30.91;-16.54;0.0;SUBIR
2003-03-24;1048464000000;MNDL3.SA;25.8;25.8;25.8;25.8;21.37;0;stock;25.14;-15.0;30.86;-16.4;0.0;SUBIR
2003-03-25;1048550400000;MNDL3.SA;25.8;25.8;25.8;25.8;21.37;0;stock;25.1;-14.87;30.81;-16.26;0.0;SUBIR
2003-03-26;1048636800000;MNDL3.SA;25.8;25.8;25.8;25.8;21.37;0;stock;25.07;-14.75;30.76;-16.13;0.0;SUBIR
2003-03-27;1048723200000;MNDL3.SA;25.8;25.8;25.8;25.8;21.37;0;stock;25.03;-14.62;30.71;-15.99;0.0;SUBIR
2003-03-28;1048809600000;MNDL3.SA;25.8;25.8;25.8;25.8;21.37;0;stock;24.99;-14.5;30.66;-15.86;0.0;SUBIR
2003-03-31;1049068800000;MNDL3.SA;25.8;25.8;25.8;25.8;21.37;0;stock;24.96;-14.37;30.61;-15.72;0.0;SUBIR
2003-04-01;1049155200000;MNDL3.SA;25.8;25.8;25.8;25.8;21.37;0;stock;24.92;-14.25;30.57;-15.59;0.0;SUBIR
2003-04-02;1049241600000;MNDL3.SA;25.8;25.8;25.8;25.8;21.37;0;stock;24.89;-14.13;30.52;-15.46;0.0;SUBIR
2003-04-03;1049328000000;MNDL3.SA;25.8;25.8;25.8;25.8;21.37;0;stock;24.85;-14.01;30.47;-15.33;0.0;SUBIR
2003-04-04;1049414400000;MNDL3.SA;25.8;25.8;25.8;25.8;21.37;0;stock;24.82;-13.89;30.42;-15.2;0.0;SUBIR
2003-04-07;1049673600000;MNDL3.SA;25.8;25.8;25.8;25.8;21.37;0;stock;24.78;-13.77;30.38;-15.07;0.0;SUBIR
2003-04-08;1049760000000;MNDL3.SA;25.8;25.8;25.8;25.8;21.37;0;stock;24.75;-13.65;30.33;-14.94;0.0;SUBIR
2003-04-09;1049846400000;MNDL3.SA;25.8;25.8;25.8;25.8;21.37;0;stock;24.71;-13.53;30.29;-14.82;0.0;SUBIR
2003-04-10;1049932800000;MNDL3.SA;25.8;25.8;25.8;25.8;21.37;0;stock;24.68;-13.42;30.24;-14.69;0.0;SUBIR
2003-04-11;1050019200000;MNDL3.SA;25.8;25.8;25.8;25.8;21.37;0;stock;24.65;-13.3;30.2;-14.57;0.0;SUBIR
2003-04-14;1050278400000;MNDL3.SA;25.8;25.8;25.8;25.8;21.37;0;stock;24.62;-13.18;30.15;-14.44;0.0;SUBIR
2003-04-15;1050364800000;MNDL3.SA;25.8;25.8;25.8;25.8;21.37;0;stock;24.58;-13.07;30.11;-14.32;0.0;SUBIR
2003-04-16;1050451200000;MNDL3.SA;25.8;25.8;25.8;25.8;21.37;0;stock;24.55;-12.96;30.07;-14.2;0.0;SUBIR
2003-04-17;1050537600000;MNDL3.SA;25.8;25.8;25.8;25.8;21.37;0;stock;24.52;-12.84;30.03;-14.07;0.0;SUBIR
2003-04-18;1050624000000;MNDL3.SA;25.8;25.8;25.8;25.8;21.37;0;stock;24.49;-12.73;29.98;-13.95;0.0;SUBIR
2003-04-21;1050883200000;MNDL3.SA;25.8;25.8;25.8;25.8;21.37;0;stock;24.46;-12.62;29.94;-13.83;0.0;SUBIR
2003-04-22;1050969600000;MNDL3.SA;25.8;25.8;25.8;25.8;21.37;0;stock;24.43;-12.51;29.9;-13.71;0.0;SUBIR
2003-04-23;1051056000000;MNDL3.SA;25.8;25.8;25.8;25.8;21.37;0;stock;24.4;-12.4;29.86;-13.6;0.0;SUBIR
2003-04-24;1051142400000;MNDL3.SA;25.8;25.8;25.8;25.8;21.37;0;stock;24.37;-12.29;29.82;-13.48;0.0;SUBIR
2003-04-25;1051228800000;MNDL3.SA;25.8;25.8;25.8;25.8;21.37;0;stock;24.34;-12.19;29.78;-13.36;0.0;SUBIR
2003-04-28;1051488000000;MNDL3.SA;25.8;25.8;25.8;25.8;21.37;0;stock;24.31;-12.08;29.74;-13.25;0.0;SUBIR
2003-04-29;1051574400000;MNDL3.SA;25.8;25.8;25.8;25.8;21.37;0;stock;24.28;-11.97;29.7;-13.13;0.0;SUBIR
2003-04-30;1051660800000;MNDL3.SA;25.8;25.8;25.8;25.8;21.37;0;stock;24.25;-11.87;29.66;-13.02;0.0;SUBIR
2003-05-01;1051747200000;MNDL3.SA;25.8;25.8;25.8;25.8;21.37;0;stock;24.22;-11.76;29.62;-12.91;0.0;SUBIR
2003-05-02;1051833600000;MNDL3.SA;25.8;25.8;25.8;25.8;21.37;0;stock;24.19;-11.66;29.59;-12.79;0.0;SUBIR
2003-05-05;1052092800000;MNDL3.SA;25.8;25.8;25.8;25.8;21.37;0;stock;24.16;-11.56;29.55;-12.68;0.0;SUBIR
2003-05-06;1052179200000;MNDL3.SA;25.8;25.8;25.8;25.8;21.37;0;stock;24.13;-11.46;29.51;-12.57;0.0;SUBIR
2003-05-07;1052265600000;MNDL3.SA;25.8;25.8;25.8;25.8;21.37;0;stock;24.11;-11.35;29.47;-12.46;0.0;SUBIR
2003-05-08;1052352000000;MNDL3.SA;25.8;25.8;25.8;25.8;21.37;0;stock;24.08;-11.25;29.44;-12.35;0.0;SUBIR
2003-05-09;1052438400000;MNDL3.SA;25.8;25.8;25.8;25.8;21.37;0;stock;24.05;-11.15;29.4;-12.25;0.0;SUBIR
2003-05-12;1052697600000;MNDL3.SA;25.8;25.8;25.8;25.8;21.37;0;stock;24.03;-11.06;29.36;-12.14;0.0;SUBIR
2003-05-13;1052784000000;MNDL3.SA;25.8;25.8;25.8;25.8;21.37;0;stock;24.0;-10.96;29.33;-12.03;0.0;SUBIR
2003-05-14;1052870400000;MNDL3.SA;25.8;25.8;25.8;25.8;21.37;0;stock;23.97;-10.86;29.29;-11.93;0.0;SUBIR
2003-05-15;1052956800000;MNDL3.SA;25.8;25.8;25.8;25.8;21.37;0;stock;23.95;-10.76;29.26;-11.82;0.0;SUBIR
2003-05-16;1053043200000;MNDL3.SA;25.8;25.8;25.8;25.8;21.37;0;stock;23.92;-10.67;29.22;-11.72;0.0;SUBIR
2003-05-19;1053302400000;MNDL3.SA;25.8;25.8;25.8;25.8;21.37;0;stock;23.9;-10.57;29.19;-11.61;0.0;SUBIR
2003-05-20;1053388800000;MNDL3.SA;25.8;25.8;25.8;25.8;21.37;0;stock;23.87;-10.48;29.16;-11.51;0.0;SUBIR
2003-05-21;1053475200000;MNDL3.SA;25.8;25.8;25.8;25.8;21.37;0;stock;23.85;-10.38;29.12;-11.41;0.0;SUBIR
2003-05-22;1053561600000;MNDL3.SA;25.8;25.8;25.8;25.8;21.37;0;stock;23.82;-10.29;29.09;-11.31;0.0;SUBIR
2003-05-23;1053648000000;MNDL3.SA;25.8;25.8;25.8;25.8;21.37;0;stock;23.8;-10.2;29.06;-11.21;0.0;SUBIR
2003-05-26;1053907200000;MNDL3.SA;25.8;25.8;25.8;25.8;21.37;0;stock;23.77;-10.11;29.02;-11.11;0.0;SUBIR
2003-05-27;1053993600000;MNDL3.SA;25.8;25.8;25.8;25.8;21.37;0;stock;23.75;-10.02;28.99;-11.01;0.0;SUBIR
2003-05-28;1054080000000;MNDL3.SA;25.8;25.8;25.8;25.8;21.37;0;stock;23.73;-9.93;28.96;-10.91;0.0;SUBIR
2003-05-29;1054166400000;MNDL3.SA;25.8;25.8;25.8;25.8;21.37;0;stock;23.7;-9.84;28.93;-10.82;0.0;SUBIR
2003-05-30;1054252800000;MNDL3.SA;25.8;25.8;25.8;25.8;21.37;0;stock;23.68;-9.75;28.9;-10.72;0.0;SUBIR
2003-06-02;1054512000000;MNDL3.SA;25.8;25.8;25.8;25.8;21.37;0;stock;23.66;-9.66;28.87;-10.62;0.0;SUBIR
2003-06-03;1054598400000;MNDL3.SA;25.8;25.8;25.8;25.8;21.37;0;stock;23.63;-9.58;28.84;-10.53;0.0;SUBIR
2003-06-04;1054684800000;MNDL3.SA;25.8;25.8;25.8;25.8;21.37;0;stock;23.61;-9.49;28.81;-10.44;0.0;SUBIR
2003-06-05;1054771200000;MNDL3.SA;25.8;25.8;25.8;25.8;21.37;0;stock;23.59;-9.4;28.78;-10.34;0.0;SUBIR
2003-06-06;1054857600000;MNDL3.SA;25.8;25.8;25.8;25.8;21.37;0;stock;23.57;-9.32;28.75;-10.25;0.0;SUBIR
2003-06-09;1055116800000;MNDL3.SA;25.8;25.8;25.8;25.8;21.37;0;stock;23.54;-9.23;28.72;-10.16;0.0;SUBIR
2003-06-10;1055203200000;MNDL3.SA;25.8;25.8;25.8;25.8;21.37;0;stock;23.52;-9.15;28.69;-10.07;0.0;SUBIR
2003-06-11;1055289600000;MNDL3.SA;25.8;25.8;25.8;25.8;21.37;0;stock;23.5;-9.07;28.66;-9.98;0.0;SUBIR
2003-06-12;1055376000000;MNDL3.SA;25.8;25.8;25.8;25.8;21.37;0;stock;23.48;-8.99;28.63;-9.89;0.0;SUBIR
2003-06-13;1055462400000;MNDL3.SA;25.8;25.8;25.8;25.8;21.37;0;stock;23.46;-8.9;28.6;-9.8;0.0;SUBIR
2003-06-16;1055721600000;MNDL3.SA;25.8;25.8;25.8;25.8;21.37;0;stock;23.44;-8.82;28.57;-9.71;0.0;SUBIR
2003-06-17;1055808000000;MNDL3.SA;25.8;25.8;25.8;25.8;21.37;0;stock;23.42;-8.74;28.55;-9.62;0.0;SUBIR
2003-06-18;1055894400000;MNDL3.SA;25.8;25.8;25.8;25.8;21.37;0;stock;23.4;-8.66;28.52;-9.54;0.0;SUBIR
2003-06-19;1055980800000;MNDL3.SA;25.8;25.8;25.8;25.8;21.37;0;stock;23.38;-8.58;28.49;-9.45;0.0;SUBIR
2003-06-20;1056067200000;MNDL3.SA;25.8;25.8;25.8;25.8;21.37;0;stock;23.36;-8.51;28.47;-9.37;0.0;SUBIR
2003-06-23;1056326400000;MNDL3.SA;25.8;25.8;25.8;25.8;21.37;0;stock;23.34;-8.43;28.44;-9.28;0.0;SUBIR
2003-06-24;1056412800000;MNDL3.SA;25.8;25.8;25.8;25.8;21.37;0;stock;23.32;-8.35;28.41;-9.2;0.0;SUBIR
2003-06-25;1056499200000;MNDL3.SA;25.8;25.8;25.8;25.8;21.37;0;stock;23.3;-8.28;28.39;-9.11;0.0;SUBIR
2003-06-26;1056585600000;MNDL3.SA;25.8;25.8;25.8;25.8;21.37;0;stock;23.28;-8.2;28.36;-9.03;0.0;SUBIR
2003-06-27;1056672000000;MNDL3.SA;25.8;25.8;25.8;25.8;21.37;0;stock;23.26;-8.12;28.34;-8.95;0.0;SUBIR
2003-06-30;1056931200000;MNDL3.SA;25.8;25.8;25.8;25.8;21.37;0;stock;23.24;-8.05;28.31;-8.87;0.0;SUBIR
2003-07-01;1057017600000;MNDL3.SA;25.8;25.8;25.8;25.8;21.37;0;stock;23.22;-7.98;28.29;-8.79;0.0;SUBIR
2003-07-02;1057104000000;MNDL3.SA;25.8;25.8;25.8;25.8;21.37;0;stock;23.2;-7.9;28.26;-8.71;0.0;SUBIR
2003-07-03;1057190400000;MNDL3.SA;25.8;25.8;25.8;25.8;21.37;0;stock;23.19;-7.83;28.24;-8.63;0.0;SUBIR
2003-07-04;1057276800000;MNDL3.SA;25.8;25.8;25.8;25.8;21.37;0;stock;23.17;-7.76;28.21;-8.55;0.0;SUBIR
2003-07-07;1057536000000;MNDL3.SA;25.8;25.8;25.8;25.8;21.37;0;stock;23.15;-7.69;28.19;-8.47;0.0;SUBIR
2003-07-08;1057622400000;MNDL3.SA;25.8;25.8;25.8;25.8;21.37;0;stock;23.13;-7.62;28.16;-8.39;0.0;SUBIR
2003-07-09;1057708800000;MNDL3.SA;25.8;25.8;25.8;25.8;21.37;0;stock;23.11;-7.55;28.14;-8.32;0.0;SUBIR
2003-07-10;1057795200000;MNDL3.SA;25.8;25.8;25.8;25.8;21.37;0;stock;23.1;-7.48;28.12;-8.24;0.0;SUBIR
2003-07-11;1057881600000;MNDL3.SA;25.8;25.8;25.8;25.8;21.37;0;stock;23.08;-7.41;28.09;-8.17;0.0;SUBIR
2003-07-14;1058140800000;MNDL3.SA;25.8;25.8;25.8;25.8;21.37;0;stock;23.06;-7.34;28.07;-8.09;0.0;SUBIR
2003-07-15;1058227200000;MNDL3.SA;25.8;25.8;25.8;25.8;21.37;0;stock;23.05;-7.27;28.05;-8.02;0.0;SUBIR
2003-07-16;1058313600000;MNDL3.SA;25.8;25.8;25.8;25.8;21.37;0;stock;23.03;-7.2;28.03;-7.94;0.0;SUBIR
2003-07-17;1058400000000;MNDL3.SA;25.8;25.8;25.8;25.8;21.37;0;stock;23.01;-7.14;28.0;-7.87;0.0;SUBIR
2003-07-18;1058486400000;MNDL3.SA;25.8;25.8;25.8;25.8;21.37;0;stock;23.0;-7.07;27.98;-7.8;0.0;SUBIR
2003-07-21;1058745600000;MNDL3.SA;25.8;25.8;25.8;25.8;21.37;0;stock;22.98;-7.01;27.96;-7.73;0.0;SUBIR
2003-07-22;1058832000000;MNDL3.SA;25.8;25.8;25.8;25.8;21.37;0;stock;22.96;-6.94;27.94;-7.66;0.0;SUBIR
2003-07-23;1058918400000;MNDL3.SA;25.8;25.8;25.8;25.8;21.37;0;stock;22.95;-6.88;27.92;-7.59;0.0;SUBIR
2003-07-24;1059004800000;MNDL3.SA;25.8;25.8;25.8;25.8;21.37;0;stock;22.93;-6.81;27.9;-7.52;0.0;SUBIR
2003-07-25;1059091200000;MNDL3.SA;25.8;25.8;25.8;25.8;21.37;0;stock;22.92;-6.75;27.88;-7.45;0.0;SUBIR
2003-07-28;1059350400000;MNDL3.SA;25.8;25.8;25.8;25.8;21.37;0;stock;22.9;-6.69;27.86;-7.38;0.0;SUBIR
2003-07-29;1059436800000;MNDL3.SA;25.8;25.8;25.8;25.8;21.37;0;stock;22.89;-6.63;27.83;-7.31;0.0;SUBIR
2003-07-30;1059523200000;MNDL3.SA;25.8;25.8;25.8;25.8;21.37;0;stock;22.87;-6.56;27.81;-7.24;0.0;SUBIR
2003-07-31;1059609600000;MNDL3.SA;25.8;25.8;25.8;25.8;21.37;0;stock;22.86;-6.5;27.79;-7.18;0.0;SUBIR
2003-08-01;1059696000000;MNDL3.SA;25.8;25.8;25.8;25.8;21.37;0;stock;22.84;-6.44;27.77;-7.11;0.0;SUBIR
2003-08-04;1059955200000;MNDL3.SA;25.8;25.8;25.8;25.8;21.37;0;stock;22.83;-6.38;27.75;-7.04;0.0;SUBIR
2003-08-05;1060041600000;MNDL3.SA;25.8;25.8;25.8;25.8;21.37;0;stock;22.81;-6.32;27.74;-6.98;0.0;SUBIR
2003-08-06;1060128000000;MNDL3.SA;25.8;25.8;25.8;25.8;21.37;0;stock;22.8;-6.26;27.72;-6.91;0.0;SUBIR
2003-08-07;1060214400000;MNDL3.SA;25.8;25.8;25.8;25.8;21.37;0;stock;22.78;-6.2;27.7;-6.85;0.0;SUBIR
2003-08-08;1060300800000;MNDL3.SA;20.0;20.0;20.0;20.0;16.56;49;stock;22.72;-27.12;27.62;-27.59;0.0;SUBIR
2003-08-11;1060560000000;MNDL3.SA;20.0;20.0;20.0;20.0;16.56;0;stock;22.66;-26.92;27.54;-27.39;0.0;SUBIR
2003-08-12;1060646400000;MNDL3.SA;20.0;20.0;20.0;20.0;16.56;0;stock;22.6;-26.72;27.47;-27.19;0.0;SUBIR
2003-08-13;1060732800000;MNDL3.SA;20.0;20.0;20.0;20.0;16.56;0;stock;22.54;-26.53;27.39;-26.99;0.0;SUBIR
2003-08-14;1060819200000;MNDL3.SA;20.0;20.0;20.0;20.0;16.56;0;stock;22.48;-26.33;27.32;-26.8;0.0;SUBIR
2003-08-15;1060905600000;MNDL3.SA;25.8;25.8;25.8;25.8;21.37;49;stock;22.47;-4.89;27.31;-5.52;59.16;ESTAVEL
2003-08-18;1061164800000;MNDL3.SA;25.8;25.8;25.8;25.8;23.14;0;stock;22.48;2.96;27.29;-5.46;66.91;ESTAVEL
2003-08-19;1061251200000;MNDL3.SA;25.8;25.8;25.8;25.8;23.14;0;stock;22.48;2.93;27.28;-5.41;66.91;ESTAVEL
2003-08-20;1061337600000;MNDL3.SA;25.8;25.8;25.8;25.8;23.14;0;stock;22.49;2.9;27.26;-5.36;66.91;ESTAVEL
2003-08-21;1061424000000;MNDL3.SA;25.8;25.8;25.8;25.8;23.14;0;stock;22.5;2.87;27.25;-5.31;66.91;ESTAVEL
2003-08-22;1061510400000;MNDL3.SA;25.8;25.8;25.8;25.8;23.14;0;stock;22.5;2.84;27.23;-5.26;66.91;ESTAVEL
2003-08-25;1061769600000;MNDL3.SA;25.8;25.8;25.8;25.8;23.14;0;stock;22.51;2.81;27.22;-5.21;66.91;ESTAVEL
2003-08-26;1061856000000;MNDL3.SA;25.8;25.8;25.8;25.8;23.14;0;stock;22.51;2.78;27.2;-5.16;66.91;ESTAVEL
2003-08-27;1061942400000;MNDL3.SA;25.8;25.8;25.8;25.8;23.14;0;stock;22.52;2.75;27.19;-5.11;66.91;ESTAVEL
2003-08-28;1062028800000;MNDL3.SA;25.8;25.8;25.8;25.8;23.14;0;stock;22.53;2.72;27.18;-5.06;66.91;ESTAVEL
2003-08-29;1062115200000;MNDL3.SA;25.8;25.8;25.8;25.8;23.14;0;stock;22.53;2.69;27.16;-5.02;66.91;ESTAVEL
2003-09-01;1062374400000;MNDL3.SA;25.8;25.8;25.8;25.8;23.14;0;stock;22.54;2.67;27.15;-4.97;66.91;ESTAVEL
2003-09-02;1062460800000;MNDL3.SA;25.8;25.8;25.8;25.8;23.14;0;stock;22.54;2.64;27.14;-4.92;66.91;ESTAVEL
2003-09-03;1062547200000;MNDL3.SA;25.8;25.8;25.8;25.8;23.14;0;stock;22.55;2.61;27.12;-4.88;66.91;ESTAVEL
2003-09-04;1062633600000;MNDL3.SA;25.8;25.8;25.8;25.8;23.14;0;stock;22.56;2.59;27.11;-4.83;66.91;ESTAVEL
2003-09-05;1062720000000;MNDL3.SA;25.8;25.8;25.8;25.8;23.14;0;stock;22.56;2.56;27.1;-4.78;66.91;ESTAVEL
2003-09-08;1062979200000;MNDL3.SA;25.8;25.8;25.8;25.8;23.14;0;stock;22.57;2.53;27.08;-4.74;66.91;ESTAVEL
2003-09-09;1063065600000;MNDL3.SA;25.8;25.8;25.8;25.8;23.14;0;stock;22.57;2.51;27.07;-4.69;66.91;ESTAVEL
2003-09-10;1063152000000;MNDL3.SA;25.8;25.8;25.8;25.8;23.14;0;stock;22.58;2.48;27.06;-4.65;66.91;ESTAVEL
2003-09-11;1063238400000;MNDL3.SA;25.8;25.8;25.8;25.8;23.14;0;stock;22.59;2.46;27.05;-4.6;66.91;ESTAVEL
2003-09-12;1063324800000;MNDL3.SA;25.8;25.8;25.8;25.8;23.14;0;stock;22.59;2.43;27.03;-4.56;66.91;ESTAVEL
2003-09-15;1063584000000;MNDL3.SA;25.8;25.8;25.8;25.8;23.14;0;stock;22.6;2.41;27.02;-4.52;66.91;ESTAVEL
2003-09-16;1063670400000;MNDL3.SA;25.8;25.8;25.8;25.8;23.14;0;stock;22.6;2.38;27.01;-4.47;66.91;ESTAVEL
2003-09-17;1063756800000;MNDL3.SA;25.8;25.8;25.8;25.8;23.14;0;stock;22.61;2.36;27.0;-4.43;66.91;ESTAVEL
2003-09-18;1063843200000;MNDL3.SA;25.8;25.8;25.8;25.8;23.14;0;stock;22.61;2.33;26.98;-4.39;66.91;ESTAVEL
2003-09-19;1063929600000;MNDL3.SA;25.8;25.8;25.8;25.8;23.14;0;stock;22.62;2.31;26.97;-4.35;66.91;ESTAVEL
2003-09-22;1064188800000;MNDL3.SA;25.8;25.8;25.8;25.8;23.14;0;stock;22.62;2.29;26.96;-4.31;66.91;ESTAVEL
2003-09-23;1064275200000;MNDL3.SA;25.8;25.8;25.8;25.8;23.14;0;stock;22.63;2.26;26.95;-4.27;66.91;ESTAVEL
2003-09-24;1064361600000;MNDL3.SA;25.8;25.8;25.8;25.8;23.14;0;stock;22.63;2.24;26.94;-4.22;66.91;ESTAVEL
2003-09-25;1064448000000;MNDL3.SA;25.8;25.8;25.8;25.8;23.14;0;stock;22.64;2.22;26.93;-4.18;66.91;ESTAVEL
2003-09-26;1064534400000;MNDL3.SA;25.8;25.8;25.8;25.8;23.14;0;stock;22.64;2.2;26.92;-4.14;66.91;ESTAVEL
2003-09-29;1064793600000;MNDL3.SA;25.8;25.8;25.8;25.8;23.14;0;stock;22.65;2.17;26.9;-4.1;66.91;ESTAVEL
2003-09-30;1064880000000;MNDL3.SA;23.0;23.0;23.0;23.0;20.63;999;stock;22.63;-8.83;26.87;-14.39;18.19;SUBIR
2003-10-01;1064966400000;MNDL3.SA;23.0;23.0;23.0;23.0;20.63;0;stock;22.61;-8.75;26.83;-14.27;18.19;SUBIR
2003-10-02;1065052800000;MNDL3.SA;23.0;23.0;23.0;23.0;20.63;0;stock;22.59;-8.67;26.79;-14.14;18.19;SUBIR
2003-10-03;1065139200000;MNDL3.SA;23.0;23.0;23.0;23.0;20.63;0;stock;22.57;-8.59;26.75;-14.02;18.19;SUBIR
2003-10-06;1065398400000;MNDL3.SA;23.0;23.0;23.0;23.0;20.63;0;stock;22.55;-8.51;26.71;-13.9;18.19;SUBIR
2003-10-07;1065484800000;MNDL3.SA;23.0;23.0;23.0;23.0;20.63;0;stock;22.53;-8.43;26.68;-13.78;18.19;SUBIR
2003-10-08;1065571200000;MNDL3.SA;23.0;23.0;23.0;23.0;20.63;0;stock;22.51;-8.36;26.64;-13.66;18.19;SUBIR
2003-10-09;1065657600000;MNDL3.SA;23.0;23.0;23.0;23.0;20.63;0;stock;22.49;-8.28;26.6;-13.55;18.19;SUBIR
2003-10-10;1065744000000;MNDL3.SA;23.0;23.0;23.0;23.0;20.63;0;stock;22.47;-8.21;26.57;-13.43;18.19;SUBIR
2003-10-13;1066003200000;MNDL3.SA;23.0;23.0;23.0;23.0;20.63;0;stock;22.46;-8.13;26.53;-13.31;18.19;SUBIR
2003-10-14;1066089600000;MNDL3.SA;23.0;23.0;23.0;23.0;20.63;0;stock;22.44;-8.06;26.5;-13.2;18.19;SUBIR
2003-10-15;1066176000000;MNDL3.SA;23.0;23.0;23.0;23.0;20.63;0;stock;22.42;-7.98;26.46;-13.09;18.19;SUBIR
2003-10-16;1066262400000;MNDL3.SA;23.0;23.0;23.0;23.0;20.63;0;stock;22.4;-7.91;26.43;-12.97;18.19;SUBIR
2003-10-17;1066348800000;MNDL3.SA;23.0;23.0;23.0;23.0;20.63;0;stock;22.38;-7.84;26.39;-12.86;18.19;SUBIR
2003-10-20;1066608000000;MNDL3.SA;23.0;23.0;23.0;23.0;20.63;0;stock;22.37;-7.76;26.36;-12.75;18.19;SUBIR
2003-10-21;1066694400000;MNDL3.SA;23.0;23.0;23.0;23.0;20.63;0;stock;22.35;-7.69;26.33;-12.64;18.19;SUBIR
2003-10-22;1066780800000;MNDL3.SA;23.0;23.0;23.0;23.0;20.63;0;stock;22.33;-7.62;26.29;-12.53;18.19;SUBIR
2003-10-23;1066867200000;MNDL3.SA;23.0;23.0;23.0;23.0;20.63;0;stock;22.32;-7.55;26.26;-12.42;18.19;SUBIR
2003-10-24;1066953600000;MNDL3.SA;23.0;23.0;23.0;23.0;20.63;0;stock;22.3;-7.48;26.23;-12.31;18.19;SUBIR
2003-10-27;1067212800000;MNDL3.SA;23.0;23.0;23.0;23.0;20.63;0;stock;22.28;-7.41;26.2;-12.2;18.19;SUBIR
2003-10-28;1067299200000;MNDL3.SA;18.2;18.2;18.0;18.0;16.14;99;stock;22.22;-27.37;26.11;-31.07;2.7;SUBIR
2003-10-29;1067385600000;MNDL3.SA;18.0;18.0;18.0;18.0;16.14;0;stock;22.16;-27.17;26.03;-30.86;2.7;SUBIR
2003-10-30;1067472000000;MNDL3.SA;18.0;18.0;18.0;18.0;16.14;0;stock;22.1;-26.97;25.95;-30.65;2.7;SUBIR
2003-10-31;1067558400000;MNDL3.SA;18.0;18.0;18.0;18.0;16.14;0;stock;22.04;-26.77;25.87;-30.43;2.7;SUBIR
2003-11-03;1067817600000;MNDL3.SA;18.0;18.0;18.0;18.0;16.14;0;stock;21.98;-26.58;25.8;-30.22;2.7;SUBIR
2003-11-04;1067904000000;MNDL3.SA;18.0;18.0;18.0;18.0;16.14;0;stock;21.92;-26.38;25.72;-30.01;2.7;SUBIR
2003-11-05;1067990400000;MNDL3.SA;18.0;18.0;18.0;18.0;16.14;0;stock;21.87;-26.19;25.64;-29.8;2.7;SUBIR
2003-11-06;1068076800000;MNDL3.SA;19.0;19.0;19.0;19.0;17.04;49;stock;21.82;-21.9;25.58;-25.71;24.38;SUBIR
2003-11-07;1068163200000;MNDL3.SA;19.0;19.0;19.0;19.0;17.04;0;stock;21.77;-21.73;25.51;-25.52;24.38;SUBIR
2003-11-10;1068422400000;MNDL3.SA;19.0;19.0;19.0;19.0;17.04;0;stock;21.72;-21.56;25.45;-25.33;24.38;SUBIR
2003-11-11;1068508800000;MNDL3.SA;19.0;19.0;19.0;19.0;17.04;0;stock;21.68;-21.39;25.38;-25.14;24.38;SUBIR
2003-11-12;1068595200000;MNDL3.SA;19.0;19.0;19.0;19.0;17.04;0;stock;21.63;-21.22;25.32;-24.95;24.38;SUBIR
2003-11-13;1068681600000;MNDL3.SA;19.0;19.0;19.0;19.0;17.04;0;stock;21.59;-21.06;25.26;-24.77;24.38;SUBIR
2003-11-14;1068768000000;MNDL3.SA;19.0;19.0;19.0;19.0;17.04;0;stock;21.54;-20.89;25.19;-24.58;24.38;SUBIR
2003-11-17;1069027200000;MNDL3.SA;19.0;19.0;19.0;19.0;17.04;0;stock;21.5;-20.73;25.13;-24.4;24.38;SUBIR
2003-11-18;1069113600000;MNDL3.SA;19.0;19.0;19.0;19.0;17.04;0;stock;21.45;-20.56;25.07;-24.21;24.38;SUBIR
2003-11-19;1069200000000;MNDL3.SA;19.0;19.0;19.0;19.0;17.04;0;stock;21.41;-20.4;25.01;-24.03;24.38;SUBIR
2003-11-20;1069286400000;MNDL3.SA;17.2;17.2;17.2;17.2;15.43;49;stock;21.35;-27.72;24.93;-31.01;13.28;SUBIR
2003-11-21;1069372800000;MNDL3.SA;17.2;17.2;17.2;17.2;15.43;0;stock;21.29;-27.52;24.85;-30.8;13.28;SUBIR
2003-11-24;1069632000000;MNDL3.SA;19.0;19.0;19.0;19.0;17.04;49;stock;21.25;-19.8;24.8;-23.38;43.25;ESTAVEL
2003-11-25;1069718400000;MNDL3.SA;19.0;19.0;19.0;19.0;17.04;0;stock;21.2;-19.64;24.74;-23.2;43.25;ESTAVEL
2003-11-26;1069804800000;MNDL3.SA;19.0;19.0;19.0;19.0;17.04;0;stock;21.16;-19.48;24.68;-23.02;43.25;ESTAVEL
2003-11-27;1069891200000;MNDL3.SA;19.0;19.0;19.0;19.0;17.04;0;stock;21.12;-19.33;24.63;-22.84;43.25;ESTAVEL
2003-11-28;1069977600000;MNDL3.SA;19.0;19.0;19.0;19.0;17.04;0;stock;21.08;-19.17;24.57;-22.67;43.25;ESTAVEL
2003-12-01;1070236800000;MNDL3.SA;20.0;21.0;18.0;19.4;17.4;12149;stock;21.04;-17.32;24.52;-20.87;48.97;ESTAVEL
2003-12-02;1070323200000;MNDL3.SA;20.8;24.0;20.8;24.0;21.52;149;stock;21.05;2.24;24.51;-2.09;77.23;ESTAVEL
2003-12-03;1070409600000;MNDL3.SA;24.0;24.0;24.0;24.0;21.52;49;stock;21.05;2.21;24.51;-2.07;77.23;ESTAVEL
2003-12-04;1070496000000;MNDL3.SA;24.0;24.0;24.0;24.0;21.52;0;stock;21.06;2.19;24.5;-2.05;77.23;ESTAVEL
2003-12-05;1070582400000;MNDL3.SA;24.0;24.0;22.8;22.8;20.45;299;stock;21.05;-2.86;24.49;-6.88;65.47;ESTAVEL
2003-12-08;1070841600000;MNDL3.SA;20.0;20.0;20.0;23.0;20.63;49;stock;21.05;-1.99;24.47;-6.01;66.39;ESTAVEL
2003-12-09;1070928000000;MNDL3.SA;23.0;23.0;23.0;23.0;20.63;0;stock;21.04;-1.97;24.46;-5.95;66.39;ESTAVEL
2003-12-10;1071014400000;MNDL3.SA;23.0;23.0;23.0;23.0;20.63;0;stock;21.04;-1.95;24.44;-5.9;66.39;ESTAVEL
2003-12-11;1071100800000;MNDL3.SA;23.0;23.0;23.0;23.0;20.63;0;stock;21.04;-1.93;24.43;-5.84;66.39;ESTAVEL
2003-12-12;1071187200000;MNDL3.SA;23.0;23.0;23.0;23.0;20.63;0;stock;21.03;-1.91;24.41;-5.79;66.39;ESTAVEL
2003-12-15;1071446400000;MNDL3.SA;23.0;23.0;23.0;23.0;20.63;0;stock;21.03;-1.89;24.4;-5.73;66.39;ESTAVEL
2003-12-16;1071532800000;MNDL3.SA;23.0;23.0;23.0;23.0;20.63;0;stock;21.02;-1.87;24.39;-5.68;66.39;ESTAVEL
2003-12-17;1071619200000;MNDL3.SA;23.0;23.0;23.0;23.0;20.63;0;stock;21.02;-1.86;24.37;-5.63;66.39;ESTAVEL
2003-12-18;1071705600000;MNDL3.SA;23.0;23.0;23.0;23.0;20.63;0;stock;21.02;-1.84;24.36;-5.57;66.39;ESTAVEL
2003-12-19;1071792000000;MNDL3.SA;23.0;23.0;23.0;23.0;20.63;0;stock;21.01;-1.82;24.34;-5.52;66.39;ESTAVEL
2003-12-22;1072051200000;MNDL3.SA;23.0;23.0;23.0;23.0;20.63;0;stock;21.01;-1.8;24.33;-5.47;66.39;ESTAVEL
2003-12-23;1072137600000;MNDL3.SA;23.0;23.0;23.0;23.0;20.63;0;stock;21.0;-1.78;24.32;-5.42;66.39;ESTAVEL
2003-12-24;1072224000000;MNDL3.SA;23.0;23.0;23.0;23.0;20.63;0;stock;21.0;-1.77;24.3;-5.37;66.39;ESTAVEL
2003-12-25;1072310400000;MNDL3.SA;23.0;23.0;23.0;23.0;20.63;0;stock;21.0;-1.75;24.29;-5.32;66.39;ESTAVEL
2003-12-26;1072396800000;MNDL3.SA;23.0;23.0;23.0;23.0;20.63;0;stock;20.99;-1.73;24.28;-5.27;66.39;ESTAVEL
2003-12-29;1072656000000;MNDL3.SA;23.0;23.0;23.0;23.0;20.63;0;stock;20.99;-1.72;24.27;-5.22;66.39;ESTAVEL
2003-12-30;1072742400000;MNDL3.SA;23.0;23.0;23.0;23.0;20.63;0;stock;20.99;-1.7;24.25;-5.17;66.39;ESTAVEL
2003-12-31;1072828800000;MNDL3.SA;23.0;23.0;23.0;23.0;20.63;0;stock;20.98;-1.68;24.24;-5.12;66.39;ESTAVEL
2004-01-01;1072915200000;MNDL3.SA;23.0;23.0;23.0;23.0;20.63;0;stock;20.98;-1.67;24.23;-5.07;66.39;ESTAVEL
2004-01-02;1073001600000;MNDL3.SA;23.0;23.0;23.0;23.0;20.63;0;stock;20.98;-1.65;24.22;-5.02;66.39;ESTAVEL
2004-01-05;1073260800000;MNDL3.SA;23.0;23.0;23.0;23.0;20.63;0;stock;20.97;-1.63;24.2;-4.97;66.39;ESTAVEL
2004-01-06;1073347200000;MNDL3.SA;23.0;23.0;23.0;23.0;20.63;0;stock;20.97;-1.62;24.19;-4.93;66.39;ESTAVEL
2004-01-07;1073433600000;MNDL3.SA;23.0;23.0;23.0;23.0;20.63;0;stock;20.97;-1.6;24.18;-4.88;66.39;ESTAVEL
2004-01-08;1073520000000;MNDL3.SA;23.0;23.0;23.0;23.0;20.63;0;stock;20.96;-1.59;24.17;-4.83;66.39;ESTAVEL
2004-01-09;1073606400000;MNDL3.SA;23.0;23.0;23.0;23.0;20.63;0;stock;20.96;-1.57;24.16;-4.79;66.39;ESTAVEL
2004-01-12;1073865600000;MNDL3.SA;23.0;23.0;23.0;23.0;20.63;0;stock;20.96;-1.56;24.15;-4.74;66.39;ESTAVEL
2004-01-13;1073952000000;MNDL3.SA;23.0;23.0;23.0;23.0;20.63;0;stock;20.95;-1.54;24.13;-4.7;66.39;ESTAVEL
2004-01-14;1074038400000;MNDL3.SA;23.0;23.0;23.0;23.0;20.63;0;stock;20.95;-1.52;24.12;-4.65;66.39;ESTAVEL
2004-01-15;1074124800000;MNDL3.SA;23.0;23.0;23.0;23.0;20.63;0;stock;20.95;-1.51;24.11;-4.61;66.39;ESTAVEL
2004-01-16;1074211200000;MNDL3.SA;23.0;23.0;23.0;23.0;20.63;0;stock;20.94;-1.49;24.1;-4.57;66.39;ESTAVEL
2004-01-19;1074470400000;MNDL3.SA;23.0;23.0;23.0;23.0;20.63;0;stock;20.94;-1.48;24.09;-4.52;66.39;ESTAVEL
2004-01-20;1074556800000;MNDL3.SA;23.0;23.0;23.0;23.0;20.63;0;stock;20.94;-1.47;24.08;-4.48;66.39;ESTAVEL
2004-01-21;1074643200000;MNDL3.SA;23.0;23.0;23.0;23.0;20.63;0;stock;20.93;-1.45;24.07;-4.44;66.39;ESTAVEL
2004-01-22;1074729600000;MNDL3.SA;23.0;23.0;23.0;23.0;20.63;0;stock;20.93;-1.44;24.06;-4.39;66.39;ESTAVEL
2004-01-23;1074816000000;MNDL3.SA;23.0;23.0;23.0;23.0;20.63;0;stock;20.93;-1.42;24.05;-4.35;66.39;ESTAVEL
2004-01-26;1075075200000;MNDL3.SA;23.0;23.0;23.0;23.0;20.63;0;stock;20.92;-1.41;24.04;-4.31;66.39;ESTAVEL
2004-01-27;1075161600000;MNDL3.SA;23.0;23.0;23.0;23.0;20.63;0;stock;20.92;-1.4;24.03;-4.27;66.39;ESTAVEL
2004-01-28;1075248000000;MNDL3.SA;23.0;23.0;23.0;23.0;20.63;0;stock;20.92;-1.38;24.02;-4.23;66.39;ESTAVEL
2004-01-29;1075334400000;MNDL3.SA;23.0;23.0;23.0;23.0;20.63;0;stock;20.92;-1.37;24.01;-4.19;66.39;ESTAVEL
2004-01-30;1075420800000;MNDL3.SA;23.0;23.0;23.0;23.0;20.63;0;stock;20.91;-1.35;24.0;-4.15;66.39;ESTAVEL
2004-02-02;1075680000000;MNDL3.SA;20.0;20.0;20.0;20.0;17.94;49;stock;20.88;-14.1;23.96;-16.51;7.57;SUBIR
2004-02-03;1075766400000;MNDL3.SA;20.0;20.0;20.0;20.0;17.94;0;stock;20.85;-13.97;23.92;-16.38;7.57;SUBIR
2004-02-04;1075852800000;MNDL3.SA;20.0;20.0;20.0;20.0;17.94;0;stock;20.83;-13.86;23.88;-16.24;7.57;SUBIR
2004-02-05;1075939200000;MNDL3.SA;20.0;20.0;20.0;20.0;17.94;0;stock;20.8;-13.74;23.84;-16.1;7.57;SUBIR
2004-02-06;1076025600000;MNDL3.SA;20.0;20.0;20.0;20.0;17.94;0;stock;20.77;-13.62;23.8;-15.97;7.57;SUBIR
2004-02-09;1076284800000;MNDL3.SA;20.0;20.0;20.0;20.0;17.94;0;stock;20.74;-13.5;23.76;-15.84;7.57;SUBIR
2004-02-10;1076371200000;MNDL3.SA;20.0;20.0;20.0;20.0;17.94;0;stock;20.71;-13.38;23.73;-15.7;7.57;SUBIR
2004-02-11;1076457600000;MNDL3.SA;20.0;20.0;20.0;20.0;17.94;0;stock;20.68;-13.27;23.69;-15.57;7.57;SUBIR
2004-02-12;1076544000000;MNDL3.SA;20.0;20.0;20.0;20.0;17.94;0;stock;20.66;-13.15;23.65;-15.44;7.57;SUBIR
2004-02-13;1076630400000;MNDL3.SA;20.0;20.0;20.0;20.0;17.94;0;stock;20.63;-13.04;23.62;-15.31;7.57;SUBIR
2004-02-16;1076889600000;MNDL3.SA;20.0;20.0;20.0;20.0;17.94;0;stock;20.6;-12.93;23.58;-15.18;7.57;SUBIR
2004-02-17;1076976000000;MNDL3.SA;20.0;20.0;20.0;20.0;17.94;0;stock;20.58;-12.82;23.54;-15.05;7.57;SUBIR
2004-02-18;1077062400000;MNDL3.SA;20.0;20.0;20.0;20.0;17.94;0;stock;20.55;-12.7;23.51;-14.92;7.57;SUBIR
2004-02-19;1077148800000;MNDL3.SA;20.0;20.0;20.0;20.0;17.94;0;stock;20.52;-12.59;23.47;-14.8;7.57;SUBIR
2004-02-20;1077235200000;MNDL3.SA;20.0;20.0;20.0;20.0;17.94;0;stock;20.5;-12.48;23.44;-14.67;7.57;SUBIR
2004-02-23;1077494400000;MNDL3.SA;20.0;20.0;20.0;20.0;17.94;0;stock;20.47;-12.37;23.4;-14.55;7.57;SUBIR
2004-02-24;1077580800000;MNDL3.SA;20.0;20.0;20.0;20.0;17.94;0;stock;20.45;-12.27;23.37;-14.42;7.57;SUBIR
2004-02-25;1077667200000;MNDL3.SA;20.0;20.0;20.0;20.0;17.94;0;stock;20.42;-12.16;23.34;-14.3;7.57;SUBIR
2004-02-26;1077753600000;MNDL3.SA;20.0;20.0;20.0;20.0;17.94;0;stock;20.4;-12.05;23.3;-14.18;7.57;SUBIR
2004-02-27;1077840000000;MNDL3.SA;20.0;20.0;20.0;20.0;17.94;0;stock;20.37;-11.95;23.27;-14.06;7.57;SUBIR
2004-03-01;1078099200000;MNDL3.SA;20.0;20.0;20.0;20.0;17.94;0;stock;20.35;-11.84;23.24;-13.94;7.57;SUBIR
2004-03-02;1078185600000;MNDL3.SA;20.0;20.0;20.0;20.0;17.94;0;stock;20.33;-11.74;23.21;-13.82;7.57;SUBIR
2004-03-03;1078272000000;MNDL3.SA;20.0;20.0;20.0;20.0;17.94;0;stock;20.3;-11.64;23.17;-13.7;7.57;SUBIR
2004-03-04;1078358400000;MNDL3.SA;20.0;20.0;20.0;20.0;17.94;0;stock;20.28;-11.53;23.14;-13.58;7.57;SUBIR
2004-03-05;1078444800000;MNDL3.SA;20.0;20.0;20.0;20.0;17.94;0;stock;20.26;-11.43;23.11;-13.46;7.57;SUBIR
2004-03-08;1078704000000;MNDL3.SA;20.0;20.0;20.0;20.0;17.94;0;stock;20.23;-11.33;23.08;-13.35;7.57;SUBIR
2004-03-09;1078790400000;MNDL3.SA;20.0;20.0;20.0;20.0;17.94;0;stock;20.21;-11.23;23.05;-13.23;7.57;SUBIR
2004-03-10;1078876800000;MNDL3.SA;20.0;20.0;20.0;20.0;17.94;0;stock;20.19;-11.13;23.02;-13.12;7.57;SUBIR
2004-03-11;1078963200000;MNDL3.SA;20.0;20.0;20.0;20.0;17.94;0;stock;20.16;-11.03;22.99;-13.0;7.57;SUBIR
2004-03-12;1079049600000;MNDL3.SA;20.0;20.0;20.0;20.0;17.94;0;stock;20.14;-10.93;22.96;-12.89;7.57;SUBIR
2004-03-15;1079308800000;MNDL3.SA;20.0;20.0;20.0;20.0;17.94;0;stock;20.12;-10.84;22.93;-12.78;7.57;SUBIR
2004-03-16;1079395200000;MNDL3.SA;20.0;20.0;20.0;20.0;17.94;0;stock;20.1;-10.74;22.9;-12.67;7.57;SUBIR
2004-03-17;1079481600000;MNDL3.SA;20.0;20.0;20.0;20.0;17.94;0;stock;20.08;-10.65;22.87;-12.56;7.57;SUBIR
2004-03-18;1079568000000;MNDL3.SA;20.0;20.0;20.0;20.0;17.94;49;stock;20.06;-10.55;22.84;-12.45;7.57;SUBIR
2004-03-19;1079654400000;MNDL3.SA;20.0;20.0;20.0;20.0;17.94;0;stock;20.04;-10.46;22.82;-12.34;7.57;SUBIR
2004-03-22;1079913600000;MNDL3.SA;20.0;20.0;20.0;20.0;17.94;0;stock;20.01;-10.36;22.79;-12.23;7.57;SUBIR
2004-03-23;1080000000000;MNDL3.SA;20.0;20.0;20.0;20.0;17.94;0;stock;19.99;-10.27;22.76;-12.13;7.57;SUBIR
2004-03-24;1080086400000;MNDL3.SA;20.0;20.0;20.0;20.0;17.94;0;stock;19.97;-10.18;22.73;-12.02;7.57;SUBIR
2004-03-25;1080172800000;MNDL3.SA;20.0;20.0;20.0;20.0;17.94;0;stock;19.95;-10.09;22.71;-11.91;7.57;SUBIR
2004-03-26;1080259200000;MNDL3.SA;20.0;20.0;20.0;20.0;17.94;0;stock;19.93;-10.0;22.68;-11.81;7.57;SUBIR
2004-03-29;1080518400000;MNDL3.SA;20.0;20.0;20.0;20.0;17.94;0;stock;19.91;-9.91;22.65;-11.71;7.57;SUBIR
2004-03-30;1080604800000;MNDL3.SA;20.0;20.0;20.0;20.0;17.94;0;stock;19.89;-9.82;22.63;-11.6;7.57;SUBIR
2004-03-31;1080691200000;MNDL3.SA;20.0;20.0;20.0;20.0;17.94;0;stock;19.87;-9.73;22.6;-11.5;7.57;SUBIR
2004-04-01;1080777600000;MNDL3.SA;20.0;20.0;20.0;20.0;17.94;0;stock;19.85;-9.64;22.57;-11.4;7.57;SUBIR
2004-04-02;1080864000000;MNDL3.SA;20.0;20.0;20.0;20.0;17.94;0;stock;19.84;-9.56;22.55;-11.3;7.57;SUBIR
2004-04-05;1081123200000;MNDL3.SA;20.0;20.0;20.0;20.0;17.94;0;stock;19.82;-9.47;22.52;-11.2;7.57;SUBIR
2004-04-06;1081209600000;MNDL3.SA;20.0;20.0;20.0;20.0;17.94;0;stock;19.8;-9.39;22.5;-11.1;7.57;SUBIR
2004-04-07;1081296000000;MNDL3.SA;20.0;20.0;20.0;20.0;17.94;0;stock;19.78;-9.3;22.47;-11.0;7.57;SUBIR
2004-04-08;1081382400000;MNDL3.SA;20.0;20.0;20.0;20.0;17.94;0;stock;19.76;-9.22;22.45;-10.9;7.57;SUBIR
2004-04-09;1081468800000;MNDL3.SA;20.0;20.0;20.0;20.0;17.94;0;stock;19.74;-9.13;22.42;-10.81;7.57;SUBIR
2004-04-12;1081728000000;MNDL3.SA;20.0;20.0;20.0;20.0;17.94;0;stock;19.73;-9.05;22.4;-10.71;7.57;SUBIR
2004-04-13;1081814400000;MNDL3.SA;20.0;20.0;20.0;20.0;17.94;0;stock;19.71;-8.97;22.38;-10.62;7.57;SUBIR
2004-04-14;1081900800000;MNDL3.SA;20.0;20.0;20.0;20.0;17.94;0;stock;19.69;-8.89;22.35;-10.52;7.57;SUBIR
2004-04-15;1081987200000;MNDL3.SA;20.0;20.0;20.0;20.0;17.94;0;stock;19.67;-8.81;22.33;-10.43;7.57;SUBIR
2004-04-16;1082073600000;MNDL3.SA;20.0;20.0;20.0;20.0;17.94;0;stock;19.66;-8.73;22.31;-10.33;7.57;SUBIR
2004-04-19;1082332800000;MNDL3.SA;20.0;20.0;20.0;20.0;17.94;0;stock;19.64;-8.65;22.28;-10.24;7.57;SUBIR
2004-04-20;1082419200000;MNDL3.SA;20.0;20.0;20.0;20.0;17.94;0;stock;19.62;-8.57;22.26;-10.15;7.57;SUBIR
2004-04-21;1082505600000;MNDL3.SA;20.0;20.0;20.0;20.0;17.94;0;stock;19.6;-8.49;22.24;-10.06;7.57;SUBIR
2004-04-22;1082592000000;MNDL3.SA;20.0;20.0;20.0;20.0;17.94;0;stock;19.59;-8.41;22.21;-9.97;7.57;SUBIR
2004-04-23;1082678400000;MNDL3.SA;20.0;20.0;20.0;20.0;17.94;0;stock;19.57;-8.34;22.19;-9.88;7.57;SUBIR
2004-04-26;1082937600000;MNDL3.SA;20.0;20.0;20.0;20.0;17.94;0;stock;19.56;-8.26;22.17;-9.79;7.57;SUBIR
2004-04-27;1083024000000;MNDL3.SA;20.0;20.0;20.0;20.0;17.94;199;stock;19.54;-8.18;22.15;-9.7;7.57;SUBIR
2004-04-28;1083110400000;MNDL3.SA;20.0;20.0;20.0;20.0;17.94;99;stock;19.52;-8.11;22.13;-9.62;7.57;SUBIR
2004-04-29;1083196800000;MNDL3.SA;20.0;20.0;20.0;20.0;17.94;0;stock;19.51;-8.04;22.11;-9.53;7.57;SUBIR
2004-04-30;1083283200000;MNDL3.SA;20.0;20.0;20.0;20.0;17.94;249;stock;19.49;-7.96;22.09;-9.44;7.57;SUBIR
2004-05-03;1083542400000;MNDL3.SA;20.0;20.0;20.0;20.0;17.94;0;stock;19.48;-7.89;22.06;-9.36;7.57;SUBIR
2004-05-04;1083628800000;MNDL3.SA;20.0;20.0;20.0;20.0;17.94;0;stock;19.46;-7.82;22.04;-9.27;7.57;SUBIR
2004-05-05;1083715200000;MNDL3.SA;20.0;20.0;20.0;20.0;17.94;0;stock;19.45;-7.75;22.02;-9.19;7.57;SUBIR
2004-05-06;1083801600000;MNDL3.SA;20.0;20.0;20.0;20.0;17.94;0;stock;19.43;-7.67;22.0;-9.11;7.57;SUBIR
2004-05-07;1083888000000;MNDL3.SA;20.0;20.0;20.0;20.0;17.94;0;stock;19.42;-7.6;21.98;-9.02;7.57;SUBIR
2004-05-10;1084147200000;MNDL3.SA;20.0;20.0;20.0;20.0;17.94;0;stock;19.4;-7.53;21.96;-8.94;7.57;SUBIR
2004-05-11;1084233600000;MNDL3.SA;19.0;19.0;19.0;19.0;17.04;499;stock;19.38;-12.07;21.93;-13.38;0.13;SUBIR
2004-05-12;1084320000000;MNDL3.SA;19.0;19.0;19.0;19.0;17.04;0;stock;19.35;-11.96;21.91;-13.26;0.13;SUBIR
2004-05-13;1084406400000;MNDL3.SA;19.0;19.0;19.0;19.0;17.04;0;stock;19.33;-11.86;21.88;-13.15;0.13;SUBIR
2004-05-14;1084492800000;MNDL3.SA;19.0;19.0;19.0;19.0;17.04;199;stock;19.31;-11.75;21.85;-13.04;0.13;SUBIR
2004-05-17;1084752000000;MNDL3.SA;19.0;19.0;19.0;19.0;17.04;0;stock;19.29;-11.65;21.82;-12.92;0.13;SUBIR
2004-05-18;1084838400000;MNDL3.SA;19.0;19.0;19.0;19.0;17.04;0;stock;19.26;-11.55;21.79;-12.81;0.13;SUBIR
2004-05-19;1084924800000;MNDL3.SA;19.0;19.0;19.0;19.0;17.04;0;stock;19.24;-11.44;21.76;-12.7;0.13;SUBIR
2004-05-20;1085011200000;MNDL3.SA;19.0;19.0;19.0;19.0;17.04;0;stock;19.22;-11.34;21.74;-12.59;0.13;SUBIR
2004-05-21;1085097600000;MNDL3.SA;19.0;19.0;19.0;19.0;17.04;0;stock;19.2;-11.24;21.71;-12.48;0.13;SUBIR
2004-05-24;1085356800000;MNDL3.SA;19.0;19.0;19.0;19.0;17.04;949;stock;19.18;-11.14;21.68;-12.37;0.13;SUBIR
2004-05-25;1085443200000;MNDL3.SA;19.0;19.0;19.0;19.0;17.04;0;stock;19.16;-11.04;21.66;-12.26;0.13;SUBIR
2004-05-26;1085529600000;MNDL3.SA;19.0;19.0;19.0;19.0;17.04;0;stock;19.13;-10.95;21.63;-12.15;0.13;SUBIR
2004-05-27;1085616000000;MNDL3.SA;19.0;19.0;19.0;19.0;17.04;0;stock;19.11;-10.85;21.6;-12.05;0.13;SUBIR
2004-05-28;1085702400000;MNDL3.SA;19.0;19.0;19.0;19.0;17.04;0;stock;19.09;-10.75;21.58;-11.94;0.13;SUBIR
2004-05-31;1085961600000;MNDL3.SA;19.0;19.0;19.0;19.0;17.04;0;stock;19.07;-10.66;21.55;-11.84;0.13;SUBIR
2004-06-01;1086048000000;MNDL3.SA;19.0;19.0;19.0;19.0;17.04;0;stock;19.05;-10.56;21.53;-11.73;0.13;SUBIR
2004-06-02;1086134400000;MNDL3.SA;19.0;19.0;19.0;19.0;17.04;0;stock;19.03;-10.47;21.5;-11.63;0.13;SUBIR
2004-06-03;1086220800000;MNDL3.SA;19.0;19.0;19.0;19.0;17.04;0;stock;19.01;-10.37;21.48;-11.53;0.13;SUBIR
2004-06-04;1086307200000;MNDL3.SA;19.0;19.0;19.0;19.0;17.04;0;stock;18.99;-10.28;21.45;-11.43;0.13;SUBIR
2004-06-07;1086566400000;MNDL3.SA;19.0;19.0;19.0;19.0;17.04;0;stock;18.97;-10.19;21.43;-11.33;0.13;SUBIR
2004-06-08;1086652800000;MNDL3.SA;19.0;19.0;19.0;19.0;17.04;399;stock;18.95;-10.1;21.4;-11.23;0.13;SUBIR
2004-06-09;1086739200000;MNDL3.SA;19.0;19.0;19.0;19.0;17.04;0;stock;18.94;-10.01;21.38;-11.13;0.13;SUBIR
2004-06-10;1086825600000;MNDL3.SA;19.0;19.0;19.0;19.0;17.04;0;stock;18.92;-9.92;21.36;-11.03;0.13;SUBIR
2004-06-11;1086912000000;MNDL3.SA;19.0;19.0;19.0;19.0;17.04;0;stock;18.9;-9.83;21.33;-10.93;0.13;SUBIR
2004-06-14;1087171200000;MNDL3.SA;19.0;19.0;19.0;19.0;17.04;0;stock;18.88;-9.74;21.31;-10.83;0.13;SUBIR
2004-06-15;1087257600000;MNDL3.SA;19.0;19.0;19.0;19.0;17.04;0;stock;18.86;-9.65;21.29;-10.74;0.13;SUBIR
2004-06-16;1087344000000;MNDL3.SA;19.0;19.0;19.0;19.0;17.04;0;stock;18.84;-9.57;21.26;-10.64;0.13;SUBIR
2004-06-17;1087430400000;MNDL3.SA;19.0;19.0;19.0;19.0;17.04;0;stock;18.82;-9.48;21.24;-10.55;0.13;SUBIR
2004-06-18;1087516800000;MNDL3.SA;19.0;19.0;19.0;19.0;17.04;0;stock;18.81;-9.4;21.22;-10.45;0.13;SUBIR
2004-06-21;1087776000000;MNDL3.SA;19.0;19.0;19.0;19.0;17.04;0;stock;18.79;-9.31;21.2;-10.36;0.13;SUBIR
2004-06-22;1087862400000;MNDL3.SA;19.0;19.0;19.0;19.0;17.04;249;stock;18.77;-9.23;21.17;-10.27;0.13;SUBIR
2004-06-23;1087948800000;MNDL3.SA;19.0;19.0;19.0;19.0;17.04;0;stock;18.75;-9.14;21.15;-10.18;0.13;SUBIR
2004-06-24;1088035200000;MNDL3.SA;19.0;19.0;19.0;19.0;17.04;0;stock;18.74;-9.06;21.13;-10.08;0.13;SUBIR
2004-06-25;1088121600000;MNDL3.SA;19.0;19.0;19.0;19.0;17.04;199;stock;18.72;-8.98;21.11;-9.99;0.13;SUBIR
2004-06-28;1088380800000;MNDL3.SA;19.0;19.0;19.0;19.0;17.04;0;stock;18.7;-8.9;21.09;-9.9;0.13;SUBIR
2004-06-29;1088467200000;MNDL3.SA;19.0;19.0;19.0;19.0;17.04;0;stock;18.69;-8.82;21.07;-9.82;0.13;SUBIR
2004-06-30;1088553600000;MNDL3.SA;19.0;19.0;19.0;19.0;17.04;0;stock;18.67;-8.74;21.05;-9.73;0.13;SUBIR
2004-07-01;1088640000000;MNDL3.SA;19.0;19.0;19.0;19.0;17.04;0;stock;18.65;-8.66;21.03;-9.64;0.13;SUBIR
2004-07-02;1088726400000;MNDL3.SA;19.0;19.0;19.0;19.0;17.04;0;stock;18.64;-8.58;21.01;-9.55;0.13;SUBIR
2004-07-05;1088985600000;MNDL3.SA;19.0;19.0;19.0;19.0;17.04;0;stock;18.62;-8.5;20.99;-9.47;0.13;SUBIR
2004-07-06;1089072000000;MNDL3.SA;19.0;19.0;19.0;19.0;17.04;0;stock;18.61;-8.42;20.97;-9.38;0.13;SUBIR
2004-07-07;1089158400000;MNDL3.SA;19.0;19.0;19.0;19.0;17.04;0;stock;18.59;-8.35;20.95;-9.3;0.13;SUBIR
2004-07-08;1089244800000;MNDL3.SA;19.0;19.0;19.0;19.0;17.04;0;stock;18.58;-8.27;20.93;-9.21;0.13;SUBIR
2004-07-09;1089331200000;MNDL3.SA;19.0;19.0;19.0;19.0;17.04;0;stock;18.56;-8.19;20.91;-9.13;0.13;SUBIR
2004-07-12;1089590400000;MNDL3.SA;19.0;19.0;19.0;19.0;17.04;0;stock;18.55;-8.12;20.89;-9.05;0.13;SUBIR
2004-07-13;1089676800000;MNDL3.SA;19.0;19.0;19.0;19.0;17.04;0;stock;18.53;-8.04;20.87;-8.97;0.13;SUBIR
2004-07-14;1089763200000;MNDL3.SA;19.0;19.0;19.0;19.0;17.04;0;stock;18.52;-7.97;20.85;-8.88;0.13;SUBIR
2004-07-15;1089849600000;MNDL3.SA;19.0;19.0;19.0;19.0;17.04;0;stock;18.5;-7.9;20.83;-8.8;0.13;SUBIR
2004-07-16;1089936000000;MNDL3.SA;19.0;19.0;19.0;19.0;17.04;0;stock;18.49;-7.83;20.82;-8.72;0.13;SUBIR
2004-07-19;1090195200000;MNDL3.SA;19.0;19.0;19.0;19.0;17.04;449;stock;18.47;-7.75;20.8;-8.64;0.13;SUBIR
2004-07-20;1090281600000;MNDL3.SA;19.0;19.0;19.0;19.0;17.04;0;stock;18.46;-7.68;20.78;-8.57;0.13;SUBIR
2004-07-21;1090368000000;MNDL3.SA;19.0;19.0;19.0;19.0;17.04;0;stock;18.44;-7.61;20.76;-8.49;0.13;SUBIR
2004-07-22;1090454400000;MNDL3.SA;19.0;19.0;19.0;19.0;17.04;0;stock;18.43;-7.54;20.74;-8.41;0.13;SUBIR
2004-07-23;1090540800000;MNDL3.SA;19.0;19.0;19.0;19.0;17.04;199;stock;18.42;-7.47;20.73;-8.33;0.13;SUBIR
2004-07-26;1090800000000;MNDL3.SA;19.0;19.0;19.0;19.0;17.04;0;stock;18.4;-7.4;20.71;-8.26;0.13;SUBIR
2004-07-27;1090886400000;MNDL3.SA;19.0;19.0;19.0;19.0;17.04;0;stock;18.39;-7.34;20.69;-8.18;0.13;SUBIR
2004-07-28;1090972800000;MNDL3.SA;19.0;19.0;19.0;19.0;17.04;0;stock;18.38;-7.27;20.68;-8.11;0.13;SUBIR
2004-07-29;1091059200000;MNDL3.SA;19.0;19.0;19.0;19.0;17.04;0;stock;18.36;-7.2;20.66;-8.03;0.13;SUBIR
2004-07-30;1091145600000;MNDL3.SA;18.0;18.0;18.0;18.0;16.14;4249;stock;18.34;-12.0;20.63;-12.76;0.0;SUBIR
2004-08-02;1091404800000;MNDL3.SA;18.0;18.0;18.0;18.0;16.14;0;stock;18.32;-11.89;20.61;-12.65;0.0;SUBIR
2004-08-03;1091491200000;MNDL3.SA;18.0;18.0;18.0;18.0;16.14;0;stock;18.3;-11.79;20.58;-12.54;0.0;SUBIR
2004-08-04;1091577600000;MNDL3.SA;18.0;18.0;18.0;18.0;16.14;149;stock;18.28;-11.68;20.56;-12.43;0.0;SUBIR
2004-08-05;1091664000000;MNDL3.SA;18.0;18.0;18.0;18.0;16.14;0;stock;18.25;-11.58;20.53;-12.32;0.0;SUBIR
2004-08-06;1091750400000;MNDL3.SA;18.0;18.0;18.0;18.0;16.14;0;stock;18.23;-11.48;20.5;-12.22;0.0;SUBIR
2004-08-09;1092009600000;MNDL3.SA;18.0;18.0;18.0;18.0;16.14;199;stock;18.21;-11.38;20.48;-12.11;0.0;SUBIR
2004-08-10;1092096000000;MNDL3.SA;18.0;18.0;18.0;18.0;16.14;0;stock;18.19;-11.28;20.46;-12.0;0.0;SUBIR
2004-08-11;1092182400000;MNDL3.SA;18.0;18.0;18.0;18.0;16.14;0;stock;18.17;-11.18;20.43;-11.9;0.0;SUBIR
2004-08-12;1092268800000;MNDL3.SA;18.0;18.0;18.0;18.0;16.14;0;stock;18.15;-11.08;20.41;-11.79;0.0;SUBIR
2004-08-13;1092355200000;MNDL3.SA;18.0;18.0;18.0;18.0;16.14;649;stock;18.13;-10.98;20.38;-11.69;0.0;SUBIR
2004-08-16;1092614400000;MNDL3.SA;18.0;18.0;18.0;18.0;16.14;499;stock;18.11;-10.88;20.36;-11.59;0.0;SUBIR
2004-08-17;1092700800000;MNDL3.SA;18.0;18.0;18.0;18.0;16.14;0;stock;18.09;-10.79;20.34;-11.48;0.0;SUBIR
2004-08-18;1092787200000;MNDL3.SA;18.0;18.0;18.0;18.0;16.14;0;stock;18.07;-10.69;20.31;-11.38;0.0;SUBIR
2004-08-19;1092873600000;MNDL3.SA;18.0;18.0;18.0;18.0;16.14;0;stock;18.05;-10.59;20.29;-11.28;0.0;SUBIR
2004-08-20;1092960000000;MNDL3.SA;18.0;18.0;18.0;18.0;16.14;199;stock;18.03;-10.5;20.27;-11.18;0.0;SUBIR
2004-08-23;1093219200000;MNDL3.SA;18.0;18.0;18.0;18.0;16.14;0;stock;18.01;-10.41;20.24;-11.08;0.0;SUBIR
2004-08-24;1093305600000;MNDL3.SA;18.0;18.0;18.0;18.0;16.14;0;stock;18.0;-10.31;20.22;-10.99;0.0;SUBIR
2004-08-25;1093392000000;MNDL3.SA;18.0;18.0;18.0;18.0;16.14;0;stock;17.98;-10.22;20.2;-10.89;0.0;SUBIR
2004-08-26;1093478400000;MNDL3.SA;18.0;18.0;18.0;18.0;16.14;0;stock;17.96;-10.13;20.18;-10.79;0.0;SUBIR
2004-08-27;1093564800000;MNDL3.SA;18.0;18.0;18.0;18.0;16.14;0;stock;17.94;-10.04;20.16;-10.7;0.0;SUBIR
2004-08-30;1093824000000;MNDL3.SA;18.0;18.0;18.0;18.0;16.14;0;stock;17.92;-9.95;20.13;-10.6;0.0;SUBIR
2004-08-31;1093910400000;MNDL3.SA;18.0;18.0;18.0;18.0;16.14;449;stock;17.91;-9.86;20.11;-10.51;0.0;SUBIR
2004-09-01;1093996800000;MNDL3.SA;18.0;18.0;18.0;18.0;16.14;0;stock;17.89;-9.77;20.09;-10.41;0.0;SUBIR
2004-09-02;1094083200000;MNDL3.SA;18.0;18.0;18.0;18.0;16.14;0;stock;17.87;-9.68;20.07;-10.32;0.0;SUBIR
2004-09-03;1094169600000;MNDL3.SA;18.0;18.0;18.0;18.0;16.14;0;stock;17.85;-9.6;20.05;-10.23;0.0;SUBIR
2004-09-06;1094428800000;MNDL3.SA;18.0;18.0;18.0;18.0;16.14;0;stock;17.84;-9.51;20.03;-10.14;0.0;SUBIR
2004-09-07;1094515200000;MNDL3.SA;18.0;18.0;18.0;18.0;16.14;0;stock;17.82;-9.42;20.01;-10.05;0.0;SUBIR
2004-09-08;1094601600000;MNDL3.SA;18.0;18.0;18.0;18.0;16.14;499;stock;17.8;-9.34;19.99;-9.96;0.0;SUBIR
2004-09-09;1094688000000;MNDL3.SA;18.0;18.0;18.0;18.0;16.14;0;stock;17.79;-9.26;19.97;-9.87;0.0;SUBIR
2004-09-10;1094774400000;MNDL3.SA;18.0;18.0;18.0;18.0;16.14;0;stock;17.77;-9.17;19.95;-9.78;0.0;SUBIR
2004-09-13;1095033600000;MNDL3.SA;18.0;18.0;18.0;18.0;16.14;0;stock;17.75;-9.09;19.93;-9.69;0.0;SUBIR
2004-09-14;1095120000000;MNDL3.SA;18.0;18.0;18.0;18.0;16.14;399;stock;17.74;-9.01;19.91;-9.6;0.0;SUBIR
2004-09-15;1095206400000;MNDL3.SA;18.0;18.0;18.0;18.0;16.14;0;stock;17.72;-8.93;19.89;-9.52;0.0;SUBIR
2004-09-16;1095292800000;MNDL3.SA;18.0;18.0;18.0;18.0;16.14;0;stock;17.71;-8.84;19.87;-9.43;0.0;SUBIR
2004-09-17;1095379200000;MNDL3.SA;18.0;18.0;18.0;18.0;16.14;0;stock;17.69;-8.76;19.86;-9.34;0.0;SUBIR
2004-09-20;1095638400000;MNDL3.SA;18.0;18.0;18.0;18.0;16.14;0;stock;17.67;-8.68;19.84;-9.26;0.0;SUBIR
2004-09-21;1095724800000;MNDL3.SA;18.0;18.0;18.0;18.0;16.14;0;stock;17.66;-8.61;19.82;-9.18;0.0;SUBIR
2004-09-22;1095811200000;MNDL3.SA;18.0;18.0;18.0;18.0;16.14;0;stock;17.64;-8.53;19.8;-9.09;0.0;SUBIR
2004-09-23;1095897600000;MNDL3.SA;18.0;18.0;18.0;18.0;16.14;499;stock;17.63;-8.45;19.78;-9.01;0.0;SUBIR
2004-09-24;1095984000000;MNDL3.SA;17.8;17.8;17.6;17.6;15.78;2649;stock;17.61;-10.4;19.76;-10.94;0.0;SUBIR
2004-09-27;1096243200000;MNDL3.SA;17.6;17.6;17.6;17.6;15.78;0;stock;17.59;-10.3;19.74;-10.84;0.0;SUBIR
2004-09-28;1096329600000;MNDL3.SA;17.6;17.6;17.6;17.6;15.78;0;stock;17.57;-10.21;19.72;-10.74;0.0;SUBIR
2004-09-29;1096416000000;MNDL3.SA;17.6;17.6;17.6;17.6;15.78;0;stock;17.56;-10.12;19.7;-10.65;0.0;SUBIR
2004-09-30;1096502400000;MNDL3.SA;17.6;17.6;17.6;17.6;15.78;0;stock;17.54;-10.03;19.68;-10.55;0.0;SUBIR
2004-10-01;1096588800000;MNDL3.SA;17.6;17.6;17.6;17.6;15.78;0;stock;17.52;-9.94;19.66;-10.46;0.0;SUBIR
2004-10-04;1096848000000;MNDL3.SA;17.6;17.6;17.6;17.6;15.78;0;stock;17.5;-9.85;19.64;-10.36;0.0;SUBIR
2004-10-05;1096934400000;MNDL3.SA;17.6;17.6;17.6;17.6;15.78;0;stock;17.49;-9.76;19.61;-10.27;0.0;SUBIR
2004-10-06;1097020800000;MNDL3.SA;17.6;17.6;17.6;17.6;15.78;0;stock;17.47;-9.68;19.59;-10.18;0.0;SUBIR
2004-10-07;1097107200000;MNDL3.SA;17.6;17.6;17.6;17.6;15.78;0;stock;17.45;-9.59;19.57;-10.09;0.0;SUBIR
2004-10-08;1097193600000;MNDL3.SA;17.6;17.6;17.6;17.6;15.78;0;stock;17.44;-9.5;19.56;-10.0;0.0;SUBIR
2004-10-11;1097452800000;MNDL3.SA;17.6;17.6;17.6;17.6;15.78;0;stock;17.42;-9.42;19.54;-9.91;0.0;SUBIR
2004-10-12;1097539200000;MNDL3.SA;17.6;17.6;17.6;17.6;15.78;0;stock;17.4;-9.33;19.52;-9.82;0.0;SUBIR
2004-10-13;1097625600000;MNDL3.SA;17.6;17.6;17.6;17.6;15.78;0;stock;17.39;-9.25;19.5;-9.73;0.0;SUBIR
2004-10-14;1097712000000;MNDL3.SA;17.6;17.6;17.6;17.6;15.78;1149;stock;17.37;-9.16;19.48;-9.64;0.0;SUBIR
2004-10-15;1097798400000;MNDL3.SA;16.0;16.0;16.0;16.0;14.35;49;stock;17.34;-17.25;19.44;-17.71;0.0;SUBIR
2004-10-18;1098057600000;MNDL3.SA;16.0;16.0;16.0;16.0;14.35;4249;stock;17.31;-17.11;19.41;-17.57;0.0;SUBIR
2004-10-19;1098144000000;MNDL3.SA;16.0;16.0;16.0;16.0;14.35;1549;stock;17.28;-16.97;19.38;-17.42;0.0;SUBIR
2004-10-20;1098230400000;MNDL3.SA;16.0;16.0;16.0;16.0;14.35;0;stock;17.25;-16.83;19.34;-17.28;0.0;SUBIR
2004-10-21;1098316800000;MNDL3.SA;16.0;16.0;16.0;16.0;14.35;0;stock;17.22;-16.69;19.31;-17.14;0.0;SUBIR
2004-10-22;1098403200000;MNDL3.SA;16.0;16.0;16.0;16.0;14.35;0;stock;17.2;-16.55;19.28;-17.0;0.0;SUBIR
2004-10-25;1098662400000;MNDL3.SA;16.0;16.0;16.0;16.0;14.35;0;stock;17.17;-16.41;19.24;-16.85;0.0;SUBIR
2004-10-26;1098748800000;MNDL3.SA;15.6;15.6;15.6;15.6;13.99;49;stock;17.14;-18.36;19.21;-18.78;0.0;SUBIR
2004-10-27;1098835200000;MNDL3.SA;15.6;15.6;15.6;15.6;13.99;0;stock;17.1;-18.21;19.17;-18.63;0.0;SUBIR
2004-10-28;1098921600000;MNDL3.SA;15.6;15.6;15.6;15.6;13.99;0;stock;17.07;-18.06;19.14;-18.48;0.0;SUBIR
2004-10-29;1099008000000;MNDL3.SA;15.6;15.6;15.6;15.6;13.99;0;stock;17.04;-17.91;19.1;-18.33;0.0;SUBIR
2004-11-01;1099267200000;MNDL3.SA;15.6;15.6;15.6;15.6;13.99;0;stock;17.01;-17.77;19.07;-18.18;0.0;SUBIR
2004-11-03;1099440000000;MNDL3.SA;15.6;15.6;15.6;15.6;13.99;0;stock;16.98;-17.62;19.03;-18.03;0.0;SUBIR
2004-11-04;1099526400000;MNDL3.SA;15.6;15.6;15.6;15.6;13.99;0;stock;16.95;-17.48;19.0;-17.88;0.0;SUBIR
2004-11-05;1099612800000;MNDL3.SA;15.8;17.0;15.8;17.0;15.25;4249;stock;16.94;-9.95;18.98;-10.42;62.12;ESTAVEL
2004-11-08;1099872000000;MNDL3.SA;17.0;17.0;17.0;17.0;15.25;0;stock;16.92;-9.86;18.96;-10.33;62.12;ESTAVEL
2004-11-09;1099958400000;MNDL3.SA;17.0;17.0;17.0;17.0;15.25;0;stock;16.9;-9.78;18.94;-10.23;62.12;ESTAVEL
2004-11-10;1100044800000;MNDL3.SA;17.0;17.0;17.0;17.0;15.25;0;stock;16.89;-9.69;18.92;-10.14;62.12;ESTAVEL
2004-11-11;1100131200000;MNDL3.SA;17.0;17.0;17.0;17.0;15.25;0;stock;16.87;-9.6;18.9;-10.05;62.12;ESTAVEL
2004-11-12;1100217600000;MNDL3.SA;17.0;17.0;17.0;17.0;15.25;0;stock;16.85;-9.51;18.88;-9.96;62.12;ESTAVEL
2004-11-15;1100476800000;MNDL3.SA;17.0;17.0;17.0;17.0;15.25;0;stock;16.84;-9.43;18.86;-9.87;62.12;ESTAVEL
2004-11-16;1100563200000;MNDL3.SA;17.0;17.0;17.0;17.0;15.25;0;stock;16.82;-9.34;18.84;-9.78;62.12;ESTAVEL
2004-11-17;1100649600000;MNDL3.SA;17.0;17.0;17.0;17.0;15.25;0;stock;16.81;-9.26;18.83;-9.7;62.12;ESTAVEL
2004-11-18;1100736000000;MNDL3.SA;17.0;17.0;17.0;17.0;15.25;1499;stock;16.79;-9.18;18.81;-9.61;62.12;ESTAVEL
2004-11-19;1100822400000;MNDL3.SA;17.0;17.0;17.0;17.0;15.25;0;stock;16.78;-9.09;18.79;-9.52;62.12;ESTAVEL
2004-11-22;1101081600000;MNDL3.SA;17.0;17.0;17.0;17.0;15.25;0;stock;16.76;-9.01;18.77;-9.44;62.12;ESTAVEL
2004-11-23;1101168000000;MNDL3.SA;17.0;18.0;17.0;17.2;15.43;6549;stock;16.75;-7.86;18.76;-8.29;68.84;ESTAVEL
2004-11-24;1101254400000;MNDL3.SA;18.4;20.0;18.4;20.0;17.94;4199;stock;16.76;7.05;18.77;6.56;91.5;ESTAVEL
2004-11-25;1101340800000;MNDL3.SA;19.4;19.4;18.2;18.2;16.32;149;stock;16.75;-2.59;18.76;-3.0;60.78;ESTAVEL
2004-11-26;1101427200000;MNDL3.SA;18.2;18.2;18.2;18.2;16.32;0;stock;16.75;-2.57;18.76;-2.97;60.78;ESTAVEL
2004-11-29;1101686400000;MNDL3.SA;18.2;18.2;18.2;18.2;16.32;0;stock;16.75;-2.54;18.75;-2.94;60.78;ESTAVEL
2004-11-30;1101772800000;MNDL3.SA;22.2;24.0;22.2;24.0;21.52;149;stock;16.79;28.15;18.8;27.64;83.28;CAIR
2004-12-01;1101859200000;MNDL3.SA;24.0;24.0;24.0;24.0;21.52;0;stock;16.84;27.79;18.86;27.29;83.28;CAIR
2004-12-02;1101945600000;MNDL3.SA;28.0;28.0;28.0;28.0;25.11;49;stock;16.92;48.38;18.95;47.79;88.55;CAIR
2004-12-03;1102032000000;MNDL3.SA;28.0;28.0;28.0;28.0;25.11;0;stock;17.0;47.67;19.04;47.09;88.55;CAIR
2004-12-06;1102291200000;MNDL3.SA;28.0;28.0;28.0;28.0;25.11;0;stock;17.08;46.97;19.13;46.4;88.55;CAIR
2004-12-07;1102377600000;MNDL3.SA;30.0;30.0;30.0;30.0;26.91;49;stock;17.18;56.61;19.23;55.98;90.43;CAIR
2004-12-08;1102464000000;MNDL3.SA;30.0;30.0;30.0;30.0;26.91;0;stock;17.28;55.73;19.34;55.11;90.43;CAIR
2004-12-09;1102550400000;MNDL3.SA;32.0;32.0;32.0;32.0;28.7;299;stock;17.39;65.01;19.47;64.38;91.96;CAIR
2004-12-10;1102636800000;MNDL3.SA;32.0;32.0;32.0;32.0;28.7;0;stock;17.51;63.95;19.59;63.34;91.96;CAIR
2004-12-13;1102896000000;MNDL3.SA;36.0;36.0;36.0;36.0;32.29;4;stock;17.65;82.92;19.75;82.23;94.14;CAIR
2004-12-14;1102982400000;MNDL3.SA;36.0;36.0;36.0;36.0;32.29;19;stock;17.8;81.42;19.92;80.76;94.14;CAIR
2004-12-15;1103068800000;MNDL3.SA;42.0;42.0;42.0;42.0;37.67;4;stock;18.0;109.32;20.14;108.58;96.01;CAIR
2004-12-16;1103155200000;MNDL3.SA;42.0;42.0;42.0;42.0;37.67;0;stock;18.19;107.07;20.35;106.35;96.01;CAIR
2004-12-17;1103241600000;MNDL3.SA;42.0;42.0;42.0;42.0;37.67;0;stock;18.39;104.89;20.57;104.19;96.01;CAIR
2004-12-20;1103500800000;MNDL3.SA;42.0;42.0;42.0;42.0;37.67;0;stock;18.58;102.77;20.78;102.09;96.01;CAIR
2004-12-21;1103587200000;MNDL3.SA;42.0;42.0;42.0;42.0;37.67;0;stock;18.77;100.72;20.99;100.06;96.01;CAIR
2004-12-22;1103673600000;MNDL3.SA;42.0;42.0;42.0;42.0;37.67;0;stock;18.96;98.73;21.2;98.09;96.01;CAIR
2004-12-23;1103760000000;MNDL3.SA;40.2;40.2;40.2;40.2;36.05;4594;stock;19.13;88.49;21.39;87.92;83.47;CAIR
2004-12-24;1103846400000;MNDL3.SA;40.2;40.2;40.2;40.2;36.05;0;stock;19.29;86.84;21.58;86.29;83.47;CAIR
2004-12-27;1104105600000;MNDL3.SA;40.0;43.8;40.0;40.8;36.59;1009;stock;19.47;87.97;21.77;87.41;84.26;CAIR
2004-12-28;1104192000000;MNDL3.SA;40.8;40.8;40.8;40.8;36.59;9;stock;19.64;86.34;21.96;85.8;84.26;CAIR
2004-12-29;1104278400000;MNDL3.SA;40.8;40.8;40.8;40.8;36.59;0;stock;19.81;84.75;22.15;84.23;84.26;CAIR
2004-12-30;1104364800000;MNDL3.SA;40.8;40.8;40.8;40.8;36.59;0;stock;19.97;83.2;22.33;82.69;84.26;CAIR
2004-12-31;1104451200000;MNDL3.SA;40.8;40.8;40.8;40.8;36.59;0;stock;20.14;81.7;22.52;81.2;84.26;CAIR
2005-01-03;1104710400000;MNDL3.SA;40.0;40.0;40.0;40.0;35.87;9;stock;20.29;76.75;22.69;76.29;77.1;CAIR
2005-01-04;1104796800000;MNDL3.SA;40.0;40.0;40.0;40.0;35.87;0;stock;20.45;75.41;22.86;74.96;77.1;CAIR
2005-01-05;1104883200000;MNDL3.SA;40.0;40.0;40.0;40.0;35.87;0;stock;20.6;74.1;23.03;73.66;77.1;CAIR
2005-01-06;1104969600000;MNDL3.SA;40.0;40.0;40.0;40.0;35.87;0;stock;20.75;72.83;23.2;72.4;77.1;CAIR
2005-01-07;1105056000000;MNDL3.SA;40.0;40.0;40.0;40.0;35.87;0;stock;20.9;71.59;23.37;71.17;77.1;CAIR
2005-01-10;1105315200000;MNDL3.SA;40.0;40.0;40.0;40.0;35.87;0;stock;21.05;70.37;23.53;69.96;77.1;CAIR
2005-01-11;1105401600000;MNDL3.SA;40.0;40.0;40.0;40.0;35.87;0;stock;21.2;69.19;23.7;68.79;77.1;CAIR
2005-01-12;1105488000000;MNDL3.SA;40.0;40.0;40.0;40.0;35.87;0;stock;21.35;68.03;23.86;67.64;77.1;CAIR
2005-01-13;1105574400000;MNDL3.SA;40.0;40.0;40.0;40.0;35.87;0;stock;21.49;66.9;24.02;66.52;77.1;CAIR
2005-01-14;1105660800000;MNDL3.SA;40.0;40.0;40.0;40.0;35.87;0;stock;21.63;65.8;24.18;65.43;77.1;CAIR
2005-01-17;1105920000000;MNDL3.SA;40.0;40.0;40.0;40.0;35.87;0;stock;21.78;64.72;24.34;64.36;77.1;CAIR
2005-01-18;1106006400000;MNDL3.SA;40.0;40.0;40.0;40.0;35.87;0;stock;21.92;63.67;24.49;63.31;77.1;CAIR
2005-01-19;1106092800000;MNDL3.SA;40.0;40.0;40.0;40.0;35.87;0;stock;22.06;62.63;24.65;62.29;77.1;CAIR
2005-01-20;1106179200000;MNDL3.SA;40.0;40.0;40.0;40.0;35.87;0;stock;22.19;61.63;24.8;61.29;77.1;CAIR
2005-01-21;1106265600000;MNDL3.SA;40.0;40.0;40.0;40.0;35.87;0;stock;22.33;60.64;24.95;60.31;77.1;CAIR
2005-01-24;1106524800000;MNDL3.SA;40.0;40.0;40.0;40.0;35.87;0;stock;22.46;59.68;25.1;59.35;77.1;CAIR
2005-01-26;1106697600000;MNDL3.SA;40.0;40.0;40.0;40.0;35.87;0;stock;22.6;58.74;25.25;58.42;77.1;CAIR
2005-01-27;1106784000000;MNDL3.SA;40.0;40.0;40.0;40.0;35.87;0;stock;22.73;57.81;25.4;57.5;77.1;CAIR
2005-01-28;1106870400000;MNDL3.SA;40.0;40.0;40.0;40.0;35.87;0;stock;22.86;56.91;25.54;56.61;77.1;CAIR
2005-01-31;1107129600000;MNDL3.SA;40.0;40.0;40.0;40.0;35.87;0;stock;22.99;56.03;25.69;55.73;77.1;CAIR
2005-02-01;1107216000000;MNDL3.SA;40.0;40.0;40.0;40.0;35.87;0;stock;23.12;55.16;25.83;54.87;77.1;CAIR
2005-02-02;1107302400000;MNDL3.SA;40.0;40.0;40.0;40.0;35.87;0;stock;23.24;54.32;25.97;54.03;77.1;CAIR
2005-02-03;1107388800000;MNDL3.SA;40.0;40.0;40.0;40.0;35.87;0;stock;23.37;53.49;26.11;53.21;77.1;CAIR
2005-02-04;1107475200000;MNDL3.SA;40.0;40.0;40.0;40.0;35.87;0;stock;23.49;52.67;26.25;52.4;77.1;CAIR
2005-02-09;1107907200000;MNDL3.SA;40.0;40.0;40.0;40.0;35.87;0;stock;23.62;51.88;26.38;51.61;77.1;CAIR
2005-02-10;1107993600000;MNDL3.SA;40.0;40.0;40.0;40.0;35.87;0;stock;23.74;51.1;26.52;50.83;77.1;CAIR
2005-02-11;1108080000000;MNDL3.SA;40.0;40.0;40.0;40.0;35.87;0;stock;23.86;50.33;26.65;50.08;77.1;CAIR
2005-02-14;1108339200000;MNDL3.SA;40.0;40.0;40.0;40.0;35.87;0;stock;23.98;49.58;26.79;49.33;77.1;CAIR
2005-02-15;1108425600000;MNDL3.SA;38.2;38.2;38.2;38.2;34.26;499;stock;24.08;42.26;26.9;42.01;30.68;ESTAVEL
2005-02-16;1108512000000;MNDL3.SA;38.2;38.2;38.2;38.2;34.26;0;stock;24.18;41.67;27.01;41.42;30.68;ESTAVEL
2005-02-17;1108598400000;MNDL3.SA;38.2;38.2;38.2;38.2;34.26;0;stock;24.28;41.08;27.12;40.84;30.68;ESTAVEL
2005-02-18;1108684800000;MNDL3.SA;38.2;38.2;38.2;38.2;34.26;0;stock;24.38;40.51;27.23;40.27;30.68;ESTAVEL
2005-02-21;1108944000000;MNDL3.SA;38.2;38.2;38.2;38.2;34.26;0;stock;24.48;39.94;27.34;39.71;30.68;ESTAVEL
2005-02-22;1109030400000;MNDL3.SA;30.0;30.2;27.6;28.0;25.11;2104;stock;24.49;2.54;27.35;2.38;5.15;SUBIR
2005-02-23;1109116800000;MNDL3.SA;26.0;27.0;26.0;27.0;24.22;24;stock;24.48;-1.08;27.35;-1.26;4.74;SUBIR
2005-02-24;1109203200000;MNDL3.SA;27.0;27.0;27.0;27.0;24.22;0;stock;24.48;-1.07;27.34;-1.25;4.74;SUBIR
2005-02-25;1109289600000;MNDL3.SA;27.0;27.0;27.0;27.0;24.22;0;stock;24.48;-1.06;27.34;-1.24;4.74;SUBIR
2005-02-28;1109548800000;MNDL3.SA;27.0;27.0;27.0;27.0;24.22;0;stock;24.48;-1.05;27.34;-1.23;4.74;SUBIR
2005-03-01;1109635200000;MNDL3.SA;28.0;28.0;28.0;28.0;25.11;4;stock;24.48;2.56;27.34;2.41;14.01;SUBIR
2005-03-02;1109721600000;MNDL3.SA;28.0;28.0;28.0;28.0;25.11;0;stock;24.49;2.53;27.35;2.38;14.01;SUBIR
2005-03-03;1109808000000;MNDL3.SA;28.0;28.0;28.0;28.0;25.11;0;stock;24.5;2.51;27.36;2.36;14.01;SUBIR
2005-03-04;1109894400000;MNDL3.SA;28.0;28.0;28.0;28.0;25.11;0;stock;24.5;2.48;27.36;2.33;14.01;SUBIR
2005-03-07;1110153600000;MNDL3.SA;28.0;28.0;28.0;28.0;25.11;0;stock;24.51;2.46;27.37;2.31;14.01;SUBIR
2005-03-08;1110240000000;MNDL3.SA;28.0;28.0;28.0;28.0;25.11;0;stock;24.51;2.43;27.37;2.29;14.01;SUBIR
2005-03-09;1110326400000;MNDL3.SA;24.0;24.0;23.0;23.0;20.63;3599;stock;24.48;-15.71;27.33;-15.85;7.94;SUBIR
2005-03-10;1110412800000;MNDL3.SA;23.8;25.6;23.4;23.8;21.35;2614;stock;24.44;-12.66;27.3;-12.81;14.36;SUBIR
2005-03-11;1110499200000;MNDL3.SA;25.8;25.8;24.0;24.0;21.52;54;stock;24.41;-11.86;27.26;-11.97;15.85;SUBIR
2005-03-14;1110758400000;MNDL3.SA;24.0;24.0;24.0;24.0;21.52;0;stock;24.39;-11.75;27.23;-11.86;15.85;SUBIR
2005-03-15;1110844800000;MNDL3.SA;23.0;26.6;23.0;26.6;23.86;3259;stock;24.38;-2.14;27.22;-2.29;34.17;ESTAVEL
2005-03-16;1110931200000;MNDL3.SA;28.0;28.0;27.0;28.0;25.11;544;stock;24.39;2.96;27.23;2.82;41.49;ESTAVEL
2005-03-17;1111017600000;MNDL3.SA;29.0;31.0;29.0;30.0;26.91;4454;stock;24.41;10.23;27.26;10.05;50.1;ESTAVEL
2005-03-18;1111104000000;MNDL3.SA;30.0;30.0;29.2;29.2;26.19;1699;stock;24.43;7.2;27.28;7.04;47.12;ESTAVEL
2005-03-21;1111363200000;MNDL3.SA;29.0;29.0;24.0;25.8;23.14;1274;stock;24.42;-5.23;27.26;-5.37;37.04;ESTAVEL
2005-03-22;1111449600000;MNDL3.SA;27.0;29.8;24.0;24.0;21.52;8769;stock;24.39;-11.76;27.23;-11.87;33.01;ESTAVEL
2005-03-23;1111536000000;MNDL3.SA;26.0;27.0;26.0;27.0;24.22;59;stock;24.39;-0.69;27.23;-0.84;43.97;ESTAVEL
2005-03-24;1111622400000;MNDL3.SA;26.0;26.0;26.0;26.0;23.32;149;stock;24.38;-4.34;27.22;-4.47;41.53;ESTAVEL
2005-03-28;1111968000000;MNDL3.SA;24.0;24.0;24.0;24.0;21.52;299;stock;24.35;-11.62;27.18;-11.72;37.1;ESTAVEL
2005-03-29;1112054400000;MNDL3.SA;24.0;24.0;24.0;24.0;21.52;0;stock;24.32;-11.51;27.15;-11.61;37.1;ESTAVEL
2005-03-30;1112140800000;MNDL3.SA;26.0;26.0;24.0;25.8;23.14;199;stock;24.31;-4.81;27.14;-4.94;43.4;ESTAVEL
2005-03-31;1112227200000;MNDL3.SA;24.0;26.0;24.0;26.0;23.32;234;stock;24.3;-4.03;27.13;-4.16;44.07;ESTAVEL
2005-04-01;1112313600000;MNDL3.SA;27.0;29.0;27.0;29.0;26.01;2864;stock;24.32;6.97;27.15;6.83;53.03;ESTAVEL
2005-04-04;1112572800000;MNDL3.SA;29.0;29.0;29.0;29.0;26.01;0;stock;24.33;6.89;27.17;6.75;53.03;ESTAVEL
2005-04-05;1112659200000;MNDL3.SA;28.0;30.0;28.0;30.0;26.91;149;stock;24.36;10.48;27.19;10.32;55.78;ESTAVEL
2005-04-06;1112745600000;MNDL3.SA;30.0;30.0;30.0;30.0;26.91;0;stock;24.38;10.36;27.22;10.21;55.78;ESTAVEL
2005-04-07;1112832000000;MNDL3.SA;30.0;30.0;30.0;30.0;26.91;0;stock;24.41;10.25;27.25;10.09;55.78;ESTAVEL
2005-04-08;1112918400000;MNDL3.SA;30.0;30.0;30.0;30.0;26.91;0;stock;24.43;10.13;27.28;9.98;55.78;ESTAVEL
2005-04-11;1113177600000;MNDL3.SA;27.2;28.4;25.2;28.4;25.47;154;stock;24.44;4.2;27.29;4.08;49.54;ESTAVEL
2005-04-12;1113264000000;MNDL3.SA;29.6;29.6;29.6;29.6;26.55;49;stock;24.47;8.52;27.31;8.38;53.72;ESTAVEL
2005-04-13;1113350400000;MNDL3.SA;29.6;29.6;29.6;29.6;26.55;0;stock;24.49;8.43;27.33;8.29;53.72;ESTAVEL
2005-04-14;1113436800000;MNDL3.SA;29.6;29.6;29.6;29.6;26.55;0;stock;24.51;8.34;27.36;8.2;53.72;ESTAVEL
2005-04-15;1113523200000;MNDL3.SA;29.6;29.6;29.6;29.6;26.55;0;stock;24.53;8.25;27.38;8.11;53.72;ESTAVEL
2005-04-18;1113782400000;MNDL3.SA;29.6;29.6;29.6;29.6;26.55;0;stock;24.55;8.16;27.4;8.03;53.72;ESTAVEL
2005-04-19;1113868800000;MNDL3.SA;29.6;29.6;29.6;29.6;26.55;0;stock;24.57;8.07;27.42;7.94;53.72;ESTAVEL
2005-04-20;1113955200000;MNDL3.SA;29.6;29.6;29.6;29.6;26.55;0;stock;24.59;7.99;27.44;7.86;53.72;ESTAVEL
2005-04-22;1114128000000;MNDL3.SA;29.6;29.6;29.6;29.6;26.55;0;stock;24.61;7.9;27.47;7.77;53.72;ESTAVEL
2005-04-25;1114387200000;MNDL3.SA;26.0;26.0;26.0;26.0;23.32;149;stock;24.59;-5.18;27.45;-5.29;37.09;ESTAVEL
2005-04-26;1114473600000;MNDL3.SA;26.0;26.0;26.0;26.0;23.32;0;stock;24.58;-5.13;27.44;-5.24;37.09;ESTAVEL
2005-04-27;1114560000000;MNDL3.SA;26.0;26.0;26.0;26.0;23.32;0;stock;24.57;-5.08;27.42;-5.19;37.09;ESTAVEL
2005-04-28;1114646400000;MNDL3.SA;25.4;25.4;25.0;25.0;22.42;149;stock;24.55;-8.66;27.4;-8.75;33.48;ESTAVEL
2005-04-29;1114732800000;MNDL3.SA;25.0;25.0;25.0;25.0;22.42;0;stock;24.53;-8.58;27.37;-8.67;33.48;ESTAVEL
2005-05-02;1114992000000;MNDL3.SA;29.4;29.4;29.4;29.4;26.37;4;stock;24.54;7.44;27.39;7.32;55.51;ESTAVEL
2005-05-03;1115078400000;MNDL3.SA;27.0;27.0;27.0;27.0;24.22;49;stock;24.54;-1.31;27.39;-1.43;46.49;ESTAVEL
2005-05-04;1115164800000;MNDL3.SA;29.2;29.2;29.2;29.2;26.19;9;stock;24.56;6.65;27.41;6.54;53.88;ESTAVEL
2005-05-05;1115251200000;MNDL3.SA;29.6;29.8;29.6;29.8;26.73;24;stock;24.58;8.75;27.43;8.63;55.69;ESTAVEL
2005-05-06;1115337600000;MNDL3.SA;30.0;30.0;30.0;30.0;26.91;49;stock;24.6;9.38;27.46;9.26;56.31;ESTAVEL
2005-05-09;1115596800000;MNDL3.SA;30.0;30.0;30.0;30.0;26.91;0;stock;24.62;9.28;27.48;9.16;56.31;ESTAVEL
2005-05-10;1115683200000;MNDL3.SA;30.0;30.0;30.0;30.0;26.91;0;stock;24.65;9.18;27.51;9.06;56.31;ESTAVEL
2005-05-11;1115769600000;MNDL3.SA;30.0;30.0;30.0;30.0;26.91;0;stock;24.67;9.08;27.53;8.96;56.31;ESTAVEL
2005-05-12;1115856000000;MNDL3.SA;29.8;29.8;29.8;29.8;26.73;999;stock;24.69;8.26;27.56;8.15;55.27;ESTAVEL
2005-05-13;1115942400000;MNDL3.SA;29.8;29.8;29.8;29.8;26.73;0;stock;24.71;8.17;27.58;8.06;55.27;ESTAVEL
2005-05-16;1116201600000;MNDL3.SA;29.8;29.8;29.8;29.8;26.73;24;stock;24.73;8.08;27.6;7.97;55.27;ESTAVEL
2005-05-17;1116288000000;MNDL3.SA;29.8;29.8;29.8;29.8;26.73;0;stock;24.75;8.0;27.62;7.89;55.27;ESTAVEL
2005-05-18;1116374400000;MNDL3.SA;29.6;29.6;29.6;29.6;26.55;19;stock;24.77;7.19;27.64;7.08;53.94;ESTAVEL
2005-05-19;1116460800000;MNDL3.SA;29.4;29.4;29.4;29.4;26.37;49;stock;24.78;6.4;27.66;6.29;52.58;ESTAVEL
2005-05-20;1116547200000;MNDL3.SA;29.4;29.4;29.4;29.4;26.37;0;stock;24.8;6.33;27.68;6.23;52.58;ESTAVEL
2005-05-23;1116806400000;MNDL3.SA;29.4;29.4;29.4;29.4;26.37;0;stock;24.82;6.26;27.69;6.16;52.58;ESTAVEL
2005-05-24;1116892800000;MNDL3.SA;29.4;29.4;29.4;29.4;26.37;0;stock;24.83;6.2;27.71;6.1;52.58;ESTAVEL
2005-05-25;1116979200000;MNDL3.SA;29.4;29.4;29.4;29.4;26.37;0;stock;24.85;6.13;27.73;6.03;52.58;ESTAVEL
2005-05-27;1117152000000;MNDL3.SA;29.4;29.4;29.4;29.4;26.37;0;stock;24.86;6.07;27.74;5.97;52.58;ESTAVEL
2005-05-30;1117411200000;MNDL3.SA;29.4;29.4;29.4;29.4;26.37;0;stock;24.88;6.0;27.76;5.91;52.58;ESTAVEL
2005-05-31;1117497600000;MNDL3.SA;29.4;29.4;29.4;29.4;26.37;0;stock;24.89;5.94;27.78;5.84;52.58;ESTAVEL
2005-06-01;1117584000000;MNDL3.SA;29.4;29.4;29.4;29.4;26.37;0;stock;24.91;5.88;27.79;5.78;52.58;ESTAVEL
2005-06-02;1117670400000;MNDL3.SA;29.4;29.4;29.4;29.4;26.37;0;stock;24.92;5.81;27.81;5.72;52.58;ESTAVEL
2005-06-03;1117756800000;MNDL3.SA;29.4;29.4;29.4;29.4;26.37;0;stock;24.94;5.75;27.82;5.66;52.58;ESTAVEL
2005-06-06;1118016000000;MNDL3.SA;29.4;29.4;29.4;29.4;26.37;0;stock;24.95;5.69;27.84;5.6;52.58;ESTAVEL
2005-06-07;1118102400000;MNDL3.SA;29.4;29.4;29.4;29.4;26.37;0;stock;24.96;5.63;27.86;5.54;52.58;ESTAVEL
2005-06-08;1118188800000;MNDL3.SA;26.2;26.2;26.2;26.2;23.5;49;stock;24.95;-5.81;27.84;-5.89;25.59;SUBIR
2005-06-09;1118275200000;MNDL3.SA;26.2;26.2;26.2;26.2;23.5;0;stock;24.93;-5.75;27.82;-5.83;25.59;SUBIR
2005-06-10;1118361600000;MNDL3.SA;29.8;29.8;29.8;29.8;26.73;4;stock;24.95;7.12;27.84;7.03;55.44;ESTAVEL
2005-06-13;1118620800000;MNDL3.SA;29.8;29.8;29.8;29.8;26.73;0;stock;24.97;7.05;27.86;6.95;55.44;ESTAVEL
2005-06-14;1118707200000;MNDL3.SA;29.8;29.8;29.8;29.8;26.73;0;stock;24.99;6.97;27.88;6.88;55.44;ESTAVEL
2005-06-15;1118793600000;MNDL3.SA;29.8;29.8;29.8;29.8;26.73;0;stock;25.01;6.9;27.9;6.81;55.44;ESTAVEL
2005-06-16;1118880000000;MNDL3.SA;29.8;29.8;29.8;29.8;26.73;0;stock;25.02;6.82;27.92;6.74;55.44;ESTAVEL
2005-06-17;1118966400000;MNDL3.SA;29.8;29.8;29.8;29.8;26.73;0;stock;25.04;6.75;27.94;6.66;55.44;ESTAVEL
2005-06-20;1119225600000;MNDL3.SA;29.8;29.8;29.8;29.8;26.73;0;stock;25.06;6.68;27.96;6.59;55.44;ESTAVEL
2005-06-21;1119312000000;MNDL3.SA;29.8;29.8;29.8;29.8;26.73;0;stock;25.07;6.61;27.98;6.52;55.44;ESTAVEL
2005-06-22;1119398400000;MNDL3.SA;29.8;29.8;29.8;29.8;26.73;0;stock;25.09;6.54;27.99;6.45;55.44;ESTAVEL
2005-06-23;1119484800000;MNDL3.SA;29.8;29.8;29.8;29.8;26.73;4;stock;25.11;6.47;28.01;6.39;55.44;ESTAVEL
2005-06-24;1119571200000;MNDL3.SA;29.6;29.8;29.6;29.8;26.73;49;stock;25.12;6.4;28.03;6.32;55.44;ESTAVEL
2005-06-27;1119830400000;MNDL3.SA;29.8;29.8;29.8;29.8;26.73;0;stock;25.14;6.33;28.05;6.25;55.44;ESTAVEL
2005-06-28;1119916800000;MNDL3.SA;29.8;29.8;29.8;29.8;26.73;0;stock;25.15;6.27;28.06;6.19;55.44;ESTAVEL
2005-06-29;1120003200000;MNDL3.SA;29.8;29.8;29.8;29.8;26.73;0;stock;25.17;6.2;28.08;6.12;55.44;ESTAVEL
2005-06-30;1120089600000;MNDL3.SA;29.8;29.8;29.8;29.8;26.73;0;stock;25.18;6.13;28.1;6.06;55.44;ESTAVEL
2005-07-01;1120176000000;MNDL3.SA;29.8;29.8;29.8;29.8;26.73;0;stock;25.2;6.07;28.12;5.99;55.44;ESTAVEL
2005-07-04;1120435200000;MNDL3.SA;29.6;29.6;29.4;29.4;26.37;1004;stock;25.21;4.59;28.13;4.52;48.36;ESTAVEL
2005-07-05;1120521600000;MNDL3.SA;29.4;29.4;29.4;29.4;26.37;0;stock;25.22;4.55;28.14;4.47;48.36;ESTAVEL
2005-07-06;1120608000000;MNDL3.SA;29.4;29.4;29.4;29.4;26.37;0;stock;25.23;4.5;28.15;4.43;48.36;ESTAVEL
2005-07-07;1120694400000;MNDL3.SA;29.4;29.4;29.4;29.4;26.37;0;stock;25.25;4.45;28.17;4.38;48.36;ESTAVEL
2005-07-08;1120780800000;MNDL3.SA;28.0;28.0;28.0;28.0;25.11;49;stock;25.24;-0.53;28.16;-0.58;30.21;ESTAVEL
2005-07-11;1121040000000;MNDL3.SA;28.0;28.0;28.0;28.0;25.11;0;stock;25.24;-0.53;28.16;-0.58;30.21;ESTAVEL
2005-07-12;1121126400000;MNDL3.SA;28.0;28.0;28.0;28.0;25.11;0;stock;25.24;-0.52;28.16;-0.57;30.21;ESTAVEL
2005-07-13;1121212800000;MNDL3.SA;28.0;28.0;28.0;28.0;25.11;0;stock;25.24;-0.52;28.16;-0.57;30.21;ESTAVEL
2005-07-14;1121299200000;MNDL3.SA;26.2;26.2;26.2;26.2;23.5;99;stock;25.22;-6.83;28.14;-6.89;18.36;SUBIR
2005-07-15;1121385600000;MNDL3.SA;28.0;28.0;27.6;27.8;24.93;1564;stock;25.22;-1.15;28.14;-1.2;40.63;ESTAVEL
2005-07-18;1121644800000;MNDL3.SA;27.6;27.6;27.6;27.6;24.75;4;stock;25.22;-1.85;28.13;-1.89;39.18;ESTAVEL
2005-07-19;1121731200000;MNDL3.SA;27.6;27.6;27.6;27.6;24.75;0;stock;25.21;-1.83;28.13;-1.87;39.18;ESTAVEL
2005-07-20;1121817600000;MNDL3.SA;27.6;29.6;27.6;29.6;26.55;759;stock;25.22;5.25;28.14;5.19;56.98;ESTAVEL
2005-07-21;1121904000000;MNDL3.SA;28.4;29.0;28.4;29.0;26.01;324;stock;25.23;3.08;28.15;3.02;52.06;ESTAVEL
2005-07-22;1121990400000;MNDL3.SA;29.0;29.0;29.0;29.0;26.01;0;stock;25.24;3.05;28.16;2.99;52.06;ESTAVEL
2005-07-25;1122249600000;MNDL3.SA;29.0;29.0;29.0;29.0;26.01;0;stock;25.25;3.02;28.17;2.96;52.06;ESTAVEL
2005-07-26;1122336000000;MNDL3.SA;29.0;29.0;29.0;29.0;26.01;0;stock;25.26;2.99;28.17;2.93;52.06;ESTAVEL
2005-07-27;1122422400000;MNDL3.SA;29.0;29.0;29.0;29.0;26.01;0;stock;25.26;2.96;28.18;2.9;52.06;ESTAVEL
2005-07-28;1122508800000;MNDL3.SA;29.0;29.0;29.0;29.0;26.01;0;stock;25.27;2.93;28.19;2.87;52.06;ESTAVEL
2005-07-29;1122595200000;MNDL3.SA;29.0;29.0;29.0;29.0;26.01;4;stock;25.28;2.9;28.2;2.84;52.06;ESTAVEL
2005-08-01;1122854400000;MNDL3.SA;29.0;29.0;29.0;29.0;26.01;0;stock;25.29;2.87;28.21;2.81;52.06;ESTAVEL
2005-08-02;1122940800000;MNDL3.SA;29.0;29.4;29.0;29.4;26.37;844;stock;25.3;4.25;28.22;4.19;56.58;ESTAVEL
2005-08-03;1123027200000;MNDL3.SA;29.8;29.8;29.8;29.8;26.73;49;stock;25.31;5.61;28.23;5.55;60.58;ESTAVEL
2005-08-04;1123113600000;MNDL3.SA;29.8;29.8;29.8;29.8;26.73;4;stock;25.32;5.55;28.25;5.49;60.58;ESTAVEL
2005-08-05;1123200000000;MNDL3.SA;29.8;29.8;29.8;29.8;26.73;69;stock;25.34;5.49;28.27;5.43;60.58;ESTAVEL
2005-08-08;1123459200000;MNDL3.SA;29.8;29.8;29.8;29.8;26.73;0;stock;25.35;5.44;28.28;5.37;60.58;ESTAVEL
2005-08-09;1123545600000;MNDL3.SA;29.8;29.8;29.8;29.8;26.73;0;stock;25.37;5.38;28.3;5.32;60.58;ESTAVEL
2005-08-10;1123632000000;MNDL3.SA;29.8;29.8;29.8;29.8;26.73;0;stock;25.38;5.32;28.31;5.26;60.58;ESTAVEL
2005-08-11;1123718400000;MNDL3.SA;29.8;29.8;29.8;29.8;26.73;0;stock;25.39;5.27;28.33;5.21;60.58;ESTAVEL
2005-08-12;1123804800000;MNDL3.SA;29.8;29.8;29.8;29.8;26.73;0;stock;25.41;5.21;28.34;5.15;60.58;ESTAVEL
2005-08-15;1124064000000;MNDL3.SA;29.8;29.8;29.8;29.8;26.73;0;stock;25.42;5.16;28.35;5.1;60.58;ESTAVEL
2005-08-16;1124150400000;MNDL3.SA;29.8;29.8;29.8;29.8;26.73;0;stock;25.43;5.1;28.37;5.04;60.58;ESTAVEL
2005-08-17;1124236800000;MNDL3.SA;29.8;29.8;29.8;29.8;26.73;0;stock;25.45;5.05;28.38;4.99;60.58;ESTAVEL
2005-08-18;1124323200000;MNDL3.SA;29.8;29.8;29.8;29.8;26.73;0;stock;25.46;5.0;28.4;4.94;60.58;ESTAVEL
2005-08-19;1124409600000;MNDL3.SA;29.8;29.8;29.8;29.8;26.73;0;stock;25.47;4.94;28.41;4.89;60.58;ESTAVEL
2005-08-22;1124668800000;MNDL3.SA;29.2;29.6;29.2;29.6;26.55;159;stock;25.48;4.19;28.42;4.14;54.05;ESTAVEL
2005-08-23;1124755200000;MNDL3.SA;29.0;29.0;29.0;29.0;26.01;149;stock;25.49;2.05;28.43;2.01;40.09;ESTAVEL
2005-08-24;1124841600000;MNDL3.SA;29.0;29.0;29.0;29.0;26.01;64;stock;25.49;2.03;28.43;1.99;40.09;ESTAVEL
2005-08-25;1124928000000;MNDL3.SA;29.0;29.0;29.0;29.0;26.01;0;stock;25.5;2.01;28.44;1.97;40.09;ESTAVEL
2005-08-26;1125014400000;MNDL3.SA;29.0;29.0;29.0;29.0;26.01;0;stock;25.5;1.99;28.45;1.95;40.09;ESTAVEL
2005-08-29;1125273600000;MNDL3.SA;29.8;29.8;29.8;29.8;26.73;4;stock;25.51;4.76;28.46;4.71;59.06;ESTAVEL
2005-08-30;1125360000000;MNDL3.SA;29.6;29.8;29.6;29.8;26.73;1334;stock;25.53;4.72;28.47;4.66;59.06;ESTAVEL
2005-08-31;1125446400000;MNDL3.SA;29.8;29.8;29.8;29.8;26.73;0;stock;25.54;4.67;28.49;4.61;59.06;ESTAVEL
2005-09-01;1125532800000;MNDL3.SA;29.8;29.8;29.8;29.8;26.73;0;stock;25.55;4.62;28.5;4.57;59.06;ESTAVEL
2005-09-02;1125619200000;MNDL3.SA;29.8;29.8;29.8;29.8;26.73;0;stock;25.56;4.57;28.51;4.52;59.06;ESTAVEL
2005-09-05;1125878400000;MNDL3.SA;29.8;29.8;29.8;29.8;26.73;0;stock;25.57;4.52;28.52;4.47;59.06;ESTAVEL
2005-09-06;1125964800000;MNDL3.SA;29.8;29.8;29.8;29.8;26.73;0;stock;25.59;4.47;28.54;4.42;59.06;ESTAVEL
2005-09-08;1126137600000;MNDL3.SA;29.8;29.8;29.8;29.8;26.73;0;stock;25.6;4.43;28.55;4.38;59.06;ESTAVEL
2005-09-09;1126224000000;MNDL3.SA;29.8;29.8;29.0;29.0;26.01;54;stock;25.6;1.6;28.55;1.56;37.55;ESTAVEL
2005-09-12;1126483200000;MNDL3.SA;26.8;28.0;25.0;25.0;22.42;1899;stock;25.57;-12.32;28.52;-12.34;12.7;SUBIR
2005-09-13;1126569600000;MNDL3.SA;25.0;25.8;22.2;25.0;22.42;424;stock;25.54;-12.21;28.48;-12.23;12.7;SUBIR
2005-09-14;1126656000000;MNDL3.SA;26.0;26.0;24.0;25.0;22.42;654;stock;25.51;-12.1;28.45;-12.12;12.7;SUBIR
2005-09-15;1126742400000;MNDL3.SA;24.8;24.8;24.0;24.0;21.52;1584;stock;25.47;-15.5;28.4;-15.51;10.52;SUBIR
2005-09-16;1126828800000;MNDL3.SA;23.8;23.8;23.8;23.8;21.35;29;stock;25.43;-16.03;28.36;-16.08;10.17;SUBIR
2005-09-19;1127088000000;MNDL3.SA;23.8;24.0;22.6;23.0;20.63;1829;stock;25.38;-18.71;28.31;-18.74;8.81;SUBIR
2005-09-20;1127174400000;MNDL3.SA;24.0;24.0;23.0;23.0;20.63;374;stock;25.33;-18.56;28.25;-18.59;8.81;SUBIR
2005-09-21;1127260800000;MNDL3.SA;22.8;22.8;22.0;22.0;19.73;684;stock;25.28;-21.94;28.19;-21.96;7.39;SUBIR
2005-09-22;1127347200000;MNDL3.SA;22.0;25.6;22.0;25.6;22.96;859;stock;25.25;-9.08;28.17;-9.11;43.04;ESTAVEL
2005-09-23;1127433600000;MNDL3.SA;25.6;25.6;25.6;25.6;22.96;4;stock;25.23;-9.0;28.14;-9.02;43.04;ESTAVEL
2005-09-26;1127692800000;MNDL3.SA;25.6;25.6;25.6;25.6;22.96;0;stock;25.21;-8.91;28.11;-8.94;43.04;ESTAVEL
2005-09-27;1127779200000;MNDL3.SA;25.4;25.4;25.4;25.4;22.78;24;stock;25.18;-9.54;28.09;-9.57;41.92;ESTAVEL
2005-09-28;1127865600000;MNDL3.SA;25.4;25.4;25.4;25.4;22.78;0;stock;25.16;-9.46;28.06;-9.48;41.92;ESTAVEL
2005-09-29;1127952000000;MNDL3.SA;25.4;25.4;25.4;25.4;22.78;0;stock;25.14;-9.37;28.03;-9.4;41.92;ESTAVEL
2005-09-30;1128038400000;MNDL3.SA;23.2;23.2;23.2;23.2;20.81;4;stock;25.09;-17.07;27.99;-17.1;30.9;ESTAVEL
2005-10-03;1128297600000;MNDL3.SA;25.4;25.4;25.4;25.4;22.78;29;stock;25.07;-9.13;27.96;-9.16;46.15;ESTAVEL
2005-10-04;1128384000000;MNDL3.SA;23.6;23.6;23.6;23.6;21.17;169;stock;25.03;-15.42;27.92;-15.46;38.64;ESTAVEL
2005-10-05;1128470400000;MNDL3.SA;23.0;23.0;23.0;23.0;20.63;599;stock;24.99;-17.44;27.87;-17.47;36.5;ESTAVEL
2005-10-06;1128556800000;MNDL3.SA;25.2;25.2;25.2;25.2;22.6;4;stock;24.96;-9.47;27.84;-9.49;47.86;ESTAVEL
2005-10-07;1128643200000;MNDL3.SA;25.8;25.8;24.0;25.2;22.6;19;stock;24.94;-9.38;27.82;-9.4;47.86;ESTAVEL
2005-10-10;1128902400000;MNDL3.SA;25.8;25.8;25.8;25.8;23.14;4;stock;24.92;-7.15;27.8;-7.18;50.67;ESTAVEL
2005-10-11;1128988800000;MNDL3.SA;22.8;24.8;22.8;24.8;22.24;29;stock;24.89;-10.66;27.77;-10.68;46.21;ESTAVEL
2005-10-13;1129161600000;MNDL3.SA;24.8;24.8;24.8;24.8;22.24;0;stock;24.87;-10.57;27.74;-10.58;46.21;ESTAVEL
2005-10-14;1129248000000;MNDL3.SA;24.6;24.6;24.6;24.6;22.06;149;stock;24.84;-11.19;27.7;-11.21;45.28;ESTAVEL
2005-10-17;1129507200000;MNDL3.SA;24.6;24.6;24.6;24.6;22.06;0;stock;24.81;-11.09;27.67;-11.11;45.28;ESTAVEL
2005-10-18;1129593600000;MNDL3.SA;25.0;25.0;25.0;25.0;22.42;9;stock;24.79;-9.56;27.65;-9.57;47.71;ESTAVEL
2005-10-19;1129680000000;MNDL3.SA;25.0;25.0;25.0;25.0;22.42;0;stock;24.77;-9.47;27.62;-9.49;47.71;ESTAVEL
2005-10-20;1129766400000;MNDL3.SA;25.0;25.0;25.0;25.0;22.42;0;stock;24.74;-9.38;27.59;-9.4;47.71;ESTAVEL
2005-10-21;1129852800000;MNDL3.SA;23.0;24.8;23.0;23.0;20.63;254;stock;24.7;-16.48;27.55;-16.51;37.4;ESTAVEL
2005-10-24;1130112000000;MNDL3.SA;21.6;21.6;21.6;21.6;19.37;9;stock;24.65;-21.41;27.49;-21.43;32.13;ESTAVEL
2005-10-25;1130198400000;MNDL3.SA;25.6;25.6;25.6;25.6;22.96;4;stock;24.63;-6.78;27.47;-6.81;52.61;ESTAVEL
2005-10-26;1130284800000;MNDL3.SA;24.8;24.8;24.6;24.6;22.06;1049;stock;24.61;-10.35;27.44;-10.36;48.64;ESTAVEL
2005-10-27;1130371200000;MNDL3.SA;24.6;24.6;24.6;24.6;22.06;0;stock;24.58;-10.25;27.41;-10.26;48.64;ESTAVEL
2005-10-28;1130457600000;MNDL3.SA;24.6;24.6;24.6;24.6;22.06;0;stock;24.56;-10.16;27.39;-10.17;48.64;ESTAVEL
2005-10-31;1130716800000;MNDL3.SA;24.6;24.6;24.6;24.6;22.06;0;stock;24.53;-10.07;27.36;-10.08;48.64;ESTAVEL
2005-11-01;1130803200000;MNDL3.SA;24.0;24.0;24.0;24.0;21.52;49;stock;24.5;-12.16;27.32;-12.17;45.86;ESTAVEL
2005-11-03;1130976000000;MNDL3.SA;24.0;24.0;24.0;24.0;21.52;0;stock;24.47;-12.06;27.29;-12.06;45.86;ESTAVEL
2005-11-04;1131062400000;MNDL3.SA;23.8;23.8;23.8;23.8;21.35;1199;stock;24.44;-12.64;27.26;-12.68;44.92;ESTAVEL
2005-11-07;1131321600000;MNDL3.SA;23.8;23.8;23.8;23.8;21.35;0;stock;24.41;-12.53;27.22;-12.57;44.92;ESTAVEL
2005-11-08;1131408000000;MNDL3.SA;23.8;23.8;23.8;23.8;21.35;0;stock;24.38;-12.42;27.19;-12.46;44.92;ESTAVEL
2005-11-09;1131494400000;MNDL3.SA;23.8;25.2;23.0;23.0;20.63;69;stock;24.34;-15.25;27.15;-15.28;40.53;ESTAVEL
2005-11-10;1131580800000;MNDL3.SA;23.0;23.0;23.0;23.0;20.63;0;stock;24.3;-15.12;27.11;-15.15;40.53;ESTAVEL
2005-11-11;1131667200000;MNDL3.SA;23.0;23.0;23.0;23.0;20.63;0;stock;24.27;-14.99;27.06;-15.02;40.53;ESTAVEL
2005-11-14;1131926400000;MNDL3.SA;23.0;23.0;23.0;23.0;20.63;0;stock;24.23;-14.86;27.02;-14.89;40.53;ESTAVEL
2005-11-16;1132099200000;MNDL3.SA;23.0;23.0;23.0;23.0;20.63;0;stock;24.2;-14.74;26.98;-14.77;40.53;ESTAVEL
2005-11-17;1132185600000;MNDL3.SA;23.0;23.0;23.0;23.0;20.63;199;stock;24.16;-14.61;26.94;-14.64;40.53;ESTAVEL
2005-11-18;1132272000000;MNDL3.SA;23.0;23.0;23.0;23.0;20.63;0;stock;24.13;-14.49;26.91;-14.52;40.53;ESTAVEL
2005-11-21;1132531200000;MNDL3.SA;23.0;23.0;23.0;23.0;20.63;0;stock;24.09;-14.36;26.87;-14.39;40.53;ESTAVEL
2005-11-22;1132617600000;MNDL3.SA;23.0;23.0;23.0;23.0;20.63;0;stock;24.06;-14.24;26.83;-14.27;40.53;ESTAVEL
2005-11-23;1132704000000;MNDL3.SA;23.0;23.0;23.0;23.0;20.63;0;stock;24.02;-14.12;26.79;-14.15;40.53;ESTAVEL
2005-11-24;1132790400000;MNDL3.SA;23.0;23.0;23.0;23.0;20.63;0;stock;23.99;-14.0;26.75;-14.03;40.53;ESTAVEL
2005-11-25;1132876800000;MNDL3.SA;23.0;23.0;23.0;23.0;20.63;0;stock;23.95;-13.88;26.71;-13.91;40.53;ESTAVEL
2005-11-28;1133136000000;MNDL3.SA;23.0;23.0;23.0;23.0;20.63;0;stock;23.92;-13.76;26.68;-13.79;40.53;ESTAVEL
2005-11-29;1133222400000;MNDL3.SA;23.0;23.0;23.0;23.0;20.63;0;stock;23.89;-13.64;26.64;-13.67;40.53;ESTAVEL
2005-11-30;1133308800000;MNDL3.SA;23.0;23.0;23.0;23.0;20.63;0;stock;23.86;-13.52;26.61;-13.55;40.53;ESTAVEL
2005-12-01;1133395200000;MNDL3.SA;23.0;23.0;23.0;23.0;20.63;0;stock;23.82;-13.41;26.57;-13.43;40.53;ESTAVEL
2005-12-02;1133481600000;MNDL3.SA;23.0;23.0;23.0;23.0;20.63;0;stock;23.79;-13.29;26.53;-13.32;40.53;ESTAVEL
2005-12-05;1133740800000;MNDL3.SA;23.0;23.0;23.0;23.0;20.63;0;stock;23.76;-13.18;26.5;-13.2;40.53;ESTAVEL
2005-12-06;1133827200000;MNDL3.SA;25.6;25.6;25.0;25.0;22.42;999;stock;23.75;-5.59;26.48;-5.6;69.07;ESTAVEL
2005-12-07;1133913600000;MNDL3.SA;25.4;25.6;24.4;24.4;21.88;169;stock;23.73;-7.79;26.46;-7.8;59.75;ESTAVEL
2005-12-08;1134000000000;MNDL3.SA;24.4;24.4;24.4;24.4;21.88;0;stock;23.71;-7.72;26.44;-7.72;59.75;ESTAVEL
2005-12-09;1134086400000;MNDL3.SA;24.4;24.4;24.4;24.4;21.88;0;stock;23.69;-7.65;26.42;-7.65;59.75;ESTAVEL
2005-12-12;1134345600000;MNDL3.SA;24.4;24.4;24.4;24.4;21.88;0;stock;23.67;-7.58;26.4;-7.58;59.75;ESTAVEL
2005-12-13;1134432000000;MNDL3.SA;25.0;28.0;25.0;28.0;25.11;1149;stock;23.69;6.0;26.42;5.99;80.7;ESTAVEL
2005-12-14;1134518400000;MNDL3.SA;27.0;28.0;27.0;28.0;25.11;99;stock;23.7;5.94;26.43;5.93;80.7;ESTAVEL
2005-12-15;1134604800000;MNDL3.SA;26.8;26.8;24.0;24.0;21.52;114;stock;23.68;-9.13;26.41;-9.12;48.3;ESTAVEL
2005-12-16;1134691200000;MNDL3.SA;24.0;24.0;24.0;24.0;21.52;0;stock;23.66;-9.04;26.39;-9.04;48.3;ESTAVEL
2005-12-19;1134950400000;MNDL3.SA;24.0;24.0;24.0;24.0;21.52;0;stock;23.64;-8.96;26.36;-8.96;48.3;ESTAVEL
2005-12-20;1135036800000;MNDL3.SA;27.2;28.8;26.0;28.8;25.83;159;stock;23.66;9.17;26.39;9.15;67.73;ESTAVEL
2005-12-21;1135123200000;MNDL3.SA;28.0;28.0;28.0;28.0;25.11;149;stock;23.67;6.06;26.4;6.05;63.44;ESTAVEL
2005-12-22;1135209600000;MNDL3.SA;28.0;28.0;28.0;28.0;25.11;0;stock;23.69;6.0;26.42;5.99;63.44;ESTAVEL
2005-12-23;1135296000000;MNDL3.SA;28.0;28.0;28.0;28.0;25.11;0;stock;23.7;5.94;26.43;5.93;63.44;ESTAVEL
2005-12-26;1135555200000;MNDL3.SA;28.0;28.0;28.0;28.0;25.11;0;stock;23.72;5.87;26.45;5.86;63.44;ESTAVEL
2005-12-27;1135641600000;MNDL3.SA;28.0;28.0;28.0;28.0;25.11;0;stock;23.73;5.81;26.46;5.8;63.44;ESTAVEL
2005-12-28;1135728000000;MNDL3.SA;28.0;28.0;28.0;28.0;25.11;0;stock;23.74;5.75;26.48;5.74;63.44;ESTAVEL
2005-12-29;1135814400000;MNDL3.SA;27.8;27.8;27.8;27.8;24.93;24;stock;23.76;4.94;26.49;4.93;61.91;ESTAVEL
2006-01-02;1136160000000;MNDL3.SA;27.8;27.8;27.8;27.8;24.93;899;stock;23.77;4.89;26.51;4.88;61.91;ESTAVEL
2006-01-03;1136246400000;MNDL3.SA;27.8;27.8;27.8;27.8;24.93;0;stock;23.78;4.84;26.52;4.83;61.91;ESTAVEL
2006-01-04;1136332800000;MNDL3.SA;27.8;27.8;27.8;27.8;24.93;0;stock;23.79;4.79;26.53;4.78;61.91;ESTAVEL
2006-01-05;1136419200000;MNDL3.SA;27.0;27.0;27.0;27.0;24.22;299;stock;23.8;1.78;26.54;1.75;54.89;ESTAVEL
2006-01-06;1136505600000;MNDL3.SA;26.8;26.8;26.8;26.8;24.04;174;stock;23.8;1.02;26.54;0.98;53.24;ESTAVEL
2006-01-09;1136764800000;MNDL3.SA;26.8;26.8;26.8;26.8;24.04;0;stock;23.8;1.01;26.54;0.97;53.24;ESTAVEL
2006-01-10;1136851200000;MNDL3.SA;26.8;26.8;26.8;26.8;24.04;0;stock;23.8;1.0;26.54;0.96;53.24;ESTAVEL
2006-01-11;1136937600000;MNDL3.SA;24.2;24.2;24.0;24.0;21.52;224;stock;23.78;-9.5;26.52;-9.5;34.91;ESTAVEL
2006-01-12;1137024000000;MNDL3.SA;23.2;23.2;20.8;21.4;19.19;614;stock;23.73;-19.15;26.47;-19.15;26.0;SUBIR
2006-01-13;1137110400000;MNDL3.SA;21.4;21.4;21.4;21.4;19.19;0;stock;23.69;-18.99;26.42;-18.99;26.0;SUBIR
2006-01-16;1137369600000;MNDL3.SA;25.0;26.8;25.0;26.8;24.04;14;stock;23.69;1.47;26.42;1.43;54.22;ESTAVEL
2006-01-17;1137456000000;MNDL3.SA;26.8;26.8;26.8;26.8;24.04;0;stock;23.7;1.45;26.43;1.42;54.22;ESTAVEL
2006-01-18;1137542400000;MNDL3.SA;26.8;26.8;26.8;26.8;24.04;0;stock;23.7;1.44;26.43;1.4;54.22;ESTAVEL
2006-01-19;1137628800000;MNDL3.SA;26.8;26.8;26.8;26.8;24.04;0;stock;23.7;1.42;26.43;1.39;54.22;ESTAVEL
2006-01-20;1137715200000;MNDL3.SA;26.8;26.8;26.8;26.8;24.04;0;stock;23.71;1.41;26.44;1.38;54.22;ESTAVEL
2006-01-23;1137974400000;MNDL3.SA;21.0;26.2;21.0;26.2;23.5;14;stock;23.7;-0.86;26.43;-0.88;51.08;ESTAVEL
2006-01-24;1138060800000;MNDL3.SA;26.2;26.2;26.2;26.2;23.5;0;stock;23.7;-0.85;26.43;-0.88;51.08;ESTAVEL
2006-01-25;1138147200000;MNDL3.SA;26.2;26.2;26.2;26.2;23.5;0;stock;23.7;-0.84;26.43;-0.87;51.08;ESTAVEL
2006-01-26;1138233600000;MNDL3.SA;26.2;26.2;26.2;26.2;23.5;0;stock;23.7;-0.84;26.43;-0.86;51.08;ESTAVEL
2006-01-27;1138320000000;MNDL3.SA;24.2;25.6;24.0;25.6;22.96;104;stock;23.69;-3.08;26.42;-3.1;47.38;ESTAVEL
2006-01-30;1138579200000;MNDL3.SA;25.6;25.6;25.6;25.6;22.96;0;stock;23.68;-3.05;26.41;-3.07;47.38;ESTAVEL
2006-01-31;1138665600000;MNDL3.SA;25.6;25.6;25.6;25.6;22.96;0;stock;23.68;-3.03;26.4;-3.04;47.38;ESTAVEL
2006-02-01;1138752000000;MNDL3.SA;25.6;25.6;25.6;25.6;22.96;0;stock;23.67;-3.0;26.39;-3.01;47.38;ESTAVEL
2006-02-02;1138838400000;MNDL3.SA;25.6;25.6;25.6;25.6;22.96;0;stock;23.66;-2.97;26.39;-2.98;47.38;ESTAVEL
2006-02-03;1138924800000;MNDL3.SA;24.8;24.8;24.8;24.8;22.24;19;stock;23.65;-5.95;26.37;-5.96;41.58;ESTAVEL
2006-02-06;1139184000000;MNDL3.SA;24.8;24.8;24.8;24.8;22.24;0;stock;23.63;-5.9;26.36;-5.9;41.58;ESTAVEL
2006-02-07;1139270400000;MNDL3.SA;25.4;25.4;25.4;25.4;22.78;999;stock;23.63;-3.58;26.35;-3.59;47.2;ESTAVEL
2006-02-08;1139356800000;MNDL3.SA;25.4;25.4;24.0;24.0;21.52;164;stock;23.6;-8.83;26.32;-8.82;38.01;ESTAVEL
2006-02-09;1139443200000;MNDL3.SA;24.0;24.0;24.0;24.0;21.52;0;stock;23.58;-8.75;26.3;-8.74;38.01;ESTAVEL
2006-02-10;1139529600000;MNDL3.SA;23.0;23.0;22.8;22.8;20.45;154;stock;23.55;-13.17;26.26;-13.19;31.89;ESTAVEL
2006-02-13;1139788800000;MNDL3.SA;23.4;23.4;23.4;23.4;20.99;899;stock;23.53;-10.78;26.24;-10.81;37.37;ESTAVEL
2006-02-14;1139875200000;MNDL3.SA;23.4;23.4;23.4;23.4;20.99;0;stock;23.5;-10.69;26.21;-10.71;37.37;ESTAVEL
2006-02-15;1139961600000;MNDL3.SA;23.4;23.4;23.4;23.4;20.99;0;stock;23.48;-10.59;26.18;-10.62;37.37;ESTAVEL
2006-02-16;1140048000000;MNDL3.SA;23.4;23.4;23.4;23.4;20.99;0;stock;23.45;-10.5;26.15;-10.52;37.37;ESTAVEL
2006-02-17;1140134400000;MNDL3.SA;23.4;23.4;23.0;23.0;20.63;44;stock;23.42;-11.93;26.12;-11.95;34.85;ESTAVEL
2006-02-20;1140393600000;MNDL3.SA;23.0;23.0;23.0;23.0;20.63;0;stock;23.4;-11.82;26.09;-11.84;34.85;ESTAVEL
2006-02-21;1140480000000;MNDL3.SA;23.0;23.0;23.0;23.0;20.63;0;stock;23.37;-11.72;26.06;-11.74;34.85;ESTAVEL
2006-02-22;1140566400000;MNDL3.SA;23.0;23.0;23.0;23.0;20.63;0;stock;23.34;-11.62;26.03;-11.64;34.85;ESTAVEL
2006-02-23;1140652800000;MNDL3.SA;23.0;23.0;23.0;23.0;20.63;2424;stock;23.31;-11.51;26.0;-11.53;34.85;ESTAVEL
2006-02-24;1140739200000;MNDL3.SA;23.0;23.0;23.0;23.0;20.63;0;stock;23.29;-11.41;25.97;-11.43;34.85;ESTAVEL
2006-02-27;1140998400000;MNDL3.SA;23.0;23.0;23.0;23.0;20.63;0;stock;23.26;-11.31;25.94;-11.33;34.85;ESTAVEL
2006-02-28;1141084800000;MNDL3.SA;23.0;23.0;23.0;23.0;20.63;0;stock;23.24;-11.21;25.91;-11.23;34.85;ESTAVEL
2006-03-01;1141171200000;MNDL3.SA;23.0;23.0;23.0;23.0;20.63;0;stock;23.21;-11.11;25.88;-11.13;34.85;ESTAVEL
2006-03-02;1141257600000;MNDL3.SA;23.0;23.0;23.0;23.0;20.63;0;stock;23.18;-11.01;25.85;-11.03;34.85;ESTAVEL
2006-03-03;1141344000000;MNDL3.SA;23.0;23.0;23.0;23.0;20.63;0;stock;23.16;-10.92;25.82;-10.93;34.85;ESTAVEL
2006-03-06;1141603200000;MNDL3.SA;23.0;23.0;23.0;23.0;20.63;0;stock;23.13;-10.82;25.8;-10.84;34.85;ESTAVEL
2006-03-07;1141689600000;MNDL3.SA;23.0;23.0;23.0;23.0;20.63;0;stock;23.11;-10.72;25.77;-10.74;34.85;ESTAVEL
2006-03-08;1141776000000;MNDL3.SA;22.8;22.8;22.8;22.8;20.45;149;stock;23.08;-11.4;25.74;-11.42;32.03;ESTAVEL
2006-03-09;1141862400000;MNDL3.SA;23.0;23.0;23.0;23.0;20.63;99;stock;23.06;-10.53;25.71;-10.54;37.48;ESTAVEL
2006-03-10;1141948800000;MNDL3.SA;23.0;23.0;23.0;23.0;20.63;49;stock;23.03;-10.43;25.68;-10.45;37.48;ESTAVEL
2006-03-13;1142208000000;MNDL3.SA;23.0;25.8;23.0;25.8;23.14;74;stock;23.03;0.46;25.69;0.45;72.8;ESTAVEL
2006-03-14;1142294400000;MNDL3.SA;25.8;25.8;25.8;25.8;23.14;0;stock;23.04;0.46;25.69;0.44;72.8;ESTAVEL
2006-03-15;1142380800000;MNDL3.SA;25.8;25.8;25.8;25.8;23.14;0;stock;23.04;0.45;25.69;0.44;72.8;ESTAVEL
2006-03-16;1142467200000;MNDL3.SA;25.8;25.8;25.8;25.8;23.14;0;stock;23.04;0.45;25.69;0.43;72.8;ESTAVEL
2006-03-17;1142553600000;MNDL3.SA;25.8;25.8;25.8;25.8;23.14;0;stock;23.04;0.44;25.69;0.43;72.8;ESTAVEL
2006-03-20;1142812800000;MNDL3.SA;25.6;25.6;25.6;25.6;22.96;24;stock;23.04;-0.34;25.69;-0.35;68.76;ESTAVEL
2006-03-21;1142899200000;MNDL3.SA;25.6;25.6;25.6;25.6;22.96;0;stock;23.04;-0.33;25.69;-0.34;68.76;ESTAVEL
2006-03-22;1142985600000;MNDL3.SA;25.8;28.2;25.8;28.2;25.29;49;stock;23.06;9.67;25.71;9.67;82.95;ESTAVEL
2006-03-23;1143072000000;MNDL3.SA;28.2;28.2;28.2;28.2;25.29;0;stock;23.08;9.57;25.74;9.57;82.95;ESTAVEL
2006-03-24;1143158400000;MNDL3.SA;28.2;28.2;28.2;28.2;25.29;0;stock;23.1;9.47;25.76;9.46;82.95;ESTAVEL
2006-03-27;1143417600000;MNDL3.SA;24.2;24.2;24.2;24.2;21.7;49;stock;23.09;-6.02;25.75;-6.01;44.26;ESTAVEL
2006-03-28;1143504000000;MNDL3.SA;24.0;24.0;24.0;24.0;21.52;49;stock;23.07;-6.73;25.73;-6.72;43.18;ESTAVEL
2006-03-29;1143590400000;MNDL3.SA;23.0;23.0;23.0;23.0;20.63;49;stock;23.05;-10.5;25.7;-10.51;38.18;ESTAVEL
2006-03-30;1143676800000;MNDL3.SA;23.0;23.0;23.0;23.0;20.63;0;stock;23.03;-10.4;25.68;-10.42;38.18;ESTAVEL
2006-03-31;1143763200000;MNDL3.SA;23.0;23.4;23.0;23.2;20.81;1899;stock;23.0;-9.53;25.65;-9.55;39.81;ESTAVEL
2006-04-03;1144022400000;MNDL3.SA;23.2;23.2;23.2;23.2;20.81;0;stock;22.98;-9.45;25.63;-9.47;39.81;ESTAVEL
2006-04-04;1144108800000;MNDL3.SA;23.0;23.0;23.0;23.0;20.63;149;stock;22.96;-10.14;25.6;-10.16;38.63;ESTAVEL
2006-04-05;1144195200000;MNDL3.SA;22.0;22.0;22.0;22.0;19.73;399;stock;22.93;-13.94;25.56;-13.94;33.3;ESTAVEL
2006-04-06;1144281600000;MNDL3.SA;22.0;22.0;22.0;22.0;19.73;0;stock;22.89;-13.82;25.53;-13.82;33.3;ESTAVEL
2006-04-07;1144368000000;MNDL3.SA;22.0;22.0;21.4;21.4;19.19;709;stock;22.86;-16.04;25.49;-16.04;30.38;ESTAVEL
2006-04-10;1144627200000;MNDL3.SA;21.4;21.4;21.4;21.4;19.19;0;stock;22.82;-15.91;25.45;-15.9;30.38;ESTAVEL
2006-04-11;1144713600000;MNDL3.SA;22.4;22.4;22.2;22.2;19.91;249;stock;22.79;-12.64;25.41;-12.65;38.69;ESTAVEL
2006-04-12;1144800000000;MNDL3.SA;22.2;22.2;22.2;22.2;19.91;0;stock;22.76;-12.53;25.38;-12.54;38.69;ESTAVEL
2006-04-13;1144886400000;MNDL3.SA;22.2;22.2;22.2;22.2;19.91;0;stock;22.73;-12.42;25.35;-12.43;38.69;ESTAVEL
2006-04-14;1144972800000;MNDL3.SA;22.2;22.2;22.2;22.2;19.91;0;stock;22.71;-12.32;25.32;-12.32;38.69;ESTAVEL
2006-04-17;1145232000000;MNDL3.SA;22.0;22.0;22.0;22.0;19.73;19;stock;22.68;-13.0;25.29;-13.0;37.2;ESTAVEL
2006-04-18;1145318400000;MNDL3.SA;21.6;21.6;21.6;21.6;19.37;349;stock;22.64;-14.46;25.25;-14.46;34.34;ESTAVEL
2006-04-19;1145404800000;MNDL3.SA;22.2;23.0;22.2;23.0;20.63;354;stock;22.62;-8.81;25.23;-8.83;49.07;ESTAVEL
2006-04-20;1145491200000;MNDL3.SA;23.0;23.0;23.0;23.0;20.63;0;stock;22.6;-8.73;25.21;-8.75;49.07;ESTAVEL
2006-04-21;1145577600000;MNDL3.SA;23.0;23.0;23.0;23.0;20.63;0;stock;22.58;-8.65;25.18;-8.67;49.07;ESTAVEL
2006-04-24;1145836800000;MNDL3.SA;25.4;26.0;25.4;26.0;23.32;1329;stock;22.59;3.22;25.19;3.21;68.13;ESTAVEL
2006-04-25;1145923200000;MNDL3.SA;25.0;27.4;25.0;26.0;23.32;1054;stock;22.6;3.19;25.2;3.18;68.13;ESTAVEL
2006-04-26;1146009600000;MNDL3.SA;27.4;27.4;26.0;26.0;23.32;54;stock;22.61;3.16;25.21;3.14;68.13;ESTAVEL
2006-04-27;1146096000000;MNDL3.SA;25.8;27.4;25.8;27.4;24.57;714;stock;22.63;8.59;25.23;8.6;73.81;ESTAVEL
2006-04-28;1146182400000;MNDL3.SA;27.0;27.2;27.0;27.0;24.22;2249;stock;22.64;6.97;25.25;6.94;70.05;ESTAVEL
2006-05-01;1146441600000;MNDL3.SA;27.0;27.0;27.0;27.0;24.22;0;stock;22.66;6.9;25.26;6.87;70.05;ESTAVEL
2006-05-02;1146528000000;MNDL3.SA;27.0;27.0;27.0;27.0;24.22;0;stock;22.67;6.82;25.28;6.8;70.05;ESTAVEL
2006-05-03;1146614400000;MNDL3.SA;27.4;27.4;25.4;27.0;24.22;109;stock;22.69;6.75;25.3;6.72;70.05;ESTAVEL
2006-05-04;1146700800000;MNDL3.SA;27.0;27.0;27.0;27.0;24.22;0;stock;22.7;6.68;25.32;6.65;70.05;ESTAVEL
2006-05-05;1146787200000;MNDL3.SA;26.0;26.4;26.0;26.4;23.68;999;stock;22.71;4.26;25.33;4.24;62.87;ESTAVEL
2006-05-08;1147046400000;MNDL3.SA;27.4;27.4;27.4;27.4;24.57;4;stock;22.73;8.09;25.35;8.1;68.58;ESTAVEL
2006-05-09;1147132800000;MNDL3.SA;25.0;27.4;25.0;27.4;24.57;756;stock;22.75;8.0;25.37;8.01;68.58;ESTAVEL
2006-05-10;1147219200000;MNDL3.SA;25.8;25.8;24.0;24.0;21.52;1104;stock;22.74;-5.36;25.35;-5.34;42.56;ESTAVEL
2006-05-11;1147305600000;MNDL3.SA;26.0;26.0;23.2;24.0;21.52;149;stock;22.73;-5.31;25.34;-5.29;42.56;ESTAVEL
2006-05-12;1147392000000;MNDL3.SA;26.0;27.4;23.4;23.4;20.99;6659;stock;22.71;-7.57;25.32;-7.59;39.54;ESTAVEL
2006-05-15;1147651200000;MNDL3.SA;23.4;23.4;23.4;23.4;20.99;0;stock;22.69;-7.5;25.3;-7.52;39.54;ESTAVEL
2006-05-16;1147737600000;MNDL3.SA;27.2;27.4;26.4;27.4;24.57;710;stock;22.71;8.19;25.32;8.2;61.15;ESTAVEL
2006-05-17;1147824000000;MNDL3.SA;27.0;27.0;23.0;26.4;23.68;857;stock;22.72;4.23;25.33;4.21;55.81;ESTAVEL
2006-05-18;1147910400000;MNDL3.SA;26.4;26.4;26.4;26.4;23.68;0;stock;22.73;4.18;25.34;4.17;55.81;ESTAVEL
2006-05-19;1147996800000;MNDL3.SA;26.4;26.4;26.4;26.4;23.68;0;stock;22.74;4.14;25.35;4.12;55.81;ESTAVEL
2006-05-22;1148256000000;MNDL3.SA;22.0;26.0;22.0;26.0;23.32;554;stock;22.74;2.53;25.36;2.52;53.45;ESTAVEL
2006-05-23;1148342400000;MNDL3.SA;26.0;26.0;26.0;26.0;23.32;0;stock;22.75;2.5;25.37;2.49;53.45;ESTAVEL
2006-05-24;1148428800000;MNDL3.SA;26.0;26.0;26.0;26.0;23.32;0;stock;22.76;2.48;25.37;2.47;53.45;ESTAVEL
2006-05-25;1148515200000;MNDL3.SA;26.0;26.0;26.0;26.0;23.32;0;stock;22.76;2.45;25.38;2.44;53.45;ESTAVEL
2006-05-26;1148601600000;MNDL3.SA;25.0;26.0;25.0;26.0;23.32;1249;stock;22.77;2.43;25.39;2.42;53.45;ESTAVEL
2006-05-29;1148860800000;MNDL3.SA;26.0;26.0;26.0;26.0;23.32;0;stock;22.77;2.4;25.39;2.39;53.45;ESTAVEL
2006-05-30;1148947200000;MNDL3.SA;26.0;26.0;26.0;26.0;23.32;0;stock;22.78;2.38;25.4;2.37;53.45;ESTAVEL
2006-05-31;1149033600000;MNDL3.SA;24.6;25.0;24.6;25.0;22.42;1962;stock;22.77;-1.56;25.39;-1.55;45.4;ESTAVEL
2006-06-01;1149120000000;MNDL3.SA;25.0;25.0;25.0;25.0;22.42;0;stock;22.77;-1.54;25.39;-1.54;45.4;ESTAVEL
2006-06-02;1149206400000;MNDL3.SA;25.0;25.0;25.0;25.0;22.42;0;stock;22.77;-1.53;25.39;-1.52;45.4;ESTAVEL
2006-06-05;1149465600000;MNDL3.SA;25.0;25.0;25.0;25.0;22.42;0;stock;22.76;-1.51;25.38;-1.51;45.4;ESTAVEL
2006-06-06;1149552000000;MNDL3.SA;24.0;24.0;24.0;24.0;21.52;1499;stock;22.75;-5.41;25.37;-5.4;37.74;ESTAVEL
2006-06-07;1149638400000;MNDL3.SA;24.0;24.0;24.0;24.0;21.52;0;stock;22.74;-5.36;25.36;-5.35;37.74;ESTAVEL
2006-06-08;1149724800000;MNDL3.SA;24.0;24.0;24.0;24.0;21.52;0;stock;22.73;-5.31;25.34;-5.3;37.74;ESTAVEL
2006-06-09;1149811200000;MNDL3.SA;22.0;24.0;22.0;24.0;21.52;280;stock;22.72;-5.26;25.33;-5.25;37.74;ESTAVEL
2006-06-12;1150070400000;MNDL3.SA;24.0;24.0;24.0;24.0;21.52;0;stock;22.7;-5.21;25.32;-5.2;37.74;ESTAVEL
2006-06-13;1150156800000;MNDL3.SA;24.0;24.0;24.0;24.0;21.52;0;stock;22.69;-5.16;25.3;-5.15;37.74;ESTAVEL
2006-06-14;1150243200000;MNDL3.SA;20.4;23.8;20.2;23.8;21.35;136;stock;22.68;-5.86;25.29;-5.88;35.96;ESTAVEL
2006-06-15;1150329600000;MNDL3.SA;23.8;23.8;23.8;23.8;21.35;0;stock;22.66;-5.8;25.27;-5.83;35.96;ESTAVEL
2006-06-16;1150416000000;MNDL3.SA;23.8;23.8;20.2;20.2;18.12;5;stock;22.62;-19.89;25.22;-19.91;17.6;SUBIR
2006-06-19;1150675200000;MNDL3.SA;23.0;23.8;23.0;23.8;21.35;5;stock;22.61;-5.56;25.21;-5.59;46.83;ESTAVEL
2006-06-20;1150761600000;MNDL3.SA;23.8;23.8;23.8;23.8;21.35;0;stock;22.59;-5.51;25.19;-5.53;46.83;ESTAVEL
2006-06-21;1150848000000;MNDL3.SA;22.8;23.0;22.8;23.0;20.63;170;stock;22.58;-8.62;25.17;-8.63;42.9;ESTAVEL
2006-06-22;1150934400000;MNDL3.SA;23.0;23.0;23.0;23.0;20.63;0;stock;22.56;-8.54;25.15;-8.55;42.9;ESTAVEL
2006-06-23;1151020800000;MNDL3.SA;23.0;23.0;22.8;22.8;20.45;5;stock;22.53;-9.25;25.13;-9.26;41.88;ESTAVEL
2006-06-26;1151280000000;MNDL3.SA;22.8;22.8;22.8;22.8;20.45;0;stock;22.51;-9.17;25.1;-9.18;41.88;ESTAVEL
2006-06-27;1151366400000;MNDL3.SA;23.0;23.0;23.0;23.0;20.63;24;stock;22.5;-8.29;25.08;-8.3;43.44;ESTAVEL
2006-06-28;1151452800000;MNDL3.SA;23.0;23.0;23.0;23.0;20.63;0;stock;22.48;-8.22;25.06;-8.23;43.44;ESTAVEL
2006-06-29;1151539200000;MNDL3.SA;23.0;23.8;23.0;23.0;20.63;259;stock;22.46;-8.14;25.04;-8.15;43.44;ESTAVEL
2006-06-30;1151625600000;MNDL3.SA;23.6;23.8;23.6;23.8;21.35;1769;stock;22.45;-4.89;25.03;-4.91;50.12;ESTAVEL
2006-07-03;1151884800000;MNDL3.SA;23.8;23.8;23.8;23.8;21.35;0;stock;22.44;-4.84;25.02;-4.87;50.12;ESTAVEL
2006-07-04;1151971200000;MNDL3.SA;23.8;24.0;23.6;23.6;21.17;874;stock;22.42;-5.59;25.0;-5.61;48.46;ESTAVEL
2006-07-05;1152057600000;MNDL3.SA;24.0;25.8;24.0;24.0;21.52;2414;stock;22.41;-3.99;24.99;-3.97;51.81;ESTAVEL
2006-07-06;1152144000000;MNDL3.SA;24.0;24.0;24.0;24.0;21.52;0;stock;22.41;-3.95;24.98;-3.94;51.81;ESTAVEL
2006-07-07;1152230400000;MNDL3.SA;24.0;24.0;24.0;24.0;21.52;0;stock;22.4;-3.92;24.97;-3.9;51.81;ESTAVEL
2006-07-10;1152489600000;MNDL3.SA;24.0;24.0;24.0;24.0;21.52;0;stock;22.39;-3.88;24.96;-3.86;51.81;ESTAVEL
2006-07-11;1152576000000;MNDL3.SA;25.0;25.0;24.0;24.0;21.52;89;stock;22.38;-3.84;24.95;-3.82;51.81;ESTAVEL
2006-07-12;1152662400000;MNDL3.SA;25.0;25.0;23.0;24.0;21.52;301;stock;22.37;-3.8;24.94;-3.79;51.81;ESTAVEL
2006-07-13;1152748800000;MNDL3.SA;24.0;24.0;23.0;23.0;20.63;119;stock;22.35;-7.71;24.93;-7.72;41.2;ESTAVEL
2006-07-14;1152835200000;MNDL3.SA;23.0;23.0;23.0;23.0;20.63;0;stock;22.34;-7.64;24.91;-7.65;41.2;ESTAVEL
2006-07-17;1153094400000;MNDL3.SA;23.0;23.0;23.0;23.0;20.63;0;stock;22.32;-7.57;24.89;-7.58;41.2;ESTAVEL
2006-07-18;1153180800000;MNDL3.SA;24.0;24.0;24.0;24.0;21.52;249;stock;22.31;-3.55;24.88;-3.53;53.17;ESTAVEL
2006-07-19;1153267200000;MNDL3.SA;24.0;24.0;24.0;24.0;21.52;0;stock;22.3;-3.51;24.87;-3.5;53.17;ESTAVEL
2006-07-20;1153353600000;MNDL3.SA;24.0;24.0;24.0;24.0;21.52;0;stock;22.3;-3.48;24.86;-3.46;53.17;ESTAVEL
2006-07-21;1153440000000;MNDL3.SA;24.0;24.0;24.0;24.0;21.52;0;stock;22.29;-3.45;24.85;-3.43;53.17;ESTAVEL
2006-07-24;1153699200000;MNDL3.SA;23.0;24.0;23.0;24.0;21.52;68;stock;22.28;-3.41;24.84;-3.4;53.17;ESTAVEL
2006-07-25;1153785600000;MNDL3.SA;24.0;24.0;24.0;24.0;21.52;0;stock;22.27;-3.38;24.84;-3.36;53.17;ESTAVEL
2006-07-26;1153872000000;MNDL3.SA;24.0;24.0;24.0;24.0;21.52;0;stock;22.27;-3.35;24.83;-3.33;53.17;ESTAVEL
2006-07-27;1153958400000;MNDL3.SA;23.0;23.0;23.0;23.0;20.63;549;stock;22.25;-7.28;24.81;-7.29;39.62;ESTAVEL
2006-07-28;1154044800000;MNDL3.SA;23.0;23.0;23.0;23.0;20.63;89;stock;22.23;-7.21;24.79;-7.22;39.62;ESTAVEL
2006-07-31;1154304000000;MNDL3.SA;24.4;24.4;23.0;23.0;20.63;2830;stock;22.22;-7.14;24.77;-7.16;39.62;ESTAVEL
2006-08-01;1154390400000;MNDL3.SA;24.0;24.4;24.0;24.4;21.88;311;stock;22.21;-1.5;24.77;-1.49;58.28;ESTAVEL
2006-08-02;1154476800000;MNDL3.SA;23.0;24.0;23.0;24.0;21.52;523;stock;22.21;-3.09;24.76;-3.08;53.18;ESTAVEL
2006-08-03;1154563200000;MNDL3.SA;26.0;26.0;23.0;23.0;20.63;32;stock;22.19;-7.04;24.74;-7.05;43.14;ESTAVEL
2006-08-04;1154649600000;MNDL3.SA;23.0;23.0;23.0;23.0;20.63;0;stock;22.18;-6.97;24.73;-6.98;43.14;ESTAVEL
2006-08-07;1154908800000;MNDL3.SA;23.0;23.0;23.0;23.0;20.63;0;stock;22.16;-6.91;24.71;-6.92;43.14;ESTAVEL
2006-08-08;1154995200000;MNDL3.SA;23.0;23.0;23.0;23.0;20.63;0;stock;22.15;-6.84;24.69;-6.86;43.14;ESTAVEL
2006-08-09;1155081600000;MNDL3.SA;23.0;23.0;23.0;23.0;20.63;0;stock;22.13;-6.78;24.68;-6.79;43.14;ESTAVEL
2006-08-10;1155168000000;MNDL3.SA;23.0;23.0;23.0;23.0;20.63;0;stock;22.12;-6.72;24.66;-6.73;43.14;ESTAVEL
2006-08-11;1155254400000;MNDL3.SA;23.0;23.0;23.0;23.0;20.63;0;stock;22.1;-6.65;24.64;-6.67;43.14;ESTAVEL
2006-08-14;1155513600000;MNDL3.SA;23.0;23.0;23.0;23.0;20.63;0;stock;22.09;-6.59;24.63;-6.6;43.14;ESTAVEL
2006-08-15;1155600000000;MNDL3.SA;23.0;23.0;23.0;23.0;20.63;0;stock;22.07;-6.53;24.61;-6.54;43.14;ESTAVEL
2006-08-16;1155686400000;MNDL3.SA;23.0;23.0;23.0;23.0;20.63;0;stock;22.06;-6.47;24.59;-6.48;43.14;ESTAVEL
2006-08-17;1155772800000;MNDL3.SA;23.0;23.0;23.0;23.0;20.63;0;stock;22.04;-6.41;24.58;-6.42;43.14;ESTAVEL
2006-08-18;1155859200000;MNDL3.SA;23.0;23.0;23.0;23.0;20.63;0;stock;22.03;-6.35;24.56;-6.36;43.14;ESTAVEL
2006-08-21;1156118400000;MNDL3.SA;23.0;23.0;23.0;23.0;20.63;0;stock;22.01;-6.29;24.55;-6.3;43.14;ESTAVEL
2006-08-22;1156204800000;MNDL3.SA;23.0;23.0;23.0;23.0;20.63;0;stock;22.0;-6.23;24.53;-6.24;43.14;ESTAVEL
2006-08-23;1156291200000;MNDL3.SA;24.0;26.0;24.0;26.0;23.32;149;stock;22.01;5.93;24.55;5.92;78.22;ESTAVEL
2006-08-24;1156377600000;MNDL3.SA;26.0;26.0;26.0;26.0;23.32;0;stock;22.03;5.87;24.56;5.86;78.22;ESTAVEL
2006-08-25;1156464000000;MNDL3.SA;26.0;26.0;26.0;26.0;23.32;0;stock;22.04;5.81;24.58;5.8;78.22;ESTAVEL
2006-08-28;1156723200000;MNDL3.SA;26.0;26.0;26.0;26.0;23.32;0;stock;22.05;5.75;24.59;5.74;78.22;ESTAVEL
2006-08-29;1156809600000;MNDL3.SA;26.0;26.0;26.0;26.0;23.32;0;stock;22.07;5.69;24.6;5.68;78.22;ESTAVEL
2006-08-30;1156896000000;MNDL3.SA;26.0;26.0;26.0;26.0;23.32;0;stock;22.08;5.63;24.62;5.62;78.22;ESTAVEL
2006-08-31;1156982400000;MNDL3.SA;25.6;25.8;25.6;25.8;23.14;2944;stock;22.09;4.76;24.63;4.75;73.49;ESTAVEL
2006-09-01;1157068800000;MNDL3.SA;25.8;25.8;25.8;25.8;23.14;0;stock;22.1;4.71;24.64;4.71;73.49;ESTAVEL
2006-09-04;1157328000000;MNDL3.SA;27.2;27.2;26.0;26.0;23.32;54;stock;22.11;5.47;24.65;5.46;75.23;ESTAVEL
2006-09-05;1157414400000;MNDL3.SA;26.0;26.0;26.0;26.0;23.32;0;stock;22.12;5.41;24.67;5.4;75.23;ESTAVEL
2006-09-06;1157500800000;MNDL3.SA;26.0;26.0;26.0;26.0;23.32;694;stock;22.13;5.35;24.68;5.35;75.23;ESTAVEL
2006-09-07;1157587200000;MNDL3.SA;26.0;26.0;26.0;26.0;23.32;0;stock;22.15;5.3;24.69;5.29;75.23;ESTAVEL
2006-09-08;1157673600000;MNDL3.SA;26.0;26.0;26.0;26.0;23.32;0;stock;22.16;5.24;24.71;5.23;75.23;ESTAVEL
2006-09-11;1157932800000;MNDL3.SA;26.0;26.0;26.0;26.0;23.32;0;stock;22.17;5.19;24.72;5.18;75.23;ESTAVEL
2006-09-12;1158019200000;MNDL3.SA;30.0;30.0;30.0;30.0;26.91;1049;stock;22.22;21.12;24.77;21.1;91.85;CAIR
2006-09-13;1158105600000;MNDL3.SA;28.8;28.8;28.8;28.8;25.83;149;stock;22.25;16.07;24.81;16.07;75.45;CAIR
2006-09-14;1158192000000;MNDL3.SA;28.8;28.8;28.8;28.8;25.83;0;stock;22.29;15.89;24.85;15.89;75.45;CAIR
2006-09-15;1158278400000;MNDL3.SA;28.8;28.8;28.8;28.8;25.83;0;stock;22.32;15.71;24.89;15.7;75.45;CAIR
2006-09-18;1158537600000;MNDL3.SA;28.8;28.8;28.8;28.8;25.83;0;stock;22.36;15.53;24.93;15.52;75.45;CAIR
2006-09-19;1158624000000;MNDL3.SA;28.8;28.8;28.8;28.8;25.83;0;stock;22.39;15.35;24.97;15.34;75.45;CAIR
2006-09-20;1158710400000;MNDL3.SA;28.8;28.8;28.8;28.8;25.83;0;stock;22.43;15.17;25.01;15.17;75.45;CAIR
2006-09-21;1158796800000;MNDL3.SA;28.8;28.8;28.8;28.8;25.83;0;stock;22.46;15.0;25.04;14.99;75.45;CAIR
2006-09-22;1158883200000;MNDL3.SA;26.0;26.0;26.0;26.0;23.32;24;stock;22.47;3.78;25.05;3.78;44.45;ESTAVEL
2006-09-25;1159142400000;MNDL3.SA;26.0;26.0;26.0;26.0;23.32;0;stock;22.48;3.74;25.06;3.74;44.45;ESTAVEL
2006-09-26;1159228800000;MNDL3.SA;26.0;26.0;26.0;26.0;23.32;624;stock;22.49;3.71;25.07;3.7;44.45;ESTAVEL
2006-09-27;1159315200000;MNDL3.SA;26.0;26.0;26.0;26.0;23.32;99;stock;22.5;3.67;25.08;3.66;44.45;ESTAVEL
2006-09-28;1159401600000;MNDL3.SA;26.0;26.0;26.0;26.0;23.32;0;stock;22.5;3.63;25.09;3.62;44.45;ESTAVEL
2006-09-29;1159488000000;MNDL3.SA;26.0;26.0;26.0;26.0;23.32;1499;stock;22.51;3.59;25.1;3.58;44.45;ESTAVEL
2006-10-02;1159747200000;MNDL3.SA;25.0;25.0;25.0;25.0;22.42;9;stock;22.51;-0.4;25.1;-0.4;36.15;ESTAVEL
2006-10-03;1159833600000;MNDL3.SA;25.0;25.0;25.0;25.0;22.42;0;stock;22.51;-0.4;25.1;-0.39;36.15;ESTAVEL
2006-10-04;1159920000000;MNDL3.SA;25.0;25.0;25.0;25.0;22.42;0;stock;22.51;-0.39;25.1;-0.39;36.15;ESTAVEL
2006-10-05;1160006400000;MNDL3.SA;25.0;25.0;25.0;25.0;22.42;4;stock;22.51;-0.39;25.1;-0.38;36.15;ESTAVEL
2006-10-06;1160092800000;MNDL3.SA;25.0;25.0;25.0;25.0;22.42;0;stock;22.51;-0.39;25.1;-0.38;36.15;ESTAVEL
2006-10-09;1160352000000;MNDL3.SA;25.0;25.0;25.0;25.0;22.42;0;stock;22.51;-0.38;25.09;-0.38;36.15;ESTAVEL
2006-10-10;1160438400000;MNDL3.SA;25.0;25.0;25.0;25.0;22.42;0;stock;22.51;-0.38;25.09;-0.37;36.15;ESTAVEL
2006-10-11;1160524800000;MNDL3.SA;25.0;25.0;25.0;25.0;22.42;0;stock;22.5;-0.37;25.09;-0.37;36.15;ESTAVEL
2006-10-12;1160611200000;MNDL3.SA;25.0;25.0;25.0;25.0;22.42;0;stock;22.5;-0.37;25.09;-0.37;36.15;ESTAVEL
2006-10-13;1160697600000;MNDL3.SA;25.0;25.0;25.0;25.0;22.42;0;stock;22.5;-0.37;25.09;-0.36;36.15;ESTAVEL
2006-10-16;1160956800000;MNDL3.SA;25.0;25.0;25.0;25.0;22.42;0;stock;22.5;-0.36;25.09;-0.36;36.15;ESTAVEL
2006-10-17;1161043200000;MNDL3.SA;25.0;25.0;25.0;25.0;22.42;0;stock;22.5;-0.36;25.09;-0.35;36.15;ESTAVEL
2006-10-18;1161129600000;MNDL3.SA;25.0;25.0;25.0;25.0;22.42;0;stock;22.5;-0.36;25.09;-0.35;36.15;ESTAVEL
2006-10-19;1161216000000;MNDL3.SA;25.0;25.0;25.0;25.0;22.42;0;stock;22.5;-0.35;25.09;-0.35;36.15;ESTAVEL
2006-10-20;1161302400000;MNDL3.SA;25.0;25.0;25.0;25.0;22.42;0;stock;22.5;-0.35;25.09;-0.34;36.15;ESTAVEL
2006-10-23;1161561600000;MNDL3.SA;25.0;25.0;25.0;25.0;22.42;0;stock;22.5;-0.35;25.09;-0.34;36.15;ESTAVEL
2006-10-24;1161648000000;MNDL3.SA;25.0;25.0;25.0;25.0;22.42;0;stock;22.5;-0.34;25.08;-0.34;36.15;ESTAVEL
2006-10-25;1161734400000;MNDL3.SA;25.0;25.0;25.0;25.0;22.42;0;stock;22.5;-0.34;25.08;-0.33;36.15;ESTAVEL
2006-10-26;1161820800000;MNDL3.SA;25.0;25.0;25.0;25.0;22.42;0;stock;22.5;-0.34;25.08;-0.33;36.15;ESTAVEL
2006-10-27;1161907200000;MNDL3.SA;25.0;25.0;25.0;25.0;22.42;0;stock;22.49;-0.33;25.08;-0.33;36.15;ESTAVEL
2006-10-30;1162166400000;MNDL3.SA;25.0;25.0;25.0;25.0;22.42;0;stock;22.49;-0.33;25.08;-0.32;36.15;ESTAVEL
2006-10-31;1162252800000;MNDL3.SA;25.0;25.0;25.0;25.0;22.42;1499;stock;22.49;-0.33;25.08;-0.32;36.15;ESTAVEL
2006-11-01;1162339200000;MNDL3.SA;25.0;25.0;25.0;25.0;22.42;0;stock;22.49;-0.32;25.08;-0.32;36.15;ESTAVEL
2006-11-02;1162425600000;MNDL3.SA;25.0;25.0;25.0;25.0;22.42;0;stock;22.49;-0.32;25.08;-0.31;36.15;ESTAVEL
2006-11-03;1162512000000;MNDL3.SA;25.0;25.0;25.0;25.0;22.42;0;stock;22.49;-0.32;25.08;-0.31;36.15;ESTAVEL
2006-11-06;1162771200000;MNDL3.SA;25.0;25.0;25.0;25.0;22.42;0;stock;22.49;-0.31;25.08;-0.31;36.15;ESTAVEL
2006-11-07;1162857600000;MNDL3.SA;25.0;25.0;25.0;25.0;22.42;0;stock;22.49;-0.31;25.08;-0.31;36.15;ESTAVEL
2006-11-08;1162944000000;MNDL3.SA;25.0;25.0;25.0;25.0;22.42;0;stock;22.49;-0.31;25.08;-0.3;36.15;ESTAVEL
2006-11-09;1163030400000;MNDL3.SA;25.0;25.0;25.0;25.0;22.42;0;stock;22.49;-0.3;25.08;-0.3;36.15;ESTAVEL
2006-11-10;1163116800000;MNDL3.SA;25.0;25.0;25.0;25.0;22.42;0;stock;22.49;-0.3;25.07;-0.3;36.15;ESTAVEL
2006-11-13;1163376000000;MNDL3.SA;25.0;25.0;25.0;25.0;22.42;0;stock;22.49;-0.3;25.07;-0.29;36.15;ESTAVEL
2006-11-14;1163462400000;MNDL3.SA;25.0;25.0;25.0;25.0;22.42;0;stock;22.49;-0.3;25.07;-0.29;36.15;ESTAVEL
2006-11-15;1163548800000;MNDL3.SA;25.0;25.0;25.0;25.0;22.42;0;stock;22.49;-0.29;25.07;-0.29;36.15;ESTAVEL
2006-11-16;1163635200000;MNDL3.SA;25.0;25.0;25.0;25.0;22.42;499;stock;22.49;-0.29;25.07;-0.28;36.15;ESTAVEL
2006-11-17;1163721600000;MNDL3.SA;25.0;25.0;25.0;25.0;22.42;0;stock;22.48;-0.29;25.07;-0.28;36.15;ESTAVEL
2006-11-20;1163980800000;MNDL3.SA;25.0;25.0;25.0;25.0;22.42;0;stock;22.48;-0.28;25.07;-0.28;36.15;ESTAVEL
2006-11-21;1164067200000;MNDL3.SA;25.0;25.0;25.0;25.0;22.42;0;stock;22.48;-0.28;25.07;-0.28;36.15;ESTAVEL
2006-11-22;1164153600000;MNDL3.SA;25.0;25.0;25.0;25.0;22.42;0;stock;22.48;-0.28;25.07;-0.27;36.15;ESTAVEL
2006-11-23;1164240000000;MNDL3.SA;25.0;25.0;25.0;25.0;22.42;0;stock;22.48;-0.28;25.07;-0.27;36.15;ESTAVEL
2006-11-24;1164326400000;MNDL3.SA;25.0;25.0;25.0;25.0;22.42;0;stock;22.48;-0.27;25.07;-0.27;36.15;ESTAVEL
2006-11-27;1164585600000;MNDL3.SA;27.8;27.8;27.8;27.8;24.93;249;stock;22.51;10.77;25.09;10.78;94.25;ESTAVEL
2006-11-28;1164672000000;MNDL3.SA;27.8;27.8;27.8;27.8;24.93;49;stock;22.53;10.65;25.12;10.66;94.25;ESTAVEL
2006-11-29;1164758400000;MNDL3.SA;27.8;27.8;27.8;27.8;24.93;0;stock;22.55;10.54;25.15;10.55;94.25;ESTAVEL
2006-11-30;1164844800000;MNDL3.SA;25.8;25.8;25.8;25.8;23.14;2049;stock;22.56;2.57;25.15;2.57;52.06;ESTAVEL
2006-12-01;1164931200000;MNDL3.SA;28.0;28.0;27.2;27.2;24.39;514;stock;22.58;8.03;25.17;8.04;64.13;ESTAVEL
2006-12-04;1165190400000;MNDL3.SA;27.2;27.2;27.2;27.2;24.39;0;stock;22.6;7.94;25.19;7.96;64.13;ESTAVEL
2006-12-05;1165276800000;MNDL3.SA;27.2;27.2;27.2;27.2;24.39;0;stock;22.61;7.86;25.21;7.87;64.13;ESTAVEL
2006-12-06;1165363200000;MNDL3.SA;27.2;27.2;27.2;27.2;24.39;0;stock;22.63;7.77;25.23;7.79;64.13;ESTAVEL
2006-12-07;1165449600000;MNDL3.SA;27.2;27.2;27.2;27.2;24.39;0;stock;22.65;7.69;25.25;7.7;64.13;ESTAVEL
2006-12-08;1165536000000;MNDL3.SA;27.2;27.2;27.2;27.2;24.39;0;stock;22.67;7.61;25.27;7.62;64.13;ESTAVEL
2006-12-11;1165795200000;MNDL3.SA;27.2;27.2;27.2;27.2;24.39;0;stock;22.68;7.52;25.29;7.54;64.13;ESTAVEL
2006-12-12;1165881600000;MNDL3.SA;27.2;27.2;27.2;27.2;24.39;0;stock;22.7;7.44;25.31;7.46;64.13;ESTAVEL
2006-12-13;1165968000000;MNDL3.SA;27.2;27.2;27.2;27.2;24.39;0;stock;22.72;7.36;25.33;7.38;64.13;ESTAVEL
2006-12-14;1166054400000;MNDL3.SA;27.2;27.2;27.2;27.2;24.39;0;stock;22.73;7.29;25.35;7.3;64.13;ESTAVEL
2006-12-15;1166140800000;MNDL3.SA;24.0;24.0;24.0;24.0;21.52;524;stock;22.72;-5.29;25.34;-5.27;28.98;SUBIR
2006-12-18;1166400000000;MNDL3.SA;24.0;24.0;24.0;24.0;21.52;0;stock;22.71;-5.24;25.32;-5.22;28.98;SUBIR
2006-12-19;1166486400000;MNDL3.SA;24.0;24.0;24.0;24.0;21.52;0;stock;22.7;-5.19;25.31;-5.17;28.98;SUBIR
2006-12-20;1166572800000;MNDL3.SA;24.0;24.0;24.0;24.0;21.52;0;stock;22.69;-5.14;25.3;-5.12;28.98;SUBIR
2006-12-21;1166659200000;MNDL3.SA;24.0;24.0;24.0;24.0;21.52;0;stock;22.67;-5.09;25.28;-5.08;28.98;SUBIR
2006-12-22;1166745600000;MNDL3.SA;24.0;24.0;24.0;24.0;21.52;0;stock;22.66;-5.04;25.27;-5.03;28.98;SUBIR
2006-12-26;1167091200000;MNDL3.SA;24.0;24.0;24.0;24.0;21.52;0;stock;22.65;-5.0;25.26;-4.98;28.98;SUBIR
2006-12-27;1167177600000;MNDL3.SA;24.0;24.0;24.0;24.0;21.52;0;stock;22.64;-4.95;25.25;-4.93;28.98;SUBIR
2006-12-28;1167264000000;MNDL3.SA;22.6;23.0;22.0;22.2;19.91;1754;stock;22.61;-11.95;25.22;-11.96;18.62;SUBIR
2007-01-02;1167696000000;MNDL3.SA;22.2;22.2;22.2;22.2;19.91;0;stock;22.59;-11.85;25.19;-11.85;18.62;SUBIR
2007-01-03;1167782400000;MNDL3.SA;22.2;22.2;22.2;22.2;19.91;0;stock;22.56;-11.75;25.16;-11.75;18.62;SUBIR
2007-01-04;1167868800000;MNDL3.SA;22.2;22.2;22.2;22.2;19.91;0;stock;22.53;-11.64;25.13;-11.65;18.62;SUBIR
2007-01-05;1167955200000;MNDL3.SA;23.0;23.0;23.0;23.0;20.63;99;stock;22.51;-8.37;25.1;-8.38;33.02;ESTAVEL
2007-01-08;1168214400000;MNDL3.SA;23.0;23.0;23.0;23.0;20.63;0;stock;22.5;-8.29;25.08;-8.31;33.02;ESTAVEL
2007-01-09;1168300800000;MNDL3.SA;23.0;23.0;23.0;23.0;20.63;0;stock;22.48;-8.22;25.06;-8.23;33.02;ESTAVEL
2007-01-10;1168387200000;MNDL3.SA;23.0;23.0;23.0;23.0;20.63;0;stock;22.46;-8.14;25.04;-8.16;33.02;ESTAVEL
2007-01-11;1168473600000;MNDL3.SA;23.0;23.0;23.0;23.0;20.63;0;stock;22.44;-8.07;25.02;-8.08;33.02;ESTAVEL
2007-01-12;1168560000000;MNDL3.SA;24.2;24.2;24.2;24.2;21.7;99;stock;22.43;-3.27;25.01;-3.25;51.5;ESTAVEL
2007-01-15;1168819200000;MNDL3.SA;24.2;24.2;24.2;24.2;21.7;0;stock;22.43;-3.24;25.01;-3.22;51.5;ESTAVEL
2007-01-16;1168905600000;MNDL3.SA;22.2;22.4;22.2;22.4;20.09;1099;stock;22.4;-10.32;24.98;-10.33;34.76;ESTAVEL
2007-01-17;1168992000000;MNDL3.SA;25.2;32.0;25.0;25.0;22.42;4694;stock;22.4;0.08;24.98;0.08;56.7;ESTAVEL
2007-01-18;1169078400000;MNDL3.SA;28.0;28.0;28.0;28.0;25.11;144;stock;22.43;11.95;25.01;11.95;69.46;ESTAVEL
2007-01-19;1169164800000;MNDL3.SA;26.0;26.0;24.2;24.2;21.7;344;stock;22.42;-3.22;25.0;-3.21;49.53;ESTAVEL
2007-01-22;1169424000000;MNDL3.SA;24.4;27.0;24.4;27.0;24.22;64;stock;22.44;7.93;25.02;7.9;58.91;ESTAVEL
2007-01-23;1169510400000;MNDL3.SA;28.0;28.0;28.0;28.0;25.11;9;stock;22.47;11.76;25.05;11.77;61.63;ESTAVEL
2007-01-24;1169596800000;MNDL3.SA;28.0;28.0;28.0;28.0;25.11;0;stock;22.49;11.63;25.08;11.64;61.63;ESTAVEL
2007-01-26;1169769600000;MNDL3.SA;28.0;28.0;28.0;28.0;25.11;0;stock;22.52;11.5;25.11;11.51;61.63;ESTAVEL
2007-01-29;1170028800000;MNDL3.SA;28.0;28.0;28.0;28.0;25.11;0;stock;22.54;11.38;25.14;11.38;61.63;ESTAVEL
2007-01-30;1170115200000;MNDL3.SA;26.2;28.8;26.0;28.8;25.83;534;stock;22.58;14.41;25.18;14.4;64.2;ESTAVEL
2007-01-31;1170201600000;MNDL3.SA;28.8;32.0;28.8;30.8;27.62;1934;stock;22.63;22.06;25.23;22.07;69.65;ESTAVEL
2007-02-01;1170288000000;MNDL3.SA;30.8;31.8;30.8;31.0;27.8;64;stock;22.68;22.58;25.29;22.58;70.14;CAIR
2007-02-02;1170374400000;MNDL3.SA;30.0;30.0;30.0;30.0;26.91;59;stock;22.72;18.43;25.34;18.41;64.56;ESTAVEL
2007-02-05;1170633600000;MNDL3.SA;30.0;30.0;30.0;30.0;26.91;0;stock;22.76;18.22;25.38;18.19;64.56;ESTAVEL
2007-02-06;1170720000000;MNDL3.SA;28.8;28.8;28.8;28.8;25.83;9;stock;22.79;13.32;25.42;13.31;58.07;ESTAVEL
2007-02-07;1170806400000;MNDL3.SA;28.6;28.6;25.0;25.2;22.6;229;stock;22.79;-0.84;25.41;-0.84;43.86;ESTAVEL
2007-02-08;1170892800000;MNDL3.SA;25.2;25.2;25.2;25.2;22.6;0;stock;22.79;-0.83;25.41;-0.83;43.86;ESTAVEL
2007-02-09;1170979200000;MNDL3.SA;25.2;25.2;25.2;25.2;22.6;0;stock;22.79;-0.82;25.41;-0.82;43.86;ESTAVEL
2007-02-12;1171238400000;MNDL3.SA;27.0;27.0;27.0;27.0;24.22;34;stock;22.8;6.22;25.43;6.19;51.32;ESTAVEL
2007-02-13;1171324800000;MNDL3.SA;27.2;31.6;27.0;30.4;27.26;2539;stock;22.85;19.32;25.47;19.33;61.63;ESTAVEL
2007-02-14;1171411200000;MNDL3.SA;27.2;31.6;27.0;30.4;27.26;2539;stock;22.89;19.09;25.52;19.1;61.63;ESTAVEL
2007-02-15;1171497600000;MNDL3.SA;29.0;30.0;29.0;29.0;26.01;389;stock;22.92;13.47;25.56;13.47;55.98;ESTAVEL
2007-02-16;1171584000000;MNDL3.SA;29.0;29.0;29.0;29.0;26.01;549;stock;22.95;13.32;25.59;13.31;55.98;ESTAVEL
2007-02-21;1172016000000;MNDL3.SA;29.0;29.0;29.0;29.0;26.01;0;stock;22.98;13.17;25.63;13.16;55.98;ESTAVEL
2007-02-22;1172102400000;MNDL3.SA;26.2;29.0;26.2;29.0;26.01;1474;stock;23.01;13.02;25.66;13.02;55.98;ESTAVEL
2007-02-23;1172188800000;MNDL3.SA;27.8;27.8;27.8;27.8;24.93;49;stock;23.03;8.24;25.68;8.25;50.59;ESTAVEL
2007-02-26;1172448000000;MNDL3.SA;29.4;30.0;29.4;30.0;26.91;24;stock;23.07;16.64;25.72;16.62;58.48;ESTAVEL
2007-02-27;1172534400000;MNDL3.SA;30.0;30.0;30.0;30.0;26.91;0;stock;23.11;16.45;25.77;16.43;58.48;ESTAVEL
2007-02-28;1172620800000;MNDL3.SA;28.0;28.0;27.4;27.4;24.57;614;stock;23.12;6.26;25.78;6.27;47.97;ESTAVEL
2007-03-01;1172707200000;MNDL3.SA;27.8;27.8;25.6;25.6;22.96;574;stock;23.12;-0.7;25.78;-0.7;42.34;ESTAVEL
2007-03-02;1172793600000;MNDL3.SA;25.6;25.6;25.6;25.6;22.96;514;stock;23.12;-0.69;25.78;-0.7;42.34;ESTAVEL
2007-03-05;1173052800000;MNDL3.SA;25.6;25.6;25.6;25.6;22.96;0;stock;23.12;-0.68;25.78;-0.69;42.34;ESTAVEL
2007-03-06;1173139200000;MNDL3.SA;25.6;25.6;25.6;25.6;22.96;0;stock;23.12;-0.68;25.78;-0.68;42.34;ESTAVEL
2007-03-07;1173225600000;MNDL3.SA;27.2;27.2;27.0;27.2;24.39;29;stock;23.13;5.45;25.79;5.47;49.44;ESTAVEL
2007-03-08;1173312000000;MNDL3.SA;27.2;27.2;27.2;27.2;24.39;0;stock;23.14;5.39;25.8;5.41;49.44;ESTAVEL
2007-03-09;1173398400000;MNDL3.SA;27.2;27.2;27.0;27.2;24.39;29;stock;23.15;5.34;25.82;5.35;49.44;ESTAVEL
2007-03-12;1173657600000;MNDL3.SA;26.0;26.0;26.0;26.0;23.32;2499;stock;23.16;0.71;25.82;0.7;44.34;ESTAVEL
2007-03-13;1173744000000;MNDL3.SA;26.0;26.0;26.0;26.0;23.32;0;stock;23.16;0.7;25.82;0.69;44.34;ESTAVEL
2007-03-14;1173830400000;MNDL3.SA;26.0;26.0;26.0;26.0;23.32;0;stock;23.16;0.69;25.82;0.68;44.34;ESTAVEL
2007-03-15;1173916800000;MNDL3.SA;26.0;26.0;26.0;26.0;23.32;0;stock;23.16;0.69;25.83;0.68;44.34;ESTAVEL
2007-03-16;1174003200000;MNDL3.SA;24.0;24.0;23.8;23.8;21.35;64;stock;23.14;-7.75;25.81;-7.77;35.31;ESTAVEL
2007-03-19;1174262400000;MNDL3.SA;26.0;26.0;25.0;25.0;22.42;284;stock;23.14;-3.09;25.8;-3.09;42.19;ESTAVEL
2007-03-20;1174348800000;MNDL3.SA;25.0;25.0;25.0;25.0;22.42;0;stock;23.13;-3.06;25.79;-3.06;42.19;ESTAVEL
2007-03-21;1174435200000;MNDL3.SA;25.0;25.0;25.0;25.0;22.42;0;stock;23.12;-3.03;25.78;-3.03;42.19;ESTAVEL
2007-03-22;1174521600000;MNDL3.SA;26.0;26.0;25.6;26.0;23.32;79;stock;23.12;0.85;25.78;0.84;48.0;ESTAVEL
2007-03-23;1174608000000;MNDL3.SA;26.0;26.0;26.0;26.0;23.32;0;stock;23.13;0.84;25.79;0.83;48.0;ESTAVEL
2007-03-26;1174867200000;MNDL3.SA;26.0;26.0;26.0;26.0;23.32;0;stock;23.13;0.83;25.79;0.82;48.0;ESTAVEL
2007-03-27;1174953600000;MNDL3.SA;26.0;26.0;26.0;26.0;23.32;0;stock;23.13;0.82;25.79;0.81;48.0;ESTAVEL
2007-03-28;1175040000000;MNDL3.SA;26.0;26.0;26.0;26.0;23.32;0;stock;23.13;0.82;25.79;0.81;48.0;ESTAVEL
2007-03-29;1175126400000;MNDL3.SA;26.0;26.0;26.0;26.0;23.32;0;stock;23.13;0.81;25.79;0.8;48.0;ESTAVEL
2007-03-30;1175212800000;MNDL3.SA;26.0;26.0;26.0;26.0;23.32;0;stock;23.13;0.8;25.8;0.79;48.0;ESTAVEL
2007-04-02;1175472000000;MNDL3.SA;27.0;27.0;27.0;27.0;24.22;1389;stock;23.15;4.64;25.81;4.62;55.52;ESTAVEL
2007-04-03;1175558400000;MNDL3.SA;27.0;27.0;27.0;27.0;24.22;0;stock;23.16;4.59;25.82;4.57;55.52;ESTAVEL
2007-04-04;1175644800000;MNDL3.SA;27.0;27.0;27.0;27.0;24.22;0;stock;23.17;4.55;25.83;4.52;55.52;ESTAVEL
2007-04-05;1175731200000;MNDL3.SA;27.0;27.0;27.0;27.0;24.22;0;stock;23.18;4.5;25.84;4.48;55.52;ESTAVEL
2007-04-09;1176076800000;MNDL3.SA;25.4;25.6;23.8;23.8;21.35;874;stock;23.16;-7.81;25.82;-7.83;34.28;ESTAVEL
2007-04-10;1176163200000;MNDL3.SA;26.6;26.6;26.6;26.6;23.86;4;stock;23.17;2.99;25.83;2.98;51.69;ESTAVEL
2007-04-11;1176249600000;MNDL3.SA;24.0;25.0;24.0;24.0;21.52;54;stock;23.15;-7.04;25.81;-7.02;40.83;ESTAVEL
2007-04-12;1176336000000;MNDL3.SA;24.0;24.0;24.0;24.0;21.52;0;stock;23.13;-6.98;25.79;-6.96;40.83;ESTAVEL
2007-04-13;1176422400000;MNDL3.SA;24.0;24.0;24.0;24.0;21.52;0;stock;23.12;-6.91;25.78;-6.89;40.83;ESTAVEL
2007-04-16;1176681600000;MNDL3.SA;24.0;24.0;24.0;24.0;21.52;0;stock;23.1;-6.85;25.76;-6.83;40.83;ESTAVEL
2007-04-17;1176768000000;MNDL3.SA;26.0;27.0;26.0;27.0;24.22;304;stock;23.11;4.79;25.77;4.77;55.38;ESTAVEL
2007-04-18;1176854400000;MNDL3.SA;27.0;27.0;27.0;27.0;24.22;49;stock;23.12;4.74;25.78;4.72;55.38;ESTAVEL
2007-04-19;1176940800000;MNDL3.SA;28.0;29.0;28.0;29.0;26.01;1544;stock;23.15;12.34;25.82;12.34;62.47;ESTAVEL
2007-04-20;1177027200000;MNDL3.SA;29.0;30.0;29.0;29.0;26.01;2674;stock;23.18;12.2;25.85;12.2;62.47;ESTAVEL
2007-04-23;1177286400000;MNDL3.SA;31.6;32.0;30.0;31.0;27.8;1109;stock;23.23;19.69;25.9;19.7;68.31;ESTAVEL
2007-04-24;1177372800000;MNDL3.SA;30.2;35.6;30.2;35.6;31.93;629;stock;23.31;36.96;26.0;36.95;77.15;CAIR
2007-04-25;1177459200000;MNDL3.SA;34.0;46.0;34.0;39.8;35.7;4464;stock;23.44;52.32;26.13;52.3;82.07;CAIR
2007-04-26;1177545600000;MNDL3.SA;38.0;41.2;35.0;41.2;36.95;1044;stock;23.57;56.76;26.28;56.76;83.35;CAIR
2007-04-27;1177632000000;MNDL3.SA;40.0;40.0;36.0;38.0;34.08;1014;stock;23.68;43.94;26.4;43.95;70.85;CAIR
2007-04-30;1177891200000;MNDL3.SA;38.0;38.0;38.0;38.0;34.08;59;stock;23.78;43.32;26.51;43.32;70.85;CAIR
2007-05-02;1178064000000;MNDL3.SA;38.8;40.0;38.8;40.0;35.87;404;stock;23.9;50.09;26.65;50.1;73.7;CAIR
2007-05-03;1178150400000;MNDL3.SA;38.8;40.0;38.8;40.0;35.87;404;stock;24.02;49.34;26.78;49.36;73.7;CAIR
2007-05-04;1178236800000;MNDL3.SA;40.0;43.8;39.0;39.0;34.98;374;stock;24.13;44.98;26.9;44.97;69.76;ESTAVEL
2007-05-07;1178496000000;MNDL3.SA;54.0;54.0;44.8;52.0;46.64;604;stock;24.35;91.53;27.15;91.51;82.76;CAIR
2007-05-08;1178582400000;MNDL3.SA;50.0;57.8;50.0;54.6;48.97;859;stock;24.6;99.09;27.43;99.08;84.22;CAIR
2007-05-09;1178668800000;MNDL3.SA;50.0;57.8;50.0;54.6;48.97;859;stock;24.84;97.15;27.7;97.14;84.22;CAIR
2007-05-10;1178755200000;MNDL3.SA;55.0;55.0;53.8;54.0;48.43;734;stock;25.07;93.15;27.96;93.15;82.34;CAIR
2007-05-11;1178841600000;MNDL3.SA;53.6;54.0;53.0;53.0;47.53;129;stock;25.3;87.88;28.21;87.9;79.18;CAIR
2007-05-14;1179100800000;MNDL3.SA;57.8;57.8;56.0;57.8;51.84;79;stock;25.56;102.8;28.5;102.8;82.62;CAIR
2007-05-15;1179187200000;MNDL3.SA;57.8;57.8;48.0;52.6;47.18;1589;stock;25.78;83.03;28.74;83.01;69.29;ESTAVEL
2007-05-16;1179273600000;MNDL3.SA;52.0;54.0;51.0;51.0;45.74;64;stock;25.98;76.09;28.96;76.09;65.76;ESTAVEL
2007-05-17;1179360000000;MNDL3.SA;47.2;50.0;47.0;50.0;44.84;134;stock;26.16;71.39;29.17;71.4;63.57;ESTAVEL
2007-05-18;1179446400000;MNDL3.SA;46.8;50.0;46.8;50.0;44.84;29;stock;26.35;70.18;29.38;70.19;63.57;ESTAVEL
2007-05-21;1179705600000;MNDL3.SA;50.0;50.0;50.0;50.0;44.84;0;stock;26.53;69.0;29.58;69.01;63.57;ESTAVEL
2007-05-22;1179792000000;MNDL3.SA;49.0;53.0;49.0;52.0;46.64;624;stock;26.73;74.47;29.81;74.45;66.36;ESTAVEL
2007-05-23;1179878400000;MNDL3.SA;52.0;52.0;52.0;52.0;46.64;0;stock;26.93;73.18;30.03;73.17;66.36;ESTAVEL
2007-05-24;1179964800000;MNDL3.SA;52.0;52.0;48.0;48.0;43.05;199;stock;27.09;58.91;30.21;58.9;56.38;ESTAVEL
2007-05-25;1180051200000;MNDL3.SA;51.0;51.0;51.0;51.0;45.74;179;stock;27.28;67.69;30.41;67.69;61.1;ESTAVEL
2007-05-28;1180310400000;MNDL3.SA;56.0;56.8;50.4;50.4;45.2;229;stock;27.46;64.63;30.61;64.64;59.71;ESTAVEL
2007-05-29;1180396800000;MNDL3.SA;50.4;50.4;50.4;50.4;45.2;139;stock;27.63;63.58;30.81;63.58;59.71;ESTAVEL
2007-05-30;1180483200000;MNDL3.SA;50.4;50.4;50.4;50.4;45.2;0;stock;27.81;62.55;31.0;62.56;59.71;ESTAVEL
2007-05-31;1180569600000;MNDL3.SA;50.4;50.4;50.4;50.4;45.2;9;stock;27.98;61.55;31.2;61.55;59.71;ESTAVEL
2007-06-01;1180656000000;MNDL3.SA;53.8;53.8;49.0;49.0;43.95;99;stock;28.14;56.19;31.37;56.18;55.74;ESTAVEL
2007-06-04;1180915200000;MNDL3.SA;49.0;49.0;48.0;48.0;43.05;1664;stock;28.29;52.19;31.54;52.19;53.01;ESTAVEL
2007-06-05;1181001600000;MNDL3.SA;48.0;48.0;48.0;48.0;43.05;0;stock;28.43;51.4;31.7;51.4;53.01;ESTAVEL
2007-06-06;1181088000000;MNDL3.SA;48.2;51.0;48.0;51.0;45.74;174;stock;28.61;59.9;31.9;59.89;59.83;ESTAVEL
2007-06-08;1181260800000;MNDL3.SA;51.0;51.0;51.0;51.0;45.74;0;stock;28.78;58.95;32.09;58.95;59.83;ESTAVEL
2007-06-11;1181520000000;MNDL3.SA;51.0;51.0;51.0;51.0;46.55;0;stock;28.95;60.78;32.27;58.02;61.77;ESTAVEL
2007-06-12;1181606400000;MNDL3.SA;51.0;51.0;51.0;51.0;46.55;0;stock;29.13;59.81;32.46;57.11;61.77;ESTAVEL
2007-06-13;1181692800000;MNDL3.SA;51.0;51.0;48.4;50.0;45.64;544;stock;29.29;55.81;32.64;53.21;58.11;ESTAVEL
2007-06-14;1181779200000;MNDL3.SA;52.0;52.0;52.0;52.0;47.47;4;stock;29.47;61.06;32.83;58.4;62.87;ESTAVEL
2007-06-15;1181865600000;MNDL3.SA;52.0;67.8;52.0;65.8;60.06;784;stock;29.78;101.69;33.16;98.46;79.84;CAIR
2007-06-18;1182124800000;MNDL3.SA;63.0;63.0;63.0;63.0;57.51;4;stock;30.05;91.36;33.45;88.32;72.6;CAIR
2007-06-19;1182211200000;MNDL3.SA;62.0;62.0;62.0;62.0;56.59;44;stock;30.32;86.65;33.74;83.77;70.13;CAIR
2007-06-20;1182297600000;MNDL3.SA;62.0;62.0;62.0;62.0;56.59;0;stock;30.58;85.06;34.02;82.26;70.13;CAIR
2007-06-21;1182384000000;MNDL3.SA;61.8;61.8;61.8;61.8;56.41;4;stock;30.84;82.93;34.29;80.2;69.59;ESTAVEL
2007-06-22;1182470400000;MNDL3.SA;53.2;58.0;53.2;58.0;52.94;84;stock;31.06;70.46;34.53;67.97;60.05;ESTAVEL
2007-06-25;1182729600000;MNDL3.SA;53.2;58.0;53.2;58.0;52.94;9;stock;31.27;69.28;34.76;66.84;60.05;ESTAVEL
2007-06-26;1182816000000;MNDL3.SA;58.0;58.0;58.0;58.0;52.94;0;stock;31.49;68.12;35.0;65.74;60.05;ESTAVEL
2007-06-27;1182902400000;MNDL3.SA;61.8;61.8;60.0;60.0;54.77;189;stock;31.72;72.66;35.24;70.24;63.36;ESTAVEL
2007-06-28;1182988800000;MNDL3.SA;60.0;60.0;60.0;60.0;54.77;0;stock;31.95;71.42;35.49;69.06;63.36;ESTAVEL
2007-06-29;1183075200000;MNDL3.SA;60.0;60.0;60.0;60.0;54.77;0;stock;32.18;70.21;35.73;67.91;63.36;ESTAVEL
2007-07-02;1183334400000;MNDL3.SA;60.0;60.0;60.0;60.0;54.77;0;stock;32.4;69.03;35.98;66.78;63.36;ESTAVEL
2007-07-03;1183420800000;MNDL3.SA;58.0;61.8;58.0;58.0;52.94;714;stock;32.61;62.36;36.19;60.24;57.0;ESTAVEL
2007-07-04;1183507200000;MNDL3.SA;58.0;80.0;58.0;80.0;73.02;754;stock;33.01;121.21;36.63;118.4;80.32;CAIR
2007-07-05;1183593600000;MNDL3.SA;97.8;97.8;62.2;62.2;56.78;584;stock;33.25;70.79;36.89;68.63;54.55;ESTAVEL
2007-07-06;1183680000000;MNDL3.SA;70.2;86.0;70.2;86.0;78.5;1594;stock;33.7;132.97;37.37;130.11;68.92;ESTAVEL
2007-07-10;1184025600000;MNDL3.SA;86.0;86.0;86.0;86.0;78.5;0;stock;34.14;129.92;37.86;127.17;68.92;ESTAVEL
2007-07-11;1184112000000;MNDL3.SA;90.0;90.0;90.0;90.0;82.15;54;stock;34.62;137.29;38.38;134.52;70.72;CAIR
2007-07-12;1184198400000;MNDL3.SA;92.0;92.0;81.0;81.0;73.94;289;stock;35.01;111.19;38.8;108.76;62.01;ESTAVEL
2007-07-13;1184284800000;MNDL3.SA;87.0;87.0;87.0;87.0;79.41;4;stock;35.45;123.99;39.28;121.49;65.09;ESTAVEL
2007-07-16;1184544000000;MNDL3.SA;89.8;89.8;87.8;87.8;80.14;1084;stock;35.9;123.25;39.76;120.81;65.49;ESTAVEL
2007-07-17;1184630400000;MNDL3.SA;87.0;87.0;87.0;87.0;79.41;49;stock;36.33;118.58;40.23;116.24;64.69;ESTAVEL
2007-07-18;1184716800000;MNDL3.SA;87.0;87.0;87.0;87.0;79.41;0;stock;36.76;116.03;40.7;113.77;64.69;ESTAVEL
2007-07-19;1184803200000;MNDL3.SA;86.0;86.0;86.0;86.0;78.5;4;stock;37.17;111.17;41.15;109.0;63.56;ESTAVEL
2007-07-20;1184889600000;MNDL3.SA;86.0;86.0;86.0;86.0;78.5;0;stock;37.59;108.86;41.6;106.75;63.56;ESTAVEL
2007-07-23;1185148800000;MNDL3.SA;81.0;81.0;74.0;74.0;67.55;24;stock;37.88;78.31;41.92;76.54;51.12;ESTAVEL
2007-07-24;1185235200000;MNDL3.SA;74.0;74.0;74.0;74.0;67.55;4;stock;38.18;76.93;42.24;75.2;51.12;ESTAVEL
2007-07-25;1185321600000;MNDL3.SA;74.0;74.0;74.0;74.0;67.55;0;stock;38.47;75.59;42.55;73.9;51.12;ESTAVEL
2007-07-26;1185408000000;MNDL3.SA;74.0;74.0;74.0;74.0;67.55;0;stock;38.76;74.28;42.87;72.63;51.12;ESTAVEL
2007-07-27;1185494400000;MNDL3.SA;74.0;74.0;74.0;74.0;67.55;0;stock;39.05;73.0;43.18;71.39;51.12;ESTAVEL
2007-07-30;1185753600000;MNDL3.SA;74.0;74.0;74.0;74.0;67.55;0;stock;39.33;71.75;43.48;70.18;51.12;ESTAVEL
2007-07-31;1185840000000;MNDL3.SA;81.8;81.8;81.8;81.8;74.67;24;stock;39.68;88.17;43.86;86.49;59.22;ESTAVEL
2007-08-01;1185926400000;MNDL3.SA;81.6;81.6;81.6;81.6;74.48;9;stock;40.03;86.07;44.24;84.45;58.94;ESTAVEL
2007-08-02;1186012800000;MNDL3.SA;81.6;81.6;81.6;81.6;74.48;0;stock;40.37;84.49;44.61;82.91;58.94;ESTAVEL
2007-08-03;1186099200000;MNDL3.SA;81.6;81.6;81.6;81.6;74.48;0;stock;40.71;82.95;44.98;81.42;58.94;ESTAVEL
2007-08-06;1186358400000;MNDL3.SA;58.0;59.0;56.0;56.0;51.12;959;stock;40.81;25.25;45.09;24.2;34.12;ESTAVEL
2007-08-07;1186444800000;MNDL3.SA;57.2;58.0;54.0;55.0;50.2;1029;stock;40.91;22.72;45.19;21.72;33.52;ESTAVEL
2007-08-08;1186531200000;MNDL3.SA;55.0;55.0;55.0;55.0;50.2;0;stock;41.0;22.44;45.29;21.45;33.52;ESTAVEL
2007-08-09;1186617600000;MNDL3.SA;56.0;56.0;52.0;52.0;47.47;149;stock;41.06;15.6;45.35;14.66;31.61;ESTAVEL
2007-08-10;1186704000000;MNDL3.SA;56.8;56.8;56.8;56.8;51.85;4;stock;41.17;25.94;45.47;24.93;37.74;ESTAVEL
2007-08-13;1186963200000;MNDL3.SA;59.4;59.4;57.0;57.0;52.03;29;stock;41.28;26.04;45.58;25.05;37.98;ESTAVEL
2007-08-14;1187049600000;MNDL3.SA;57.0;57.0;57.0;57.0;52.03;0;stock;41.39;25.72;45.69;24.74;37.98;ESTAVEL
2007-08-15;1187136000000;MNDL3.SA;59.4;59.4;59.4;59.4;54.22;4;stock;41.51;30.61;45.83;29.61;41.26;ESTAVEL
2007-08-16;1187222400000;MNDL3.SA;59.4;59.4;59.4;59.4;54.22;0;stock;41.64;30.21;45.97;29.23;41.26;ESTAVEL
2007-08-17;1187308800000;MNDL3.SA;59.4;59.4;59.4;59.4;54.22;0;stock;41.77;29.82;46.1;28.85;41.26;ESTAVEL
2007-08-20;1187568000000;MNDL3.SA;59.4;59.4;59.4;59.4;54.22;0;stock;41.89;29.44;46.23;28.48;41.26;ESTAVEL
2007-08-21;1187654400000;MNDL3.SA;58.8;58.8;58.8;58.8;53.67;9;stock;42.01;27.76;46.36;26.84;40.53;ESTAVEL
2007-08-22;1187740800000;MNDL3.SA;59.0;59.0;58.8;58.8;53.67;29;stock;42.12;27.41;46.48;26.5;40.53;ESTAVEL
2007-08-23;1187827200000;MNDL3.SA;58.8;58.8;58.8;58.8;53.67;0;stock;42.24;27.07;46.6;26.17;40.53;ESTAVEL
2007-08-24;1187913600000;MNDL3.SA;58.8;58.8;58.8;58.8;53.67;0;stock;42.35;26.72;46.72;25.84;40.53;ESTAVEL
2007-08-27;1188172800000;MNDL3.SA;54.0;54.0;54.0;54.0;49.29;144;stock;42.42;16.19;46.8;15.39;34.13;ESTAVEL
2007-08-28;1188259200000;MNDL3.SA;54.0;54.0;54.0;54.0;49.29;4;stock;42.49;16.01;46.87;15.22;34.13;ESTAVEL
2007-08-29;1188345600000;MNDL3.SA;57.8;57.8;57.8;57.8;52.76;4;stock;42.59;23.88;46.98;23.04;42.48;ESTAVEL
2007-08-30;1188432000000;MNDL3.SA;57.8;57.8;57.8;57.8;52.76;0;stock;42.69;23.58;47.08;22.76;42.48;ESTAVEL
2007-08-31;1188518400000;MNDL3.SA;52.0;55.8;52.0;55.8;50.93;54;stock;42.77;19.07;47.17;18.29;39.42;ESTAVEL
2007-09-03;1188777600000;MNDL3.SA;55.8;55.8;55.8;55.8;50.93;0;stock;42.86;18.84;47.26;18.08;39.42;ESTAVEL
2007-09-04;1188864000000;MNDL3.SA;55.8;55.8;55.8;55.8;50.93;39;stock;42.94;18.62;47.34;17.86;39.42;ESTAVEL
2007-09-05;1188950400000;MNDL3.SA;55.8;55.8;55.8;55.8;50.93;0;stock;43.02;18.4;47.43;17.66;39.42;ESTAVEL
2007-09-06;1189036800000;MNDL3.SA;56.0;56.0;50.0;50.0;45.64;339;stock;43.04;6.04;47.45;5.37;30.8;ESTAVEL
2007-09-10;1189382400000;MNDL3.SA;49.8;50.0;49.8;49.8;45.46;174;stock;43.07;5.56;47.48;4.9;30.56;ESTAVEL
2007-09-11;1189468800000;MNDL3.SA;49.8;50.0;49.8;50.0;45.64;134;stock;43.09;5.91;47.5;5.26;31.15;ESTAVEL
2007-09-12;1189555200000;MNDL3.SA;49.8;50.0;49.8;50.0;45.64;134;stock;43.12;5.85;47.53;5.21;31.15;ESTAVEL
2007-09-13;1189641600000;MNDL3.SA;48.0;48.0;48.0;48.0;43.81;74;stock;43.12;1.59;47.53;0.99;28.32;SUBIR
2007-09-14;1189728000000;MNDL3.SA;55.8;55.8;55.8;55.8;50.93;4;stock;43.2;17.89;47.61;17.2;48.1;ESTAVEL
2007-09-17;1189987200000;MNDL3.SA;54.4;54.4;54.4;54.4;49.66;9;stock;43.27;14.78;47.68;14.09;45.68;ESTAVEL
2007-09-18;1190073600000;MNDL3.SA;52.0;55.0;52.0;55.0;50.2;664;stock;43.33;15.84;47.75;15.18;46.9;ESTAVEL
2007-09-19;1190160000000;MNDL3.SA;52.0;55.0;52.0;55.0;50.2;664;stock;43.4;15.66;47.83;15.0;46.9;ESTAVEL
2007-09-20;1190246400000;MNDL3.SA;56.8;56.8;56.8;56.8;51.85;4;stock;43.49;19.23;47.91;18.54;50.83;ESTAVEL
2007-09-21;1190332800000;MNDL3.SA;59.4;59.4;59.4;59.4;54.22;4;stock;43.59;24.38;48.03;23.68;55.87;ESTAVEL
2007-09-24;1190592000000;MNDL3.SA;65.0;68.0;63.8;66.0;60.24;104;stock;43.76;37.66;48.21;36.91;65.55;ESTAVEL
2007-09-25;1190678400000;MNDL3.SA;64.0;64.0;64.0;64.0;58.42;49;stock;43.91;33.06;48.36;32.33;61.18;ESTAVEL
2007-09-26;1190764800000;MNDL3.SA;64.0;64.0;63.4;63.4;57.87;69;stock;44.04;31.39;48.51;30.68;59.88;ESTAVEL
2007-09-27;1190851200000;MNDL3.SA;65.8;65.8;56.0;56.0;51.12;514;stock;44.11;15.88;48.59;15.25;46.77;ESTAVEL
2007-09-28;1190937600000;MNDL3.SA;59.8;61.0;59.8;60.8;55.5;24;stock;44.23;25.49;48.71;24.82;53.83;ESTAVEL
2007-10-01;1191196800000;MNDL3.SA;60.8;60.8;60.8;60.8;55.5;0;stock;44.34;25.17;48.83;24.51;53.83;ESTAVEL
2007-10-02;1191283200000;MNDL3.SA;62.6;62.6;60.0;60.0;54.77;11004;stock;44.44;23.23;48.94;22.59;52.49;ESTAVEL
2007-10-03;1191369600000;MNDL3.SA;60.0;60.0;60.0;60.0;54.77;0;stock;44.55;22.95;49.05;22.32;52.49;ESTAVEL
2007-10-04;1191456000000;MNDL3.SA;60.0;60.0;60.0;60.0;54.77;0;stock;44.65;22.67;49.16;22.05;52.49;ESTAVEL
2007-10-05;1191542400000;MNDL3.SA;60.0;60.0;60.0;60.0;54.77;624;stock;44.75;22.39;49.27;21.78;52.49;ESTAVEL
2007-10-08;1191801600000;MNDL3.SA;60.0;60.0;59.6;60.0;54.77;1559;stock;44.85;22.12;49.38;21.52;52.49;ESTAVEL
2007-10-09;1191888000000;MNDL3.SA;60.0;60.0;60.0;60.0;54.77;0;stock;44.95;21.85;49.48;21.26;52.49;ESTAVEL
2007-10-10;1191974400000;MNDL3.SA;60.0;60.0;60.0;60.0;54.77;0;stock;45.05;21.59;49.59;21.0;52.49;ESTAVEL
2007-10-11;1192060800000;MNDL3.SA;60.0;60.0;60.0;60.0;54.77;14;stock;45.14;21.33;49.69;20.75;52.49;ESTAVEL
2007-10-15;1192406400000;MNDL3.SA;56.0;56.0;56.0;56.0;51.12;4;stock;45.2;13.09;49.75;12.56;42.8;ESTAVEL
2007-10-16;1192492800000;MNDL3.SA;56.0;56.0;56.0;56.0;51.12;4;stock;45.26;12.95;49.81;12.42;42.8;ESTAVEL
2007-10-17;1192579200000;MNDL3.SA;59.8;59.8;59.8;59.8;54.59;24;stock;45.35;20.37;49.91;19.81;52.47;ESTAVEL
2007-10-18;1192665600000;MNDL3.SA;59.8;59.8;59.8;59.8;54.59;74;stock;45.44;20.12;50.01;19.57;52.47;ESTAVEL
2007-10-19;1192752000000;MNDL3.SA;59.8;59.8;59.8;59.8;54.59;44;stock;45.54;19.88;50.11;19.34;52.47;ESTAVEL
2007-10-22;1193011200000;MNDL3.SA;59.8;59.8;59.8;59.8;54.59;0;stock;45.63;19.65;50.21;19.11;52.47;ESTAVEL
2007-10-23;1193097600000;MNDL3.SA;59.8;59.8;59.8;59.8;54.59;99;stock;45.72;19.41;50.3;18.88;52.47;ESTAVEL
2007-10-24;1193184000000;MNDL3.SA;59.8;59.8;59.8;59.8;54.59;0;stock;45.8;19.18;50.4;18.66;52.47;ESTAVEL
2007-10-25;1193270400000;MNDL3.SA;59.8;59.8;59.8;59.8;54.59;0;stock;45.89;18.96;50.49;18.44;52.47;ESTAVEL
2007-10-26;1193356800000;MNDL3.SA;59.8;59.8;59.8;59.8;54.59;0;stock;45.98;18.73;50.58;18.22;52.47;ESTAVEL
2007-10-29;1193616000000;MNDL3.SA;58.0;58.0;58.0;58.0;52.94;19;stock;46.05;14.97;50.66;14.5;45.81;ESTAVEL
2007-10-30;1193702400000;MNDL3.SA;58.0;58.0;58.0;58.0;52.94;19;stock;46.12;14.8;50.73;14.33;45.81;ESTAVEL
2007-10-31;1193788800000;MNDL3.SA;58.0;58.0;58.0;58.0;52.94;0;stock;46.18;14.63;50.8;14.17;45.81;ESTAVEL
2007-11-01;1193875200000;MNDL3.SA;58.0;58.0;58.0;58.0;52.94;0;stock;46.25;14.46;50.87;14.01;45.81;ESTAVEL
2007-11-05;1194220800000;MNDL3.SA;53.0;53.0;53.0;53.0;48.38;54;stock;46.27;4.56;50.89;4.14;31.12;ESTAVEL
2007-11-06;1194307200000;MNDL3.SA;53.0;53.0;53.0;53.0;48.38;0;stock;46.29;4.51;50.91;4.1;31.12;ESTAVEL
2007-11-07;1194393600000;MNDL3.SA;53.0;53.0;53.0;53.0;48.38;0;stock;46.31;4.46;50.94;4.05;31.12;ESTAVEL
2007-11-08;1194480000000;MNDL3.SA;53.0;53.0;53.0;53.0;48.38;0;stock;46.33;4.42;50.96;4.01;31.12;ESTAVEL
2007-11-09;1194566400000;MNDL3.SA;53.0;53.0;53.0;53.0;48.38;0;stock;46.35;4.37;50.98;3.97;31.12;ESTAVEL
2007-11-12;1194825600000;MNDL3.SA;59.8;59.8;52.0;53.0;48.38;374;stock;46.37;4.32;51.0;3.93;31.12;ESTAVEL
2007-11-13;1194912000000;MNDL3.SA;53.0;53.0;53.0;53.0;48.38;0;stock;46.39;4.28;51.02;3.89;31.12;ESTAVEL
2007-11-14;1194998400000;MNDL3.SA;51.0;56.8;51.0;55.8;50.93;24;stock;46.44;9.67;51.06;9.27;47.07;ESTAVEL
2007-11-16;1195171200000;MNDL3.SA;55.8;55.8;55.8;55.8;50.93;0;stock;46.48;9.56;51.11;9.17;47.07;ESTAVEL
2007-11-19;1195430400000;MNDL3.SA;51.0;51.0;51.0;51.0;46.55;104;stock;46.48;0.14;51.11;-0.22;32.21;ESTAVEL
2007-11-21;1195603200000;MNDL3.SA;51.0;51.0;51.0;51.0;46.55;0;stock;46.49;0.14;51.11;-0.21;32.21;ESTAVEL
2007-11-22;1195689600000;MNDL3.SA;57.6;57.6;57.6;57.6;52.58;34;stock;46.55;12.96;51.17;12.56;54.93;ESTAVEL
2007-11-23;1195776000000;MNDL3.SA;57.6;57.6;57.6;57.6;52.58;0;stock;46.61;12.82;51.24;12.42;54.93;ESTAVEL
2007-11-26;1196035200000;MNDL3.SA;57.6;57.6;57.6;57.6;52.58;0;stock;46.67;12.67;51.3;12.28;54.93;ESTAVEL
2007-11-27;1196121600000;MNDL3.SA;51.0;57.6;51.0;57.6;52.58;114;stock;46.72;12.53;51.36;12.14;54.93;ESTAVEL
2007-11-28;1196208000000;MNDL3.SA;57.6;57.6;57.6;57.6;52.58;0;stock;46.78;12.39;51.43;12.01;54.93;ESTAVEL
2007-11-29;1196294400000;MNDL3.SA;57.6;57.6;57.6;57.6;52.58;0;stock;46.84;12.25;51.49;11.87;54.93;ESTAVEL
2007-11-30;1196380800000;MNDL3.SA;57.0;57.0;57.0;57.0;52.03;4;stock;46.89;10.96;51.54;10.59;52.43;ESTAVEL
2007-12-03;1196640000000;MNDL3.SA;51.8;51.8;50.0;50.0;45.64;159;stock;46.88;-2.64;51.53;-2.96;33.41;ESTAVEL
2007-12-04;1196726400000;MNDL3.SA;51.8;51.8;50.0;50.0;45.64;159;stock;46.87;-2.62;51.51;-2.93;33.41;ESTAVEL
2007-12-05;1196812800000;MNDL3.SA;53.6;53.6;44.0;45.8;41.81;1254;stock;46.82;-10.69;51.45;-10.99;26.68;SUBIR
2007-12-06;1196899200000;MNDL3.SA;48.0;48.0;44.0;46.0;41.99;609;stock;46.77;-10.22;51.4;-10.51;27.42;SUBIR
2007-12-07;1196985600000;MNDL3.SA;48.0;48.0;44.0;46.0;41.99;609;stock;46.72;-10.13;51.35;-10.41;27.42;SUBIR
2007-12-10;1197244800000;MNDL3.SA;42.0;46.0;41.0;42.4;38.7;2339;stock;46.64;-17.03;51.26;-17.28;22.59;SUBIR
2007-12-11;1197331200000;MNDL3.SA;43.4;43.4;40.2;40.2;36.69;204;stock;46.54;-21.17;51.15;-21.4;20.24;SUBIR
2007-12-12;1197417600000;MNDL3.SA;43.2;43.2;43.2;43.2;39.43;9;stock;46.47;-15.15;51.07;-15.41;30.79;ESTAVEL
2007-12-13;1197504000000;MNDL3.SA;43.2;43.2;40.0;40.0;36.51;464;stock;46.37;-21.27;50.96;-21.5;26.73;SUBIR
2007-12-14;1197590400000;MNDL3.SA;42.0;42.2;42.0;42.2;38.52;49;stock;46.29;-16.79;50.87;-17.05;33.26;ESTAVEL
2007-12-17;1197849600000;MNDL3.SA;42.2;42.2;42.2;42.2;38.52;0;stock;46.22;-16.65;50.78;-16.9;33.26;ESTAVEL
2007-12-18;1197936000000;MNDL3.SA;42.2;42.2;42.2;42.2;38.52;0;stock;46.14;-16.52;50.7;-16.76;33.26;ESTAVEL
2007-12-19;1198022400000;MNDL3.SA;42.0;43.0;36.0;36.0;32.86;1494;stock;46.01;-28.58;50.55;-28.79;25.33;SUBIR
2007-12-20;1198108800000;MNDL3.SA;37.0;39.8;35.8;35.8;32.68;809;stock;45.88;-28.76;50.41;-28.98;25.12;SUBIR
2007-12-21;1198195200000;MNDL3.SA;39.4;39.4;35.0;35.0;31.95;1179;stock;45.74;-30.14;50.25;-30.35;24.26;SUBIR
2007-12-26;1198627200000;MNDL3.SA;36.4;39.0;36.4;39.0;35.6;989;stock;45.64;-21.99;50.14;-22.22;36.03;ESTAVEL
2007-12-27;1198713600000;MNDL3.SA;39.4;39.4;39.4;39.4;35.96;19;stock;45.54;-21.04;50.03;-21.25;37.07;ESTAVEL
2007-12-28;1198800000000;MNDL3.SA;39.4;39.8;38.4;38.4;35.05;129;stock;45.44;-22.86;49.92;-23.07;35.5;ESTAVEL
2008-01-02;1199232000000;MNDL3.SA;38.4;38.4;35.6;35.6;32.5;44;stock;45.31;-28.27;49.78;-28.48;31.48;ESTAVEL
2008-01-03;1199318400000;MNDL3.SA;38.2;38.2;38.2;38.2;34.87;19;stock;45.2;-22.86;49.66;-23.08;38.46;ESTAVEL
2008-01-04;1199404800000;MNDL3.SA;38.2;38.2;38.2;38.2;34.87;0;stock;45.1;-22.68;49.55;-22.9;38.46;ESTAVEL
2008-01-07;1199664000000;MNDL3.SA;38.2;38.2;38.2;38.2;34.87;0;stock;45.0;-22.51;49.43;-22.73;38.46;ESTAVEL
2008-01-08;1199750400000;MNDL3.SA;38.2;38.2;38.2;38.2;34.87;0;stock;44.9;-22.33;49.32;-22.55;38.46;ESTAVEL
2008-01-09;1199836800000;MNDL3.SA;38.2;38.2;38.2;38.2;34.87;0;stock;44.8;-22.16;49.21;-22.38;38.46;ESTAVEL
2008-01-10;1199923200000;MNDL3.SA;38.2;38.2;38.2;38.2;34.87;0;stock;44.7;-21.99;49.1;-22.2;38.46;ESTAVEL
2008-01-11;1200009600000;MNDL3.SA;38.2;38.2;38.2;38.2;34.87;0;stock;44.6;-21.82;48.99;-22.03;38.46;ESTAVEL
2008-01-14;1200268800000;MNDL3.SA;35.4;35.4;33.6;33.6;30.67;159;stock;44.46;-31.02;48.84;-31.2;29.51;SUBIR
2008-01-15;1200355200000;MNDL3.SA;33.6;33.6;33.6;33.6;30.67;0;stock;44.33;-30.81;48.69;-30.99;29.51;SUBIR
2008-01-16;1200441600000;MNDL3.SA;34.0;34.0;32.0;32.2;29.39;124;stock;44.18;-33.47;48.52;-33.64;27.27;SUBIR
2008-01-17;1200528000000;MNDL3.SA;32.0;32.0;32.0;32.0;29.21;149;stock;44.03;-33.66;48.36;-33.83;26.96;SUBIR
2008-01-18;1200614400000;MNDL3.SA;32.0;32.0;32.0;32.0;29.21;99;stock;43.88;-33.43;48.2;-33.61;26.96;SUBIR
2008-01-21;1200873600000;MNDL3.SA;31.4;31.4;28.4;28.4;25.92;679;stock;43.7;-40.69;48.0;-40.83;21.72;SUBIR
2008-01-22;1200960000000;MNDL3.SA;28.2;35.6;28.0;35.6;32.5;664;stock;43.59;-25.44;47.88;-25.64;44.81;ESTAVEL
2008-01-23;1201046400000;MNDL3.SA;30.4;34.2;30.0;30.2;27.57;399;stock;43.43;-36.52;47.7;-36.69;36.2;ESTAVEL
2008-01-24;1201132800000;MNDL3.SA;30.0;32.8;30.0;32.8;29.94;24;stock;43.3;-30.85;47.55;-31.02;41.97;ESTAVEL
2008-01-28;1201478400000;MNDL3.SA;33.8;33.8;31.0;31.0;28.3;74;stock;43.15;-34.41;47.39;-34.58;39.32;ESTAVEL
2008-01-29;1201564800000;MNDL3.SA;33.8;34.0;33.8;34.0;31.04;49;stock;43.03;-27.86;47.25;-28.05;45.52;ESTAVEL
2008-01-30;1201651200000;MNDL3.SA;34.0;34.0;34.0;34.0;31.04;0;stock;42.91;-27.66;47.12;-27.85;45.52;ESTAVEL
2008-01-31;1201737600000;MNDL3.SA;33.6;43.6;33.6;43.6;39.8;794;stock;42.88;-7.18;47.09;-7.41;60.48;ESTAVEL
2008-02-01;1201824000000;MNDL3.SA;42.4;49.6;42.4;49.6;45.27;1584;stock;42.9;5.52;47.11;5.28;66.64;ESTAVEL
2008-02-06;1202256000000;MNDL3.SA;47.0;47.0;47.0;47.0;42.9;24;stock;42.9;-0.0;47.11;-0.24;62.12;ESTAVEL
2008-02-07;1202342400000;MNDL3.SA;44.2;44.2;42.0;44.0;40.16;169;stock;42.87;-6.33;47.08;-6.54;57.29;ESTAVEL
2008-02-08;1202428800000;MNDL3.SA;42.0;42.0;42.0;42.0;38.34;49;stock;42.83;-10.48;47.03;-10.7;54.26;ESTAVEL
2008-02-11;1202688000000;MNDL3.SA;41.0;47.0;41.0;47.0;42.9;19;stock;42.83;0.17;47.03;-0.06;59.96;ESTAVEL
2008-02-12;1202774400000;MNDL3.SA;46.6;49.0;45.0;45.0;41.08;214;stock;42.81;-4.04;47.01;-4.28;56.91;ESTAVEL
2008-02-13;1202860800000;MNDL3.SA;44.0;44.0;42.0;42.0;38.34;119;stock;42.77;-10.35;46.96;-10.56;52.58;ESTAVEL
2008-02-14;1202947200000;MNDL3.SA;42.0;42.0;42.0;42.0;38.34;0;stock;42.72;-10.26;46.91;-10.47;52.58;ESTAVEL
2008-02-15;1203033600000;MNDL3.SA;42.0;42.0;42.0;42.0;38.34;79;stock;42.68;-10.17;46.86;-10.37;52.58;ESTAVEL
2008-02-18;1203292800000;MNDL3.SA;43.0;47.8;43.0;47.8;43.63;119;stock;42.69;2.2;46.87;1.98;59.94;ESTAVEL
2008-02-19;1203379200000;MNDL3.SA;49.0;55.0;49.0;55.0;50.2;344;stock;42.76;17.39;46.95;17.14;66.82;ESTAVEL
2008-02-20;1203465600000;MNDL3.SA;55.0;55.0;55.0;55.0;50.2;0;stock;42.84;17.19;47.03;16.94;66.82;ESTAVEL
2008-02-21;1203552000000;MNDL3.SA;55.0;55.0;55.0;55.0;50.2;0;stock;42.91;16.99;47.11;16.74;66.82;ESTAVEL
2008-02-22;1203638400000;MNDL3.SA;55.0;55.0;55.0;55.0;50.2;0;stock;42.98;16.79;47.19;16.55;66.82;ESTAVEL
2008-02-25;1203897600000;MNDL3.SA;48.0;52.8;48.0;50.0;45.64;259;stock;43.01;6.12;47.22;5.89;57.58;ESTAVEL
2008-02-26;1203984000000;MNDL3.SA;50.0;50.0;49.0;49.0;44.73;99;stock;43.03;3.96;47.24;3.74;55.92;ESTAVEL
2008-02-27;1204070400000;MNDL3.SA;49.0;49.0;49.0;49.0;44.73;0;stock;43.04;3.92;47.25;3.7;55.92;ESTAVEL
2008-02-28;1204156800000;MNDL3.SA;50.0;51.0;50.0;51.0;46.55;149;stock;43.08;8.06;47.29;7.84;58.69;ESTAVEL
2008-02-29;1204243200000;MNDL3.SA;51.8;51.8;51.8;51.8;47.28;4;stock;43.12;9.65;47.34;9.43;59.78;ESTAVEL
2008-03-03;1204502400000;MNDL3.SA;51.0;52.4;51.0;51.4;46.92;314;stock;43.16;8.72;47.38;8.49;58.95;ESTAVEL
2008-03-04;1204588800000;MNDL3.SA;50.0;50.0;50.0;50.0;45.64;49;stock;43.18;5.69;47.4;5.48;55.99;ESTAVEL
2008-03-05;1204675200000;MNDL3.SA;50.0;50.0;50.0;50.0;45.64;0;stock;43.21;5.63;47.43;5.42;55.99;ESTAVEL
2008-03-06;1204761600000;MNDL3.SA;50.0;50.0;50.0;50.0;45.64;49;stock;43.23;5.57;47.45;5.37;55.99;ESTAVEL
2008-03-07;1204848000000;MNDL3.SA;53.8;54.0;50.0;50.0;45.64;79;stock;43.26;5.51;47.48;5.31;55.99;ESTAVEL
2008-03-10;1205107200000;MNDL3.SA;50.0;50.0;50.0;50.0;45.64;0;stock;43.28;5.45;47.5;5.26;55.99;ESTAVEL
2008-03-11;1205193600000;MNDL3.SA;50.0;50.0;50.0;50.0;45.64;0;stock;43.3;5.4;47.53;5.2;55.99;ESTAVEL
2008-03-12;1205280000000;MNDL3.SA;46.0;46.0;46.0;46.0;41.99;49;stock;43.29;-3.0;47.51;-3.19;45.76;ESTAVEL
2008-03-13;1205366400000;MNDL3.SA;46.0;46.0;46.0;46.0;41.99;0;stock;43.28;-2.97;47.5;-3.15;45.76;ESTAVEL
2008-03-14;1205452800000;MNDL3.SA;49.0;49.0;47.0;47.0;42.9;149;stock;43.27;-0.86;47.49;-1.04;48.48;ESTAVEL
2008-03-17;1205712000000;MNDL3.SA;44.0;44.0;44.0;44.0;40.16;99;stock;43.24;-7.13;47.46;-7.29;41.7;ESTAVEL
2008-03-18;1205798400000;MNDL3.SA;44.0;44.0;44.0;44.0;40.16;0;stock;43.21;-7.06;47.42;-7.22;41.7;ESTAVEL
2008-03-19;1205884800000;MNDL3.SA;44.0;44.0;44.0;44.0;40.16;9;stock;43.18;-7.0;47.39;-7.15;41.7;ESTAVEL
2008-03-20;1205971200000;MNDL3.SA;42.0;42.0;42.0;42.0;38.34;49;stock;43.13;-11.11;47.34;-11.27;37.36;ESTAVEL
2008-03-24;1206316800000;MNDL3.SA;42.0;42.0;42.0;42.0;38.34;0;stock;43.09;-11.01;47.28;-11.17;37.36;ESTAVEL
2008-03-25;1206403200000;MNDL3.SA;40.0;43.2;40.0;43.2;39.43;74;stock;43.05;-8.41;47.24;-8.56;41.58;ESTAVEL
2008-03-26;1206489600000;MNDL3.SA;43.2;43.2;43.2;43.2;39.43;0;stock;43.01;-8.33;47.2;-8.48;41.58;ESTAVEL
2008-03-27;1206576000000;MNDL3.SA;43.2;43.2;43.2;43.2;39.43;0;stock;42.98;-8.25;47.16;-8.4;41.58;ESTAVEL
2008-03-28;1206662400000;MNDL3.SA;43.2;43.2;43.2;43.2;39.43;0;stock;42.94;-8.18;47.12;-8.33;41.58;ESTAVEL
2008-03-31;1206921600000;MNDL3.SA;43.2;43.2;43.2;43.2;39.43;0;stock;42.91;-8.1;47.08;-8.25;41.58;ESTAVEL
2008-04-01;1207008000000;MNDL3.SA;44.0;44.0;44.0;44.0;40.16;24;stock;42.88;-6.34;47.05;-6.49;45.17;ESTAVEL
2008-04-02;1207094400000;MNDL3.SA;45.8;53.8;45.8;53.6;48.93;654;stock;42.94;13.95;47.12;13.76;69.43;ESTAVEL
2008-04-03;1207180800000;MNDL3.SA;53.8;54.0;53.8;54.0;49.29;49;stock;43.0;14.62;47.19;14.44;70.02;CAIR
2008-04-04;1207267200000;MNDL3.SA;54.0;54.0;54.0;54.0;49.29;0;stock;43.07;14.45;47.25;14.27;70.02;CAIR
2008-04-07;1207526400000;MNDL3.SA;53.0;53.0;53.0;53.0;48.38;49;stock;43.12;12.2;47.31;12.02;66.29;ESTAVEL
2008-04-08;1207612800000;MNDL3.SA;53.0;53.0;53.0;53.0;48.38;0;stock;43.17;12.07;47.37;11.89;66.29;ESTAVEL
2008-04-09;1207699200000;MNDL3.SA;53.0;53.0;53.0;53.0;48.38;0;stock;43.22;11.93;47.42;11.76;66.29;ESTAVEL
2008-04-10;1207785600000;MNDL3.SA;52.0;52.8;52.0;52.8;48.2;134;stock;43.27;11.39;47.48;11.21;65.43;ESTAVEL
2008-04-11;1207872000000;MNDL3.SA;52.8;52.8;52.8;52.8;48.2;0;stock;43.32;11.26;47.53;11.09;65.43;ESTAVEL
2008-04-14;1208131200000;MNDL3.SA;52.8;52.8;52.8;52.8;48.2;0;stock;43.37;11.14;47.58;10.96;65.43;ESTAVEL
2008-04-15;1208217600000;MNDL3.SA;52.8;52.8;52.8;52.8;48.2;0;stock;43.42;11.01;47.64;10.84;65.43;ESTAVEL
2008-04-16;1208304000000;MNDL3.SA;52.8;52.8;52.8;52.8;48.2;0;stock;43.47;10.89;47.69;10.72;65.43;ESTAVEL
2008-04-17;1208390400000;MNDL3.SA;52.8;52.8;52.8;52.8;48.2;0;stock;43.51;10.77;47.74;10.6;65.43;ESTAVEL
2008-04-18;1208476800000;MNDL3.SA;52.8;52.8;52.8;52.8;48.2;0;stock;43.56;10.65;47.79;10.49;65.43;ESTAVEL
2008-04-22;1208822400000;MNDL3.SA;52.0;52.0;51.0;51.0;46.55;749;stock;43.59;6.79;47.82;6.65;54.52;ESTAVEL
2008-04-23;1208908800000;MNDL3.SA;52.8;53.0;52.8;53.0;48.38;49;stock;43.64;10.87;47.87;10.71;62.07;ESTAVEL
2008-04-24;1208995200000;MNDL3.SA;53.0;53.0;53.0;53.0;48.38;0;stock;43.68;10.75;47.92;10.59;62.07;ESTAVEL
2008-04-25;1209081600000;MNDL3.SA;53.0;53.0;53.0;53.0;48.38;0;stock;43.73;10.63;47.97;10.48;62.07;ESTAVEL
2008-04-28;1209340800000;MNDL3.SA;52.8;52.8;50.0;52.8;48.2;24;stock;43.78;10.11;48.02;9.95;60.83;ESTAVEL
2008-04-29;1209427200000;MNDL3.SA;52.8;52.8;52.8;52.8;48.2;0;stock;43.82;10.0;48.07;9.84;60.83;ESTAVEL
2008-04-30;1209513600000;MNDL3.SA;52.8;52.8;52.8;52.8;48.2;0;stock;43.86;9.89;48.12;9.74;60.83;ESTAVEL
2008-05-02;1209686400000;MNDL3.SA;52.8;53.0;52.8;53.0;48.38;14;stock;43.91;10.19;48.16;10.04;61.79;ESTAVEL
2008-05-05;1209945600000;MNDL3.SA;53.0;53.0;53.0;53.0;48.38;0;stock;43.95;10.07;48.21;9.93;61.79;ESTAVEL
2008-05-06;1210032000000;MNDL3.SA;53.0;53.0;53.0;53.0;48.38;0;stock;44.0;9.96;48.26;9.82;61.79;ESTAVEL
2008-05-07;1210118400000;MNDL3.SA;53.0;53.0;53.0;53.0;48.38;0;stock;44.04;9.86;48.31;9.71;61.79;ESTAVEL
2008-05-08;1210204800000;MNDL3.SA;51.0;51.0;51.0;51.0;46.55;4;stock;44.06;5.64;48.33;5.52;46.35;ESTAVEL
2008-05-09;1210291200000;MNDL3.SA;54.0;54.0;53.6;53.6;49.1;9;stock;44.11;11.3;48.39;10.77;60.98;ESTAVEL
2008-05-12;1210550400000;MNDL3.SA;53.6;53.6;53.6;53.6;49.1;0;stock;44.16;11.18;48.44;10.66;60.98;ESTAVEL
2008-05-13;1210636800000;MNDL3.SA;53.6;53.6;53.6;53.6;49.1;0;stock;44.21;11.05;48.49;10.54;60.98;ESTAVEL
2008-05-14;1210723200000;MNDL3.SA;53.6;53.6;53.6;53.6;49.1;0;stock;44.26;10.93;48.54;10.42;60.98;ESTAVEL
2008-05-15;1210809600000;MNDL3.SA;53.6;53.6;53.6;53.6;49.1;0;stock;44.31;10.81;48.59;10.31;60.98;ESTAVEL
2008-05-16;1210896000000;MNDL3.SA;53.6;53.6;53.6;53.6;49.1;0;stock;44.36;10.69;48.64;10.2;60.98;ESTAVEL
2008-05-19;1211155200000;MNDL3.SA;47.0;49.0;47.0;49.0;44.88;1629;stock;44.36;1.16;48.64;0.73;35.79;ESTAVEL
2008-05-20;1211241600000;MNDL3.SA;49.0;49.0;47.0;47.0;43.05;1679;stock;44.35;-2.93;48.63;-3.35;30.0;ESTAVEL
2008-05-21;1211328000000;MNDL3.SA;47.0;47.0;47.0;47.0;43.05;14;stock;44.34;-2.9;48.61;-3.32;30.0;ESTAVEL
2008-05-23;1211500800000;MNDL3.SA;47.0;47.0;47.0;47.0;43.05;0;stock;44.32;-2.88;48.6;-3.28;30.0;ESTAVEL
2008-05-26;1211760000000;MNDL3.SA;47.0;47.0;47.0;47.0;43.05;0;stock;44.31;-2.85;48.58;-3.25;30.0;ESTAVEL
2008-05-27;1211846400000;MNDL3.SA;47.0;47.0;47.0;47.0;43.05;0;stock;44.3;-2.82;48.56;-3.22;30.0;ESTAVEL
2008-05-28;1211932800000;MNDL3.SA;47.0;47.0;47.0;47.0;43.05;0;stock;44.29;-2.79;48.55;-3.19;30.0;ESTAVEL
2008-05-29;1212019200000;MNDL3.SA;47.0;47.0;47.0;47.0;43.05;0;stock;44.27;-2.77;48.53;-3.16;30.0;ESTAVEL
2008-05-30;1212105600000;MNDL3.SA;44.0;49.4;43.0;49.4;45.25;64;stock;44.28;2.18;48.54;1.77;47.23;ESTAVEL
2008-06-02;1212364800000;MNDL3.SA;44.0;49.4;43.0;49.4;45.25;64;stock;44.29;2.16;48.55;1.75;47.23;ESTAVEL
2008-06-03;1212451200000;MNDL3.SA;49.4;49.4;49.4;49.4;45.25;0;stock;44.3;2.14;48.56;1.73;47.23;ESTAVEL
2008-06-04;1212537600000;MNDL3.SA;49.4;53.6;48.6;49.6;45.43;1529;stock;44.31;2.52;48.57;2.12;48.53;ESTAVEL
2008-06-05;1212624000000;MNDL3.SA;49.4;53.6;48.6;49.6;45.43;1529;stock;44.33;2.49;48.58;2.1;48.53;ESTAVEL
2008-06-06;1212710400000;MNDL3.SA;44.4;49.8;40.0;49.8;45.62;214;stock;44.34;2.89;48.59;2.49;50.03;ESTAVEL
2008-06-09;1212969600000;MNDL3.SA;47.8;47.8;47.8;47.8;43.78;4;stock;44.33;-1.25;48.58;-1.61;38.36;ESTAVEL
2008-06-10;1213056000000;MNDL3.SA;48.0;48.0;48.0;48.0;43.97;19;stock;44.33;-0.81;48.58;-1.19;39.92;ESTAVEL
2008-06-11;1213142400000;MNDL3.SA;41.6;47.2;41.6;45.0;41.22;104;stock;44.3;-6.95;48.54;-7.3;28.64;SUBIR
2008-06-12;1213228800000;MNDL3.SA;45.0;45.0;40.2;40.2;36.82;54;stock;44.22;-16.74;48.46;-17.04;19.26;SUBIR
2008-06-13;1213315200000;MNDL3.SA;41.0;41.0;40.2;40.2;36.82;99;stock;44.15;-16.6;48.38;-16.9;19.26;SUBIR
2008-06-16;1213574400000;MNDL3.SA;40.2;40.2;40.2;40.2;36.82;0;stock;44.08;-16.46;48.3;-16.76;19.26;SUBIR
2008-06-17;1213660800000;MNDL3.SA;40.0;43.8;38.0;43.8;40.12;59;stock;44.04;-8.9;48.25;-9.22;38.21;ESTAVEL
2008-06-18;1213747200000;MNDL3.SA;43.8;43.8;43.8;43.8;40.12;0;stock;44.0;-8.82;48.21;-9.14;38.21;ESTAVEL
2008-06-19;1213833600000;MNDL3.SA;43.8;43.8;43.8;43.8;40.12;24;stock;43.96;-8.74;48.16;-9.06;38.21;ESTAVEL
2008-06-20;1213920000000;MNDL3.SA;43.8;43.8;43.8;43.8;40.12;0;stock;43.92;-8.66;48.12;-8.98;38.21;ESTAVEL
2008-06-23;1214179200000;MNDL3.SA;43.8;43.8;43.8;43.8;40.12;0;stock;43.88;-8.58;48.08;-8.9;38.21;ESTAVEL
2008-06-24;1214265600000;MNDL3.SA;43.8;43.8;43.8;43.8;40.12;0;stock;43.85;-8.5;48.03;-8.81;38.21;ESTAVEL
2008-06-25;1214352000000;MNDL3.SA;43.8;43.8;43.8;43.8;40.12;0;stock;43.81;-8.42;47.99;-8.73;38.21;ESTAVEL
2008-06-26;1214438400000;MNDL3.SA;38.0;41.8;38.0;41.8;38.29;24;stock;43.75;-12.49;47.93;-12.79;31.36;ESTAVEL
2008-06-27;1214524800000;MNDL3.SA;41.8;41.8;41.8;41.8;38.29;0;stock;43.7;-12.38;47.87;-12.68;31.36;ESTAVEL
2008-06-30;1214784000000;MNDL3.SA;41.8;41.8;41.8;41.8;38.29;0;stock;43.65;-12.27;47.81;-12.57;31.36;ESTAVEL
2008-07-01;1214870400000;MNDL3.SA;41.8;41.8;41.8;41.8;38.29;0;stock;43.59;-12.17;47.75;-12.46;31.36;ESTAVEL
2008-07-02;1214956800000;MNDL3.SA;37.6;39.8;36.4;36.4;33.34;244;stock;43.49;-23.34;47.64;-23.59;18.97;SUBIR
2008-07-03;1215043200000;MNDL3.SA;35.0;35.0;34.0;34.0;31.14;59;stock;43.37;-28.2;47.5;-28.42;15.95;SUBIR
2008-07-04;1215129600000;MNDL3.SA;36.0;38.0;36.0;38.0;34.81;54;stock;43.28;-19.58;47.41;-19.84;34.63;ESTAVEL
2008-07-07;1215388800000;MNDL3.SA;38.0;38.0;38.0;38.0;34.81;0;stock;43.2;-19.42;47.31;-19.68;34.63;ESTAVEL
2008-07-08;1215475200000;MNDL3.SA;38.0;38.0;38.0;38.0;34.81;0;stock;43.12;-19.26;47.22;-19.52;34.63;ESTAVEL
2008-07-10;1215648000000;MNDL3.SA;38.0;38.0;38.0;38.0;34.81;0;stock;43.03;-19.11;47.13;-19.37;34.63;ESTAVEL
2008-07-11;1215734400000;MNDL3.SA;34.4;34.4;34.4;34.4;31.51;19;stock;42.92;-26.58;47.0;-26.81;27.29;SUBIR
2008-07-14;1215993600000;MNDL3.SA;34.4;34.4;34.4;34.4;31.51;0;stock;42.8;-26.39;46.88;-26.61;27.29;SUBIR
2008-07-15;1216080000000;MNDL3.SA;34.4;34.4;34.4;34.4;31.51;0;stock;42.69;-26.19;46.75;-26.42;27.29;SUBIR
2008-07-16;1216166400000;MNDL3.SA;34.4;34.4;34.4;34.4;31.51;9;stock;42.58;-26.0;46.63;-26.23;27.29;SUBIR
2008-07-17;1216252800000;MNDL3.SA;34.2;34.2;31.8;31.8;29.13;229;stock;42.45;-31.37;46.48;-31.59;22.64;SUBIR
2008-07-18;1216339200000;MNDL3.SA;39.2;44.0;32.8;34.2;31.33;194;stock;42.34;-26.0;46.36;-26.23;33.86;ESTAVEL
2008-07-21;1216598400000;MNDL3.SA;39.8;43.4;39.8;43.4;39.75;94;stock;42.31;-6.05;46.33;-6.32;58.61;ESTAVEL
2008-07-22;1216684800000;MNDL3.SA;43.8;45.0;43.8;44.6;40.85;89;stock;42.3;-3.42;46.31;-3.7;60.68;ESTAVEL
2008-07-23;1216771200000;MNDL3.SA;45.0;45.0;45.0;45.0;41.22;9;stock;42.29;-2.52;46.3;-2.81;61.38;ESTAVEL
2008-07-24;1216857600000;MNDL3.SA;45.0;45.0;45.0;45.0;41.22;0;stock;42.27;-2.5;46.29;-2.78;61.38;ESTAVEL
2008-07-25;1216944000000;MNDL3.SA;45.0;45.0;45.0;45.0;41.22;29;stock;42.26;-2.47;46.27;-2.75;61.38;ESTAVEL
2008-07-28;1217203200000;MNDL3.SA;36.0;36.0;36.0;36.0;32.98;29;stock;42.17;-21.8;46.17;-22.03;41.06;ESTAVEL
2008-07-29;1217289600000;MNDL3.SA;36.0;36.0;36.0;36.0;32.98;0;stock;42.08;-21.63;46.07;-21.86;41.06;ESTAVEL
2008-07-30;1217376000000;MNDL3.SA;39.6;39.8;39.6;39.8;36.46;254;stock;42.02;-13.24;46.01;-13.49;49.28;ESTAVEL
2008-07-31;1217462400000;MNDL3.SA;39.8;39.8;38.0;38.0;34.81;184;stock;41.95;-17.03;45.93;-17.26;46.01;ESTAVEL
2008-08-01;1217548800000;MNDL3.SA;38.0;38.0;38.0;38.0;34.81;0;stock;41.88;-16.89;45.85;-17.12;46.01;ESTAVEL
2008-08-04;1217808000000;MNDL3.SA;38.0;38.0;38.0;38.0;34.81;0;stock;41.81;-16.75;45.77;-16.98;46.01;ESTAVEL
2008-08-05;1217894400000;MNDL3.SA;38.0;38.0;38.0;38.0;34.81;0;stock;41.74;-16.61;45.69;-16.84;46.01;ESTAVEL
2008-08-06;1217980800000;MNDL3.SA;39.2;41.0;39.2;41.0;37.56;64;stock;41.7;-9.93;45.65;-10.18;53.01;ESTAVEL
2008-08-07;1218067200000;MNDL3.SA;41.0;41.0;41.0;41.0;37.56;0;stock;41.66;-9.84;45.6;-10.09;53.01;ESTAVEL
2008-08-08;1218153600000;MNDL3.SA;41.0;41.0;41.0;41.0;37.56;0;stock;41.62;-9.75;45.56;-10.0;53.01;ESTAVEL
2008-08-11;1218412800000;MNDL3.SA;41.0;41.0;41.0;41.0;37.56;0;stock;41.58;-9.66;45.51;-9.91;53.01;ESTAVEL
2008-08-12;1218499200000;MNDL3.SA;41.0;41.0;41.0;41.0;37.56;0;stock;41.54;-9.58;45.46;-9.82;53.01;ESTAVEL
2008-08-13;1218585600000;MNDL3.SA;41.0;41.0;41.0;41.0;37.56;0;stock;41.5;-9.49;45.42;-9.73;53.01;ESTAVEL
2008-08-14;1218672000000;MNDL3.SA;41.0;41.0;41.0;41.0;37.56;0;stock;41.46;-9.4;45.38;-9.64;53.01;ESTAVEL
2008-08-15;1218758400000;MNDL3.SA;41.0;41.0;41.0;41.0;37.56;0;stock;41.42;-9.32;45.33;-9.56;53.01;ESTAVEL
2008-08-18;1219017600000;MNDL3.SA;41.0;41.0;41.0;41.0;37.56;0;stock;41.38;-9.24;45.29;-9.47;53.01;ESTAVEL
2008-08-19;1219104000000;MNDL3.SA;41.0;41.0;41.0;41.0;37.56;0;stock;41.34;-9.15;45.25;-9.39;53.01;ESTAVEL
2008-08-20;1219190400000;MNDL3.SA;41.0;41.0;41.0;41.0;37.56;0;stock;41.31;-9.07;45.2;-9.3;53.01;ESTAVEL
2008-08-21;1219276800000;MNDL3.SA;41.0;41.0;41.0;41.0;37.56;0;stock;41.27;-8.99;45.16;-9.22;53.01;ESTAVEL
2008-08-22;1219363200000;MNDL3.SA;40.0;40.0;40.0;40.0;36.64;4;stock;41.22;-11.12;45.11;-11.33;47.95;ESTAVEL
2008-08-25;1219622400000;MNDL3.SA;40.0;40.0;40.0;40.0;36.64;0;stock;41.18;-11.02;45.06;-11.23;47.95;ESTAVEL
2008-08-26;1219708800000;MNDL3.SA;40.0;40.0;40.0;40.0;36.64;0;stock;41.13;-10.92;45.01;-11.13;47.95;ESTAVEL
2008-08-27;1219795200000;MNDL3.SA;38.0;38.0;38.0;38.0;34.81;24;stock;41.07;-15.24;44.94;-15.44;38.75;ESTAVEL
2008-08-28;1219881600000;MNDL3.SA;38.0;38.0;38.0;38.0;34.81;0;stock;41.01;-15.11;44.87;-15.31;38.75;ESTAVEL
2008-08-29;1219968000000;MNDL3.SA;39.6;39.6;39.6;39.6;36.27;104;stock;40.96;-11.45;44.82;-11.64;47.98;ESTAVEL
2008-09-01;1220227200000;MNDL3.SA;39.6;39.6;39.6;39.6;36.27;0;stock;40.91;-11.35;44.77;-11.54;47.98;ESTAVEL
2008-09-02;1220313600000;MNDL3.SA;39.4;40.0;39.4;40.0;36.64;389;stock;40.87;-10.35;44.72;-10.55;50.19;ESTAVEL
2008-09-03;1220400000000;MNDL3.SA;40.0;40.0;40.0;40.0;36.64;164;stock;40.83;-10.26;44.67;-10.46;50.19;ESTAVEL
2008-09-04;1220486400000;MNDL3.SA;40.0;40.0;40.0;40.0;36.64;0;stock;40.79;-10.17;44.63;-10.37;50.19;ESTAVEL
2008-09-05;1220572800000;MNDL3.SA;40.0;40.0;40.0;40.0;36.64;0;stock;40.75;-10.08;44.58;-10.27;50.19;ESTAVEL
2008-09-08;1220832000000;MNDL3.SA;40.0;40.0;40.0;40.0;36.64;0;stock;40.7;-9.99;44.53;-10.18;50.19;ESTAVEL
2008-09-09;1220918400000;MNDL3.SA;40.0;40.0;40.0;40.0;36.64;0;stock;40.66;-9.9;44.49;-10.09;50.19;ESTAVEL
2008-09-10;1221004800000;MNDL3.SA;40.0;40.0;40.0;40.0;36.64;0;stock;40.62;-9.81;44.44;-10.0;50.19;ESTAVEL
2008-09-11;1221091200000;MNDL3.SA;40.0;40.0;40.0;40.0;36.64;0;stock;40.58;-9.72;44.4;-9.91;50.19;ESTAVEL
2008-09-12;1221177600000;MNDL3.SA;39.0;39.0;39.0;39.0;35.72;4;stock;40.54;-11.88;44.35;-12.06;42.15;ESTAVEL
2008-09-15;1221436800000;MNDL3.SA;32.8;40.0;32.8;40.0;36.64;9;stock;40.5;-9.53;44.3;-9.71;50.66;ESTAVEL
2008-09-16;1221523200000;MNDL3.SA;40.0;40.0;40.0;40.0;36.64;0;stock;40.46;-9.44;44.26;-9.63;50.66;ESTAVEL
2008-09-17;1221609600000;MNDL3.SA;40.0;40.0;40.0;40.0;36.64;0;stock;40.42;-9.35;44.22;-9.54;50.66;ESTAVEL
2008-09-18;1221696000000;MNDL3.SA;40.0;40.0;40.0;40.0;36.64;0;stock;40.38;-9.27;44.18;-9.45;50.66;ESTAVEL
2008-09-19;1221782400000;MNDL3.SA;40.0;40.0;40.0;40.0;36.64;54;stock;40.35;-9.19;44.13;-9.37;50.66;ESTAVEL
2008-09-22;1222041600000;MNDL3.SA;40.0;40.0;40.0;40.0;36.64;0;stock;40.31;-9.1;44.09;-9.28;50.66;ESTAVEL
2008-09-23;1222128000000;MNDL3.SA;40.0;40.0;40.0;40.0;36.64;0;stock;40.27;-9.02;44.05;-9.2;50.66;ESTAVEL
2008-09-24;1222214400000;MNDL3.SA;40.0;40.0;40.0;40.0;36.64;0;stock;40.24;-8.94;44.01;-9.12;50.66;ESTAVEL
2008-09-25;1222300800000;MNDL3.SA;40.0;40.0;40.0;40.0;36.64;0;stock;40.2;-8.86;43.97;-9.03;50.66;ESTAVEL
2008-09-26;1222387200000;MNDL3.SA;40.0;40.0;40.0;40.0;36.64;0;stock;40.17;-8.78;43.93;-8.95;50.66;ESTAVEL
2008-09-29;1222646400000;MNDL3.SA;40.0;40.0;40.0;40.0;36.64;0;stock;40.13;-8.7;43.89;-8.87;50.66;ESTAVEL
2008-09-30;1222732800000;MNDL3.SA;40.0;40.0;40.0;40.0;36.64;0;stock;40.1;-8.62;43.86;-8.79;50.66;ESTAVEL
2008-10-01;1222819200000;MNDL3.SA;40.0;40.0;40.0;40.0;36.64;0;stock;40.06;-8.54;43.82;-8.71;50.66;ESTAVEL
2008-10-02;1222905600000;MNDL3.SA;40.0;40.0;40.0;40.0;36.64;0;stock;40.03;-8.46;43.78;-8.63;50.66;ESTAVEL
2008-10-03;1222992000000;MNDL3.SA;40.0;40.0;40.0;40.0;36.64;0;stock;39.99;-8.39;43.74;-8.55;50.66;ESTAVEL
2008-10-06;1223251200000;MNDL3.SA;30.0;30.0;29.8;30.0;27.48;464;stock;39.87;-31.07;43.6;-31.2;9.29;SUBIR
2008-10-07;1223337600000;MNDL3.SA;37.0;37.0;30.0;37.0;33.89;339;stock;39.81;-14.87;43.54;-15.02;43.85;ESTAVEL
2008-10-08;1223424000000;MNDL3.SA;37.0;37.0;37.0;37.0;33.89;0;stock;39.75;-14.74;43.47;-14.89;43.85;ESTAVEL
2008-10-09;1223510400000;MNDL3.SA;37.0;37.0;37.0;37.0;33.89;0;stock;39.69;-14.62;43.41;-14.77;43.85;ESTAVEL
2008-10-10;1223596800000;MNDL3.SA;37.0;37.0;37.0;37.0;33.89;0;stock;39.63;-14.49;43.35;-14.64;43.85;ESTAVEL
2008-10-13;1223856000000;MNDL3.SA;37.0;37.0;37.0;37.0;33.89;0;stock;39.58;-14.37;43.28;-14.52;43.85;ESTAVEL
2008-10-14;1223942400000;MNDL3.SA;37.0;37.0;37.0;37.0;33.89;0;stock;39.52;-14.25;43.22;-14.39;43.85;ESTAVEL
2008-10-15;1224028800000;MNDL3.SA;37.0;37.0;37.0;37.0;33.89;0;stock;39.46;-14.13;43.16;-14.27;43.85;ESTAVEL
2008-10-16;1224115200000;MNDL3.SA;37.0;37.0;37.0;37.0;33.89;0;stock;39.41;-14.01;43.1;-14.15;43.85;ESTAVEL
2008-10-17;1224201600000;MNDL3.SA;37.0;37.0;37.0;37.0;33.89;0;stock;39.35;-13.89;43.04;-14.03;43.85;ESTAVEL
2008-10-20;1224460800000;MNDL3.SA;37.0;37.0;37.0;37.0;33.89;0;stock;39.3;-13.77;42.98;-13.91;43.85;ESTAVEL
2008-10-21;1224547200000;MNDL3.SA;37.0;37.0;37.0;37.0;33.89;0;stock;39.25;-13.65;42.92;-13.79;43.85;ESTAVEL
2008-10-22;1224633600000;MNDL3.SA;37.0;37.0;37.0;37.0;33.89;0;stock;39.19;-13.53;42.86;-13.67;43.85;ESTAVEL
2008-10-23;1224720000000;MNDL3.SA;37.0;37.0;37.0;37.0;33.89;0;stock;39.14;-13.41;42.8;-13.55;43.85;ESTAVEL
2008-10-24;1224806400000;MNDL3.SA;37.0;37.0;37.0;37.0;33.89;0;stock;39.09;-13.3;42.74;-13.43;43.85;ESTAVEL
2008-10-27;1225065600000;MNDL3.SA;37.0;37.0;37.0;37.0;33.89;0;stock;39.04;-13.18;42.68;-13.32;43.85;ESTAVEL
2008-10-28;1225152000000;MNDL3.SA;37.0;37.0;37.0;37.0;33.89;0;stock;38.98;-13.07;42.63;-13.2;43.85;ESTAVEL
2008-10-29;1225238400000;MNDL3.SA;37.0;37.0;37.0;37.0;33.89;0;stock;38.93;-12.96;42.57;-13.09;43.85;ESTAVEL
2008-10-30;1225324800000;MNDL3.SA;37.0;37.0;37.0;37.0;33.89;0;stock;38.88;-12.84;42.52;-12.98;43.85;ESTAVEL
2008-10-31;1225411200000;MNDL3.SA;37.0;37.0;37.0;37.0;33.89;0;stock;38.83;-12.73;42.46;-12.86;43.85;ESTAVEL
2008-11-03;1225670400000;MNDL3.SA;37.0;37.0;37.0;37.0;33.89;0;stock;38.79;-12.62;42.41;-12.75;43.85;ESTAVEL
2008-11-04;1225756800000;MNDL3.SA;37.0;37.0;37.0;37.0;33.89;0;stock;38.74;-12.51;42.35;-12.64;43.85;ESTAVEL
2008-11-05;1225843200000;MNDL3.SA;35.0;35.0;35.0;35.0;32.06;9;stock;38.67;-17.09;42.28;-17.22;28.93;SUBIR
2008-11-06;1225929600000;MNDL3.SA;35.0;35.0;35.0;35.0;32.06;0;stock;38.6;-16.95;42.21;-17.08;28.93;SUBIR
2008-11-07;1226016000000;MNDL3.SA;35.0;35.0;35.0;35.0;32.06;0;stock;38.54;-16.81;42.14;-16.94;28.93;SUBIR
2008-11-10;1226275200000;MNDL3.SA;35.0;35.0;35.0;35.0;32.06;0;stock;38.47;-16.67;42.07;-16.8;28.93;SUBIR
2008-11-11;1226361600000;MNDL3.SA;35.0;35.0;35.0;35.0;32.06;0;stock;38.41;-16.53;42.0;-16.66;28.93;SUBIR
2008-11-12;1226448000000;MNDL3.SA;35.0;35.0;35.0;35.0;32.06;0;stock;38.35;-16.4;41.93;-16.52;28.93;SUBIR
2008-11-13;1226534400000;MNDL3.SA;35.0;35.0;35.0;35.0;32.06;0;stock;38.29;-16.26;41.86;-16.38;28.93;SUBIR
2008-11-14;1226620800000;MNDL3.SA;35.0;35.0;35.0;35.0;32.06;0;stock;38.22;-16.12;41.79;-16.24;28.93;SUBIR
2008-11-17;1226880000000;MNDL3.SA;35.0;35.0;35.0;35.0;32.06;0;stock;38.16;-15.99;41.72;-16.11;28.93;SUBIR
2008-11-18;1226966400000;MNDL3.SA;35.0;35.0;35.0;35.0;32.06;0;stock;38.1;-15.86;41.65;-15.97;28.93;SUBIR
2008-11-19;1227052800000;MNDL3.SA;35.0;35.0;35.0;35.0;32.06;0;stock;38.04;-15.72;41.59;-15.84;28.93;SUBIR
2008-11-21;1227225600000;MNDL3.SA;35.0;35.0;35.0;35.0;32.06;0;stock;37.98;-15.59;41.52;-15.71;28.93;SUBIR
2008-11-24;1227484800000;MNDL3.SA;35.0;35.0;35.0;35.0;32.06;0;stock;37.92;-15.46;41.46;-15.58;28.93;SUBIR
2008-11-25;1227571200000;MNDL3.SA;35.0;35.0;35.0;35.0;32.06;0;stock;37.86;-15.33;41.39;-15.44;28.93;SUBIR
2008-11-26;1227657600000;MNDL3.SA;35.0;35.0;35.0;35.0;32.06;0;stock;37.81;-15.2;41.33;-15.31;28.93;SUBIR
2008-11-27;1227744000000;MNDL3.SA;35.0;35.0;35.0;35.0;32.06;0;stock;37.75;-15.07;41.27;-15.19;28.93;SUBIR
2008-11-28;1227830400000;MNDL3.SA;35.0;35.0;35.0;35.0;32.06;0;stock;37.69;-14.94;41.2;-15.06;28.93;SUBIR
2008-12-01;1228089600000;MNDL3.SA;35.0;35.0;35.0;35.0;32.06;0;stock;37.64;-14.82;41.14;-14.93;28.93;SUBIR
2008-12-02;1228176000000;MNDL3.SA;35.0;35.0;35.0;35.0;32.06;0;stock;37.58;-14.69;41.08;-14.8;28.93;SUBIR
2008-12-03;1228262400000;MNDL3.SA;35.0;35.0;35.0;35.0;32.06;0;stock;37.53;-14.57;41.02;-14.68;28.93;SUBIR
2008-12-04;1228348800000;MNDL3.SA;35.0;35.0;35.0;35.0;32.06;0;stock;37.47;-14.44;40.96;-14.55;28.93;SUBIR
2008-12-05;1228435200000;MNDL3.SA;35.0;35.0;35.0;35.0;32.06;0;stock;37.42;-14.32;40.9;-14.43;28.93;SUBIR
2008-12-08;1228694400000;MNDL3.SA;35.0;35.0;35.0;35.0;32.06;0;stock;37.36;-14.2;40.84;-14.31;28.93;SUBIR
2008-12-09;1228780800000;MNDL3.SA;35.0;35.0;35.0;35.0;32.06;0;stock;37.31;-14.08;40.78;-14.18;28.93;SUBIR
2008-12-10;1228867200000;MNDL3.SA;35.0;35.0;35.0;35.0;32.06;0;stock;37.26;-13.96;40.73;-14.06;28.93;SUBIR
2008-12-11;1228953600000;MNDL3.SA;35.0;35.0;35.0;35.0;32.06;0;stock;37.21;-13.84;40.67;-13.94;28.93;SUBIR
2008-12-12;1229040000000;MNDL3.SA;35.0;35.0;35.0;35.0;32.06;0;stock;37.16;-13.72;40.61;-13.82;28.93;SUBIR
2008-12-15;1229299200000;MNDL3.SA;35.0;35.0;35.0;35.0;32.06;0;stock;37.11;-13.6;40.56;-13.7;28.93;SUBIR
2008-12-16;1229385600000;MNDL3.SA;35.0;35.0;35.0;35.0;32.06;0;stock;37.06;-13.48;40.5;-13.59;28.93;SUBIR
2008-12-17;1229472000000;MNDL3.SA;35.0;35.0;35.0;35.0;32.06;0;stock;37.01;-13.37;40.45;-13.47;28.93;SUBIR
2008-12-18;1229558400000;MNDL3.SA;35.0;35.0;35.0;35.0;32.06;0;stock;36.96;-13.25;40.39;-13.35;28.93;SUBIR
2008-12-19;1229644800000;MNDL3.SA;35.0;35.0;35.0;35.0;32.06;0;stock;36.91;-13.14;40.34;-13.24;28.93;SUBIR
2008-12-22;1229904000000;MNDL3.SA;35.0;35.0;35.0;35.0;32.06;0;stock;36.86;-13.02;40.29;-13.12;28.93;SUBIR
2008-12-23;1229990400000;MNDL3.SA;35.0;35.0;35.0;35.0;32.06;0;stock;36.81;-12.91;40.23;-13.01;28.93;SUBIR
2008-12-26;1230249600000;MNDL3.SA;35.0;35.0;35.0;35.0;32.06;0;stock;36.76;-12.8;40.18;-12.9;28.93;SUBIR
2008-12-29;1230508800000;MNDL3.SA;35.0;35.0;35.0;35.0;32.06;0;stock;36.72;-12.69;40.13;-12.78;28.93;SUBIR
2008-12-30;1230595200000;MNDL3.SA;35.0;35.0;35.0;35.0;32.06;0;stock;36.67;-12.58;40.08;-12.67;28.93;SUBIR
2009-01-02;1230854400000;MNDL3.SA;35.0;35.0;35.0;35.0;32.06;0;stock;36.63;-12.47;40.03;-12.56;28.93;SUBIR
2009-01-05;1231113600000;MNDL3.SA;35.0;35.0;35.0;35.0;32.06;0;stock;36.58;-12.36;39.98;-12.45;28.93;SUBIR
2009-01-06;1231200000000;MNDL3.SA;35.0;35.0;35.0;35.0;32.06;0;stock;36.54;-12.25;39.93;-12.35;28.93;SUBIR
2009-01-07;1231286400000;MNDL3.SA;34.0;34.0;34.0;34.0;31.14;4;stock;36.48;-14.64;39.87;-14.72;6.7;SUBIR
2009-01-08;1231372800000;MNDL3.SA;34.0;34.0;34.0;34.0;31.14;0;stock;36.43;-14.52;39.81;-14.6;6.7;SUBIR
2009-01-09;1231459200000;MNDL3.SA;34.0;34.0;34.0;34.0;31.14;0;stock;36.38;-14.39;39.75;-14.47;6.7;SUBIR
2009-01-12;1231718400000;MNDL3.SA;34.0;34.0;34.0;34.0;31.14;0;stock;36.32;-14.27;39.7;-14.35;6.7;SUBIR
2009-01-13;1231804800000;MNDL3.SA;34.0;34.0;34.0;34.0;31.14;0;stock;36.27;-14.15;39.64;-14.23;6.7;SUBIR
2009-01-14;1231891200000;MNDL3.SA;34.0;34.0;34.0;34.0;31.14;0;stock;36.22;-14.03;39.58;-14.11;6.7;SUBIR
2009-01-15;1231977600000;MNDL3.SA;34.0;34.0;34.0;34.0;31.14;0;stock;36.17;-13.91;39.53;-13.99;6.7;SUBIR
2009-01-16;1232064000000;MNDL3.SA;34.0;34.0;34.0;34.0;31.14;0;stock;36.12;-13.79;39.47;-13.87;6.7;SUBIR
2009-01-19;1232323200000;MNDL3.SA;34.0;34.0;34.0;34.0;31.14;0;stock;36.07;-13.67;39.42;-13.75;6.7;SUBIR
2009-01-20;1232409600000;MNDL3.SA;34.0;34.0;34.0;34.0;31.14;0;stock;36.02;-13.55;39.37;-13.63;6.7;SUBIR
2009-01-21;1232496000000;MNDL3.SA;34.0;34.0;34.0;34.0;31.14;0;stock;35.97;-13.44;39.31;-13.51;6.7;SUBIR
2009-01-22;1232582400000;MNDL3.SA;34.0;34.0;34.0;34.0;31.14;0;stock;35.93;-13.32;39.26;-13.4;6.7;SUBIR
2009-01-23;1232668800000;MNDL3.SA;34.0;34.0;34.0;34.0;31.14;0;stock;35.88;-13.2;39.21;-13.28;6.7;SUBIR
2009-01-26;1232928000000;MNDL3.SA;34.0;34.0;34.0;34.0;31.14;0;stock;35.83;-13.09;39.15;-13.16;6.7;SUBIR
2009-01-27;1233014400000;MNDL3.SA;34.0;34.0;34.0;34.0;31.14;0;stock;35.78;-12.98;39.1;-13.05;6.7;SUBIR
2009-01-28;1233100800000;MNDL3.SA;34.0;34.0;34.0;34.0;31.14;0;stock;35.74;-12.86;39.05;-12.94;6.7;SUBIR
2009-01-29;1233187200000;MNDL3.SA;34.0;34.0;34.0;34.0;31.14;0;stock;35.69;-12.75;39.0;-12.83;6.7;SUBIR
2009-01-30;1233273600000;MNDL3.SA;34.0;34.0;34.0;34.0;31.14;0;stock;35.65;-12.64;38.95;-12.71;6.7;SUBIR
2009-02-02;1233532800000;MNDL3.SA;34.0;34.0;34.0;34.0;31.14;0;stock;35.6;-12.53;38.9;-12.6;6.7;SUBIR
2009-02-03;1233619200000;MNDL3.SA;34.0;34.0;34.0;34.0;31.14;0;stock;35.56;-12.42;38.85;-12.49;6.7;SUBIR
2009-02-04;1233705600000;MNDL3.SA;34.0;34.0;34.0;34.0;31.14;0;stock;35.51;-12.31;38.81;-12.39;6.7;SUBIR
2009-02-05;1233792000000;MNDL3.SA;34.0;34.0;34.0;34.0;31.14;0;stock;35.47;-12.21;38.76;-12.28;6.7;SUBIR
2009-02-06;1233878400000;MNDL3.SA;34.0;34.0;34.0;34.0;31.14;0;stock;35.43;-12.1;38.71;-12.17;6.7;SUBIR
2009-02-09;1234137600000;MNDL3.SA;34.0;34.0;34.0;34.0;31.14;0;stock;35.38;-11.99;38.66;-12.06;6.7;SUBIR
2009-02-10;1234224000000;MNDL3.SA;34.0;34.0;34.0;34.0;31.14;0;stock;35.34;-11.89;38.62;-11.96;6.7;SUBIR
2009-02-11;1234310400000;MNDL3.SA;34.0;34.0;34.0;34.0;31.14;0;stock;35.3;-11.78;38.57;-11.85;6.7;SUBIR
2009-02-12;1234396800000;MNDL3.SA;34.0;34.0;34.0;34.0;31.14;0;stock;35.26;-11.68;38.53;-11.75;6.7;SUBIR
2009-02-13;1234483200000;MNDL3.SA;34.0;34.0;34.0;34.0;31.14;0;stock;35.22;-11.58;38.48;-11.65;6.7;SUBIR
2009-02-16;1234742400000;MNDL3.SA;34.0;34.0;34.0;34.0;31.14;0;stock;35.18;-11.48;38.44;-11.54;6.7;SUBIR
2009-02-17;1234828800000;MNDL3.SA;34.0;34.0;34.0;34.0;31.14;0;stock;35.14;-11.38;38.39;-11.44;6.7;SUBIR
2009-02-18;1234915200000;MNDL3.SA;34.0;34.0;34.0;34.0;31.14;0;stock;35.1;-11.27;38.35;-11.34;6.7;SUBIR
2009-02-19;1235001600000;MNDL3.SA;34.0;34.0;34.0;34.0;31.14;0;stock;35.06;-11.18;38.31;-11.24;6.7;SUBIR
2009-02-20;1235088000000;MNDL3.SA;34.0;34.0;34.0;34.0;31.14;0;stock;35.02;-11.08;38.26;-11.14;6.7;SUBIR
2009-02-25;1235520000000;MNDL3.SA;34.0;34.0;34.0;34.0;31.14;0;stock;34.98;-10.98;38.22;-11.04;6.7;SUBIR
2009-02-26;1235606400000;MNDL3.SA;34.0;34.0;34.0;34.0;31.14;0;stock;34.94;-10.88;38.18;-10.94;6.7;SUBIR
2009-02-27;1235692800000;MNDL3.SA;34.0;34.0;34.0;34.0;31.14;0;stock;34.9;-10.78;38.14;-10.85;6.7;SUBIR
2009-03-02;1235952000000;MNDL3.SA;34.0;34.0;34.0;34.0;31.14;0;stock;34.87;-10.69;38.1;-10.75;6.7;SUBIR
2009-03-03;1236038400000;MNDL3.SA;34.0;34.0;34.0;34.0;31.14;0;stock;34.83;-10.59;38.05;-10.66;6.7;SUBIR
2009-03-04;1236124800000;MNDL3.SA;34.0;34.0;34.0;34.0;31.14;0;stock;34.79;-10.5;38.01;-10.56;6.7;SUBIR
2009-03-05;1236211200000;MNDL3.SA;34.0;34.0;34.0;34.0;31.14;0;stock;34.76;-10.41;37.97;-10.47;6.7;SUBIR
2009-03-06;1236297600000;MNDL3.SA;34.0;34.0;34.0;34.0;31.14;0;stock;34.72;-10.31;37.93;-10.37;6.7;SUBIR
2009-03-09;1236556800000;MNDL3.SA;34.0;34.0;34.0;34.0;31.14;0;stock;34.68;-10.22;37.9;-10.28;6.7;SUBIR
2009-03-10;1236643200000;MNDL3.SA;34.0;34.0;34.0;34.0;31.14;0;stock;34.65;-10.13;37.86;-10.19;6.7;SUBIR
2009-03-11;1236729600000;MNDL3.SA;34.0;34.0;34.0;34.0;31.14;0;stock;34.61;-10.04;37.82;-10.1;6.7;SUBIR
2009-03-12;1236816000000;MNDL3.SA;34.0;34.0;34.0;34.0;31.14;0;stock;34.58;-9.95;37.78;-10.01;6.7;SUBIR
2009-03-13;1236902400000;MNDL3.SA;34.0;34.0;34.0;34.0;31.14;0;stock;34.55;-9.86;37.74;-9.92;6.7;SUBIR
2009-03-16;1237161600000;MNDL3.SA;26.0;26.0;26.0;26.0;23.82;24;stock;34.44;-30.83;37.63;-30.9;0.04;SUBIR
2009-03-17;1237248000000;MNDL3.SA;26.0;26.0;26.0;26.0;23.82;0;stock;34.33;-30.62;37.51;-30.69;0.04;SUBIR
2009-03-18;1237334400000;MNDL3.SA;26.0;26.0;26.0;26.0;23.82;0;stock;34.23;-30.41;37.4;-30.47;0.04;SUBIR
2009-03-19;1237420800000;MNDL3.SA;26.0;26.0;26.0;26.0;23.82;0;stock;34.13;-30.2;37.28;-30.26;0.04;SUBIR
2009-03-20;1237507200000;MNDL3.SA;26.0;26.0;26.0;26.0;23.82;0;stock;34.02;-29.99;37.17;-30.05;0.04;SUBIR
2009-03-23;1237766400000;MNDL3.SA;26.0;26.0;26.0;26.0;23.82;0;stock;33.92;-29.78;37.06;-29.84;0.04;SUBIR
2009-03-24;1237852800000;MNDL3.SA;26.0;26.0;26.0;26.0;23.82;0;stock;33.82;-29.57;36.95;-29.63;0.04;SUBIR
2009-03-25;1237939200000;MNDL3.SA;26.0;26.0;26.0;26.0;23.82;0;stock;33.72;-29.36;36.84;-29.42;0.04;SUBIR
2009-03-26;1238025600000;MNDL3.SA;26.0;26.0;26.0;26.0;23.82;0;stock;33.62;-29.16;36.73;-29.22;0.04;SUBIR
2009-03-27;1238112000000;MNDL3.SA;26.0;26.0;26.0;26.0;23.82;0;stock;33.53;-28.95;36.63;-29.01;0.04;SUBIR
2009-03-30;1238371200000;MNDL3.SA;26.0;26.0;26.0;26.0;23.82;0;stock;33.43;-28.74;36.52;-28.81;0.04;SUBIR
2009-03-31;1238457600000;MNDL3.SA;26.0;26.0;26.0;26.0;23.82;0;stock;33.33;-28.54;36.42;-28.6;0.04;SUBIR
2009-04-01;1238544000000;MNDL3.SA;22.4;23.6;22.4;23.6;21.62;44;stock;33.22;-34.91;36.29;-34.96;0.02;SUBIR
2009-04-02;1238630400000;MNDL3.SA;27.0;28.0;24.2;28.0;25.65;34;stock;33.14;-22.6;36.21;-22.66;45.39;ESTAVEL
2009-04-03;1238716800000;MNDL3.SA;25.4;28.0;25.4;28.0;25.65;199;stock;33.07;-22.43;36.12;-22.49;45.39;ESTAVEL
2009-04-06;1238976000000;MNDL3.SA;25.0;25.0;25.0;25.0;22.9;474;stock;32.97;-30.53;36.01;-30.58;33.4;ESTAVEL
2009-04-07;1239062400000;MNDL3.SA;24.2;24.2;23.0;23.0;21.07;749;stock;32.85;-35.85;35.88;-35.9;28.08;SUBIR
2009-04-08;1239148800000;MNDL3.SA;23.4;23.4;23.0;23.0;21.07;484;stock;32.73;-35.62;35.76;-35.67;28.08;SUBIR
2009-04-09;1239235200000;MNDL3.SA;25.0;25.0;25.0;25.0;22.9;169;stock;32.63;-29.82;35.65;-29.87;39.29;ESTAVEL
2009-04-13;1239580800000;MNDL3.SA;24.8;26.0;24.8;26.0;23.82;49;stock;32.54;-26.81;35.55;-26.87;44.01;ESTAVEL
2009-04-14;1239667200000;MNDL3.SA;27.0;27.0;27.0;27.0;24.73;19;stock;32.47;-23.83;35.47;-23.87;48.3;ESTAVEL
2009-04-15;1239753600000;MNDL3.SA;25.8;28.0;25.8;28.0;25.65;164;stock;32.4;-20.83;35.39;-20.89;52.28;ESTAVEL
2009-04-16;1239840000000;MNDL3.SA;27.6;27.6;27.0;27.0;24.73;374;stock;32.32;-23.49;35.31;-23.53;48.28;ESTAVEL
2009-04-17;1239926400000;MNDL3.SA;26.0;26.0;23.6;25.0;22.9;1004;stock;32.23;-28.95;35.21;-28.99;41.48;ESTAVEL
2009-04-20;1240185600000;MNDL3.SA;24.8;24.8;23.6;23.6;21.62;104;stock;32.12;-32.7;35.09;-32.75;37.5;ESTAVEL
2009-04-22;1240358400000;MNDL3.SA;24.4;24.4;24.4;24.4;22.35;344;stock;32.03;-30.21;34.98;-30.26;40.98;ESTAVEL
2009-04-23;1240444800000;MNDL3.SA;23.4;23.4;23.4;23.4;21.43;124;stock;31.92;-32.86;34.87;-32.89;38.1;ESTAVEL
2009-04-24;1240531200000;MNDL3.SA;23.6;23.6;22.8;22.8;20.88;74;stock;31.81;-34.36;34.75;-34.39;36.45;ESTAVEL
2009-04-27;1240790400000;MNDL3.SA;22.0;22.4;22.0;22.4;20.52;729;stock;31.7;-35.26;34.63;-35.31;35.38;ESTAVEL
2009-04-28;1240876800000;MNDL3.SA;21.6;23.4;21.6;23.4;21.43;59;stock;31.6;-32.18;34.51;-32.2;40.19;ESTAVEL
2009-04-29;1240963200000;MNDL3.SA;22.4;22.4;22.4;22.4;20.52;99;stock;31.49;-34.83;34.39;-34.87;37.21;ESTAVEL
2009-04-30;1241049600000;MNDL3.SA;22.0;23.0;22.0;23.0;21.07;189;stock;31.38;-32.86;34.28;-32.91;40.1;ESTAVEL
2009-05-04;1241395200000;MNDL3.SA;23.0;23.0;22.8;22.8;20.88;284;stock;31.28;-33.24;34.17;-33.27;39.42;ESTAVEL
2009-05-05;1241481600000;MNDL3.SA;23.0;23.2;22.8;22.8;20.88;569;stock;31.17;-33.02;34.05;-33.05;39.42;ESTAVEL
2009-05-06;1241568000000;MNDL3.SA;23.4;23.4;22.8;22.8;20.88;174;stock;31.07;-32.8;33.94;-32.83;39.42;ESTAVEL
2009-05-07;1241654400000;MNDL3.SA;23.0;23.0;23.0;23.0;21.07;4;stock;30.97;-31.97;33.83;-32.02;40.67;ESTAVEL
2009-05-08;1241740800000;MNDL3.SA;23.0;23.0;23.0;23.0;21.07;114;stock;30.87;-31.75;33.72;-31.8;40.67;ESTAVEL
2009-05-11;1242000000000;MNDL3.SA;23.0;24.0;22.4;24.0;21.98;789;stock;30.79;-28.6;33.63;-28.63;46.78;ESTAVEL
2009-05-12;1242086400000;MNDL3.SA;24.6;28.0;24.4;27.8;25.46;969;stock;30.73;-17.16;33.57;-17.19;62.61;ESTAVEL
2009-05-13;1242172800000;MNDL3.SA;27.6;29.8;27.6;28.0;25.65;1409;stock;30.68;-16.4;33.51;-16.45;63.25;ESTAVEL
2009-05-14;1242259200000;MNDL3.SA;28.2;29.4;28.0;29.4;26.93;64;stock;30.64;-12.12;33.47;-12.17;67.33;ESTAVEL
2009-05-15;1242345600000;MNDL3.SA;28.8;28.8;28.8;28.8;26.38;149;stock;30.6;-13.8;33.43;-13.84;64.04;ESTAVEL
2009-05-18;1242604800000;MNDL3.SA;28.8;28.8;28.8;28.8;26.38;0;stock;30.56;-13.68;33.38;-13.72;64.04;ESTAVEL
2009-05-19;1242691200000;MNDL3.SA;31.2;31.2;31.0;31.0;28.4;69;stock;30.54;-7.0;33.36;-7.07;70.23;ESTAVEL
2009-05-20;1242777600000;MNDL3.SA;31.0;31.0;31.0;31.0;28.4;0;stock;30.52;-6.94;33.33;-7.0;70.23;ESTAVEL
2009-05-21;1242864000000;MNDL3.SA;31.0;31.0;31.0;31.0;28.4;0;stock;30.5;-6.87;33.31;-6.94;70.23;ESTAVEL
2009-05-22;1242950400000;MNDL3.SA;31.0;31.0;31.0;31.0;28.4;0;stock;30.48;-6.81;33.29;-6.87;70.23;ESTAVEL
2009-05-25;1243209600000;MNDL3.SA;31.0;31.0;31.0;31.0;28.4;0;stock;30.45;-6.75;33.27;-6.81;70.23;ESTAVEL
2009-05-26;1243296000000;MNDL3.SA;31.0;31.0;31.0;31.0;28.4;0;stock;30.43;-6.68;33.24;-6.75;70.23;ESTAVEL
2009-05-27;1243382400000;MNDL3.SA;31.0;31.0;31.0;31.0;28.4;0;stock;30.41;-6.62;33.22;-6.68;70.23;ESTAVEL
2009-05-28;1243468800000;MNDL3.SA;31.0;31.0;31.0;31.0;28.4;0;stock;30.39;-6.56;33.2;-6.62;70.23;ESTAVEL
2009-05-29;1243555200000;MNDL3.SA;31.0;31.0;31.0;31.0;28.4;0;stock;30.37;-6.5;33.18;-6.56;70.23;ESTAVEL
2009-06-01;1243814400000;MNDL3.SA;31.0;31.0;31.0;31.0;28.4;0;stock;30.35;-6.44;33.15;-6.5;70.23;ESTAVEL
2009-06-02;1243900800000;MNDL3.SA;31.0;31.0;31.0;31.0;28.4;0;stock;30.34;-6.38;33.13;-6.44;70.23;ESTAVEL
2009-06-03;1243987200000;MNDL3.SA;31.0;31.0;31.0;31.0;28.4;0;stock;30.32;-6.32;33.11;-6.38;70.23;ESTAVEL
2009-06-04;1244073600000;MNDL3.SA;31.0;31.0;31.0;31.0;28.4;0;stock;30.3;-6.26;33.09;-6.32;70.23;ESTAVEL
2009-06-05;1244160000000;MNDL3.SA;31.0;31.0;31.0;31.0;28.4;0;stock;30.28;-6.2;33.07;-6.26;70.23;ESTAVEL
2009-06-08;1244419200000;MNDL3.SA;26.6;26.6;26.6;26.6;24.37;104;stock;30.22;-19.36;33.01;-19.41;35.67;ESTAVEL
2009-06-09;1244505600000;MNDL3.SA;26.6;26.6;23.6;26.6;24.37;94;stock;30.16;-19.2;32.94;-19.25;35.67;ESTAVEL
2009-06-10;1244592000000;MNDL3.SA;26.6;26.6;26.6;26.6;24.37;0;stock;30.1;-19.05;32.88;-19.1;35.67;ESTAVEL
2009-06-12;1244764800000;MNDL3.SA;26.6;26.6;26.6;26.6;24.37;0;stock;30.05;-18.89;32.82;-18.94;35.67;ESTAVEL
2009-06-15;1245024000000;MNDL3.SA;26.6;26.6;26.6;26.6;24.37;0;stock;29.99;-18.74;32.75;-18.79;35.67;ESTAVEL
2009-06-16;1245110400000;MNDL3.SA;26.0;26.0;26.0;26.0;23.82;9;stock;29.93;-20.41;32.69;-20.46;32.5;ESTAVEL
2009-06-17;1245196800000;MNDL3.SA;25.0;25.0;25.0;25.0;22.9;9;stock;29.86;-23.3;32.61;-23.34;28.03;SUBIR
2009-06-18;1245283200000;MNDL3.SA;25.0;25.8;25.0;25.8;23.63;49;stock;29.8;-20.7;32.54;-20.72;35.61;ESTAVEL
2009-06-19;1245369600000;MNDL3.SA;26.0;26.0;26.0;26.0;23.82;249;stock;29.74;-19.9;32.48;-19.95;37.45;ESTAVEL
2009-06-22;1245628800000;MNDL3.SA;25.8;26.2;25.8;26.2;24.0;1339;stock;29.68;-19.14;32.42;-19.17;39.23;ESTAVEL
2009-06-23;1245715200000;MNDL3.SA;25.6;25.6;25.0;25.0;22.9;424;stock;29.61;-22.67;32.34;-22.7;33.05;ESTAVEL
2009-06-24;1245801600000;MNDL3.SA;24.2;24.8;24.2;24.8;22.72;99;stock;29.54;-23.1;32.27;-23.14;32.16;ESTAVEL
2009-06-25;1245888000000;MNDL3.SA;25.6;26.4;25.6;26.0;23.82;1139;stock;29.49;-19.22;32.2;-19.27;42.4;ESTAVEL
2009-06-26;1245974400000;MNDL3.SA;27.0;30.0;26.0;28.8;26.38;644;stock;29.46;-10.44;32.17;-10.48;58.21;ESTAVEL
2009-06-29;1246233600000;MNDL3.SA;29.0;29.0;26.0;28.2;25.83;909;stock;29.42;-12.2;32.13;-12.23;54.73;ESTAVEL
2009-06-30;1246320000000;MNDL3.SA;27.4;28.0;27.4;28.0;25.65;99;stock;29.38;-12.7;32.09;-12.75;53.6;ESTAVEL
2009-07-01;1246406400000;MNDL3.SA;28.0;28.0;28.0;28.0;25.65;0;stock;29.35;-12.59;32.05;-12.63;53.6;ESTAVEL
2009-07-02;1246492800000;MNDL3.SA;28.0;28.0;28.0;28.0;25.65;0;stock;29.31;-12.48;32.01;-12.52;53.6;ESTAVEL
2009-07-03;1246579200000;MNDL3.SA;28.0;28.0;28.0;28.0;25.65;24;stock;29.27;-12.37;31.97;-12.42;53.6;ESTAVEL
2009-07-06;1246838400000;MNDL3.SA;28.0;28.0;28.0;28.0;25.65;0;stock;29.24;-12.27;31.93;-12.31;53.6;ESTAVEL
2009-07-07;1246924800000;MNDL3.SA;30.0;30.0;26.0;26.0;23.82;59;stock;29.18;-18.37;31.87;-18.42;41.12;ESTAVEL
2009-07-08;1247011200000;MNDL3.SA;26.0;26.0;26.0;26.0;23.82;0;stock;29.13;-18.23;31.81;-18.27;41.12;ESTAVEL
2009-07-09;1247097600000;MNDL3.SA;26.0;26.0;26.0;26.0;23.82;0;stock;29.08;-18.08;31.75;-18.12;41.12;ESTAVEL
2009-07-10;1247184000000;MNDL3.SA;26.0;26.0;26.0;26.0;23.82;0;stock;29.02;-17.93;31.7;-17.97;41.12;ESTAVEL
2009-07-13;1247443200000;MNDL3.SA;26.0;26.0;26.0;26.0;23.82;0;stock;28.97;-17.78;31.64;-17.83;41.12;ESTAVEL
2009-07-14;1247529600000;MNDL3.SA;26.0;26.0;26.0;26.0;23.82;0;stock;28.92;-17.64;31.58;-17.68;41.12;ESTAVEL
2009-07-15;1247616000000;MNDL3.SA;26.0;26.0;26.0;26.0;23.82;0;stock;28.87;-17.49;31.53;-17.54;41.12;ESTAVEL
2009-07-16;1247702400000;MNDL3.SA;26.0;26.0;26.0;26.0;23.82;0;stock;28.82;-17.35;31.47;-17.39;41.12;ESTAVEL
2009-07-17;1247788800000;MNDL3.SA;26.0;26.0;26.0;26.0;23.82;0;stock;28.77;-17.21;31.42;-17.25;41.12;ESTAVEL
2009-07-20;1248048000000;MNDL3.SA;26.4;26.4;26.4;26.4;24.18;64;stock;28.72;-15.82;31.37;-15.84;45.95;ESTAVEL
2009-07-21;1248134400000;MNDL3.SA;26.4;28.8;26.4;28.8;26.38;94;stock;28.7;-8.09;31.34;-8.12;64.88;ESTAVEL
2009-07-22;1248220800000;MNDL3.SA;29.0;29.8;29.0;29.8;27.3;49;stock;28.69;-4.83;31.33;-4.88;69.67;ESTAVEL
2009-07-23;1248307200000;MNDL3.SA;29.8;29.8;29.8;29.8;27.3;0;stock;28.67;-4.79;31.31;-4.83;69.67;ESTAVEL
2009-07-24;1248393600000;MNDL3.SA;32.0;36.0;28.8;28.8;26.38;124;stock;28.65;-7.92;31.29;-7.95;60.16;ESTAVEL
2009-07-27;1248652800000;MNDL3.SA;29.6;29.6;29.6;29.6;27.11;304;stock;28.64;-5.33;31.27;-5.34;64.32;ESTAVEL
2009-07-28;1248739200000;MNDL3.SA;30.0;30.0;30.0;30.0;27.48;24;stock;28.62;-4.0;31.26;-4.03;66.25;ESTAVEL
2009-07-29;1248825600000;MNDL3.SA;34.8;38.0;34.8;38.0;34.81;44;stock;28.69;21.35;31.33;21.31;84.3;CAIR
2009-07-30;1248912000000;MNDL3.SA;38.0;38.0;38.0;38.0;34.81;0;stock;28.75;21.09;31.39;21.05;84.3;CAIR
2009-07-31;1248998400000;MNDL3.SA;38.0;38.0;38.0;38.0;34.81;0;stock;28.81;20.84;31.46;20.8;84.3;CAIR
2009-08-03;1249257600000;MNDL3.SA;30.0;32.0;30.0;32.0;29.31;494;stock;28.81;1.73;31.46;1.71;56.15;ESTAVEL
2009-08-04;1249344000000;MNDL3.SA;31.6;32.0;31.6;32.0;29.31;2534;stock;28.82;1.71;31.47;1.69;56.15;ESTAVEL
2009-08-05;1249430400000;MNDL3.SA;32.0;32.0;32.0;32.0;29.31;4;stock;28.82;1.7;31.47;1.67;56.15;ESTAVEL
2009-08-06;1249516800000;MNDL3.SA;34.0;34.0;32.0;32.0;29.31;69;stock;28.83;1.68;31.48;1.65;56.15;ESTAVEL
2009-08-07;1249603200000;MNDL3.SA;32.0;32.0;32.0;32.0;29.31;0;stock;28.83;1.66;31.48;1.64;56.15;ESTAVEL
2009-08-10;1249862400000;MNDL3.SA;32.0;32.0;32.0;32.0;29.31;0;stock;28.84;1.64;31.49;1.62;56.15;ESTAVEL
2009-08-11;1249948800000;MNDL3.SA;33.8;33.8;33.8;33.8;30.96;24;stock;28.86;7.29;31.51;7.26;62.08;ESTAVEL
2009-08-12;1250035200000;MNDL3.SA;33.8;33.8;33.8;33.8;30.96;0;stock;28.88;7.21;31.54;7.18;62.08;ESTAVEL
2009-08-13;1250121600000;MNDL3.SA;31.8;31.8;31.8;31.8;29.13;24;stock;28.88;0.86;31.54;0.83;52.88;ESTAVEL
2009-08-14;1250208000000;MNDL3.SA;31.8;31.8;31.8;31.8;29.13;0;stock;28.88;0.86;31.54;0.82;52.88;ESTAVEL
2009-08-17;1250467200000;MNDL3.SA;31.8;31.8;31.8;31.8;29.13;0;stock;28.89;0.85;31.54;0.81;52.88;ESTAVEL
2009-08-18;1250553600000;MNDL3.SA;31.8;31.8;31.8;31.8;29.13;0;stock;28.89;0.84;31.55;0.81;52.88;ESTAVEL
2009-08-19;1250640000000;MNDL3.SA;31.8;31.8;31.8;31.8;29.13;0;stock;28.89;0.83;31.55;0.8;52.88;ESTAVEL
2009-08-20;1250726400000;MNDL3.SA;31.2;31.2;31.2;31.2;28.58;19;stock;28.89;-1.06;31.54;-1.09;49.68;ESTAVEL
2009-08-21;1250812800000;MNDL3.SA;31.2;31.2;31.2;31.2;28.58;0;stock;28.88;-1.05;31.54;-1.08;49.68;ESTAVEL
2009-08-24;1251072000000;MNDL3.SA;31.2;31.2;31.2;31.2;28.58;0;stock;28.88;-1.04;31.54;-1.07;49.68;ESTAVEL
2009-08-25;1251158400000;MNDL3.SA;31.2;31.2;31.2;31.2;28.58;0;stock;28.88;-1.03;31.53;-1.06;49.68;ESTAVEL
2009-08-26;1251244800000;MNDL3.SA;31.2;31.2;31.2;31.2;28.58;0;stock;28.87;-1.02;31.53;-1.05;49.68;ESTAVEL
2009-08-27;1251331200000;MNDL3.SA;31.2;31.2;31.2;31.2;28.58;0;stock;28.87;-1.01;31.53;-1.04;49.68;ESTAVEL
2009-08-28;1251417600000;MNDL3.SA;31.2;31.2;31.2;31.2;28.58;0;stock;28.87;-1.0;31.52;-1.03;49.68;ESTAVEL
2009-08-31;1251676800000;MNDL3.SA;31.2;31.2;31.2;31.2;28.58;0;stock;28.87;-0.99;31.52;-1.02;49.68;ESTAVEL
2009-09-01;1251763200000;MNDL3.SA;31.2;31.2;31.2;31.2;28.58;0;stock;28.86;-0.98;31.52;-1.01;49.68;ESTAVEL
2009-09-02;1251849600000;MNDL3.SA;31.2;31.2;31.2;31.2;28.58;0;stock;28.86;-0.97;31.52;-1.0;49.68;ESTAVEL
2009-09-03;1251936000000;MNDL3.SA;26.6;26.6;26.0;26.4;24.18;204;stock;28.81;-16.08;31.46;-16.09;24.63;SUBIR
2009-09-04;1252022400000;MNDL3.SA;26.6;26.6;26.6;26.6;24.37;9;stock;28.77;-15.29;31.42;-15.33;26.36;SUBIR
2009-09-08;1252368000000;MNDL3.SA;28.0;28.0;28.0;28.0;25.65;179;stock;28.74;-10.75;31.38;-10.78;36.85;ESTAVEL
2009-09-09;1252454400000;MNDL3.SA;28.0;28.0;28.0;28.0;25.65;9;stock;28.71;-10.65;31.35;-10.68;36.85;ESTAVEL
2009-09-10;1252540800000;MNDL3.SA;28.0;28.0;28.0;28.0;25.65;0;stock;28.68;-10.56;31.31;-10.59;36.85;ESTAVEL
2009-09-11;1252627200000;MNDL3.SA;28.0;28.0;28.0;28.0;25.65;0;stock;28.65;-10.46;31.28;-10.49;36.85;ESTAVEL
2009-09-14;1252886400000;MNDL3.SA;28.0;28.0;28.0;28.0;25.65;0;stock;28.62;-10.37;31.25;-10.4;36.85;ESTAVEL
2009-09-15;1252972800000;MNDL3.SA;28.0;28.0;28.0;28.0;25.65;0;stock;28.59;-10.28;31.22;-10.3;36.85;ESTAVEL
2009-09-16;1253059200000;MNDL3.SA;28.0;28.0;28.0;28.0;25.65;0;stock;28.56;-10.19;31.18;-10.21;36.85;ESTAVEL
2009-09-17;1253145600000;MNDL3.SA;28.0;28.0;28.0;28.0;25.65;0;stock;28.53;-10.09;31.15;-10.12;36.85;ESTAVEL
2009-09-18;1253232000000;MNDL3.SA;26.8;26.8;26.8;26.8;24.55;4;stock;28.49;-13.83;31.11;-13.85;30.17;ESTAVEL
2009-09-21;1253491200000;MNDL3.SA;26.8;26.8;26.8;26.8;24.55;0;stock;28.45;-13.71;31.07;-13.73;30.17;ESTAVEL
2009-09-22;1253577600000;MNDL3.SA;26.8;26.8;26.8;26.8;24.55;0;stock;28.41;-13.59;31.02;-13.62;30.17;ESTAVEL
2009-09-23;1253664000000;MNDL3.SA;26.6;26.6;26.6;26.6;24.37;9;stock;28.37;-14.11;30.98;-14.14;29.09;SUBIR
2009-09-24;1253750400000;MNDL3.SA;26.6;26.6;26.6;26.6;24.37;0;stock;28.33;-13.98;30.94;-14.02;29.09;SUBIR
2009-09-25;1253836800000;MNDL3.SA;26.0;26.0;26.0;26.0;23.82;289;stock;28.29;-15.79;30.89;-15.82;25.82;SUBIR
2009-09-28;1254096000000;MNDL3.SA;26.0;26.0;26.0;26.0;23.82;54;stock;28.24;-15.66;30.84;-15.69;25.82;SUBIR
2009-09-29;1254182400000;MNDL3.SA;26.0;26.0;26.0;26.0;23.82;0;stock;28.2;-15.53;30.79;-15.56;25.82;SUBIR
2009-09-30;1254268800000;MNDL3.SA;26.0;26.0;26.0;26.0;23.82;0;stock;28.16;-15.4;30.74;-15.43;25.82;SUBIR
2009-10-01;1254355200000;MNDL3.SA;27.0;27.0;25.6;25.6;23.45;2044;stock;28.11;-16.57;30.69;-16.59;23.44;SUBIR
2009-10-02;1254441600000;MNDL3.SA;25.6;25.6;25.6;25.6;23.45;14;stock;28.06;-16.44;30.64;-16.45;23.44;SUBIR
2009-10-05;1254700800000;MNDL3.SA;27.0;27.0;25.2;25.2;23.08;789;stock;28.01;-17.61;30.59;-17.61;21.17;SUBIR
2009-10-06;1254787200000;MNDL3.SA;27.6;27.6;27.0;27.0;24.73;439;stock;27.98;-11.62;30.55;-11.62;46.17;ESTAVEL
2009-10-07;1254873600000;MNDL3.SA;26.8;27.0;26.8;27.0;24.73;44;stock;27.95;-11.51;30.52;-11.52;46.17;ESTAVEL
2009-10-08;1254960000000;MNDL3.SA;26.0;26.0;26.0;26.0;23.82;49;stock;27.91;-14.64;30.47;-14.67;38.39;ESTAVEL
2009-10-09;1255046400000;MNDL3.SA;26.0;26.0;26.0;26.0;23.82;0;stock;27.87;-14.52;30.43;-14.55;38.39;ESTAVEL
2009-10-13;1255392000000;MNDL3.SA;26.0;26.0;26.0;26.0;23.82;0;stock;27.83;-14.4;30.38;-14.43;38.39;ESTAVEL
2009-10-14;1255478400000;MNDL3.SA;26.0;26.0;26.0;26.0;23.82;0;stock;27.79;-14.27;30.34;-14.3;38.39;ESTAVEL
2009-10-15;1255564800000;MNDL3.SA;26.0;26.0;26.0;26.0;23.82;0;stock;27.75;-14.15;30.3;-14.18;38.39;ESTAVEL
2009-10-16;1255651200000;MNDL3.SA;28.0;28.0;28.0;28.0;25.65;39;stock;27.73;-7.49;30.27;-7.51;58.69;ESTAVEL
2009-10-19;1255910400000;MNDL3.SA;28.0;28.0;28.0;28.0;25.65;0;stock;27.7;-7.42;30.25;-7.44;58.69;ESTAVEL
2009-10-20;1255996800000;MNDL3.SA;28.0;28.0;28.0;28.0;25.65;0;stock;27.68;-7.35;30.23;-7.37;58.69;ESTAVEL
2009-10-21;1256083200000;MNDL3.SA;28.0;28.0;28.0;28.0;25.65;0;stock;27.66;-7.28;30.21;-7.3;58.69;ESTAVEL
2009-10-22;1256169600000;MNDL3.SA;28.0;28.0;28.0;28.0;25.65;0;stock;27.64;-7.21;30.18;-7.24;58.69;ESTAVEL
2009-10-23;1256256000000;MNDL3.SA;28.0;28.0;28.0;28.0;25.65;0;stock;27.62;-7.15;30.16;-7.17;58.69;ESTAVEL
2009-10-26;1256515200000;MNDL3.SA;28.0;28.0;28.0;28.0;25.65;0;stock;27.6;-7.08;30.14;-7.1;58.69;ESTAVEL
2009-10-27;1256601600000;MNDL3.SA;28.0;28.0;28.0;28.0;25.65;0;stock;27.59;-7.01;30.12;-7.04;58.69;ESTAVEL
2009-10-28;1256688000000;MNDL3.SA;28.0;28.0;28.0;28.0;25.65;0;stock;27.57;-6.95;30.1;-6.97;58.69;ESTAVEL
2009-10-29;1256774400000;MNDL3.SA;26.0;26.0;26.0;26.0;23.82;49;stock;27.53;-13.47;30.06;-13.5;35.74;ESTAVEL
2009-10-30;1256860800000;MNDL3.SA;26.0;26.0;26.0;26.0;23.82;0;stock;27.49;-13.36;30.02;-13.38;35.74;ESTAVEL
2009-11-03;1257206400000;MNDL3.SA;26.8;26.8;26.8;26.8;24.55;9;stock;27.46;-10.61;29.99;-10.62;45.58;ESTAVEL
2009-11-04;1257292800000;MNDL3.SA;26.8;26.8;26.8;26.8;24.55;0;stock;27.43;-10.51;29.95;-10.53;45.58;ESTAVEL
2009-11-05;1257379200000;MNDL3.SA;26.8;26.8;26.8;26.8;24.55;0;stock;27.4;-10.42;29.92;-10.43;45.58;ESTAVEL
2009-11-06;1257465600000;MNDL3.SA;26.8;26.8;26.8;26.8;24.55;0;stock;27.38;-10.32;29.89;-10.34;45.58;ESTAVEL
2009-11-09;1257724800000;MNDL3.SA;26.8;26.8;26.8;26.8;24.55;0;stock;27.35;-10.23;29.86;-10.25;45.58;ESTAVEL
2009-11-10;1257811200000;MNDL3.SA;26.8;26.8;26.8;26.8;24.55;0;stock;27.32;-10.14;29.83;-10.16;45.58;ESTAVEL
2009-11-11;1257897600000;MNDL3.SA;26.8;26.8;26.8;26.8;24.55;0;stock;27.29;-10.05;29.8;-10.07;45.58;ESTAVEL
2009-11-12;1257984000000;MNDL3.SA;26.8;26.8;26.8;26.8;24.55;0;stock;27.27;-9.96;29.77;-9.98;45.58;ESTAVEL
2009-11-13;1258070400000;MNDL3.SA;26.8;26.8;26.8;26.8;24.55;0;stock;27.24;-9.87;29.74;-9.89;45.58;ESTAVEL
2009-11-16;1258329600000;MNDL3.SA;26.8;26.8;26.8;26.8;24.55;0;stock;27.21;-9.78;29.71;-9.8;45.58;ESTAVEL
2009-11-17;1258416000000;MNDL3.SA;26.8;26.8;26.8;26.8;24.55;0;stock;27.19;-9.69;29.68;-9.71;45.58;ESTAVEL
2009-11-18;1258502400000;MNDL3.SA;26.2;27.4;26.2;27.4;25.1;19;stock;27.16;-7.6;29.66;-7.62;56.84;ESTAVEL
2009-11-19;1258588800000;MNDL3.SA;27.4;27.4;27.4;27.4;25.1;0;stock;27.14;-7.53;29.64;-7.55;56.84;ESTAVEL
2009-11-23;1258934400000;MNDL3.SA;26.2;28.2;26.0;28.2;25.83;34;stock;27.13;-4.79;29.62;-4.8;67.26;ESTAVEL
2009-11-24;1259020800000;MNDL3.SA;26.2;28.2;26.2;28.2;25.83;29;stock;27.12;-4.75;29.61;-4.76;67.26;ESTAVEL
2009-11-25;1259107200000;MNDL3.SA;28.2;28.2;28.2;28.2;25.83;0;stock;27.11;-4.7;29.59;-4.71;67.26;ESTAVEL
2009-11-26;1259193600000;MNDL3.SA;26.6;27.6;25.8;27.6;25.28;424;stock;27.09;-6.67;29.57;-6.68;54.81;ESTAVEL
2009-11-27;1259280000000;MNDL3.SA;26.2;26.8;26.2;26.8;24.55;9;stock;27.06;-9.28;29.55;-9.3;43.34;ESTAVEL
2009-11-30;1259539200000;MNDL3.SA;26.2;26.2;26.2;26.2;24.0;4;stock;27.03;-11.21;29.51;-11.23;37.05;ESTAVEL
2009-12-01;1259625600000;MNDL3.SA;26.2;26.2;26.2;26.2;24.0;0;stock;27.0;-11.11;29.48;-11.13;37.05;ESTAVEL
2009-12-02;1259712000000;MNDL3.SA;26.2;26.2;26.2;26.2;24.0;0;stock;26.97;-11.02;29.45;-11.03;37.05;ESTAVEL
2009-12-03;1259798400000;MNDL3.SA;26.2;26.2;26.2;26.2;24.0;0;stock;26.94;-10.92;29.42;-10.93;37.05;ESTAVEL
2009-12-04;1259884800000;MNDL3.SA;26.6;26.6;26.6;26.6;24.37;29;stock;26.92;-9.46;29.39;-9.49;44.36;ESTAVEL
2009-12-07;1260144000000;MNDL3.SA;26.6;26.6;26.6;26.6;24.37;9;stock;26.89;-9.37;29.36;-9.4;44.36;ESTAVEL
2009-12-08;1260230400000;MNDL3.SA;26.6;26.6;26.6;26.6;24.37;0;stock;26.87;-9.29;29.33;-9.32;44.36;ESTAVEL
2009-12-09;1260316800000;MNDL3.SA;26.6;26.6;26.6;26.6;24.37;0;stock;26.84;-9.21;29.31;-9.23;44.36;ESTAVEL
2009-12-10;1260403200000;MNDL3.SA;26.6;26.6;26.6;26.6;24.37;0;stock;26.82;-9.12;29.28;-9.15;44.36;ESTAVEL
2009-12-11;1260489600000;MNDL3.SA;26.2;26.2;25.8;25.8;23.63;84;stock;26.78;-11.78;29.24;-11.78;33.19;ESTAVEL
2009-12-14;1260748800000;MNDL3.SA;25.8;25.8;25.8;25.8;23.63;0;stock;26.75;-11.67;29.21;-11.67;33.19;ESTAVEL
2009-12-15;1260835200000;MNDL3.SA;25.8;25.8;25.8;25.8;23.63;0;stock;26.72;-11.57;29.18;-11.57;33.19;ESTAVEL
2009-12-16;1260921600000;MNDL3.SA;25.8;25.8;25.8;25.8;23.63;0;stock;26.69;-11.47;29.14;-11.47;33.19;ESTAVEL
2009-12-17;1261008000000;MNDL3.SA;25.8;25.8;25.8;25.8;23.63;0;stock;26.66;-11.37;29.11;-11.37;33.19;ESTAVEL
2009-12-18;1261094400000;MNDL3.SA;25.8;25.8;25.8;25.8;23.63;0;stock;26.63;-11.27;29.08;-11.27;33.19;ESTAVEL
2009-12-21;1261353600000;MNDL3.SA;25.8;25.8;25.8;25.8;23.63;0;stock;26.6;-11.17;29.04;-11.17;33.19;ESTAVEL
2009-12-22;1261440000000;MNDL3.SA;25.8;25.8;25.6;25.6;23.45;24;stock;26.57;-11.74;29.01;-11.75;30.1;ESTAVEL
2009-12-23;1261526400000;MNDL3.SA;25.6;25.6;25.6;25.6;23.45;0;stock;26.54;-11.64;28.98;-11.65;30.1;ESTAVEL
2009-12-24;1261612800000;MNDL3.SA;25.6;25.6;25.6;25.6;23.45;0;stock;26.51;-11.54;28.94;-11.55;30.1;ESTAVEL
2009-12-28;1261958400000;MNDL3.SA;25.2;25.2;25.2;25.2;23.08;274;stock;26.47;-12.82;28.9;-12.82;24.28;SUBIR
2009-12-29;1262044800000;MNDL3.SA;25.2;25.2;25.2;25.2;23.08;299;stock;26.44;-12.71;28.87;-12.7;24.28;SUBIR
2009-12-30;1262131200000;MNDL3.SA;25.2;25.2;25.2;25.2;23.08;0;stock;26.41;-12.6;28.83;-12.59;24.28;SUBIR
2010-01-04;1262563200000;MNDL3.SA;26.0;26.0;24.4;24.4;22.35;544;stock;26.37;-15.23;28.79;-15.24;16.45;SUBIR
2010-01-05;1262649600000;MNDL3.SA;24.4;24.4;24.4;24.4;22.35;279;stock;26.33;-15.1;28.74;-15.11;16.45;SUBIR
2010-01-06;1262736000000;MNDL3.SA;25.8;27.2;25.8;27.2;24.91;614;stock;26.31;-5.33;28.73;-5.32;63.86;ESTAVEL
2010-01-07;1262822400000;MNDL3.SA;25.0;26.0;25.0;25.2;23.08;1874;stock;26.28;-12.18;28.69;-12.17;44.44;ESTAVEL
2010-01-08;1262908800000;MNDL3.SA;25.6;28.6;25.6;27.2;24.91;1514;stock;26.27;-5.16;28.68;-5.15;58.15;ESTAVEL
2010-01-11;1263168000000;MNDL3.SA;27.2;27.2;27.2;27.2;24.91;0;stock;26.25;-5.11;28.66;-5.1;58.15;ESTAVEL
2010-01-12;1263254400000;MNDL3.SA;27.4;27.8;27.4;27.8;25.46;1299;stock;26.24;-2.99;28.65;-2.98;61.46;ESTAVEL
2010-01-13;1263340800000;MNDL3.SA;27.8;27.8;27.8;27.8;25.46;0;stock;26.24;-2.96;28.65;-2.95;61.46;ESTAVEL
2010-01-14;1263427200000;MNDL3.SA;27.0;27.0;26.4;26.4;24.18;1564;stock;26.22;-7.77;28.62;-7.77;50.64;ESTAVEL
2010-01-15;1263513600000;MNDL3.SA;28.0;28.0;28.0;28.0;25.65;4;stock;26.21;-2.14;28.62;-2.16;59.47;ESTAVEL
2010-01-18;1263772800000;MNDL3.SA;28.4;29.0;28.4;28.6;26.2;2234;stock;26.21;-0.04;28.62;-0.06;62.19;ESTAVEL
2010-01-19;1263859200000;MNDL3.SA;28.8;31.4;28.8;29.0;26.56;1044;stock;26.21;1.32;28.62;1.32;63.9;ESTAVEL
2010-01-20;1263945600000;MNDL3.SA;29.0;29.0;29.0;29.0;26.56;0;stock;26.22;1.31;28.62;1.31;63.9;ESTAVEL
2010-01-21;1264032000000;MNDL3.SA;29.0;29.0;29.0;29.0;26.56;0;stock;26.22;1.29;28.63;1.3;63.9;ESTAVEL
2010-01-22;1264118400000;MNDL3.SA;29.0;29.0;29.0;29.0;26.56;0;stock;26.22;1.28;28.63;1.28;63.9;ESTAVEL
2010-01-26;1264464000000;MNDL3.SA;29.0;29.0;29.0;29.0;26.56;0;stock;26.23;1.27;28.64;1.27;63.9;ESTAVEL
2010-01-27;1264550400000;MNDL3.SA;26.8;28.4;26.8;27.0;24.73;249;stock;26.21;-5.66;28.62;-5.66;47.94;ESTAVEL
2010-01-28;1264636800000;MNDL3.SA;27.0;27.0;27.0;27.0;24.73;0;stock;26.2;-5.6;28.6;-5.61;47.94;ESTAVEL
2010-01-29;1264723200000;MNDL3.SA;28.0;28.0;28.0;28.0;25.65;199;stock;26.19;-2.07;28.6;-2.09;54.56;ESTAVEL
2010-02-01;1264982400000;MNDL3.SA;28.0;28.0;28.0;28.0;25.65;0;stock;26.19;-2.05;28.59;-2.07;54.56;ESTAVEL
2010-02-02;1265068800000;MNDL3.SA;28.0;28.0;28.0;28.0;25.65;0;stock;26.18;-2.03;28.59;-2.05;54.56;ESTAVEL
2010-02-03;1265155200000;MNDL3.SA;28.0;28.0;28.0;28.0;25.65;0;stock;26.18;-2.01;28.58;-2.03;54.56;ESTAVEL
2010-02-04;1265241600000;MNDL3.SA;27.0;27.0;27.0;27.0;24.73;49;stock;26.16;-5.47;28.56;-5.48;46.59;ESTAVEL
2010-02-05;1265328000000;MNDL3.SA;27.0;27.0;27.0;27.0;24.73;0;stock;26.15;-5.42;28.55;-5.42;46.59;ESTAVEL
2010-02-08;1265587200000;MNDL3.SA;27.0;27.0;27.0;27.0;24.73;0;stock;26.13;-5.37;28.53;-5.37;46.59;ESTAVEL
2010-02-09;1265673600000;MNDL3.SA;25.4;25.4;25.4;25.4;23.27;14;stock;26.11;-10.86;28.5;-10.88;36.13;ESTAVEL
2010-02-10;1265760000000;MNDL3.SA;27.0;27.0;27.0;27.0;24.73;49;stock;26.09;-5.22;28.49;-5.22;48.56;ESTAVEL
2010-02-11;1265846400000;MNDL3.SA;27.0;27.0;27.0;27.0;24.73;0;stock;26.08;-5.17;28.47;-5.17;48.56;ESTAVEL
2010-02-12;1265932800000;MNDL3.SA;27.0;27.0;27.0;27.0;24.73;0;stock;26.06;-5.12;28.46;-5.12;48.56;ESTAVEL
2010-02-17;1266364800000;MNDL3.SA;27.0;27.0;27.0;27.0;24.73;0;stock;26.05;-5.07;28.44;-5.07;48.56;ESTAVEL
2010-02-18;1266451200000;MNDL3.SA;27.0;27.0;27.0;27.0;24.73;0;stock;26.04;-5.02;28.43;-5.03;48.56;ESTAVEL
2010-02-19;1266537600000;MNDL3.SA;27.0;28.0;27.0;27.0;24.73;1309;stock;26.03;-4.98;28.41;-4.98;48.56;ESTAVEL
2010-02-22;1266796800000;MNDL3.SA;26.0;26.2;26.0;26.2;24.0;69;stock;26.01;-7.71;28.39;-7.72;42.16;ESTAVEL
2010-02-23;1266883200000;MNDL3.SA;28.0;28.8;25.6;28.0;25.65;1554;stock;26.0;-1.35;28.39;-1.37;56.21;ESTAVEL
2010-02-24;1266969600000;MNDL3.SA;28.0;28.6;27.0;28.6;26.2;1304;stock;26.0;0.76;28.39;0.74;59.73;ESTAVEL
2010-02-25;1267056000000;MNDL3.SA;26.4;28.4;26.4;28.4;26.01;29;stock;26.0;0.02;28.39;0.03;57.99;ESTAVEL
2010-02-26;1267142400000;MNDL3.SA;28.8;29.8;28.8;29.0;26.56;554;stock;26.01;2.12;28.4;2.12;61.47;ESTAVEL
2010-03-01;1267401600000;MNDL3.SA;29.0;30.4;29.0;30.4;27.85;1719;stock;26.03;7.0;28.42;6.98;68.14;ESTAVEL
2010-03-02;1267488000000;MNDL3.SA;30.4;30.4;30.4;30.4;27.85;0;stock;26.05;6.93;28.44;6.9;68.14;ESTAVEL
2010-03-03;1267574400000;MNDL3.SA;28.6;28.8;28.6;28.8;26.38;264;stock;26.05;1.27;28.44;1.27;55.46;ESTAVEL
2010-03-04;1267660800000;MNDL3.SA;29.8;32.0;29.8;30.0;27.48;274;stock;26.06;5.44;28.46;5.43;61.27;ESTAVEL
2010-03-05;1267747200000;MNDL3.SA;33.8;33.8;32.2;32.4;29.68;564;stock;26.1;13.72;28.49;13.7;69.76;ESTAVEL
2010-03-08;1268006400000;MNDL3.SA;32.4;32.4;32.4;32.4;29.68;0;stock;26.13;13.56;28.53;13.55;69.76;ESTAVEL
2010-03-09;1268092800000;MNDL3.SA;32.4;32.4;32.4;32.4;29.68;0;stock;26.17;13.41;28.57;13.4;69.76;ESTAVEL
2010-03-10;1268179200000;MNDL3.SA;32.4;32.4;32.4;32.4;29.68;0;stock;26.21;13.26;28.61;13.25;69.76;ESTAVEL
2010-03-11;1268265600000;MNDL3.SA;28.6;31.0;28.6;31.0;28.4;284;stock;26.23;8.29;28.63;8.26;59.54;ESTAVEL
2010-03-12;1268352000000;MNDL3.SA;31.0;31.0;31.0;31.0;28.4;149;stock;26.25;8.2;28.66;8.17;59.54;ESTAVEL
2010-03-15;1268611200000;MNDL3.SA;31.0;31.0;31.0;31.0;28.4;799;stock;26.27;8.11;28.68;8.09;59.54;ESTAVEL
2010-03-16;1268697600000;MNDL3.SA;29.0;31.4;29.0;31.4;28.76;189;stock;26.29;9.38;28.71;9.38;61.52;ESTAVEL
2010-03-17;1268784000000;MNDL3.SA;33.4;33.4;32.0;32.0;29.31;79;stock;26.32;11.34;28.74;11.34;64.39;ESTAVEL
2010-03-18;1268870400000;MNDL3.SA;28.8;30.0;28.8;30.0;27.48;299;stock;26.34;4.34;28.75;4.34;50.82;ESTAVEL
2010-03-19;1268956800000;MNDL3.SA;31.8;31.8;30.0;30.0;27.48;1674;stock;26.35;4.3;28.77;4.29;50.82;ESTAVEL
2010-03-22;1269216000000;MNDL3.SA;28.8;29.8;28.6;29.8;27.3;424;stock;26.36;3.58;28.78;3.56;49.63;ESTAVEL
2010-03-23;1269302400000;MNDL3.SA;31.6;32.0;31.6;32.0;29.31;74;stock;26.39;11.08;28.81;11.08;60.72;ESTAVEL
2010-03-24;1269388800000;MNDL3.SA;32.0;32.0;32.0;32.0;29.31;0;stock;26.42;10.96;28.84;10.96;60.72;ESTAVEL
2010-03-25;1269475200000;MNDL3.SA;32.0;32.0;32.0;32.0;29.31;0;stock;26.44;10.84;28.87;10.84;60.72;ESTAVEL
2010-03-26;1269561600000;MNDL3.SA;32.0;32.0;32.0;32.0;29.31;0;stock;26.47;10.72;28.9;10.72;60.72;ESTAVEL
2010-03-29;1269820800000;MNDL3.SA;32.0;32.0;32.0;32.0;29.31;0;stock;26.5;10.6;28.93;10.6;60.72;ESTAVEL
2010-03-30;1269907200000;MNDL3.SA;32.0;32.0;32.0;32.0;29.31;0;stock;26.53;10.48;28.96;10.48;60.72;ESTAVEL
2010-03-31;1269993600000;MNDL3.SA;32.0;32.0;32.0;32.0;29.31;0;stock;26.56;10.37;28.99;10.37;60.72;ESTAVEL
2010-04-01;1270080000000;MNDL3.SA;27.6;30.0;27.6;30.0;27.48;79;stock;26.57;3.44;29.0;3.43;45.42;ESTAVEL
2010-04-05;1270425600000;MNDL3.SA;30.0;30.0;30.0;30.0;27.48;0;stock;26.57;3.41;29.01;3.4;45.42;ESTAVEL
2010-04-06;1270512000000;MNDL3.SA;30.0;30.0;30.0;30.0;27.48;0;stock;26.58;3.37;29.02;3.36;45.42;ESTAVEL
2010-04-07;1270598400000;MNDL3.SA;30.0;30.0;30.0;30.0;27.48;0;stock;26.59;3.34;29.03;3.33;45.42;ESTAVEL
2010-04-08;1270684800000;MNDL3.SA;30.0;30.0;30.0;30.0;27.48;0;stock;26.6;3.3;29.04;3.29;45.42;ESTAVEL
2010-04-09;1270771200000;MNDL3.SA;30.0;30.0;30.0;30.0;27.48;0;stock;26.61;3.27;29.05;3.26;45.42;ESTAVEL
2010-04-12;1271030400000;MNDL3.SA;27.6;28.8;27.4;27.6;25.28;184;stock;26.6;-4.95;29.04;-4.95;30.85;ESTAVEL
2010-04-13;1271116800000;MNDL3.SA;26.8;26.8;26.8;26.8;24.55;4;stock;26.58;-7.63;29.02;-7.64;27.68;SUBIR
2010-04-14;1271203200000;MNDL3.SA;28.4;29.0;28.4;29.0;26.56;39;stock;26.58;-0.06;29.02;-0.05;44.58;ESTAVEL
2010-04-15;1271289600000;MNDL3.SA;29.0;29.0;29.0;29.0;26.56;0;stock;26.58;-0.06;29.02;-0.05;44.58;ESTAVEL
2010-04-16;1271376000000;MNDL3.SA;29.0;29.0;29.0;29.0;26.56;284;stock;26.58;-0.06;29.02;-0.05;44.58;ESTAVEL
2010-04-19;1271635200000;MNDL3.SA;29.0;29.0;29.0;29.0;26.56;0;stock;26.58;-0.06;29.02;-0.05;44.58;ESTAVEL
2010-04-20;1271721600000;MNDL3.SA;29.0;29.0;29.0;29.0;26.56;0;stock;26.58;-0.06;29.02;-0.05;44.58;ESTAVEL
2010-04-22;1271894400000;MNDL3.SA;29.0;29.0;29.0;29.0;26.56;0;stock;26.58;-0.06;29.01;-0.05;44.58;ESTAVEL
2010-04-23;1271980800000;MNDL3.SA;28.8;29.0;28.8;29.0;26.56;49;stock;26.58;-0.06;29.01;-0.05;44.58;ESTAVEL
2010-04-26;1272240000000;MNDL3.SA;29.0;29.0;29.0;29.0;26.56;219;stock;26.58;-0.06;29.01;-0.05;44.58;ESTAVEL
2010-04-27;1272326400000;MNDL3.SA;29.0;29.0;29.0;29.0;26.56;0;stock;26.58;-0.06;29.01;-0.05;44.58;ESTAVEL
2010-04-28;1272412800000;MNDL3.SA;29.0;29.0;29.0;29.0;26.56;0;stock;26.58;-0.06;29.01;-0.05;44.58;ESTAVEL
2010-04-29;1272499200000;MNDL3.SA;29.0;29.0;29.0;29.0;26.56;0;stock;26.58;-0.06;29.01;-0.05;44.58;ESTAVEL
2010-04-30;1272585600000;MNDL3.SA;29.0;29.0;29.0;29.0;26.56;0;stock;26.57;-0.06;29.01;-0.05;44.58;ESTAVEL
2010-05-03;1272844800000;MNDL3.SA;29.0;29.0;29.0;29.0;26.56;0;stock;26.57;-0.06;29.01;-0.05;44.58;ESTAVEL
2010-05-04;1272931200000;MNDL3.SA;26.0;26.0;26.0;26.0;23.82;129;stock;26.55;-10.27;28.98;-10.3;24.29;SUBIR
2010-05-05;1273017600000;MNDL3.SA;26.0;26.0;26.0;26.0;23.82;0;stock;26.52;-10.18;28.95;-10.2;24.29;SUBIR
2010-05-06;1273104000000;MNDL3.SA;26.0;26.0;26.0;26.0;23.82;0;stock;26.49;-10.09;28.92;-10.11;24.29;SUBIR
2010-05-07;1273190400000;MNDL3.SA;26.0;26.0;26.0;26.0;23.82;0;stock;26.47;-10.0;28.9;-10.02;24.29;SUBIR
2010-05-10;1273449600000;MNDL3.SA;29.2;29.2;29.2;29.2;26.75;699;stock;26.47;1.06;28.9;1.04;54.24;ESTAVEL
2010-05-11;1273536000000;MNDL3.SA;29.2;29.2;29.2;29.2;26.75;424;stock;26.47;1.05;28.9;1.03;54.24;ESTAVEL
2010-05-12;1273622400000;MNDL3.SA;29.2;29.2;29.2;29.2;26.75;0;stock;26.48;1.04;28.9;1.02;54.24;ESTAVEL
2010-05-13;1273708800000;MNDL3.SA;29.2;29.2;29.2;29.2;26.75;0;stock;26.48;1.03;28.91;1.01;54.24;ESTAVEL
2010-05-14;1273795200000;MNDL3.SA;29.2;29.2;29.2;29.2;26.75;0;stock;26.48;1.02;28.91;1.0;54.24;ESTAVEL
2010-05-17;1274054400000;MNDL3.SA;29.2;29.2;29.2;29.2;26.75;0;stock;26.48;1.01;28.91;0.99;54.24;ESTAVEL
2010-05-18;1274140800000;MNDL3.SA;27.6;27.6;27.6;27.6;25.28;499;stock;26.47;-4.5;28.9;-4.5;41.42;ESTAVEL
2010-05-19;1274227200000;MNDL3.SA;27.6;27.6;27.6;27.6;25.28;0;stock;26.46;-4.46;28.89;-4.46;41.42;ESTAVEL
2010-05-20;1274313600000;MNDL3.SA;27.6;27.6;27.6;27.6;25.28;0;stock;26.45;-4.42;28.87;-4.41;41.42;ESTAVEL
2010-05-21;1274400000000;MNDL3.SA;25.8;25.8;25.8;25.8;23.63;249;stock;26.42;-10.56;28.84;-10.55;31.11;ESTAVEL
2010-05-24;1274659200000;MNDL3.SA;25.8;25.8;25.8;25.8;23.63;0;stock;26.39;-10.46;28.81;-10.46;31.11;ESTAVEL
2010-05-25;1274745600000;MNDL3.SA;25.8;25.8;25.8;25.8;23.63;0;stock;26.36;-10.37;28.78;-10.37;31.11;ESTAVEL
2010-05-26;1274832000000;MNDL3.SA;24.6;24.6;24.6;24.6;22.53;19;stock;26.33;-14.42;28.74;-14.41;25.77;SUBIR
2010-05-27;1274918400000;MNDL3.SA;24.6;24.6;24.6;24.6;22.53;0;stock;26.29;-14.3;28.7;-14.29;25.77;SUBIR
2010-05-28;1275004800000;MNDL3.SA;24.6;24.6;24.6;24.6;22.53;0;stock;26.25;-14.18;28.66;-14.17;25.77;SUBIR
2010-05-31;1275264000000;MNDL3.SA;28.4;28.6;28.4;28.6;26.2;9;stock;26.25;-0.19;28.66;-0.21;56.73;ESTAVEL
2010-06-01;1275350400000;MNDL3.SA;28.6;28.6;28.6;28.6;26.2;0;stock;26.25;-0.19;28.66;-0.21;56.73;ESTAVEL
2010-06-02;1275436800000;MNDL3.SA;28.6;28.6;28.6;28.6;26.2;0;stock;26.25;-0.19;28.66;-0.2;56.73;ESTAVEL
2010-06-04;1275609600000;MNDL3.SA;28.6;28.6;28.6;28.6;26.2;0;stock;26.25;-0.19;28.66;-0.2;56.73;ESTAVEL
2010-06-07;1275868800000;MNDL3.SA;28.2;28.2;28.2;28.2;25.83;499;stock;26.24;-1.58;28.65;-1.58;53.69;ESTAVEL
2010-06-08;1275955200000;MNDL3.SA;29.4;29.4;25.2;27.0;24.73;514;stock;26.23;-5.72;28.64;-5.72;45.83;ESTAVEL
2010-06-09;1276041600000;MNDL3.SA;27.0;27.0;27.0;27.0;24.73;0;stock;26.21;-5.66;28.62;-5.66;45.83;ESTAVEL
2010-06-10;1276128000000;MNDL3.SA;30.0;30.0;30.0;30.0;27.48;69;stock;26.23;4.78;28.63;4.77;61.97;ESTAVEL
2010-06-11;1276214400000;MNDL3.SA;30.0;30.0;30.0;30.0;27.48;0;stock;26.24;4.73;28.65;4.72;61.97;ESTAVEL
2010-06-14;1276473600000;MNDL3.SA;30.0;30.0;30.0;30.0;27.48;0;stock;26.25;4.68;28.66;4.67;61.97;ESTAVEL
2010-06-15;1276560000000;MNDL3.SA;30.0;30.0;30.0;30.0;27.48;0;stock;26.26;4.63;28.67;4.62;61.97;ESTAVEL
2010-06-16;1276646400000;MNDL3.SA;30.0;30.0;30.0;30.0;27.48;0;stock;26.28;4.58;28.69;4.57;61.97;ESTAVEL
2010-06-17;1276732800000;MNDL3.SA;30.0;30.0;30.0;30.0;27.48;0;stock;26.29;4.53;28.7;4.53;61.97;ESTAVEL
2010-06-18;1276819200000;MNDL3.SA;30.0;30.0;30.0;30.0;27.48;0;stock;26.3;4.48;28.71;4.48;61.97;ESTAVEL
2010-06-21;1277078400000;MNDL3.SA;30.0;30.0;30.0;30.0;27.48;0;stock;26.31;4.44;28.73;4.43;61.97;ESTAVEL
2010-06-22;1277164800000;MNDL3.SA;30.0;30.0;30.0;30.0;27.48;0;stock;26.32;4.39;28.74;4.39;61.97;ESTAVEL
2010-06-23;1277251200000;MNDL3.SA;30.0;30.0;30.0;30.0;27.48;0;stock;26.34;4.35;28.75;4.34;61.97;ESTAVEL
2010-06-24;1277337600000;MNDL3.SA;30.0;30.0;30.0;30.0;27.48;0;stock;26.35;4.3;28.76;4.3;61.97;ESTAVEL
2010-06-25;1277424000000;MNDL3.SA;30.0;30.0;30.0;30.0;27.48;0;stock;26.36;4.26;28.78;4.25;61.97;ESTAVEL
2010-06-28;1277683200000;MNDL3.SA;25.4;25.4;25.2;25.2;23.08;54;stock;26.33;-12.33;28.74;-12.32;28.69;SUBIR
2010-06-29;1277769600000;MNDL3.SA;25.2;25.2;25.2;25.2;23.08;0;stock;26.29;-12.22;28.71;-12.21;28.69;SUBIR
2010-06-30;1277856000000;MNDL3.SA;25.2;25.2;25.2;25.2;23.08;0;stock;26.26;-12.11;28.67;-12.11;28.69;SUBIR
2010-07-01;1277942400000;MNDL3.SA;29.4;29.4;29.4;29.4;26.93;4;stock;26.27;2.52;28.68;2.52;55.06;ESTAVEL
2010-07-02;1278028800000;MNDL3.SA;29.4;29.4;29.4;29.4;26.93;0;stock;26.27;2.5;28.69;2.49;55.06;ESTAVEL
2010-07-05;1278288000000;MNDL3.SA;29.4;29.4;29.4;29.4;26.93;0;stock;26.28;2.47;28.69;2.47;55.06;ESTAVEL
2010-07-06;1278374400000;MNDL3.SA;29.4;29.4;29.4;29.4;26.93;0;stock;26.29;2.44;28.7;2.44;55.06;ESTAVEL
2010-07-07;1278460800000;MNDL3.SA;29.4;29.4;29.4;29.4;26.93;0;stock;26.29;2.42;28.71;2.42;55.06;ESTAVEL
2010-07-08;1278547200000;MNDL3.SA;29.4;29.4;29.4;29.4;26.93;0;stock;26.3;2.4;28.71;2.39;55.06;ESTAVEL
2010-07-12;1278892800000;MNDL3.SA;29.4;29.4;29.4;29.4;26.93;0;stock;26.31;2.37;28.72;2.37;55.06;ESTAVEL
2010-07-13;1278979200000;MNDL3.SA;29.4;29.4;29.4;29.4;26.93;0;stock;26.31;2.35;28.73;2.34;55.06;ESTAVEL
2010-07-14;1279065600000;MNDL3.SA;29.4;29.4;29.4;29.4;26.93;0;stock;26.32;2.32;28.73;2.32;55.06;ESTAVEL
2010-07-15;1279152000000;MNDL3.SA;29.4;29.4;29.4;29.4;26.93;0;stock;26.32;2.3;28.74;2.3;55.06;ESTAVEL
2010-07-16;1279238400000;MNDL3.SA;29.4;29.4;29.4;29.4;26.93;0;stock;26.33;2.28;28.75;2.27;55.06;ESTAVEL
2010-07-19;1279497600000;MNDL3.SA;29.4;29.4;29.4;29.4;26.93;0;stock;26.34;2.25;28.75;2.25;55.06;ESTAVEL
2010-07-20;1279584000000;MNDL3.SA;29.4;29.4;29.4;29.4;26.93;0;stock;26.34;2.23;28.76;2.23;55.06;ESTAVEL
2010-07-21;1279670400000;MNDL3.SA;29.4;29.4;29.4;29.4;26.93;0;stock;26.35;2.21;28.77;2.2;55.06;ESTAVEL
2010-07-22;1279756800000;MNDL3.SA;29.4;29.4;29.4;29.4;26.93;0;stock;26.35;2.18;28.77;2.18;55.06;ESTAVEL
2010-07-23;1279843200000;MNDL3.SA;29.4;29.4;29.4;29.4;26.93;0;stock;26.36;2.16;28.78;2.16;55.06;ESTAVEL
2010-07-26;1280102400000;MNDL3.SA;29.4;29.4;29.4;29.4;26.93;0;stock;26.37;2.14;28.78;2.14;55.06;ESTAVEL
2010-07-27;1280188800000;MNDL3.SA;29.4;29.4;29.4;29.4;26.93;0;stock;26.37;2.12;28.79;2.12;55.06;ESTAVEL
2010-07-28;1280275200000;MNDL3.SA;29.6;29.6;29.6;29.6;27.11;364;stock;26.38;2.77;28.8;2.78;57.83;ESTAVEL
2010-07-29;1280361600000;MNDL3.SA;29.6;29.6;28.6;28.8;26.38;6134;stock;26.38;0.01;28.8;0.0;45.57;ESTAVEL
2010-07-30;1280448000000;MNDL3.SA;28.8;34.0;28.8;31.8;29.13;12589;stock;26.41;10.32;28.83;10.31;70.74;CAIR
2010-08-02;1280707200000;MNDL3.SA;36.8;36.8;33.8;34.0;31.14;1664;stock;26.45;17.72;28.88;17.73;78.55;CAIR
2010-08-03;1280793600000;MNDL3.SA;34.4;34.4;29.8;30.0;27.48;1004;stock;26.46;3.84;28.89;3.84;51.56;ESTAVEL
2010-08-04;1280880000000;MNDL3.SA;31.6;31.6;28.8;30.0;27.48;394;stock;26.47;3.8;28.9;3.8;51.56;ESTAVEL
2010-08-05;1280966400000;MNDL3.SA;30.0;30.8;28.2;30.4;27.85;1659;stock;26.49;5.15;28.92;5.13;53.44;ESTAVEL
2010-08-06;1281052800000;MNDL3.SA;30.2;32.8;30.0;32.8;30.04;2119;stock;26.52;13.26;28.96;13.28;62.66;ESTAVEL
2010-08-09;1281312000000;MNDL3.SA;32.8;32.8;32.8;32.8;30.04;4;stock;26.56;13.11;28.99;13.13;62.66;ESTAVEL
2010-08-10;1281398400000;MNDL3.SA;32.4;32.4;29.8;29.8;27.3;339;stock;26.56;2.77;29.0;2.75;48.68;ESTAVEL
2010-08-11;1281484800000;MNDL3.SA;31.2;32.2;29.2;30.8;28.21;3234;stock;26.58;6.13;29.02;6.13;52.47;ESTAVEL
2010-08-12;1281571200000;MNDL3.SA;31.6;31.6;29.8;31.0;28.4;519;stock;26.6;6.77;29.04;6.75;53.25;ESTAVEL
2010-08-13;1281657600000;MNDL3.SA;31.2;34.8;31.2;32.0;29.31;2609;stock;26.63;10.08;29.07;10.08;56.88;ESTAVEL
2010-08-16;1281916800000;MNDL3.SA;34.0;34.0;31.0;32.0;29.31;2249;stock;26.65;9.97;29.1;9.97;56.88;ESTAVEL
2010-08-17;1282003200000;MNDL3.SA;33.0;38.0;33.0;36.6;33.53;4944;stock;26.72;25.48;29.17;25.46;69.6;ESTAVEL
2010-08-18;1282089600000;MNDL3.SA;36.6;36.8;35.0;36.0;32.98;1889;stock;26.78;23.13;29.24;23.11;66.83;ESTAVEL
2010-08-19;1282176000000;MNDL3.SA;36.4;36.4;36.4;36.4;33.34;59;stock;26.85;24.18;29.31;24.18;67.73;ESTAVEL
2010-08-20;1282262400000;MNDL3.SA;36.0;36.0;35.6;35.8;32.79;1149;stock;26.91;21.86;29.38;21.86;64.83;ESTAVEL
2010-08-23;1282521600000;MNDL3.SA;38.0;38.0;37.2;37.6;34.44;584;stock;26.98;27.64;29.46;27.64;69.11;ESTAVEL
2010-08-24;1282608000000;MNDL3.SA;36.4;36.4;35.6;35.6;32.61;1449;stock;27.04;20.6;29.52;20.6;60.34;ESTAVEL
2010-08-25;1282694400000;MNDL3.SA;34.6;34.6;31.2;34.6;31.69;7369;stock;27.09;17.0;29.57;17.01;56.45;ESTAVEL
2010-08-26;1282780800000;MNDL3.SA;35.0;38.0;35.0;37.8;34.62;3729;stock;27.16;27.47;29.65;27.48;64.32;ESTAVEL
2010-08-27;1282867200000;MNDL3.SA;37.8;41.8;37.8;38.6;35.36;1344;stock;27.24;29.8;29.74;29.79;66.0;ESTAVEL
2010-08-30;1283126400000;MNDL3.SA;37.8;38.0;36.0;36.0;32.98;269;stock;27.3;20.81;29.8;20.79;56.78;ESTAVEL
2010-08-31;1283212800000;MNDL3.SA;36.6;36.6;35.0;36.6;33.53;484;stock;27.36;22.55;29.87;22.53;58.23;ESTAVEL
2010-09-01;1283299200000;MNDL3.SA;36.6;36.6;36.6;36.6;33.53;24;stock;27.42;22.27;29.94;22.25;58.23;ESTAVEL
2010-09-02;1283385600000;MNDL3.SA;36.8;36.8;36.8;36.8;33.71;24;stock;27.48;22.65;30.01;22.64;58.76;ESTAVEL
2010-09-03;1283472000000;MNDL3.SA;36.4;36.4;36.4;36.4;33.34;4;stock;27.54;21.05;30.07;21.05;57.17;ESTAVEL
2010-09-06;1283731200000;MNDL3.SA;37.0;37.0;30.0;30.0;27.48;589;stock;27.54;-0.23;30.07;-0.23;39.09;ESTAVEL
2010-09-08;1283904000000;MNDL3.SA;32.4;32.6;29.8;29.8;27.3;764;stock;27.54;-0.87;30.07;-0.89;38.69;ESTAVEL
2010-09-09;1283990400000;MNDL3.SA;31.8;31.8;29.4;29.4;26.93;159;stock;27.53;-2.19;30.06;-2.2;37.82;ESTAVEL
2010-09-10;1284076800000;MNDL3.SA;29.4;29.6;29.0;29.0;26.56;89;stock;27.52;-3.5;30.05;-3.49;36.93;ESTAVEL
2010-09-13;1284336000000;MNDL3.SA;29.0;31.4;28.6;30.0;27.48;204;stock;27.52;-0.16;30.05;-0.16;40.67;ESTAVEL
2010-09-14;1284422400000;MNDL3.SA;30.0;31.0;28.8;30.4;27.85;124;stock;27.53;1.17;30.05;1.16;42.16;ESTAVEL
2010-09-15;1284508800000;MNDL3.SA;33.2;33.2;26.2;27.4;25.1;159;stock;27.5;-8.74;30.03;-8.75;35.12;ESTAVEL
2010-09-16;1284595200000;MNDL3.SA;28.0;29.0;27.2;29.0;26.56;219;stock;27.49;-3.4;30.02;-3.38;40.77;ESTAVEL
2010-09-17;1284681600000;MNDL3.SA;29.0;30.0;29.0;30.0;27.48;74;stock;27.49;-0.05;30.02;-0.05;44.08;ESTAVEL
2010-09-20;1284940800000;MNDL3.SA;32.0;32.0;31.8;31.8;29.13;0;stock;27.51;5.89;30.03;5.88;49.53;ESTAVEL
2010-09-21;1285027200000;MNDL3.SA;32.2;33.0;31.6;32.8;30.04;4974;stock;27.53;9.1;30.06;9.11;52.29;ESTAVEL
2010-09-22;1285113600000;MNDL3.SA;32.6;33.6;31.0;31.0;28.4;1484;stock;27.54;3.11;30.07;3.09;47.27;ESTAVEL
2010-09-23;1285200000000;MNDL3.SA;31.8;32.6;31.8;32.6;29.86;1229;stock;27.57;8.32;30.1;8.32;51.71;ESTAVEL
2010-09-24;1285286400000;MNDL3.SA;33.0;34.8;31.2;33.6;30.78;1169;stock;27.6;11.53;30.13;11.52;54.32;ESTAVEL
2010-09-27;1285545600000;MNDL3.SA;33.2;34.0;33.2;33.2;30.41;454;stock;27.63;10.08;30.16;10.08;53.08;ESTAVEL
2010-09-28;1285632000000;MNDL3.SA;33.6;34.8;30.6;34.8;31.88;414;stock;27.67;15.22;30.21;15.2;57.26;ESTAVEL
2010-09-29;1285718400000;MNDL3.SA;34.0;34.0;33.8;34.0;31.14;509;stock;27.7;12.4;30.24;12.42;54.62;ESTAVEL
2010-09-30;1285804800000;MNDL3.SA;34.0;37.0;30.8;37.0;33.89;149;stock;27.76;22.06;30.31;22.06;61.69;ESTAVEL
2010-10-01;1285891200000;MNDL3.SA;36.6;37.0;36.6;37.0;33.89;349;stock;27.83;21.79;30.38;21.8;61.69;ESTAVEL
2010-10-04;1286150400000;MNDL3.SA;36.6;36.6;32.6;35.8;32.79;1279;stock;27.88;17.63;30.43;17.64;57.53;ESTAVEL
2010-10-05;1286236800000;MNDL3.SA;36.2;37.0;34.0;34.0;31.14;199;stock;27.91;11.58;30.47;11.59;51.88;ESTAVEL
2010-10-06;1286323200000;MNDL3.SA;36.4;36.4;33.0;34.0;31.14;1204;stock;27.94;11.45;30.5;11.46;51.88;ESTAVEL
2010-10-07;1286409600000;MNDL3.SA;34.0;36.8;32.2;36.8;33.71;359;stock;28.0;20.4;30.57;20.4;59.13;ESTAVEL
2010-10-08;1286496000000;MNDL3.SA;36.8;36.8;36.8;36.8;33.71;0;stock;28.05;20.16;30.63;20.15;59.13;ESTAVEL
2010-10-11;1286755200000;MNDL3.SA;32.4;33.6;32.0;33.2;30.41;6784;stock;28.08;8.31;30.65;8.31;48.3;ESTAVEL
2010-10-13;1286928000000;MNDL3.SA;33.0;34.0;31.8;34.0;31.14;4779;stock;28.11;10.79;30.69;10.8;50.46;ESTAVEL
2010-10-14;1287014400000;MNDL3.SA;33.4;33.4;31.0;33.2;30.41;409;stock;28.13;8.1;30.71;8.1;48.29;ESTAVEL
2010-10-15;1287100800000;MNDL3.SA;33.2;34.0;32.2;33.8;30.96;569;stock;28.16;9.95;30.74;9.95;50.03;ESTAVEL
2010-10-18;1287360000000;MNDL3.SA;33.8;33.8;33.8;33.8;30.96;4549;stock;28.19;9.84;30.77;9.84;50.03;ESTAVEL
2010-10-19;1287446400000;MNDL3.SA;33.6;35.0;33.6;35.0;32.06;759;stock;28.23;13.58;30.81;13.58;53.66;ESTAVEL
2010-10-20;1287532800000;MNDL3.SA;34.6;34.6;34.6;34.6;31.69;49;stock;28.26;12.14;30.85;12.15;52.29;ESTAVEL
2010-10-21;1287619200000;MNDL3.SA;34.2;35.8;33.8;35.8;32.79;649;stock;28.31;15.84;30.9;15.85;55.91;ESTAVEL
2010-10-22;1287705600000;MNDL3.SA;35.4;35.6;32.2;32.2;29.49;374;stock;28.32;4.14;30.91;4.16;44.9;ESTAVEL
2010-10-25;1287964800000;MNDL3.SA;34.4;34.4;31.2;31.2;28.58;1534;stock;28.32;0.92;30.92;0.91;42.42;ESTAVEL
2010-10-26;1288051200000;MNDL3.SA;33.0;33.0;31.8;32.2;29.49;1079;stock;28.33;4.09;30.93;4.1;45.65;ESTAVEL
2010-10-27;1288137600000;MNDL3.SA;32.2;32.2;30.4;31.0;28.4;2364;stock;28.33;0.24;30.93;0.22;42.57;ESTAVEL
2010-10-28;1288224000000;MNDL3.SA;31.8;33.0;30.0;30.6;28.03;2084;stock;28.33;-1.06;30.93;-1.06;41.54;ESTAVEL
2010-10-29;1288310400000;MNDL3.SA;31.0;31.8;30.2;31.8;29.13;524;stock;28.34;2.8;30.94;2.79;45.73;ESTAVEL
2010-11-01;1288569600000;MNDL3.SA;30.8;31.8;30.0;31.8;29.13;339;stock;28.34;2.77;30.94;2.76;45.73;ESTAVEL
2010-11-03;1288742400000;MNDL3.SA;29.6;31.6;29.6;31.6;28.95;619;stock;28.35;2.11;30.95;2.1;45.12;ESTAVEL
2010-11-04;1288828800000;MNDL3.SA;31.4;31.6;31.4;31.6;28.95;34;stock;28.36;2.09;30.96;2.07;45.12;ESTAVEL
2010-11-05;1288915200000;MNDL3.SA;31.4;31.4;30.0;30.0;27.48;689;stock;28.35;-3.06;30.95;-3.06;40.03;ESTAVEL
2010-11-08;1289174400000;MNDL3.SA;30.4;31.4;30.4;31.4;28.76;174;stock;28.35;1.44;30.95;1.44;45.76;ESTAVEL
2010-11-09;1289260800000;MNDL3.SA;31.4;32.0;30.4;30.4;27.85;469;stock;28.35;-1.75;30.95;-1.77;42.64;ESTAVEL
2010-11-10;1289347200000;MNDL3.SA;30.4;30.4;30.4;30.4;27.85;0;stock;28.34;-1.74;30.94;-1.75;42.64;ESTAVEL
2010-11-11;1289433600000;MNDL3.SA;31.6;31.6;30.0;31.0;28.4;5299;stock;28.34;0.2;30.94;0.19;45.26;ESTAVEL
2010-11-12;1289520000000;MNDL3.SA;31.0;31.2;28.8;31.2;28.58;1419;stock;28.35;0.83;30.95;0.82;46.13;ESTAVEL
2010-11-16;1289865600000;MNDL3.SA;30.6;30.6;29.0;30.4;27.85;2199;stock;28.34;-1.73;30.94;-1.74;43.14;ESTAVEL
2010-11-17;1289952000000;MNDL3.SA;30.0;30.2;28.6;28.6;26.2;259;stock;28.32;-7.48;30.92;-7.49;37.28;ESTAVEL
2010-11-18;1290038400000;MNDL3.SA;29.0;29.4;28.8;29.4;26.93;1414;stock;28.31;-4.86;30.9;-4.86;41.09;ESTAVEL
2010-11-19;1290124800000;MNDL3.SA;29.6;29.6;29.6;29.6;27.11;4;stock;28.29;-4.18;30.89;-4.17;42.03;ESTAVEL
2010-11-22;1290384000000;MNDL3.SA;28.6;29.6;28.6;29.6;27.11;59;stock;28.28;-4.14;30.88;-4.13;42.03;ESTAVEL
2010-11-23;1290470400000;MNDL3.SA;28.2;28.4;26.8;28.4;26.01;834;stock;28.26;-7.96;30.85;-7.94;37.77;ESTAVEL
2010-11-24;1290556800000;MNDL3.SA;28.4;29.4;26.0;28.8;26.38;1059;stock;28.24;-6.59;30.83;-6.59;39.98;ESTAVEL
2010-11-25;1290643200000;MNDL3.SA;28.2;29.2;28.2;29.2;26.75;14;stock;28.23;-5.23;30.81;-5.24;42.18;ESTAVEL
2010-11-26;1290729600000;MNDL3.SA;29.2;29.2;26.6;28.0;25.65;999;stock;28.2;-9.04;30.79;-9.05;37.74;ESTAVEL
2010-11-29;1290988800000;MNDL3.SA;27.6;27.6;27.6;27.6;25.28;24;stock;28.17;-10.26;30.75;-10.26;36.36;ESTAVEL
2010-11-30;1291075200000;MNDL3.SA;28.8;30.0;26.0;27.4;25.1;3649;stock;28.14;-10.8;30.72;-10.81;35.67;ESTAVEL
2010-12-01;1291161600000;MNDL3.SA;27.4;30.8;27.4;28.4;26.01;4989;stock;28.12;-7.5;30.7;-7.49;41.66;ESTAVEL
2010-12-02;1291248000000;MNDL3.SA;28.8;31.6;28.8;31.2;28.58;1234;stock;28.12;1.62;30.7;1.62;54.54;ESTAVEL
2010-12-03;1291334400000;MNDL3.SA;31.6;31.6;28.0;28.6;26.2;2434;stock;28.1;-6.78;30.68;-6.79;44.7;ESTAVEL
2010-12-06;1291593600000;MNDL3.SA;28.0;29.0;27.8;28.0;25.65;659;stock;28.08;-8.65;30.66;-8.66;42.78;ESTAVEL
2010-12-07;1291680000000;MNDL3.SA;29.0;30.2;27.8;29.0;26.56;2889;stock;28.06;-5.36;30.64;-5.35;46.85;ESTAVEL
2010-12-08;1291766400000;MNDL3.SA;29.0;31.2;28.2;31.2;28.58;8454;stock;28.07;1.82;30.64;1.81;54.57;ESTAVEL
2010-12-09;1291852800000;MNDL3.SA;31.0;31.4;28.6;28.6;26.2;1414;stock;28.05;-6.6;30.62;-6.61;46.08;ESTAVEL
2010-12-10;1291939200000;MNDL3.SA;29.8;29.8;28.0;28.0;25.65;569;stock;28.03;-8.48;30.6;-8.49;44.36;ESTAVEL
2010-12-13;1292198400000;MNDL3.SA;29.0;30.0;28.6;28.6;26.2;74;stock;28.01;-6.46;30.58;-6.47;46.51;ESTAVEL
2010-12-14;1292284800000;MNDL3.SA;28.2;30.0;28.2;29.8;27.3;269;stock;28.0;-2.51;30.57;-2.52;50.61;ESTAVEL
2010-12-15;1292371200000;MNDL3.SA;28.4;29.4;27.4;28.0;25.65;6239;stock;27.98;-8.32;30.54;-8.33;45.03;ESTAVEL
2010-12-16;1292457600000;MNDL3.SA;28.2;28.4;28.2;28.2;25.83;634;stock;27.96;-7.61;30.52;-7.61;45.73;ESTAVEL
2010-12-17;1292544000000;MNDL3.SA;28.8;28.8;28.2;28.2;25.83;59;stock;27.94;-7.54;30.5;-7.54;45.73;ESTAVEL
2010-12-20;1292803200000;MNDL3.SA;29.6;31.0;29.6;30.8;28.21;5094;stock;27.94;0.97;30.5;0.98;54.64;ESTAVEL
2010-12-21;1292889600000;MNDL3.SA;31.4;31.4;29.0;30.2;27.66;2139;stock;27.94;-0.99;30.5;-0.98;52.49;ESTAVEL
2010-12-22;1292976000000;MNDL3.SA;30.4;30.4;28.8;29.8;27.3;579;stock;27.93;-2.25;30.49;-2.27;51.08;ESTAVEL
2010-12-23;1293062400000;MNDL3.SA;29.8;30.0;28.6;30.0;27.48;269;stock;27.93;-1.59;30.49;-1.6;51.78;ESTAVEL
2010-12-27;1293408000000;MNDL3.SA;30.0;30.0;29.0;29.8;27.3;799;stock;27.92;-2.22;30.48;-2.23;50.99;ESTAVEL
2010-12-28;1293494400000;MNDL3.SA;29.4;30.0;29.4;30.0;27.48;54;stock;27.91;-1.56;30.48;-1.56;51.78;ESTAVEL
2010-12-29;1293580800000;MNDL3.SA;28.8;29.4;28.4;29.4;26.93;824;stock;27.9;-3.49;30.46;-3.49;49.18;ESTAVEL
2010-12-30;1293667200000;MNDL3.SA;29.4;29.4;29.0;29.4;26.93;1004;stock;27.9;-3.46;30.45;-3.46;49.18;ESTAVEL
2011-01-03;1294012800000;MNDL3.SA;29.4;29.8;28.6;29.4;26.93;2894;stock;27.89;-3.43;30.44;-3.43;49.18;ESTAVEL
2011-01-04;1294099200000;MNDL3.SA;29.2;29.2;28.6;29.0;26.56;5824;stock;27.87;-4.71;30.43;-4.7;47.19;ESTAVEL
2011-01-05;1294185600000;MNDL3.SA;29.6;30.0;28.8;30.0;27.48;1009;stock;27.87;-1.39;30.42;-1.4;52.35;ESTAVEL
2011-01-06;1294272000000;MNDL3.SA;29.0;29.0;28.8;28.8;26.38;104;stock;27.85;-5.29;30.41;-5.29;46.5;ESTAVEL
2011-01-07;1294358400000;MNDL3.SA;29.8;29.8;29.8;29.8;27.3;4;stock;27.85;-1.97;30.4;-1.98;51.4;ESTAVEL
2011-01-10;1294617600000;MNDL3.SA;29.6;30.0;29.6;30.0;27.48;124;stock;27.84;-1.31;30.4;-1.31;52.31;ESTAVEL
2011-01-11;1294704000000;MNDL3.SA;29.0;29.6;28.2;28.8;26.38;249;stock;27.83;-5.21;30.38;-5.21;46.53;ESTAVEL
2011-01-12;1294790400000;MNDL3.SA;29.4;29.8;29.2;29.8;27.3;99;stock;27.82;-1.89;30.38;-1.9;51.37;ESTAVEL
2011-01-13;1294876800000;MNDL3.SA;29.8;30.0;28.4;28.4;26.01;394;stock;27.81;-6.46;30.36;-6.45;45.19;ESTAVEL
2011-01-14;1294963200000;MNDL3.SA;29.8;29.8;29.8;29.8;27.3;4;stock;27.8;-1.8;30.35;-1.82;51.48;ESTAVEL
2011-01-17;1295222400000;MNDL3.SA;29.4;29.6;29.4;29.6;27.11;84;stock;27.79;-2.46;30.34;-2.45;50.56;ESTAVEL
2011-01-18;1295308800000;MNDL3.SA;29.4;30.0;29.0;29.8;27.3;879;stock;27.79;-1.76;30.34;-1.78;51.49;ESTAVEL
2011-01-19;1295395200000;MNDL3.SA;29.0;29.8;28.8;29.8;27.3;39;stock;27.78;-1.75;30.33;-1.76;51.49;ESTAVEL
2011-01-20;1295481600000;MNDL3.SA;29.0;29.4;28.0;29.4;26.93;1279;stock;27.78;-3.05;30.32;-3.05;49.39;ESTAVEL
2011-01-21;1295568000000;MNDL3.SA;28.2;29.2;28.2;29.2;26.75;519;stock;27.77;-3.66;30.31;-3.67;48.35;ESTAVEL
2011-01-24;1295827200000;MNDL3.SA;29.6;30.2;29.0;29.8;27.3;804;stock;27.76;-1.66;30.31;-1.68;51.69;ESTAVEL
2011-01-26;1296000000000;MNDL3.SA;30.0;30.0;28.6;28.6;26.2;189;stock;27.75;-5.57;30.29;-5.58;45.37;ESTAVEL
2011-01-27;1296086400000;MNDL3.SA;29.8;30.0;29.0;29.0;26.56;169;stock;27.73;-4.23;30.28;-4.22;47.63;ESTAVEL
2011-01-28;1296172800000;MNDL3.SA;29.8;29.8;28.6;28.6;26.2;154;stock;27.72;-5.48;30.26;-5.49;45.6;ESTAVEL
2011-01-31;1296432000000;MNDL3.SA;29.4;29.8;28.6;29.6;27.11;5049;stock;27.71;-2.18;30.25;-2.16;51.25;ESTAVEL
2011-02-01;1296518400000;MNDL3.SA;29.8;29.8;28.8;28.8;26.38;29;stock;27.7;-4.76;30.24;-4.76;47.03;ESTAVEL
2011-02-02;1296604800000;MNDL3.SA;28.6;29.6;28.4;28.4;26.01;184;stock;27.68;-6.04;30.22;-6.03;45.01;ESTAVEL
2011-02-03;1296691200000;MNDL3.SA;29.2;29.2;29.2;29.2;26.75;239;stock;27.67;-3.34;30.21;-3.35;49.67;ESTAVEL
2011-02-04;1296777600000;MNDL3.SA;29.4;29.4;28.2;28.4;26.01;1764;stock;27.66;-5.96;30.19;-5.94;45.51;ESTAVEL
2011-02-07;1297036800000;MNDL3.SA;29.4;29.4;28.6;28.6;26.2;104;stock;27.64;-5.22;30.18;-5.23;46.75;ESTAVEL
2011-02-08;1297123200000;MNDL3.SA;28.4;30.2;28.4;29.2;26.75;3654;stock;27.63;-3.2;30.17;-3.21;50.25;ESTAVEL
2011-02-09;1297209600000;MNDL3.SA;30.2;33.0;30.2;31.4;28.76;944;stock;27.64;4.03;30.18;4.04;60.49;ESTAVEL
2011-02-10;1297296000000;MNDL3.SA;31.4;31.4;29.2;29.4;26.93;784;stock;27.64;-2.56;30.17;-2.56;50.33;ESTAVEL
2011-02-11;1297382400000;MNDL3.SA;31.0;31.4;29.6;29.6;27.11;1274;stock;27.63;-1.89;30.17;-1.88;51.2;ESTAVEL
2011-02-14;1297641600000;MNDL3.SA;32.4;32.4;29.6;29.6;27.11;1544;stock;27.63;-1.87;30.16;-1.86;51.2;ESTAVEL
2011-02-15;1297728000000;MNDL3.SA;31.2;32.0;30.0;32.0;29.31;2269;stock;27.64;6.03;30.18;6.03;60.89;ESTAVEL
2011-02-16;1297814400000;MNDL3.SA;31.6;31.8;29.6;29.6;27.11;274;stock;27.64;-1.91;30.17;-1.9;50.16;ESTAVEL
2011-02-17;1297900800000;MNDL3.SA;31.4;33.4;30.0;30.0;27.48;2799;stock;27.64;-0.57;30.17;-0.57;51.7;ESTAVEL
2011-02-18;1297987200000;MNDL3.SA;31.6;31.6;29.8;29.8;27.3;764;stock;27.63;-1.21;30.17;-1.22;50.88;ESTAVEL
2011-02-21;1298246400000;MNDL3.SA;31.2;31.2;30.0;30.0;27.48;9;stock;27.63;-0.55;30.17;-0.55;51.71;ESTAVEL
2011-02-22;1298332800000;MNDL3.SA;31.2;31.4;30.0;30.0;27.48;19;stock;27.63;-0.55;30.16;-0.55;51.71;ESTAVEL
2011-02-23;1298419200000;MNDL3.SA;31.4;31.4;30.0;30.0;27.48;24;stock;27.63;-0.54;30.16;-0.54;51.71;ESTAVEL
2011-02-24;1298505600000;MNDL3.SA;30.0;30.0;30.0;30.0;27.48;0;stock;27.63;-0.53;30.16;-0.54;51.71;ESTAVEL
2011-02-25;1298592000000;MNDL3.SA;30.4;31.0;29.6;30.8;28.21;5204;stock;27.63;2.09;30.17;2.09;55.78;ESTAVEL
2011-02-28;1298851200000;MNDL3.SA;31.0;31.0;29.6;31.0;28.4;659;stock;27.64;2.75;30.18;2.73;56.8;ESTAVEL
2011-03-01;1298937600000;MNDL3.SA;30.0;31.0;29.8;29.8;27.3;279;stock;27.64;-1.22;30.17;-1.23;49.66;ESTAVEL
2011-03-02;1299024000000;MNDL3.SA;31.0;31.4;29.8;29.8;27.3;19;stock;27.63;-1.21;30.17;-1.22;49.66;ESTAVEL
2011-03-03;1299110400000;MNDL3.SA;31.0;31.0;30.0;30.0;27.48;39;stock;27.63;-0.55;30.17;-0.55;50.83;ESTAVEL
2011-03-04;1299196800000;MNDL3.SA;31.0;31.0;30.0;30.2;27.66;79;stock;27.63;0.1;30.17;0.11;52.03;ESTAVEL
2011-03-09;1299628800000;MNDL3.SA;30.2;30.2;30.2;30.2;27.66;0;stock;27.63;0.1;30.17;0.11;52.03;ESTAVEL
2011-03-10;1299715200000;MNDL3.SA;30.8;30.8;28.2;30.0;27.48;1424;stock;27.63;-0.55;30.17;-0.55;50.6;ESTAVEL
2011-03-11;1299801600000;MNDL3.SA;30.8;30.8;28.0;28.0;25.65;629;stock;27.61;-7.11;30.14;-7.11;38.85;ESTAVEL
2011-03-14;1300060800000;MNDL3.SA;29.0;29.8;27.8;27.8;25.46;24;stock;27.59;-7.72;30.12;-7.71;37.86;ESTAVEL
2011-03-15;1300147200000;MNDL3.SA;29.0;29.0;27.6;27.6;25.28;614;stock;27.57;-8.3;30.1;-8.29;36.91;ESTAVEL
2011-03-16;1300233600000;MNDL3.SA;29.4;29.6;27.8;27.8;25.46;89;stock;27.55;-7.58;30.07;-7.56;38.58;ESTAVEL
2011-03-17;1300320000000;MNDL3.SA;29.4;29.4;28.2;28.2;25.83;144;stock;27.53;-6.17;30.05;-6.17;41.97;ESTAVEL
2011-03-18;1300406400000;MNDL3.SA;29.0;29.0;28.2;28.2;25.83;29;stock;27.51;-6.12;30.04;-6.11;41.97;ESTAVEL
2011-03-21;1300665600000;MNDL3.SA;28.8;29.8;28.2;28.2;25.83;249;stock;27.5;-6.06;30.02;-6.06;41.97;ESTAVEL
2011-03-22;1300752000000;MNDL3.SA;28.8;29.8;28.2;28.2;25.83;249;stock;27.48;-6.0;30.0;-6.0;41.97;ESTAVEL
2011-03-23;1300838400000;MNDL3.SA;29.6;29.6;28.6;28.6;26.2;5519;stock;27.47;-4.61;29.99;-4.62;45.98;ESTAVEL
2011-03-24;1300924800000;MNDL3.SA;29.4;29.4;27.6;27.6;25.28;314;stock;27.44;-7.89;29.96;-7.88;38.8;ESTAVEL
2011-03-25;1301011200000;MNDL3.SA;29.4;29.4;27.6;27.6;25.28;314;stock;27.42;-7.82;29.94;-7.81;38.8;ESTAVEL
2011-03-28;1301270400000;MNDL3.SA;29.2;29.4;29.2;29.4;26.93;34;stock;27.42;-1.78;29.93;-1.78;53.8;ESTAVEL
2011-03-29;1301356800000;MNDL3.SA;29.2;29.4;28.0;28.0;25.65;59;stock;27.4;-6.39;29.91;-6.4;44.66;ESTAVEL
2011-03-30;1301443200000;MNDL3.SA;29.2;29.4;28.0;28.0;25.65;59;stock;27.38;-6.33;29.9;-6.34;44.66;ESTAVEL
2011-03-31;1301529600000;MNDL3.SA;29.4;29.4;27.8;27.8;25.46;239;stock;27.36;-6.96;29.87;-6.94;43.39;ESTAVEL
2011-04-01;1301616000000;MNDL3.SA;29.2;29.2;28.4;28.4;26.01;14;stock;27.35;-4.9;29.86;-4.89;48.0;ESTAVEL
2011-04-04;1301875200000;MNDL3.SA;29.6;29.8;28.8;29.4;26.93;899;stock;27.35;-1.52;29.85;-1.52;54.65;ESTAVEL
2011-04-05;1301961600000;MNDL3.SA;29.4;29.4;29.4;29.4;26.93;0;stock;27.34;-1.51;29.85;-1.51;54.65;ESTAVEL
2011-04-06;1302048000000;MNDL3.SA;29.6;29.6;28.8;28.8;26.38;979;stock;27.33;-3.49;29.84;-3.49;50.2;ESTAVEL
2011-04-07;1302134400000;MNDL3.SA;36.2;38.4;35.0;36.2;33.16;1974;stock;27.39;21.06;29.9;21.06;76.07;CAIR
2011-04-08;1302220800000;MNDL3.SA;37.8;37.8;33.2;35.0;32.06;1854;stock;27.44;16.85;29.95;16.85;69.74;ESTAVEL
2011-04-11;1302480000000;MNDL3.SA;33.6;37.2;33.4;35.0;32.06;554;stock;27.48;16.65;30.0;16.65;69.74;ESTAVEL
2011-04-12;1302566400000;MNDL3.SA;32.8;38.0;32.8;37.4;34.26;2359;stock;27.55;24.35;30.08;24.34;74.64;CAIR
2011-04-13;1302652800000;MNDL3.SA;37.8;38.8;36.4;38.8;35.54;3064;stock;27.63;28.63;30.16;28.63;76.97;CAIR
2011-04-14;1302739200000;MNDL3.SA;38.8;39.6;38.0;39.2;35.91;984;stock;27.71;29.58;30.25;29.57;77.61;CAIR
2011-04-15;1302825600000;MNDL3.SA;38.6;44.2;38.6;43.8;40.12;6674;stock;27.84;44.13;30.39;44.13;83.31;CAIR
2011-04-18;1303084800000;MNDL3.SA;43.8;43.8;43.8;43.8;40.12;0;stock;27.96;43.5;30.52;43.5;83.31;CAIR
2011-04-19;1303171200000;MNDL3.SA;48.0;48.8;44.2;46.0;42.14;3064;stock;28.1;49.97;30.68;49.95;85.38;CAIR
2011-04-20;1303257600000;MNDL3.SA;47.0;49.4;45.0;47.2;43.23;5049;stock;28.25;53.03;30.84;53.04;86.36;CAIR
2011-04-25;1303689600000;MNDL3.SA;49.0;54.0;48.0;54.0;49.46;7539;stock;28.46;73.78;31.07;73.79;90.36;CAIR
2011-04-26;1303776000000;MNDL3.SA;56.0;66.0;56.0;62.0;56.79;12309;stock;28.74;97.58;31.38;97.58;92.96;CAIR
2011-04-27;1303862400000;MNDL3.SA;64.6;67.4;55.0;57.6;52.76;9454;stock;28.98;82.04;31.64;82.05;80.13;CAIR
2011-04-28;1303948800000;MNDL3.SA;56.0;56.4;50.0;50.6;46.35;4754;stock;29.15;58.98;31.83;58.98;64.8;ESTAVEL
2011-04-29;1304035200000;MNDL3.SA;53.8;55.0;46.4;53.0;48.55;2334;stock;29.35;65.43;32.04;65.42;67.13;ESTAVEL
2011-05-02;1304294400000;MNDL3.SA;57.0;57.0;51.0;54.0;49.46;1189;stock;29.55;67.39;32.26;67.4;68.07;ESTAVEL
2011-05-03;1304380800000;MNDL3.SA;56.2;56.2;52.6;54.6;50.01;1809;stock;29.75;68.09;32.48;68.1;68.65;ESTAVEL
2011-05-04;1304467200000;MNDL3.SA;55.0;60.0;55.0;60.0;54.96;3199;stock;30.0;83.19;32.75;83.18;73.36;CAIR
2011-05-05;1304553600000;MNDL3.SA;61.0;63.2;58.6;60.0;54.96;4899;stock;30.25;81.68;33.03;81.68;73.36;CAIR
2011-05-06;1304640000000;MNDL3.SA;61.4;62.6;59.0;60.0;54.96;2589;stock;30.5;80.22;33.29;80.21;73.36;CAIR
2011-05-09;1304899200000;MNDL3.SA;62.0;62.0;60.4;60.4;55.33;6;stock;30.74;79.97;33.56;79.96;73.73;CAIR
2011-05-10;1304985600000;MNDL3.SA;60.4;60.4;60.4;60.4;55.33;0;stock;30.99;78.55;33.83;78.54;73.73;CAIR
2011-05-11;1305072000000;MNDL3.SA;62.0;62.0;57.0;57.0;52.21;864;stock;31.2;67.34;34.06;67.35;64.94;ESTAVEL
2011-05-12;1305158400000;MNDL3.SA;56.4;58.4;56.0;57.0;52.21;1044;stock;31.41;66.23;34.29;66.23;64.94;ESTAVEL
2011-05-13;1305244800000;MNDL3.SA;57.0;61.4;57.0;60.0;54.96;5484;stock;31.64;73.69;34.55;73.69;68.75;ESTAVEL
2011-05-16;1305504000000;MNDL3.SA;60.0;60.0;60.0;60.0;54.96;0;stock;31.87;72.42;34.8;72.42;68.75;ESTAVEL
2011-05-17;1305590400000;MNDL3.SA;63.6;63.6;58.4;61.0;55.88;2689;stock;32.11;74.01;35.06;73.99;70.01;CAIR
2011-05-18;1305676800000;MNDL3.SA;61.6;64.2;60.0;62.0;56.79;1624;stock;32.36;75.5;35.33;75.5;71.25;CAIR
2011-05-19;1305763200000;MNDL3.SA;63.4;64.2;60.0;61.8;56.61;1769;stock;32.6;73.65;35.59;73.64;70.63;CAIR
2011-05-20;1305849600000;MNDL3.SA;63.8;63.8;60.2;60.2;55.14;1734;stock;32.82;67.98;35.84;67.99;65.6;ESTAVEL
2011-05-23;1306108800000;MNDL3.SA;63.0;63.0;60.4;62.0;56.79;814;stock;33.06;71.76;36.1;71.77;68.33;ESTAVEL
2011-05-24;1306195200000;MNDL3.SA;62.0;62.0;59.2;59.2;54.23;2094;stock;33.27;62.98;36.33;62.97;60.33;ESTAVEL
2011-05-25;1306281600000;MNDL3.SA;60.0;63.8;59.4;62.6;57.34;2774;stock;33.51;71.1;36.59;71.1;65.6;ESTAVEL
2011-05-26;1306368000000;MNDL3.SA;63.0;64.0;59.0;60.2;55.14;5314;stock;33.73;63.48;36.82;63.49;59.57;ESTAVEL
2011-05-27;1306454400000;MNDL3.SA;63.2;67.0;62.4;66.0;60.46;9354;stock;33.99;77.85;37.11;77.84;67.38;ESTAVEL
2011-05-30;1306713600000;MNDL3.SA;69.6;80.4;68.4;68.4;68.4;19642;stock;34.34;99.2;37.42;82.77;75.1;CAIR
2011-05-31;1306800000000;MNDL3.SA;74.4;90.0;70.8;82.8;82.8;19530;stock;34.82;137.8;37.88;118.61;82.97;CAIR
2011-06-01;1306886400000;MNDL3.SA;82.8;165.61;82.8;117.6;117.6;55682;stock;35.64;229.94;38.67;204.12;90.66;CAIR
2011-06-02;1306972800000;MNDL3.SA;126.01;147.61;117.6;123.6;123.6;46038;stock;36.52;238.46;39.51;212.8;91.38;CAIR
2011-06-03;1307059200000;MNDL3.SA;120.0;124.8;104.4;108.0;108.0;19820;stock;37.23;190.09;40.2;168.69;75.12;CAIR
2011-06-06;1307318400000;MNDL3.SA;110.4;110.4;94.8;96.0;96.0;15915;stock;37.81;153.87;40.75;135.58;65.46;ESTAVEL
2011-06-07;1307404800000;MNDL3.SA;92.4;100.8;87.6;98.4;98.4;17076;stock;38.42;156.14;41.32;138.12;66.39;ESTAVEL
2011-06-08;1307491200000;MNDL3.SA;99.6;102.0;96.0;96.0;96.0;10477;stock;38.99;146.22;41.87;129.29;64.52;ESTAVEL
2011-06-09;1307577600000;MNDL3.SA;98.4;98.4;94.8;98.4;98.4;5286;stock;39.58;148.6;42.43;131.91;65.57;ESTAVEL
2011-06-10;1307664000000;MNDL3.SA;98.4;105.6;97.2;99.6;99.6;13667;stock;40.18;147.9;43.0;131.63;66.1;ESTAVEL
2011-06-13;1307923200000;MNDL3.SA;100.8;136.81;100.8;129.61;129.61;77976;stock;41.07;215.6;43.86;195.5;76.14;CAIR
2011-06-14;1308009600000;MNDL3.SA;142.81;220.81;140.41;213.61;213.61;130594;stock;42.78;399.27;45.55;368.96;87.39;CAIR
2011-06-15;1308096000000;MNDL3.SA;252.01;327.61;246.01;324.01;324.01;90788;stock;45.58;610.81;48.32;570.54;92.44;CAIR
2011-06-16;1308182400000;MNDL3.SA;360.01;396.02;294.01;376.82;376.82;74447;stock;48.88;670.92;51.59;630.42;93.73;CAIR
2011-06-17;1308268800000;MNDL3.SA;348.01;432.02;346.81;375.62;375.62;108286;stock;52.13;620.54;54.81;585.27;93.34;CAIR
2011-06-20;1308528000000;MNDL3.SA;366.01;400.82;354.01;373.21;373.21;74673;stock;55.33;574.58;57.98;543.67;92.51;CAIR
2011-06-21;1308614400000;MNDL3.SA;379.22;448.82;368.41;378.02;378.02;129020;stock;58.54;545.79;61.17;518.02;92.65;CAIR
2011-06-22;1308700800000;MNDL3.SA;386.42;420.02;343.21;354.01;354.01;143814;stock;61.48;475.85;64.08;452.45;84.13;CAIR
2011-06-24;1308873600000;MNDL3.SA;356.41;378.02;350.41;363.61;363.61;62992;stock;64.48;463.89;67.06;442.21;84.74;CAIR
2011-06-27;1309132800000;MNDL3.SA;374.41;378.02;318.01;318.01;318.01;36887;stock;67.0;374.61;69.56;357.19;70.92;CAIR
2011-06-28;1309219200000;MNDL3.SA;334.81;384.02;334.81;370.81;370.81;86240;stock;70.03;429.52;72.56;411.07;75.83;CAIR
2011-06-29;1309305600000;MNDL3.SA;376.82;414.02;360.01;384.02;384.02;50870;stock;73.15;424.96;75.65;407.6;76.89;CAIR
2011-06-30;1309392000000;MNDL3.SA;385.22;444.02;373.21;423.62;423.62;87077;stock;76.64;452.74;79.12;435.44;79.73;CAIR
2011-07-01;1309478400000;MNDL3.SA;430.82;446.42;414.02;424.82;424.82;32757;stock;80.1;430.34;82.56;414.58;79.82;CAIR
2011-07-04;1309737600000;MNDL3.SA;432.02;436.82;411.62;418.82;418.82;8985;stock;83.47;401.74;85.9;387.55;78.13;CAIR
2011-07-05;1309824000000;MNDL3.SA;422.42;434.42;399.62;418.82;418.82;18675;stock;86.81;382.45;89.21;369.45;78.13;CAIR
2011-07-06;1309910400000;MNDL3.SA;426.02;516.02;426.02;441.62;441.62;32754;stock;90.34;388.83;92.72;376.29;79.99;CAIR
2011-07-07;1309996800000;MNDL3.SA;459.62;483.62;450.02;450.02;450.02;21783;stock;93.92;379.15;96.28;367.42;80.65;CAIR
2011-07-08;1310083200000;MNDL3.SA;468.02;704.43;457.22;704.43;704.43;34456;stock;100.0;604.47;102.33;588.4;90.63;CAIR
2011-07-11;1310342400000;MNDL3.SA;768.03;958.84;720.03;732.03;732.03;34898;stock;106.28;588.75;108.59;574.1;91.16;CAIR
2011-07-12;1310428800000;MNDL3.SA;768.03;816.03;708.03;746.43;746.43;19072;stock;112.65;562.59;114.94;549.41;91.44;CAIR
2011-07-13;1310515200000;MNDL3.SA;786.03;786.03;746.43;748.83;748.83;14822;stock;118.98;529.36;121.25;517.6;91.48;CAIR
2011-07-14;1310601600000;MNDL3.SA;750.03;769.23;726.03;744.03;744.03;11952;stock;125.2;494.26;127.44;483.81;90.41;CAIR
2011-07-15;1310688000000;MNDL3.SA;746.43;780.03;679.23;732.03;732.03;19739;stock;131.24;457.78;133.46;448.5;87.63;CAIR
2011-07-18;1310947200000;MNDL3.SA;756.03;756.03;711.63;732.03;732.03;8023;stock;137.22;433.48;139.42;425.07;87.63;CAIR
2011-07-19;1311033600000;MNDL3.SA;744.03;870.03;736.83;841.23;841.23;28381;stock;144.22;483.28;146.4;474.61;90.66;CAIR
2011-07-20;1311120000000;MNDL3.SA;858.03;915.64;588.02;720.03;720.03;23634;stock;149.95;380.17;152.11;373.37;70.15;CAIR
2011-07-21;1311206400000;MNDL3.SA;576.02;576.02;360.01;477.62;477.62;6945;stock;153.21;211.73;155.35;207.46;47.16;ESTAVEL
2011-07-22;1311292800000;MNDL3.SA;366.01;372.01;112.8;112.8;112.8;23396;stock;152.81;-26.18;154.92;-27.19;30.8;ESTAVEL
2011-07-25;1311552000000;MNDL3.SA;116.4;156.01;114.0;153.61;153.61;2;stock;152.82;0.52;154.91;-0.84;33.58;ESTAVEL
2011-07-26;1311638400000;MNDL3.SA;139.21;214.81;138.01;164.41;164.41;20398;stock;152.94;7.5;155.0;6.07;34.33;ESTAVEL
2011-07-27;1311724800000;MNDL3.SA;150.01;162.01;139.21;146.41;146.41;11482;stock;152.87;-4.23;154.92;-5.49;33.65;ESTAVEL
2011-07-28;1311811200000;MNDL3.SA;144.01;152.41;129.61;132.01;132.01;10654;stock;152.66;-13.53;154.69;-14.66;33.08;ESTAVEL
2011-07-29;1311897600000;MNDL3.SA;136.81;136.81;118.8;118.8;118.8;0;stock;152.33;-22.01;154.33;-23.02;32.54;ESTAVEL
2011-08-01;1312156800000;MNDL3.SA;132.01;142.81;126.01;132.01;132.01;7915;stock;152.12;-13.22;154.11;-14.34;33.71;ESTAVEL
2011-08-02;1312243200000;MNDL3.SA;134.41;152.41;132.01;134.41;134.41;12992;stock;151.95;-11.54;153.92;-12.67;33.93;ESTAVEL
2011-08-03;1312329600000;MNDL3.SA;139.21;139.21;118.8;127.21;127.21;7463;stock;151.7;-16.14;153.65;-17.21;33.57;ESTAVEL
2011-08-04;1312416000000;MNDL3.SA;122.4;122.4;104.4;106.8;106.8;9582;stock;151.25;-29.39;153.18;-30.28;32.5;ESTAVEL
2011-08-05;1312502400000;MNDL3.SA;108.0;129.61;92.4;123.6;123.6;15472;stock;150.98;-18.13;152.89;-19.16;34.35;ESTAVEL
2011-08-08;1312761600000;MNDL3.SA;108.0;114.0;103.2;105.6;105.6;4241;stock;150.53;-29.85;152.42;-30.72;33.29;ESTAVEL
2011-08-09;1312848000000;MNDL3.SA;111.6;120.0;110.4;114.0;114.0;3503;stock;150.16;-24.08;152.04;-25.02;34.31;ESTAVEL
2011-08-10;1312934400000;MNDL3.SA;111.6;117.6;110.4;116.4;116.4;2358;stock;149.83;-22.31;151.68;-23.26;34.62;ESTAVEL
2011-08-11;1313020800000;MNDL3.SA;116.4;117.6;112.8;115.2;115.2;2452;stock;149.48;-22.93;151.32;-23.87;34.53;ESTAVEL
2011-08-12;1313107200000;MNDL3.SA;115.2;115.2;110.4;114.0;114.0;2826;stock;149.13;-23.56;150.95;-24.48;34.44;ESTAVEL
2011-08-15;1313366400000;MNDL3.SA;115.2;115.2;104.4;106.8;106.8;2194;stock;148.71;-28.18;150.51;-29.04;33.85;ESTAVEL
2011-08-16;1313452800000;MNDL3.SA;105.6;115.2;90.0;94.8;94.8;21018;stock;148.17;-36.02;149.95;-36.78;32.84;ESTAVEL
2011-08-17;1313539200000;MNDL3.SA;98.4;100.8;93.6;94.8;94.8;4617;stock;147.64;-35.79;149.41;-36.55;32.84;ESTAVEL
2011-08-18;1313625600000;MNDL3.SA;88.8;91.2;80.4;85.2;85.2;7180;stock;147.02;-42.05;148.77;-42.73;31.96;ESTAVEL
2011-08-19;1313712000000;MNDL3.SA;82.8;88.8;80.4;82.8;82.8;7298;stock;146.38;-43.44;148.11;-44.1;31.73;ESTAVEL
2011-08-22;1313971200000;MNDL3.SA;85.2;86.4;75.6;76.8;76.8;4973;stock;145.69;-47.29;147.4;-47.9;31.13;ESTAVEL
2011-08-23;1314057600000;MNDL3.SA;73.2;82.8;68.4;70.8;70.8;10738;stock;144.94;-51.15;146.64;-51.72;30.51;ESTAVEL
2011-08-24;1314144000000;MNDL3.SA;72.0;72.0;67.2;68.4;68.4;2994;stock;144.18;-52.56;145.86;-53.11;30.25;ESTAVEL
2011-08-25;1314230400000;MNDL3.SA;66.0;67.2;57.6;60.0;60.0;7325;stock;143.34;-58.14;145.01;-58.62;29.3;SUBIR
2011-08-26;1314316800000;MNDL3.SA;58.8;79.2;58.8;75.6;75.6;13401;stock;142.67;-47.01;144.31;-47.61;33.45;ESTAVEL
2011-08-29;1314576000000;MNDL3.SA;86.4;93.6;81.6;84.0;84.0;28639;stock;142.09;-40.88;143.71;-41.55;35.65;ESTAVEL
2011-08-30;1314662400000;MNDL3.SA;84.0;85.2;76.8;80.4;80.4;18450;stock;141.47;-43.17;143.08;-43.81;35.11;ESTAVEL
2011-08-31;1314748800000;MNDL3.SA;80.4;82.8;78.0;80.4;80.4;12040;stock;140.87;-42.92;142.46;-43.56;35.11;ESTAVEL
2011-09-01;1314835200000;MNDL3.SA;82.8;96.0;80.4;85.2;85.2;24988;stock;140.31;-39.28;141.89;-39.95;36.58;ESTAVEL
2011-09-02;1314921600000;MNDL3.SA;85.2;87.6;82.8;84.0;84.0;6449;stock;139.75;-39.89;141.32;-40.56;36.36;ESTAVEL
2011-09-05;1315180800000;MNDL3.SA;84.0;84.0;80.4;80.4;80.4;2044;stock;139.16;-42.23;140.71;-42.86;35.66;ESTAVEL
2011-09-06;1315267200000;MNDL3.SA;82.8;87.6;82.8;85.2;85.2;5216;stock;138.62;-38.54;140.16;-39.21;37.39;ESTAVEL
2011-09-08;1315440000000;MNDL3.SA;87.6;88.8;82.8;82.8;82.8;6651;stock;138.07;-40.03;139.59;-40.68;36.86;ESTAVEL
2011-09-09;1315526400000;MNDL3.SA;81.6;81.6;79.2;81.6;81.6;5429;stock;137.51;-40.66;139.01;-41.3;36.58;ESTAVEL
2011-09-12;1315785600000;MNDL3.SA;81.6;82.8;78.0;81.6;81.6;3286;stock;136.95;-40.42;138.44;-41.06;36.58;ESTAVEL
2011-09-13;1315872000000;MNDL3.SA;80.4;81.6;78.0;78.0;78.0;2270;stock;136.36;-42.8;137.84;-43.41;35.63;ESTAVEL
2011-09-14;1315958400000;MNDL3.SA;80.4;80.4;74.4;75.6;75.6;5788;stock;135.76;-44.31;137.22;-44.9;34.98;ESTAVEL
2011-09-15;1316044800000;MNDL3.SA;75.6;78.0;70.8;72.0;72.0;5649;stock;135.12;-46.72;136.57;-47.28;33.99;ESTAVEL
2011-09-16;1316131200000;MNDL3.SA;72.0;72.0;66.0;67.2;67.2;6958;stock;134.45;-50.02;135.88;-50.54;32.65;ESTAVEL
2011-09-19;1316390400000;MNDL3.SA;67.2;72.0;67.2;69.6;69.6;4903;stock;133.8;-47.98;135.22;-48.53;34.05;ESTAVEL
2011-09-20;1316476800000;MNDL3.SA;69.6;69.6;67.2;67.2;67.2;2193;stock;133.14;-49.53;134.54;-50.05;33.3;ESTAVEL
2011-09-21;1316563200000;MNDL3.SA;69.6;69.6;64.8;64.8;64.8;1308;stock;132.46;-51.08;133.85;-51.59;32.54;ESTAVEL
2011-09-22;1316649600000;MNDL3.SA;63.6;63.6;60.0;61.2;61.2;3988;stock;131.75;-53.55;133.12;-54.03;31.37;ESTAVEL
2011-09-23;1316736000000;MNDL3.SA;62.4;67.2;62.4;64.8;64.8;3069;stock;131.09;-50.57;132.44;-51.07;33.92;ESTAVEL
2011-09-26;1316995200000;MNDL3.SA;67.2;67.2;63.6;63.6;63.6;2379;stock;130.41;-51.23;131.76;-51.73;33.47;ESTAVEL
2011-09-27;1317081600000;MNDL3.SA;64.8;64.8;62.4;64.8;64.8;2344;stock;129.76;-50.06;131.09;-50.57;34.4;ESTAVEL
2011-09-28;1317168000000;MNDL3.SA;63.6;63.6;61.2;61.2;61.2;1144;stock;129.08;-52.59;130.4;-53.07;32.92;ESTAVEL
2011-09-29;1317254400000;MNDL3.SA;62.4;63.6;60.0;61.2;61.2;726;stock;128.4;-52.34;129.71;-52.82;32.92;ESTAVEL
2011-09-30;1317340800000;MNDL3.SA;61.2;72.0;61.2;63.6;63.6;10041;stock;127.76;-50.22;129.05;-50.72;35.09;ESTAVEL
2011-10-03;1317600000000;MNDL3.SA;64.8;67.2;61.2;62.4;62.4;2822;stock;127.11;-50.91;128.39;-51.4;34.49;ESTAVEL
2011-10-04;1317686400000;MNDL3.SA;61.2;63.6;61.2;62.4;62.4;2089;stock;126.46;-50.66;127.73;-51.15;34.49;ESTAVEL
2011-10-05;1317772800000;MNDL3.SA;62.4;63.6;60.0;60.0;60.0;4236;stock;125.8;-52.31;127.06;-52.78;33.17;ESTAVEL
2011-10-06;1317859200000;MNDL3.SA;62.4;62.4;61.2;61.2;61.2;2256;stock;125.16;-51.1;126.4;-51.58;34.51;ESTAVEL
2011-10-07;1317945600000;MNDL3.SA;62.4;62.4;60.0;61.2;61.2;2111;stock;124.52;-50.85;125.75;-51.33;34.51;ESTAVEL
2011-10-10;1318204800000;MNDL3.SA;61.2;62.4;60.0;61.2;61.2;2107;stock;123.89;-50.6;125.11;-51.08;34.51;ESTAVEL
2011-10-11;1318291200000;MNDL3.SA;61.2;62.4;60.0;61.2;61.2;1356;stock;123.27;-50.35;124.48;-50.83;34.51;ESTAVEL
2011-10-13;1318464000000;MNDL3.SA;60.0;64.8;58.8;60.0;60.0;3273;stock;122.64;-51.08;123.83;-51.55;33.6;ESTAVEL
2011-10-14;1318550400000;MNDL3.SA;61.2;63.6;60.0;61.2;61.2;1518;stock;122.03;-49.85;123.21;-50.33;35.44;ESTAVEL
2011-10-17;1318809600000;MNDL3.SA;61.2;62.4;58.8;60.0;60.0;2028;stock;121.41;-50.58;122.58;-51.05;34.41;ESTAVEL
2011-10-18;1318896000000;MNDL3.SA;61.2;62.4;58.8;60.0;60.0;2028;stock;120.8;-50.33;121.96;-50.8;34.41;ESTAVEL
2011-10-19;1318982400000;MNDL3.SA;60.0;61.2;60.0;60.0;60.0;595;stock;120.2;-50.08;121.34;-50.55;34.41;ESTAVEL
2011-10-20;1319068800000;MNDL3.SA;61.2;61.2;58.8;60.0;60.0;679;stock;119.6;-49.83;120.73;-50.3;34.41;ESTAVEL
2011-10-21;1319155200000;MNDL3.SA;60.0;64.8;60.0;62.4;62.4;8208;stock;119.03;-47.58;120.15;-48.07;39.14;ESTAVEL
2011-10-24;1319414400000;MNDL3.SA;63.6;69.6;62.4;66.0;66.0;8198;stock;118.5;-44.3;119.61;-44.82;45.49;ESTAVEL
2011-10-25;1319500800000;MNDL3.SA;63.6;69.6;62.4;66.0;66.0;8198;stock;117.98;-44.06;119.08;-44.57;45.49;ESTAVEL
2011-10-26;1319587200000;MNDL3.SA;67.2;70.8;62.4;62.4;62.4;23659;stock;117.42;-46.86;118.52;-47.35;40.58;ESTAVEL
2011-10-27;1319673600000;MNDL3.SA;62.4;64.8;62.4;64.8;64.8;7206;stock;116.9;-44.57;117.98;-45.08;44.85;ESTAVEL
2011-10-28;1319760000000;MNDL3.SA;66.0;68.4;64.8;64.8;64.8;10671;stock;116.38;-44.32;117.45;-44.83;44.85;ESTAVEL
2011-10-31;1320019200000;MNDL3.SA;64.8;64.8;62.4;62.4;62.4;2205;stock;115.85;-46.14;116.9;-46.62;41.4;ESTAVEL
2011-11-01;1320105600000;MNDL3.SA;61.2;62.4;58.8;61.2;61.2;9041;stock;115.3;-46.92;116.35;-47.4;39.75;ESTAVEL
2011-11-03;1320278400000;MNDL3.SA;62.4;64.8;61.2;63.6;63.6;4474;stock;114.79;-44.59;115.83;-45.09;44.51;ESTAVEL
2011-11-04;1320364800000;MNDL3.SA;63.6;63.6;60.0;61.2;61.2;7598;stock;114.25;-46.44;115.28;-46.91;41.02;ESTAVEL
2011-11-07;1320624000000;MNDL3.SA;62.4;63.6;61.2;62.4;62.4;2709;stock;113.74;-45.14;114.76;-45.62;43.41;ESTAVEL
2011-11-08;1320710400000;MNDL3.SA;61.2;63.6;60.0;62.4;62.4;6921;stock;113.23;-44.89;114.23;-45.38;43.41;ESTAVEL
2011-11-09;1320796800000;MNDL3.SA;61.2;61.2;60.0;60.0;60.0;1932;stock;112.7;-46.76;113.69;-47.23;39.68;ESTAVEL
2011-11-10;1320883200000;MNDL3.SA;62.4;62.4;60.0;60.0;60.0;1481;stock;112.17;-46.51;113.16;-46.98;39.68;ESTAVEL
2011-11-11;1320969600000;MNDL3.SA;60.0;61.2;60.0;60.0;60.0;4223;stock;111.65;-46.26;112.63;-46.73;39.68;ESTAVEL
2011-11-14;1321228800000;MNDL3.SA;61.2;62.4;60.0;61.2;61.2;3951;stock;111.15;-44.94;112.12;-45.42;42.75;ESTAVEL
2011-11-16;1321401600000;MNDL3.SA;61.2;61.2;55.2;56.4;56.4;11692;stock;110.61;-49.01;111.57;-49.45;35.07;ESTAVEL
2011-11-17;1321488000000;MNDL3.SA;57.6;61.2;55.2;57.6;57.6;11871;stock;110.08;-47.67;111.03;-48.12;38.06;ESTAVEL
2011-11-18;1321574400000;MNDL3.SA;58.8;60.0;56.4;58.8;58.8;8159;stock;109.57;-46.34;110.51;-46.79;41.0;ESTAVEL
2011-11-21;1321833600000;MNDL3.SA;58.8;58.8;56.4;57.6;57.6;2306;stock;109.05;-47.18;109.98;-47.63;39.01;ESTAVEL
2011-11-22;1321920000000;MNDL3.SA;58.8;60.0;57.6;58.8;58.8;1521;stock;108.55;-45.83;109.47;-46.29;42.04;ESTAVEL
2011-11-23;1322006400000;MNDL3.SA;58.8;69.6;58.8;69.6;69.6;24506;stock;108.16;-35.65;109.08;-36.19;60.87;ESTAVEL
2011-11-24;1322092800000;MNDL3.SA;72.0;78.0;66.0;66.0;66.0;26459;stock;107.75;-38.74;108.65;-39.25;54.51;ESTAVEL
2011-11-25;1322179200000;MNDL3.SA;67.2;70.8;62.4;62.4;62.4;7815;stock;107.29;-41.84;108.19;-42.32;49.0;ESTAVEL
2011-11-28;1322438400000;MNDL3.SA;63.6;64.8;60.0;61.2;61.2;5580;stock;106.84;-42.72;107.72;-43.19;47.28;ESTAVEL
2011-11-29;1322524800000;MNDL3.SA;62.4;62.4;60.0;61.2;61.2;4144;stock;106.38;-42.47;107.26;-42.94;47.28;ESTAVEL
2011-11-30;1322611200000;MNDL3.SA;61.2;63.6;60.0;61.2;61.2;7456;stock;105.93;-42.23;106.8;-42.7;47.28;ESTAVEL
2011-12-01;1322697600000;MNDL3.SA;61.2;62.4;60.0;60.0;60.0;3094;stock;105.47;-43.11;106.33;-43.57;45.3;ESTAVEL
2011-12-02;1322784000000;MNDL3.SA;62.4;62.4;60.0;61.2;61.2;1605;stock;105.03;-41.73;105.88;-42.2;47.66;ESTAVEL
2011-12-05;1323043200000;MNDL3.SA;61.2;62.4;60.0;61.2;61.2;584;stock;104.6;-41.49;105.44;-41.96;47.66;ESTAVEL
2011-12-06;1323129600000;MNDL3.SA;61.2;62.4;60.0;61.2;61.2;1078;stock;104.17;-41.25;105.0;-41.71;47.66;ESTAVEL
2011-12-07;1323216000000;MNDL3.SA;61.2;62.4;60.0;62.4;62.4;396;stock;103.75;-39.86;104.58;-40.33;50.34;ESTAVEL
2011-12-08;1323302400000;MNDL3.SA;61.2;66.0;61.2;62.4;62.4;21875;stock;103.34;-39.62;104.16;-40.09;50.34;ESTAVEL
2011-12-09;1323388800000;MNDL3.SA;64.8;67.2;61.2;61.2;61.2;19715;stock;102.92;-40.54;103.73;-41.0;47.52;ESTAVEL
2011-12-12;1323648000000;MNDL3.SA;61.2;62.4;57.6;58.8;58.8;17579;stock;102.48;-42.62;103.28;-43.07;42.4;ESTAVEL
2011-12-13;1323734400000;MNDL3.SA;60.0;61.2;58.8;58.8;58.8;4483;stock;102.05;-42.38;102.84;-42.82;42.4;ESTAVEL
2011-12-14;1323820800000;MNDL3.SA;58.8;60.0;56.4;57.6;57.6;1813;stock;101.6;-43.31;102.39;-43.74;39.91;ESTAVEL
2011-12-15;1323907200000;MNDL3.SA;56.4;58.8;56.4;57.6;57.6;3394;stock;101.17;-43.06;101.94;-43.5;39.91;ESTAVEL
2011-12-16;1323993600000;MNDL3.SA;57.6;58.8;56.4;56.4;56.4;2031;stock;100.72;-44.0;101.49;-44.43;37.36;ESTAVEL
2011-12-19;1324252800000;MNDL3.SA;58.8;58.8;54.0;55.2;55.2;3893;stock;100.27;-44.95;101.03;-45.36;34.96;ESTAVEL
2011-12-20;1324339200000;MNDL3.SA;55.2;56.4;51.6;54.0;54.0;9198;stock;99.81;-45.9;100.56;-46.3;32.7;ESTAVEL
2011-12-21;1324425600000;MNDL3.SA;54.0;55.2;51.6;52.8;52.8;4097;stock;99.34;-46.85;100.09;-47.25;30.57;ESTAVEL
2011-12-22;1324512000000;MNDL3.SA;51.6;54.0;51.6;54.0;54.0;6876;stock;98.89;-45.39;99.63;-45.8;35.12;ESTAVEL
2011-12-23;1324598400000;MNDL3.SA;55.2;55.2;52.8;54.0;54.0;2432;stock;98.44;-45.15;99.17;-45.55;35.12;ESTAVEL
2011-12-26;1324857600000;MNDL3.SA;52.8;56.4;52.8;54.0;54.0;8288;stock;98.0;-44.9;98.72;-45.3;35.12;ESTAVEL
2011-12-27;1324944000000;MNDL3.SA;54.0;55.2;52.8;54.0;54.0;3616;stock;97.56;-44.65;98.28;-45.05;35.12;ESTAVEL
2011-12-28;1325030400000;MNDL3.SA;52.8;52.8;49.2;51.6;51.6;10001;stock;97.1;-46.86;97.81;-47.25;29.85;SUBIR
2011-12-29;1325116800000;MNDL3.SA;51.6;52.8;50.4;51.6;51.6;2614;stock;96.65;-46.61;97.35;-47.0;29.85;SUBIR
2012-01-02;1325462400000;MNDL3.SA;52.8;55.2;52.8;54.0;54.0;4059;stock;96.23;-43.88;96.92;-44.29;40.25;ESTAVEL
2012-01-03;1325548800000;MNDL3.SA;54.0;57.6;54.0;56.4;56.4;4410;stock;95.83;-41.15;96.52;-41.57;48.47;ESTAVEL
2012-01-04;1325635200000;MNDL3.SA;56.4;56.4;54.0;54.0;54.0;12255;stock;95.41;-43.41;96.1;-43.81;42.22;ESTAVEL
2012-01-05;1325721600000;MNDL3.SA;55.2;60.0;52.8;57.6;57.6;25359;stock;95.04;-39.39;95.71;-39.82;52.19;ESTAVEL
2012-01-06;1325808000000;MNDL3.SA;60.0;60.0;56.4;57.6;57.6;19236;stock;94.67;-39.15;95.33;-39.58;52.19;ESTAVEL
2012-01-09;1326067200000;MNDL3.SA;57.6;62.4;57.6;60.0;60.0;15954;stock;94.32;-36.39;94.98;-36.83;57.81;ESTAVEL
2012-01-10;1326153600000;MNDL3.SA;61.2;66.0;61.2;64.8;64.8;19789;stock;94.03;-31.08;94.68;-31.56;66.35;ESTAVEL
2012-01-11;1326240000000;MNDL3.SA;64.8;69.6;62.4;66.0;66.0;17735;stock;93.75;-29.6;94.4;-30.08;68.08;ESTAVEL
2012-01-12;1326326400000;MNDL3.SA;67.2;69.6;63.6;63.6;63.6;14554;stock;93.45;-31.94;94.09;-32.41;61.27;ESTAVEL
2012-01-13;1326412800000;MNDL3.SA;66.0;66.0;61.2;62.4;62.4;14499;stock;93.14;-33.0;93.78;-33.46;58.14;ESTAVEL
2012-01-16;1326672000000;MNDL3.SA;64.8;66.0;62.4;63.6;63.6;4984;stock;92.85;-31.5;93.48;-31.96;60.32;ESTAVEL
2012-01-17;1326758400000;MNDL3.SA;64.8;67.2;63.6;66.0;66.0;14288;stock;92.58;-28.71;93.2;-29.19;64.33;ESTAVEL
2012-01-18;1326844800000;MNDL3.SA;67.2;68.4;63.6;66.0;66.0;18357;stock;92.31;-28.5;92.93;-28.98;64.33;ESTAVEL
2012-01-19;1326931200000;MNDL3.SA;68.4;74.4;67.2;68.4;68.4;73662;stock;92.08;-25.71;92.69;-26.2;68.07;ESTAVEL
2012-01-20;1327017600000;MNDL3.SA;68.4;68.4;62.4;66.0;66.0;31546;stock;91.82;-28.12;92.42;-28.59;61.16;ESTAVEL
2012-01-23;1327276800000;MNDL3.SA;66.0;67.2;63.6;63.6;63.6;15966;stock;91.54;-30.52;92.13;-30.97;55.14;ESTAVEL
2012-01-24;1327363200000;MNDL3.SA;64.8;64.8;60.0;61.2;61.2;31938;stock;91.23;-32.92;91.83;-33.35;49.85;ESTAVEL
2012-01-26;1327536000000;MNDL3.SA;60.0;62.4;58.8;58.8;58.8;13228;stock;90.91;-35.32;91.5;-35.74;45.18;ESTAVEL
2012-01-27;1327622400000;MNDL3.SA;60.0;61.2;58.8;60.0;60.0;5176;stock;90.6;-33.78;91.18;-34.2;47.81;ESTAVEL
2012-01-30;1327881600000;MNDL3.SA;61.2;62.4;58.8;60.0;60.0;6073;stock;90.3;-33.55;90.87;-33.97;47.81;ESTAVEL
2012-01-31;1327968000000;MNDL3.SA;60.0;60.0;57.6;57.6;57.6;7562;stock;89.97;-35.98;90.54;-36.38;43.02;ESTAVEL
2012-02-01;1328054400000;MNDL3.SA;58.8;60.0;56.4;57.6;57.6;6833;stock;89.65;-35.75;90.22;-36.15;43.02;ESTAVEL
2012-02-02;1328140800000;MNDL3.SA;57.6;58.8;56.4;56.4;56.4;3152;stock;89.32;-36.86;89.88;-37.25;40.66;ESTAVEL
2012-02-03;1328227200000;MNDL3.SA;58.8;58.8;56.4;57.6;57.6;5400;stock;89.01;-35.28;89.56;-35.68;43.97;ESTAVEL
2012-02-06;1328486400000;MNDL3.SA;57.6;57.6;55.2;56.4;56.4;1588;stock;88.68;-36.4;89.23;-36.79;41.48;ESTAVEL
2012-02-07;1328572800000;MNDL3.SA;56.4;56.4;55.2;56.4;56.4;4203;stock;88.36;-36.17;88.9;-36.56;41.48;ESTAVEL
2012-02-08;1328659200000;MNDL3.SA;57.6;57.6;55.2;56.4;56.4;10318;stock;88.04;-35.94;88.58;-36.33;41.48;ESTAVEL
2012-02-09;1328745600000;MNDL3.SA;56.4;57.6;55.2;57.6;57.6;2393;stock;87.74;-34.35;88.27;-34.75;45.35;ESTAVEL
2012-02-10;1328832000000;MNDL3.SA;56.4;57.6;55.2;55.2;55.2;5126;stock;87.41;-36.85;87.94;-37.23;39.69;ESTAVEL
2012-02-13;1329091200000;MNDL3.SA;55.2;55.2;55.2;55.2;55.2;0;stock;87.09;-36.62;87.61;-37.0;39.69;ESTAVEL
2012-02-14;1329177600000;MNDL3.SA;56.4;56.4;55.2;56.4;56.4;1086;stock;86.79;-35.01;87.3;-35.4;43.76;ESTAVEL
2012-02-15;1329264000000;MNDL3.SA;56.4;56.4;56.4;56.4;56.4;1811;stock;86.49;-34.79;87.0;-35.17;43.76;ESTAVEL
2012-02-16;1329350400000;MNDL3.SA;56.4;57.6;55.2;56.4;56.4;2987;stock;86.19;-34.56;86.69;-34.94;43.76;ESTAVEL
2012-02-17;1329436800000;MNDL3.SA;56.4;57.6;56.4;57.6;57.6;1561;stock;85.9;-32.95;86.4;-33.34;48.13;ESTAVEL
2012-02-23;1329955200000;MNDL3.SA;58.8;62.4;56.4;57.6;57.6;15654;stock;85.62;-32.73;86.12;-33.11;48.13;ESTAVEL
2012-02-24;1330041600000;MNDL3.SA;57.6;58.8;56.4;57.6;57.6;3132;stock;85.34;-32.51;85.83;-32.89;48.13;ESTAVEL
2012-02-27;1330300800000;MNDL3.SA;58.8;58.8;56.4;57.6;57.6;1242;stock;85.07;-32.29;85.55;-32.67;48.13;ESTAVEL
2012-02-28;1330387200000;MNDL3.SA;58.8;58.8;56.4;56.4;56.4;787;stock;84.78;-33.48;85.26;-33.85;43.58;ESTAVEL
2012-02-29;1330473600000;MNDL3.SA;57.6;58.8;56.4;58.8;58.8;3687;stock;84.52;-30.43;85.0;-30.82;53.13;ESTAVEL
2012-03-01;1330560000000;MNDL3.SA;57.6;60.0;57.6;60.0;60.0;2624;stock;84.28;-28.81;84.75;-29.2;57.04;ESTAVEL
2012-03-02;1330646400000;MNDL3.SA;60.0;70.8;58.8;64.8;64.8;164273;stock;84.08;-22.93;84.55;-23.36;68.41;ESTAVEL
2012-03-05;1330905600000;MNDL3.SA;66.0;68.4;62.4;62.4;62.4;56746;stock;83.87;-25.6;84.33;-26.01;59.88;ESTAVEL
2012-03-06;1330992000000;MNDL3.SA;62.4;63.6;58.8;60.0;60.0;24389;stock;83.63;-28.26;84.09;-28.65;52.79;ESTAVEL
2012-03-07;1331078400000;MNDL3.SA;61.2;61.2;58.8;60.0;60.0;18402;stock;83.4;-28.05;83.85;-28.44;52.79;ESTAVEL
2012-03-08;1331164800000;MNDL3.SA;60.0;61.2;58.8;58.8;58.8;24546;stock;83.15;-29.29;83.6;-29.66;49.4;ESTAVEL
2012-03-09;1331251200000;MNDL3.SA;60.0;61.2;58.8;60.0;60.0;27105;stock;82.92;-27.64;83.36;-28.03;52.67;ESTAVEL
2012-03-12;1331510400000;MNDL3.SA;60.0;60.0;58.8;58.8;58.8;31016;stock;82.68;-28.88;83.12;-29.26;49.24;ESTAVEL
2012-03-13;1331596800000;MNDL3.SA;58.8;60.0;57.6;57.6;57.6;39154;stock;82.43;-30.12;82.87;-30.49;46.01;ESTAVEL
2012-03-14;1331683200000;MNDL3.SA;58.8;60.0;57.6;58.8;58.8;39125;stock;82.2;-28.46;82.63;-28.84;49.57;ESTAVEL
2012-03-15;1331769600000;MNDL3.SA;57.6;58.8;57.6;57.6;57.6;12962;stock;81.95;-29.71;82.38;-30.08;46.28;ESTAVEL
2012-03-16;1331856000000;MNDL3.SA;57.6;57.6;56.4;56.4;56.4;20030;stock;81.7;-30.96;82.12;-31.32;43.2;ESTAVEL
2012-03-19;1332115200000;MNDL3.SA;56.4;56.4;56.4;56.4;56.4;0;stock;81.45;-30.75;81.86;-31.1;43.2;ESTAVEL
2012-03-20;1332201600000;MNDL3.SA;56.4;57.6;55.2;55.2;55.2;13898;stock;81.18;-32.01;81.6;-32.35;40.1;ESTAVEL
2012-03-21;1332288000000;MNDL3.SA;55.2;56.4;54.0;55.2;55.2;19638;stock;80.93;-31.79;81.34;-32.13;40.1;ESTAVEL
2012-03-22;1332374400000;MNDL3.SA;55.2;56.4;54.0;55.2;55.2;19638;stock;80.67;-31.57;81.08;-31.92;40.1;ESTAVEL
2012-03-23;1332460800000;MNDL3.SA;54.0;54.0;51.6;52.8;52.8;13155;stock;80.39;-34.32;80.79;-34.65;34.0;ESTAVEL
2012-03-26;1332720000000;MNDL3.SA;52.8;54.0;51.6;52.8;52.8;7455;stock;80.12;-34.1;80.52;-34.42;34.0;ESTAVEL
2012-03-27;1332806400000;MNDL3.SA;52.8;54.0;51.6;51.6;51.6;9612;stock;79.83;-35.37;80.23;-35.68;31.25;ESTAVEL
2012-03-28;1332892800000;MNDL3.SA;51.6;52.8;50.4;51.6;51.6;14936;stock;79.55;-35.14;79.94;-35.45;31.25;ESTAVEL
2012-03-29;1332979200000;MNDL3.SA;51.6;51.6;49.2;49.2;49.2;12052;stock;79.25;-37.92;79.64;-38.22;26.31;SUBIR
2012-03-30;1333065600000;MNDL3.SA;50.4;54.0;49.2;51.6;51.6;26536;stock;78.98;-34.66;79.36;-34.98;37.03;ESTAVEL
2012-04-02;1333324800000;MNDL3.SA;51.6;54.0;49.2;49.2;49.2;29657;stock;78.68;-37.47;79.06;-37.77;32.01;ESTAVEL
2012-04-03;1333411200000;MNDL3.SA;50.4;50.4;45.6;45.6;45.6;27793;stock;78.35;-41.8;78.73;-42.08;26.27;SUBIR
2012-04-04;1333497600000;MNDL3.SA;46.8;48.0;45.6;46.8;46.8;8758;stock;78.04;-40.03;78.41;-40.31;30.73;ESTAVEL
2012-04-05;1333584000000;MNDL3.SA;46.8;48.0;45.6;46.8;46.8;3189;stock;77.73;-39.79;78.09;-40.07;30.73;ESTAVEL
2012-04-09;1333929600000;MNDL3.SA;46.8;50.4;45.6;48.0;48.0;21116;stock;77.43;-38.01;77.79;-38.3;35.28;ESTAVEL
2012-04-10;1334016000000;MNDL3.SA;48.0;49.2;44.4;45.6;45.6;31262;stock;77.11;-40.87;77.47;-41.14;30.91;ESTAVEL
2012-04-11;1334102400000;MNDL3.SA;45.6;49.2;44.4;48.0;48.0;26746;stock;76.82;-37.52;77.18;-37.81;39.04;ESTAVEL
2012-04-12;1334188800000;MNDL3.SA;48.0;48.0;46.8;48.0;48.0;23056;stock;76.54;-37.29;76.89;-37.57;39.04;ESTAVEL
2012-04-13;1334275200000;MNDL3.SA;48.0;49.2;46.8;46.8;46.8;10595;stock;76.24;-38.62;76.59;-38.9;36.54;ESTAVEL
2012-04-16;1334534400000;MNDL3.SA;48.0;48.0;45.6;46.8;46.8;7192;stock;75.95;-38.38;76.29;-38.66;36.54;ESTAVEL
2012-04-17;1334620800000;MNDL3.SA;46.8;48.0;45.6;46.8;46.8;7259;stock;75.66;-38.14;76.0;-38.42;36.54;ESTAVEL
2012-04-18;1334707200000;MNDL3.SA;45.6;48.0;44.4;45.6;45.6;18602;stock;75.36;-39.49;75.7;-39.76;33.84;ESTAVEL
2012-04-19;1334793600000;MNDL3.SA;44.4;45.6;43.2;45.6;45.6;19421;stock;75.06;-39.25;75.4;-39.52;33.84;ESTAVEL
2012-04-20;1334880000000;MNDL3.SA;44.4;45.6;43.2;44.4;44.4;9284;stock;74.76;-40.61;75.09;-40.87;31.17;ESTAVEL
2012-04-23;1335139200000;MNDL3.SA;43.2;43.2;40.8;42.0;42.0;17248;stock;74.43;-43.57;74.76;-43.82;26.64;SUBIR
2012-04-24;1335225600000;MNDL3.SA;42.0;43.2;40.8;40.8;40.8;5843;stock;74.1;-44.94;74.42;-45.18;24.71;SUBIR
2012-04-25;1335312000000;MNDL3.SA;42.0;42.0;39.6;42.0;42.0;13560;stock;73.78;-43.07;74.1;-43.32;30.17;ESTAVEL
2012-04-26;1335398400000;MNDL3.SA;43.2;43.2;40.8;40.8;40.8;6479;stock;73.45;-44.45;73.77;-44.69;27.98;SUBIR
2012-04-27;1335484800000;MNDL3.SA;42.0;44.4;40.8;43.2;43.2;23570;stock;73.15;-40.94;73.46;-41.2;37.7;ESTAVEL
2012-04-30;1335744000000;MNDL3.SA;43.2;43.2;40.8;42.0;42.0;4673;stock;72.84;-42.34;73.15;-42.58;35.15;ESTAVEL
2012-05-02;1335916800000;MNDL3.SA;43.2;43.2;40.8;42.0;42.0;4673;stock;72.53;-42.09;72.84;-42.34;35.15;ESTAVEL
2012-05-03;1336003200000;MNDL3.SA;40.8;42.0;39.6;40.8;40.8;6908;stock;72.22;-43.5;72.52;-43.74;32.59;ESTAVEL
2012-05-04;1336089600000;MNDL3.SA;40.8;40.8;39.6;40.8;40.8;7286;stock;71.9;-43.26;72.21;-43.5;32.59;ESTAVEL
2012-05-07;1336348800000;MNDL3.SA;39.6;39.6;38.4;38.4;38.4;7453;stock;71.57;-46.35;71.87;-46.57;27.88;SUBIR
2012-05-08;1336435200000;MNDL3.SA;39.6;39.6;38.4;38.4;38.4;6352;stock;71.24;-46.1;71.54;-46.32;27.88;SUBIR
2012-05-09;1336521600000;MNDL3.SA;37.2;37.2;34.8;36.0;36.0;19018;stock;70.89;-49.22;71.18;-49.43;23.88;SUBIR
2012-05-10;1336608000000;MNDL3.SA;36.0;37.2;34.8;34.8;34.8;4562;stock;70.53;-50.66;70.82;-50.86;22.16;SUBIR
2012-05-11;1336694400000;MNDL3.SA;34.8;36.0;32.4;36.0;36.0;29385;stock;70.19;-48.71;70.48;-48.92;27.75;SUBIR
2012-05-14;1336953600000;MNDL3.SA;34.8;37.2;33.6;34.8;34.8;16493;stock;69.83;-50.17;70.12;-50.37;25.76;SUBIR
2012-05-15;1337040000000;MNDL3.SA;36.0;36.0;32.4;33.6;33.6;8257;stock;69.47;-51.64;69.76;-51.83;23.91;SUBIR
2012-05-16;1337126400000;MNDL3.SA;33.6;34.8;31.2;31.2;31.2;11002;stock;69.09;-54.84;69.37;-55.03;20.71;SUBIR
2012-05-17;1337212800000;MNDL3.SA;31.2;32.4;28.8;28.8;28.8;19012;stock;68.69;-58.07;68.97;-58.24;18.1;SUBIR
2012-05-18;1337299200000;MNDL3.SA;30.0;30.0;26.4;28.8;28.8;17103;stock;68.3;-57.83;68.57;-58.0;18.1;SUBIR
2012-05-21;1337558400000;MNDL3.SA;28.8;28.8;28.8;28.8;28.8;0;stock;67.9;-57.59;68.17;-57.76;18.1;SUBIR
2012-05-22;1337644800000;MNDL3.SA;28.8;30.0;26.4;26.4;26.4;14703;stock;67.49;-60.88;67.76;-61.04;15.64;SUBIR
2012-05-23;1337731200000;MNDL3.SA;27.6;27.6;24.0;25.2;25.2;22192;stock;67.07;-62.43;67.34;-62.58;14.58;SUBIR
2012-05-24;1337817600000;MNDL3.SA;26.4;28.8;25.2;27.6;27.6;78361;stock;66.68;-58.61;66.94;-58.77;25.52;SUBIR
2012-05-25;1337904000000;MNDL3.SA;27.6;28.8;26.4;27.6;27.6;14572;stock;66.29;-58.36;66.55;-58.53;25.52;SUBIR
2012-05-28;1338163200000;MNDL3.SA;27.6;31.2;27.6;31.2;31.2;38404;stock;65.94;-52.68;66.2;-52.87;39.08;ESTAVEL
2012-05-29;1338249600000;MNDL3.SA;32.4;34.8;30.0;30.0;30.0;68689;stock;65.58;-54.25;65.84;-54.43;36.69;ESTAVEL
2012-05-30;1338336000000;MNDL3.SA;30.0;32.4;28.8;28.8;28.8;38807;stock;65.21;-55.84;65.47;-56.01;34.41;ESTAVEL
2012-05-31;1338422400000;MNDL3.SA;28.8;28.8;26.4;27.6;27.6;11744;stock;64.84;-57.43;65.09;-57.6;32.26;ESTAVEL
2012-06-01;1338508800000;MNDL3.SA;27.6;27.6;26.4;26.4;26.4;3384;stock;64.46;-59.04;64.71;-59.2;30.22;ESTAVEL
2012-06-04;1338768000000;MNDL3.SA;27.6;28.8;25.2;27.6;27.6;10294;stock;64.09;-56.94;64.34;-57.1;34.66;ESTAVEL
2012-06-05;1338854400000;MNDL3.SA;28.8;28.8;26.4;26.4;26.4;9703;stock;63.72;-58.57;63.96;-58.72;32.44;ESTAVEL
2012-06-06;1338940800000;MNDL3.SA;27.6;28.8;26.4;26.4;26.4;11272;stock;63.34;-58.32;63.59;-58.48;32.44;ESTAVEL
2012-06-08;1339113600000;MNDL3.SA;26.4;28.8;26.4;27.6;27.6;9854;stock;62.99;-56.18;63.23;-56.35;37.12;ESTAVEL
2012-06-11;1339372800000;MNDL3.SA;27.6;30.0;27.6;27.6;27.6;14948;stock;62.64;-55.94;62.87;-56.1;37.12;ESTAVEL
2012-06-12;1339459200000;MNDL3.SA;27.6;28.8;26.4;27.6;27.6;3886;stock;62.29;-55.69;62.52;-55.86;37.12;ESTAVEL
2012-06-13;1339545600000;MNDL3.SA;27.6;28.8;26.4;27.6;27.6;9232;stock;61.94;-55.44;62.17;-55.61;37.12;ESTAVEL
2012-06-14;1339632000000;MNDL3.SA;27.6;27.6;26.4;26.4;26.4;5376;stock;61.59;-57.14;61.82;-57.29;33.95;ESTAVEL
2012-06-15;1339718400000;MNDL3.SA;27.6;27.6;26.4;27.6;27.6;3849;stock;61.25;-54.94;61.48;-55.11;39.51;ESTAVEL
2012-06-18;1339977600000;MNDL3.SA;27.6;27.6;27.6;27.6;27.6;0;stock;60.92;-54.69;61.14;-54.86;39.51;ESTAVEL
2012-06-19;1340064000000;MNDL3.SA;26.4;27.6;25.2;26.4;26.4;14555;stock;60.57;-56.42;60.8;-56.58;36.0;ESTAVEL
2012-06-20;1340150400000;MNDL3.SA;27.6;27.6;25.2;26.4;26.4;22747;stock;60.23;-56.17;60.45;-56.33;36.0;ESTAVEL
2012-06-21;1340236800000;MNDL3.SA;26.4;27.6;26.4;26.4;26.4;12100;stock;59.9;-55.92;60.11;-56.08;36.0;ESTAVEL
2012-06-22;1340323200000;MNDL3.SA;27.6;27.6;25.2;25.2;25.2;11985;stock;59.55;-57.68;59.77;-57.84;32.4;ESTAVEL
2012-06-25;1340582400000;MNDL3.SA;25.2;25.2;24.0;24.0;24.0;7818;stock;59.2;-59.46;59.41;-59.6;29.26;SUBIR
2012-06-26;1340668800000;MNDL3.SA;25.2;25.2;24.0;24.0;24.0;4458;stock;58.85;-59.22;59.06;-59.36;29.26;SUBIR
2012-06-27;1340755200000;MNDL3.SA;24.0;25.2;24.0;24.0;24.0;8954;stock;58.5;-58.97;58.71;-59.12;29.26;SUBIR
2012-06-28;1340841600000;MNDL3.SA;24.0;24.0;22.8;24.0;24.0;11917;stock;58.16;-58.73;58.36;-58.88;29.26;SUBIR
2012-06-29;1340928000000;MNDL3.SA;24.0;24.0;21.6;21.6;21.6;19761;stock;57.79;-62.63;58.0;-62.76;23.2;SUBIR
2012-07-02;1341187200000;MNDL3.SA;22.8;22.8;21.6;21.6;21.6;14727;stock;57.43;-62.39;57.64;-62.52;23.2;SUBIR
2012-07-03;1341273600000;MNDL3.SA;21.6;22.8;20.4;21.6;21.6;19011;stock;57.08;-62.16;57.28;-62.29;23.2;SUBIR
2012-07-04;1341360000000;MNDL3.SA;21.6;22.8;20.4;21.6;21.6;6748;stock;56.72;-61.92;56.92;-62.05;23.2;SUBIR
2012-07-05;1341446400000;MNDL3.SA;21.6;22.8;20.4;21.6;21.6;4212;stock;56.37;-61.68;56.57;-61.82;23.2;SUBIR
2012-07-06;1341532800000;MNDL3.SA;21.6;21.6;19.2;20.4;20.4;21089;stock;56.02;-63.58;56.21;-63.71;20.17;SUBIR
2012-07-10;1341878400000;MNDL3.SA;20.4;20.4;18.0;19.2;19.2;16153;stock;55.65;-65.5;55.84;-65.62;17.69;SUBIR
2012-07-11;1341964800000;MNDL3.SA;20.4;20.4;19.2;19.2;19.2;4660;stock;55.29;-65.27;55.48;-65.39;17.69;SUBIR
2012-07-12;1342051200000;MNDL3.SA;19.2;19.2;18.0;19.2;19.2;3882;stock;54.93;-65.05;55.12;-65.17;17.69;SUBIR
2012-07-13;1342137600000;MNDL3.SA;19.2;19.2;18.0;19.2;19.2;3410;stock;54.57;-64.82;54.76;-64.94;17.69;SUBIR
2012-07-16;1342396800000;MNDL3.SA;19.2;19.2;19.2;19.2;19.2;0;stock;54.22;-64.59;54.41;-64.71;17.69;SUBIR
2012-07-17;1342483200000;MNDL3.SA;18.0;19.2;18.0;18.0;18.0;2693;stock;53.86;-66.58;54.04;-66.69;15.01;SUBIR
2012-07-18;1342569600000;MNDL3.SA;18.0;22.8;18.0;20.4;20.4;87316;stock;53.53;-61.89;53.71;-62.02;35.91;ESTAVEL
2012-07-19;1342656000000;MNDL3.SA;21.6;21.6;19.2;20.4;20.4;13326;stock;53.2;-61.65;53.38;-61.78;35.91;ESTAVEL
2012-07-20;1342742400000;MNDL3.SA;20.4;20.4;19.2;19.2;19.2;5359;stock;52.86;-63.68;53.04;-63.8;31.43;ESTAVEL
2012-07-23;1343001600000;MNDL3.SA;19.2;19.2;16.8;18.0;18.0;34506;stock;52.51;-65.72;52.69;-65.84;27.7;SUBIR
2012-07-24;1343088000000;MNDL3.SA;18.0;19.2;16.8;18.0;18.0;14240;stock;52.17;-65.5;52.34;-65.61;27.7;SUBIR
2012-07-25;1343174400000;MNDL3.SA;18.0;19.2;16.8;18.0;18.0;3185;stock;51.83;-65.27;52.0;-65.39;27.7;SUBIR
2012-07-26;1343260800000;MNDL3.SA;19.2;19.2;18.0;19.2;19.2;1994;stock;51.5;-62.72;51.68;-62.85;37.02;ESTAVEL
2012-07-27;1343347200000;MNDL3.SA;18.0;20.4;18.0;20.4;20.4;18954;stock;51.2;-60.15;51.36;-60.28;44.7;ESTAVEL
2012-07-30;1343606400000;MNDL3.SA;20.4;20.4;18.0;19.2;19.2;14045;stock;50.88;-62.26;51.04;-62.39;39.51;ESTAVEL
2012-07-31;1343692800000;MNDL3.SA;19.2;20.4;19.2;20.4;20.4;16125;stock;50.57;-59.66;50.74;-59.79;46.23;ESTAVEL
2012-08-01;1343779200000;MNDL3.SA;19.2;20.4;18.0;19.2;19.2;7041;stock;50.26;-61.8;50.43;-61.92;41.29;ESTAVEL
2012-08-02;1343865600000;MNDL3.SA;19.2;20.4;19.2;20.4;20.4;5291;stock;49.96;-59.17;50.13;-59.3;47.35;ESTAVEL
2012-08-03;1343952000000;MNDL3.SA;20.4;20.4;19.2;20.4;20.4;603;stock;49.67;-58.93;49.83;-59.06;47.35;ESTAVEL
2012-08-06;1344211200000;MNDL3.SA;20.4;20.4;19.2;19.2;19.2;3421;stock;49.37;-61.11;49.53;-61.23;42.29;ESTAVEL
2012-08-07;1344297600000;MNDL3.SA;19.2;21.6;19.2;21.6;21.6;23806;stock;49.09;-56.0;49.25;-56.14;53.09;ESTAVEL
2012-08-08;1344384000000;MNDL3.SA;21.6;24.0;20.4;22.8;22.8;72135;stock;48.83;-53.31;48.99;-53.46;57.38;ESTAVEL
2012-08-09;1344470400000;MNDL3.SA;24.0;25.2;21.6;21.6;21.6;59146;stock;48.56;-55.52;48.71;-55.66;52.23;ESTAVEL
2012-08-10;1344556800000;MNDL3.SA;24.0;25.2;21.6;21.6;21.6;59146;stock;48.29;-55.27;48.44;-55.41;52.23;ESTAVEL
2012-08-13;1344816000000;MNDL3.SA;20.4;21.6;20.4;20.4;20.4;4528;stock;48.01;-57.51;48.16;-57.65;47.31;ESTAVEL
2012-08-14;1344902400000;MNDL3.SA;21.6;24.0;21.6;22.8;22.8;153539;stock;47.76;-52.26;47.91;-52.41;56.2;ESTAVEL
2012-08-15;1344988800000;MNDL3.SA;22.8;24.0;21.6;21.6;21.6;13010;stock;47.5;-54.53;47.65;-54.67;51.52;ESTAVEL
2012-08-16;1345075200000;MNDL3.SA;22.8;22.8;21.6;21.6;21.6;21968;stock;47.24;-54.28;47.39;-54.42;51.52;ESTAVEL
2012-08-17;1345161600000;MNDL3.SA;21.6;22.8;20.4;21.6;21.6;10467;stock;46.99;-54.03;47.13;-54.17;51.52;ESTAVEL
2012-08-20;1345420800000;MNDL3.SA;21.6;22.8;20.4;21.6;21.6;20125;stock;46.74;-53.78;46.88;-53.93;51.52;ESTAVEL
2012-08-21;1345507200000;MNDL3.SA;21.6;22.8;21.6;21.6;21.6;9003;stock;46.49;-53.53;46.63;-53.68;51.52;ESTAVEL
2012-08-22;1345593600000;MNDL3.SA;21.6;22.8;19.2;20.4;20.4;72615;stock;46.23;-55.87;46.37;-56.0;45.97;ESTAVEL
2012-08-23;1345680000000;MNDL3.SA;20.4;21.6;19.2;20.4;20.4;10963;stock;45.97;-55.62;46.11;-55.76;45.97;ESTAVEL
2012-08-24;1345766400000;MNDL3.SA;19.2;20.4;19.2;20.4;20.4;9381;stock;45.71;-55.38;45.85;-55.51;45.97;ESTAVEL
2012-08-27;1346025600000;MNDL3.SA;20.4;21.6;20.4;20.4;20.4;18453;stock;45.46;-55.13;45.6;-55.26;45.97;ESTAVEL
2012-08-28;1346112000000;MNDL3.SA;20.4;21.6;20.4;20.4;20.4;6986;stock;45.21;-54.88;45.35;-55.02;45.97;ESTAVEL
2012-08-29;1346198400000;MNDL3.SA;20.4;21.6;20.4;20.4;20.4;7652;stock;44.97;-54.63;45.1;-54.77;45.97;ESTAVEL
2012-08-30;1346284800000;MNDL3.SA;20.4;21.6;19.2;21.6;21.6;1033;stock;44.73;-51.71;44.87;-51.86;53.74;ESTAVEL
2012-08-31;1346371200000;MNDL3.SA;20.4;21.6;20.4;20.4;20.4;4307;stock;44.49;-54.15;44.62;-54.28;46.54;ESTAVEL
2012-09-03;1346630400000;MNDL3.SA;20.4;21.6;19.2;20.4;20.4;1432;stock;44.25;-53.9;44.38;-54.04;46.54;ESTAVEL
2012-09-04;1346716800000;MNDL3.SA;20.4;21.6;19.2;20.4;20.4;4369;stock;44.01;-53.65;44.14;-53.79;46.54;ESTAVEL
2012-09-05;1346803200000;MNDL3.SA;20.4;21.6;19.2;19.2;19.2;2790;stock;43.77;-56.13;43.9;-56.26;39.86;ESTAVEL
2012-09-06;1346889600000;MNDL3.SA;20.4;20.4;19.2;20.4;20.4;2575;stock;43.54;-53.14;43.66;-53.28;47.91;ESTAVEL
2012-09-10;1347235200000;MNDL3.SA;20.4;21.6;19.2;21.6;21.6;26411;stock;43.32;-50.13;43.44;-50.28;54.47;ESTAVEL
2012-09-11;1347321600000;MNDL3.SA;21.6;21.6;19.2;20.4;20.4;3682;stock;43.09;-52.66;43.21;-52.79;47.96;ESTAVEL
2012-09-12;1347408000000;MNDL3.SA;20.4;21.6;19.2;19.2;19.2;3967;stock;42.85;-55.19;42.97;-55.32;42.5;ESTAVEL
2012-09-13;1347494400000;MNDL3.SA;19.2;20.4;19.2;20.4;20.4;2725;stock;42.63;-52.14;42.75;-52.28;48.78;ESTAVEL
2012-09-14;1347580800000;MNDL3.SA;20.4;21.6;19.2;20.4;20.4;22324;stock;42.41;-51.89;42.53;-52.03;48.78;ESTAVEL
2012-09-17;1347840000000;MNDL3.SA;20.4;21.6;19.2;20.4;20.4;3886;stock;42.19;-51.64;42.31;-51.78;48.78;ESTAVEL
2012-09-18;1347926400000;MNDL3.SA;20.4;21.6;20.4;21.6;21.6;1839;stock;41.98;-48.55;42.1;-48.7;54.94;ESTAVEL
2012-09-19;1348012800000;MNDL3.SA;20.4;21.6;19.2;20.4;20.4;7668;stock;41.77;-51.16;41.89;-51.3;48.64;ESTAVEL
2012-09-20;1348099200000;MNDL3.SA;21.6;21.6;20.4;20.4;20.4;2152;stock;41.56;-50.91;41.67;-51.05;48.64;ESTAVEL
2012-09-21;1348185600000;MNDL3.SA;21.6;21.6;19.2;20.4;20.4;20520;stock;41.34;-50.66;41.46;-50.8;48.64;ESTAVEL
2012-09-24;1348444800000;MNDL3.SA;20.4;21.6;20.4;20.4;20.4;1156;stock;41.14;-50.41;41.25;-50.55;48.64;ESTAVEL
2012-09-25;1348531200000;MNDL3.SA;21.6;21.6;19.2;20.4;20.4;5291;stock;40.93;-50.16;41.04;-50.3;48.64;ESTAVEL
2012-09-26;1348617600000;MNDL3.SA;20.4;20.4;19.2;20.4;20.4;3243;stock;40.73;-49.91;40.84;-50.05;48.64;ESTAVEL
2012-09-27;1348704000000;MNDL3.SA;20.4;20.4;19.2;19.2;19.2;438;stock;40.51;-52.61;40.62;-52.74;41.27;ESTAVEL
2012-09-28;1348790400000;MNDL3.SA;20.4;20.4;19.2;20.4;20.4;1304;stock;40.31;-49.39;40.42;-49.53;49.51;ESTAVEL
2012-10-01;1349049600000;MNDL3.SA;19.2;20.4;19.2;20.4;20.4;624;stock;40.11;-49.14;40.22;-49.28;49.51;ESTAVEL
2012-10-02;1349136000000;MNDL3.SA;19.2;20.4;19.2;20.4;20.4;1268;stock;39.92;-48.89;40.02;-49.03;49.51;ESTAVEL
2012-10-03;1349222400000;MNDL3.SA;19.2;20.4;19.2;20.4;20.4;459;stock;39.72;-48.64;39.83;-48.78;49.51;ESTAVEL
2012-10-04;1349308800000;MNDL3.SA;19.2;20.4;19.2;19.2;19.2;9827;stock;39.52;-51.42;39.62;-51.54;41.65;ESTAVEL
2012-10-05;1349395200000;MNDL3.SA;19.2;20.4;19.2;19.2;19.2;18160;stock;39.32;-51.17;39.42;-51.29;41.65;ESTAVEL
2012-10-08;1349654400000;MNDL3.SA;19.2;20.4;19.2;20.4;20.4;1605;stock;39.13;-47.86;39.23;-48.0;50.72;ESTAVEL
2012-10-09;1349740800000;MNDL3.SA;20.4;20.4;19.2;20.4;20.4;21424;stock;38.94;-47.61;39.04;-47.75;50.72;ESTAVEL
2012-10-10;1349827200000;MNDL3.SA;20.4;20.4;19.2;19.2;19.2;4753;stock;38.75;-50.45;38.85;-50.57;42.97;ESTAVEL
2012-10-11;1349913600000;MNDL3.SA;19.2;20.4;19.2;19.2;19.2;1739;stock;38.55;-50.2;38.65;-50.32;42.97;ESTAVEL
2012-10-15;1350259200000;MNDL3.SA;20.4;20.4;19.2;20.4;20.4;4393;stock;38.37;-46.83;38.47;-46.97;51.56;ESTAVEL
2012-10-16;1350345600000;MNDL3.SA;19.2;20.4;19.2;20.4;20.4;2287;stock;38.19;-46.59;38.29;-46.72;51.56;ESTAVEL
2012-10-17;1350432000000;MNDL3.SA;20.4;20.4;19.2;20.4;20.4;19520;stock;38.01;-46.34;38.11;-46.47;51.56;ESTAVEL
2012-10-18;1350518400000;MNDL3.SA;20.4;21.6;20.4;20.4;20.4;15407;stock;37.84;-46.09;37.94;-46.22;51.56;ESTAVEL
2012-10-19;1350604800000;MNDL3.SA;21.6;21.6;19.2;20.4;20.4;10091;stock;37.67;-45.84;37.76;-45.98;51.56;ESTAVEL
2012-10-22;1350864000000;MNDL3.SA;20.4;21.6;20.4;20.4;20.4;8802;stock;37.49;-45.59;37.59;-45.73;51.56;ESTAVEL
2012-10-23;1350950400000;MNDL3.SA;20.4;21.6;19.2;21.6;21.6;3824;stock;37.34;-42.15;37.43;-42.29;60.77;ESTAVEL
2012-10-24;1351036800000;MNDL3.SA;20.4;21.6;19.2;19.2;19.2;8038;stock;37.16;-48.33;37.25;-48.45;43.11;ESTAVEL
2012-10-25;1351123200000;MNDL3.SA;20.4;20.4;19.2;19.2;19.2;8230;stock;36.98;-48.08;37.07;-48.2;43.11;ESTAVEL
2012-10-26;1351209600000;MNDL3.SA;19.2;20.4;19.2;19.2;19.2;612;stock;36.8;-47.83;36.89;-47.95;43.11;ESTAVEL
2012-10-29;1351468800000;MNDL3.SA;19.2;20.4;19.2;19.2;19.2;2666;stock;36.62;-47.58;36.71;-47.7;43.11;ESTAVEL
2012-10-30;1351555200000;MNDL3.SA;19.2;20.4;19.2;19.2;19.2;21795;stock;36.45;-47.33;36.54;-47.46;43.11;ESTAVEL
2012-10-31;1351641600000;MNDL3.SA;20.4;20.4;18.0;20.4;20.4;25538;stock;36.29;-43.79;36.38;-43.92;53.0;ESTAVEL
2012-11-01;1351728000000;MNDL3.SA;19.2;19.2;18.0;19.2;19.2;3508;stock;36.12;-46.85;36.21;-46.97;44.64;ESTAVEL
2012-11-05;1352073600000;MNDL3.SA;19.2;20.4;19.2;19.2;19.2;20773;stock;35.95;-46.6;36.04;-46.72;44.64;ESTAVEL
2012-11-06;1352160000000;MNDL3.SA;19.2;20.4;19.2;20.4;20.4;881;stock;35.8;-43.01;35.88;-43.15;53.2;ESTAVEL
2012-11-07;1352246400000;MNDL3.SA;19.2;20.4;18.0;18.0;18.0;3386;stock;35.62;-49.47;35.71;-49.59;39.91;ESTAVEL
2012-11-08;1352332800000;MNDL3.SA;19.2;20.4;18.0;19.2;19.2;2100;stock;35.46;-45.85;35.54;-45.98;47.04;ESTAVEL
2012-11-09;1352419200000;MNDL3.SA;19.2;20.4;18.0;19.2;19.2;1025;stock;35.3;-45.6;35.38;-45.73;47.04;ESTAVEL
2012-11-12;1352678400000;MNDL3.SA;19.2;20.4;18.0;19.2;19.2;18006;stock;35.14;-45.36;35.22;-45.48;47.04;ESTAVEL
2012-11-13;1352764800000;MNDL3.SA;19.2;20.4;18.0;20.4;20.4;1793;stock;34.99;-41.7;35.07;-41.83;53.87;ESTAVEL
2012-11-14;1352851200000;MNDL3.SA;19.2;20.4;18.0;19.2;19.2;4159;stock;34.83;-44.88;34.91;-45.01;47.3;ESTAVEL
2012-11-16;1353024000000;MNDL3.SA;20.4;20.4;19.2;19.2;19.2;12338;stock;34.68;-44.63;34.76;-44.76;47.3;ESTAVEL
2012-11-19;1353283200000;MNDL3.SA;19.2;20.4;19.2;20.4;20.4;2501;stock;34.53;-40.93;34.61;-41.06;53.83;ESTAVEL
2012-11-21;1353456000000;MNDL3.SA;19.2;20.4;19.2;19.2;19.2;3669;stock;34.38;-44.16;34.46;-44.28;47.49;ESTAVEL
2012-11-22;1353542400000;MNDL3.SA;19.2;20.4;19.2;19.2;19.2;4163;stock;34.23;-43.91;34.31;-44.04;47.49;ESTAVEL
2012-11-23;1353628800000;MNDL3.SA;20.4;20.4;19.2;20.4;20.4;4466;stock;34.09;-40.16;34.17;-40.3;53.8;ESTAVEL
2012-11-26;1353888000000;MNDL3.SA;19.2;20.4;19.2;20.4;20.4;18063;stock;33.96;-39.92;34.03;-40.06;53.8;ESTAVEL
2012-11-27;1353974400000;MNDL3.SA;20.4;20.4;19.2;19.2;19.2;1682;stock;33.81;-43.21;33.89;-43.34;47.22;ESTAVEL
2012-11-28;1354060800000;MNDL3.SA;19.2;19.2;18.0;19.2;19.2;6340;stock;33.67;-42.97;33.74;-43.09;47.22;ESTAVEL
2012-11-29;1354147200000;MNDL3.SA;19.2;19.2;18.0;19.2;19.2;891;stock;33.52;-42.72;33.59;-42.85;47.22;ESTAVEL
2012-11-30;1354233600000;MNDL3.SA;19.2;19.2;18.0;19.2;19.2;19705;stock;33.38;-42.48;33.45;-42.6;47.22;ESTAVEL
2012-12-03;1354492800000;MNDL3.SA;19.2;19.2;18.0;19.2;19.2;779;stock;33.24;-42.23;33.31;-42.36;47.22;ESTAVEL
2012-12-04;1354579200000;MNDL3.SA;18.0;19.2;18.0;18.0;18.0;2207;stock;33.09;-45.6;33.16;-45.71;40.11;ESTAVEL
2012-12-05;1354665600000;MNDL3.SA;19.2;19.2;18.0;19.2;19.2;2845;stock;32.95;-41.73;33.02;-41.85;48.47;ESTAVEL
2012-12-06;1354752000000;MNDL3.SA;18.0;19.2;18.0;19.2;19.2;1078;stock;32.81;-41.48;32.88;-41.61;48.47;ESTAVEL
2012-12-07;1354838400000;MNDL3.SA;19.2;19.2;18.0;19.2;19.2;21156;stock;32.68;-41.24;32.74;-41.36;48.47;ESTAVEL
2012-12-10;1355097600000;MNDL3.SA;18.0;19.2;18.0;19.2;19.2;1887;stock;32.54;-41.0;32.61;-41.12;48.47;ESTAVEL
2012-12-11;1355184000000;MNDL3.SA;18.0;19.2;18.0;19.2;19.2;3140;stock;32.41;-40.76;32.48;-40.88;48.47;ESTAVEL
2012-12-12;1355270400000;MNDL3.SA;18.0;19.2;18.0;19.2;19.2;960;stock;32.28;-40.52;32.34;-40.64;48.47;ESTAVEL
2012-12-13;1355356800000;MNDL3.SA;19.2;19.2;18.0;18.0;18.0;2469;stock;32.14;-43.99;32.2;-44.1;39.81;ESTAVEL
2012-12-14;1355443200000;MNDL3.SA;19.2;19.2;16.8;19.2;19.2;9087;stock;32.01;-40.01;32.07;-40.14;49.52;ESTAVEL
2012-12-17;1355702400000;MNDL3.SA;18.0;18.0;16.8;18.0;18.0;5422;stock;31.87;-43.52;31.93;-43.63;42.19;ESTAVEL
2012-12-18;1355788800000;MNDL3.SA;16.8;19.2;16.8;18.0;18.0;2906;stock;31.73;-43.27;31.79;-43.38;42.19;ESTAVEL
2012-12-19;1355875200000;MNDL3.SA;18.0;19.2;18.0;18.0;18.0;19697;stock;31.59;-43.02;31.66;-43.14;42.19;ESTAVEL
2012-12-20;1355961600000;MNDL3.SA;18.0;19.2;18.0;19.2;19.2;2144;stock;31.47;-38.99;31.53;-39.11;51.21;ESTAVEL
2012-12-21;1356048000000;MNDL3.SA;18.0;19.2;18.0;19.2;19.2;2633;stock;31.35;-38.75;31.41;-38.87;51.21;ESTAVEL
2012-12-26;1356480000000;MNDL3.SA;19.2;19.2;18.0;19.2;19.2;18805;stock;31.23;-38.51;31.29;-38.63;51.21;ESTAVEL
2012-12-27;1356566400000;MNDL3.SA;18.0;19.2;18.0;19.2;19.2;540;stock;31.11;-38.28;31.17;-38.4;51.21;ESTAVEL
2012-12-28;1356652800000;MNDL3.SA;18.0;19.2;18.0;18.0;18.0;1823;stock;30.98;-41.89;31.04;-42.0;42.33;ESTAVEL
2013-01-02;1357084800000;MNDL3.SA;18.0;19.2;18.0;19.2;19.2;17156;stock;30.86;-37.78;30.92;-37.9;51.4;ESTAVEL
2013-01-03;1357171200000;MNDL3.SA;18.0;19.2;18.0;19.2;19.2;1467;stock;30.74;-37.55;30.8;-37.67;51.4;ESTAVEL
2013-01-04;1357257600000;MNDL3.SA;18.0;19.2;18.0;18.0;18.0;3794;stock;30.62;-41.21;30.68;-41.32;43.47;ESTAVEL
2013-01-07;1357516800000;MNDL3.SA;18.0;19.2;18.0;19.2;19.2;1264;stock;30.5;-37.05;30.56;-37.17;51.53;ESTAVEL
2013-01-08;1357603200000;MNDL3.SA;18.0;19.2;18.0;18.0;18.0;2483;stock;30.38;-40.75;30.44;-40.86;44.67;ESTAVEL
2013-01-09;1357689600000;MNDL3.SA;18.0;18.0;16.8;16.8;16.8;1879;stock;30.24;-44.45;30.3;-44.55;39.07;ESTAVEL
2013-01-10;1357776000000;MNDL3.SA;18.0;19.2;16.8;18.0;18.0;5714;stock;30.12;-40.24;30.18;-40.35;46.32;ESTAVEL
2013-01-11;1357862400000;MNDL3.SA;19.2;19.2;18.0;18.0;18.0;3922;stock;30.0;-40.0;30.06;-40.11;46.32;ESTAVEL
2013-01-14;1358121600000;MNDL3.SA;18.0;19.2;16.8;18.0;18.0;1905;stock;29.88;-39.76;29.94;-39.87;46.32;ESTAVEL
2013-01-15;1358208000000;MNDL3.SA;18.0;19.2;16.8;18.0;18.0;17596;stock;29.76;-39.52;29.82;-39.63;46.32;ESTAVEL
2013-01-16;1358294400000;MNDL3.SA;18.0;18.0;16.8;18.0;18.0;316;stock;29.65;-39.28;29.7;-39.39;46.32;ESTAVEL
2013-01-17;1358380800000;MNDL3.SA;18.0;18.0;16.8;18.0;18.0;849;stock;29.53;-39.05;29.58;-39.16;46.32;ESTAVEL
2013-01-18;1358467200000;MNDL3.SA;16.8;18.0;16.8;16.8;16.8;1943;stock;29.4;-42.86;29.46;-42.97;39.07;ESTAVEL
2013-01-21;1358726400000;MNDL3.SA;16.8;18.0;16.8;16.8;16.8;331;stock;29.28;-42.62;29.33;-42.72;39.07;ESTAVEL
2013-01-22;1358812800000;MNDL3.SA;16.8;18.0;16.8;16.8;16.8;20427;stock;29.15;-42.37;29.21;-42.48;39.07;ESTAVEL
2013-01-23;1358899200000;MNDL3.SA;16.8;18.0;16.8;18.0;18.0;3212;stock;29.04;-38.02;29.09;-38.13;49.03;ESTAVEL
2013-01-24;1358985600000;MNDL3.SA;18.0;18.0;16.8;18.0;18.0;4973;stock;28.93;-37.79;28.98;-37.9;49.03;ESTAVEL
2013-01-28;1359331200000;MNDL3.SA;18.0;18.0;16.8;18.0;18.0;2243;stock;28.82;-37.55;28.87;-37.66;49.03;ESTAVEL
2013-01-29;1359417600000;MNDL3.SA;18.0;18.0;16.8;16.8;16.8;22450;stock;28.7;-41.47;28.75;-41.57;40.72;ESTAVEL
2013-01-30;1359504000000;MNDL3.SA;18.0;18.0;15.6;16.8;16.8;11095;stock;28.59;-41.23;28.64;-41.33;40.72;ESTAVEL
2013-01-31;1359590400000;MNDL3.SA;15.6;16.8;15.6;15.6;15.6;3844;stock;28.46;-45.18;28.51;-45.27;34.02;ESTAVEL
2013-02-01;1359676800000;MNDL3.SA;15.6;18.0;15.6;18.0;18.0;5981;stock;28.35;-36.51;28.4;-36.62;51.27;ESTAVEL
2013-02-04;1359936000000;MNDL3.SA;18.0;18.0;15.6;15.6;15.6;5973;stock;28.23;-44.73;28.27;-44.83;40.01;ESTAVEL
2013-02-05;1360022400000;MNDL3.SA;16.8;16.8;15.6;16.8;16.8;3596;stock;28.11;-40.24;28.16;-40.34;46.35;ESTAVEL
2013-02-06;1360108800000;MNDL3.SA;15.6;16.8;15.6;15.6;15.6;3106;stock;27.99;-44.26;28.04;-44.36;41.61;ESTAVEL
2013-02-07;1360195200000;MNDL3.SA;15.6;16.8;15.6;16.8;16.8;37072;stock;27.88;-39.73;27.92;-39.84;47.41;ESTAVEL
2013-02-08;1360281600000;MNDL3.SA;15.6;16.8;15.6;16.8;16.8;965;stock;27.77;-39.49;27.81;-39.6;47.41;ESTAVEL
2013-02-13;1360713600000;MNDL3.SA;16.8;16.8;15.6;15.6;15.6;6114;stock;27.65;-43.57;27.69;-43.66;42.51;ESTAVEL
2013-02-14;1360800000000;MNDL3.SA;15.6;16.8;15.6;15.6;15.6;2144;stock;27.53;-43.32;27.57;-43.42;42.51;ESTAVEL
2013-02-15;1360886400000;MNDL3.SA;15.6;16.8;15.6;15.6;15.6;820;stock;27.41;-43.08;27.45;-43.17;42.51;ESTAVEL
2013-02-18;1361145600000;MNDL3.SA;15.6;16.8;15.6;15.6;15.6;20008;stock;27.29;-42.83;27.33;-42.93;42.51;ESTAVEL
2013-02-19;1361232000000;MNDL3.SA;15.6;16.8;15.6;15.6;15.6;10889;stock;27.17;-42.59;27.22;-42.68;42.51;ESTAVEL
2013-02-20;1361318400000;MNDL3.SA;16.8;16.8;15.6;16.8;16.8;1304;stock;27.07;-37.94;27.11;-38.04;49.99;ESTAVEL
2013-02-21;1361404800000;MNDL3.SA;15.6;16.8;15.6;15.6;15.6;2001;stock;26.96;-42.13;27.0;-42.22;43.85;ESTAVEL
2013-02-22;1361491200000;MNDL3.SA;16.8;16.8;15.6;16.8;16.8;362;stock;26.85;-37.44;26.9;-37.54;50.41;ESTAVEL
2013-02-25;1361750400000;MNDL3.SA;15.6;16.8;15.6;15.6;15.6;23782;stock;26.74;-41.67;26.78;-41.76;44.78;ESTAVEL
2013-02-26;1361836800000;MNDL3.SA;15.6;15.6;14.4;15.6;15.6;12100;stock;26.63;-41.42;26.67;-41.52;44.78;ESTAVEL
2013-02-27;1361923200000;MNDL3.SA;16.8;16.8;15.6;15.6;15.6;988;stock;26.52;-41.18;26.56;-41.27;44.78;ESTAVEL
2013-02-28;1362009600000;MNDL3.SA;15.6;15.6;14.4;15.6;15.6;4870;stock;26.41;-40.94;26.45;-41.03;44.78;ESTAVEL
2013-03-01;1362096000000;MNDL3.SA;15.6;15.6;14.4;14.4;14.4;496;stock;26.29;-45.23;26.33;-45.32;38.92;ESTAVEL
2013-03-04;1362355200000;MNDL3.SA;14.4;15.6;14.4;14.4;14.4;416;stock;26.18;-44.99;26.22;-45.07;38.92;ESTAVEL
2013-03-05;1362441600000;MNDL3.SA;15.6;15.6;14.4;14.4;14.4;1328;stock;26.06;-44.74;26.1;-44.82;38.92;ESTAVEL
2013-03-06;1362528000000;MNDL3.SA;15.6;15.6;14.4;14.4;14.4;19789;stock;25.94;-44.49;25.98;-44.58;38.92;ESTAVEL
2013-03-07;1362614400000;MNDL3.SA;14.4;15.6;14.4;15.6;15.6;7448;stock;25.84;-39.63;25.88;-39.72;48.05;ESTAVEL
2013-03-08;1362700800000;MNDL3.SA;15.6;16.8;14.4;16.8;16.8;10522;stock;25.75;-34.76;25.79;-34.85;55.26;ESTAVEL
2013-03-11;1362960000000;MNDL3.SA;15.6;15.6;14.4;15.6;15.6;8184;stock;25.65;-39.18;25.69;-39.27;48.08;ESTAVEL
2013-03-12;1363046400000;MNDL3.SA;14.4;15.6;14.4;15.6;15.6;1133;stock;25.55;-38.94;25.59;-39.03;48.08;ESTAVEL
2013-03-13;1363132800000;MNDL3.SA;14.4;15.6;14.4;14.4;14.4;1394;stock;25.44;-43.39;25.47;-43.47;41.78;ESTAVEL
2013-03-14;1363219200000;MNDL3.SA;15.6;15.6;14.4;14.4;14.4;21233;stock;25.33;-43.15;25.36;-43.23;41.78;ESTAVEL
2013-03-15;1363305600000;MNDL3.SA;14.4;15.6;14.4;14.4;14.4;20020;stock;25.22;-42.9;25.26;-42.98;41.78;ESTAVEL
2013-03-18;1363564800000;MNDL3.SA;14.4;14.4;13.2;14.4;14.4;4799;stock;25.11;-42.66;25.15;-42.74;41.78;ESTAVEL
2013-03-19;1363651200000;MNDL3.SA;14.4;14.4;13.2;14.4;14.4;3365;stock;25.0;-42.41;25.04;-42.49;41.78;ESTAVEL
2013-03-20;1363737600000;MNDL3.SA;13.2;14.4;13.2;13.2;13.2;6592;stock;24.89;-46.96;24.92;-47.04;35.12;ESTAVEL
2013-03-21;1363824000000;MNDL3.SA;13.2;13.2;12.0;13.2;13.2;12075;stock;24.77;-46.71;24.81;-46.79;35.12;ESTAVEL
2013-03-22;1363910400000;MNDL3.SA;13.2;14.4;12.0;12.0;12.0;29061;stock;24.64;-51.31;24.68;-51.38;29.64;SUBIR
2013-03-25;1364169600000;MNDL3.SA;13.2;13.2;12.0;13.2;13.2;3408;stock;24.53;-46.19;24.56;-46.26;39.76;ESTAVEL
2013-03-26;1364256000000;MNDL3.SA;12.0;13.2;12.0;13.2;13.2;1471;stock;24.42;-45.94;24.45;-46.02;39.76;ESTAVEL
2013-03-27;1364342400000;MNDL3.SA;13.2;13.2;12.0;12.0;12.0;1208;stock;24.29;-50.6;24.33;-50.67;34.08;ESTAVEL
2013-03-28;1364428800000;MNDL3.SA;13.2;13.2;12.0;12.0;12.0;4808;stock;24.17;-50.35;24.2;-50.42;34.08;ESTAVEL
2013-04-01;1364774400000;MNDL3.SA;13.2;14.4;13.2;14.4;14.4;8940;stock;24.07;-40.18;24.11;-40.27;50.5;ESTAVEL
2013-04-02;1364860800000;MNDL3.SA;13.2;14.4;13.2;14.4;14.4;17635;stock;23.98;-39.94;24.01;-40.03;50.5;ESTAVEL
2013-04-03;1364947200000;MNDL3.SA;13.2;14.4;13.2;13.2;13.2;3436;stock;23.87;-44.7;23.9;-44.78;44.12;ESTAVEL
2013-04-04;1365033600000;MNDL3.SA;13.2;14.4;13.2;13.2;13.2;3000;stock;23.76;-44.45;23.8;-44.53;44.12;ESTAVEL
2013-04-05;1365120000000;MNDL3.SA;13.2;14.4;12.0;12.0;12.0;4407;stock;23.65;-49.25;23.68;-49.32;38.49;ESTAVEL
2013-04-08;1365379200000;MNDL3.SA;12.0;13.2;12.0;13.2;13.2;1953;stock;23.54;-43.93;23.58;-44.01;45.93;ESTAVEL
2013-04-09;1365465600000;MNDL3.SA;12.0;13.2;12.0;13.2;13.2;1807;stock;23.44;-43.69;23.47;-43.76;45.93;ESTAVEL
2013-04-10;1365552000000;MNDL3.SA;13.2;14.4;12.0;13.2;13.2;23649;stock;23.34;-43.44;23.37;-43.52;45.93;ESTAVEL
2013-04-11;1365638400000;MNDL3.SA;12.0;13.2;12.0;13.2;13.2;315;stock;23.24;-43.2;23.27;-43.27;45.93;ESTAVEL
2013-04-12;1365724800000;MNDL3.SA;13.2;13.2;12.0;12.0;12.0;809;stock;23.13;-48.11;23.16;-48.18;39.5;ESTAVEL
2013-04-15;1365984000000;MNDL3.SA;13.2;13.2;12.0;12.0;12.0;1772;stock;23.02;-47.86;23.05;-47.93;39.5;ESTAVEL
2013-04-16;1366070400000;MNDL3.SA;12.0;12.0;10.8;12.0;12.0;16001;stock;22.91;-47.61;22.94;-47.68;39.5;ESTAVEL
2013-04-17;1366156800000;MNDL3.SA;12.0;12.0;12.0;12.0;12.0;20828;stock;22.8;-47.36;22.83;-47.43;39.5;ESTAVEL
2013-04-18;1366243200000;MNDL3.SA;12.0;13.2;12.0;13.2;13.2;1527;stock;22.7;-41.85;22.73;-41.93;49.08;ESTAVEL
2013-04-19;1366329600000;MNDL3.SA;13.2;13.2;12.0;13.2;13.2;261;stock;22.61;-41.61;22.64;-41.69;49.08;ESTAVEL
2013-04-22;1366588800000;MNDL3.SA;12.0;13.2;12.0;12.0;12.0;237;stock;22.5;-46.67;22.53;-46.74;41.47;ESTAVEL
2013-04-23;1366675200000;MNDL3.SA;12.0;13.2;12.0;12.0;12.0;4055;stock;22.4;-46.42;22.43;-46.49;41.47;ESTAVEL
2013-04-24;1366761600000;MNDL3.SA;12.0;13.2;10.8;13.2;13.2;5893;stock;22.31;-40.82;22.33;-40.9;50.39;ESTAVEL
2013-04-25;1366848000000;MNDL3.SA;12.0;13.2;12.0;12.0;12.0;417;stock;22.2;-45.95;22.23;-46.02;43.28;ESTAVEL
2013-04-26;1366934400000;MNDL3.SA;12.0;12.0;12.0;12.0;12.0;0;stock;22.1;-45.7;22.13;-45.77;43.28;ESTAVEL
2013-04-29;1367193600000;MNDL3.SA;12.0;13.2;10.8;12.0;12.0;2572;stock;22.0;-45.46;22.03;-45.52;43.28;ESTAVEL
2013-04-30;1367280000000;MNDL3.SA;12.0;13.2;10.8;12.0;12.0;4124;stock;21.9;-45.21;21.93;-45.28;43.28;ESTAVEL
2013-05-02;1367452800000;MNDL3.SA;12.0;13.2;10.8;12.0;12.0;3041;stock;21.8;-44.96;21.83;-45.03;43.28;ESTAVEL
2013-05-03;1367539200000;MNDL3.SA;12.0;13.2;10.8;10.8;10.8;5481;stock;21.69;-50.22;21.72;-50.28;35.94;ESTAVEL
2013-05-06;1367798400000;MNDL3.SA;8.61;10.6;8.5;10.6;10.6;95500;stock;21.58;-50.89;21.61;-50.95;34.88;ESTAVEL
2013-05-07;1367884800000;MNDL3.SA;11.0;12.13;10.61;10.8;10.8;71300;stock;21.48;-49.71;21.5;-49.77;36.89;ESTAVEL
2013-05-08;1367971200000;MNDL3.SA;10.6;10.6;9.58;10.16;10.16;4900;stock;21.36;-52.44;21.39;-52.5;33.34;ESTAVEL
2013-05-09;1368057600000;MNDL3.SA;10.1;11.19;10.0;11.19;11.19;23300;stock;21.26;-47.37;21.29;-47.43;42.86;ESTAVEL
2013-05-10;1368144000000;MNDL3.SA;11.36;11.36;10.57;10.99;10.99;4000;stock;21.16;-48.06;21.18;-48.12;41.62;ESTAVEL
2013-05-13;1368403200000;MNDL3.SA;10.99;11.32;10.8;11.01;11.01;8500;stock;21.06;-47.72;21.08;-47.78;41.8;ESTAVEL
2013-05-14;1368489600000;MNDL3.SA;11.0;11.75;10.79;11.74;11.74;32100;stock;20.97;-44.0;20.99;-44.07;48.14;ESTAVEL
2013-05-15;1368576000000;MNDL3.SA;11.84;12.67;11.84;12.49;12.49;38900;stock;20.88;-40.19;20.91;-40.26;53.72;ESTAVEL
2013-05-16;1368662400000;MNDL3.SA;12.87;13.99;12.87;13.51;13.51;17100;stock;20.81;-35.07;20.83;-35.15;60.02;ESTAVEL
2013-05-17;1368748800000;MNDL3.SA;13.89;14.86;13.87;14.55;14.55;20400;stock;20.75;-29.87;20.77;-29.95;65.22;ESTAVEL
2013-05-20;1369008000000;MNDL3.SA;13.89;17.8;13.87;17.1;17.1;47700;stock;20.71;-17.43;20.73;-17.52;74.11;ESTAVEL
2013-05-21;1369094400000;MNDL3.SA;17.5;19.65;17.5;19.4;19.4;47600;stock;20.7;-6.27;20.72;-6.37;79.26;ESTAVEL
2013-05-22;1369180800000;MNDL3.SA;20.0;22.39;15.7;17.03;17.03;185300;stock;20.66;-17.57;20.68;-17.66;64.93;ESTAVEL
2013-05-23;1369267200000;MNDL3.SA;16.49;18.4;16.49;17.03;17.03;55700;stock;20.62;-17.43;20.65;-17.52;64.93;ESTAVEL
2013-05-24;1369353600000;MNDL3.SA;17.05;17.4;15.6;15.89;15.89;26600;stock;20.58;-22.78;20.6;-22.86;58.98;ESTAVEL
2013-05-27;1369612800000;MNDL3.SA;15.94;15.94;14.5;14.51;14.51;22300;stock;20.52;-29.28;20.54;-29.35;52.69;ESTAVEL
2013-05-28;1369699200000;MNDL3.SA;14.57;15.8;14.5;14.93;14.93;11800;stock;20.46;-27.03;20.48;-27.11;54.29;ESTAVEL
2013-05-29;1369785600000;MNDL3.SA;14.51;14.51;14.41;14.5;14.5;900;stock;20.4;-28.93;20.42;-29.0;52.34;ESTAVEL
2013-05-31;1369958400000;MNDL3.SA;14.2;14.49;14.0;14.05;14.05;1600;stock;20.34;-30.92;20.36;-30.99;50.3;ESTAVEL
2013-06-03;1370217600000;MNDL3.SA;13.71;13.98;13.32;13.55;13.55;19100;stock;20.27;-33.16;20.29;-33.23;48.06;ESTAVEL
2013-06-04;1370304000000;MNDL3.SA;13.55;13.6;13.31;13.31;13.31;3800;stock;20.2;-34.11;20.22;-34.18;46.98;ESTAVEL
2013-06-05;1370390400000;MNDL3.SA;13.31;13.37;13.31;13.32;13.32;5200;stock;20.13;-33.84;20.15;-33.91;47.03;ESTAVEL
2013-06-06;1370476800000;MNDL3.SA;13.4;14.89;13.4;14.89;14.89;13700;stock;20.08;-25.85;20.1;-25.93;54.74;ESTAVEL
2013-06-07;1370563200000;MNDL3.SA;14.88;15.4;13.85;14.0;14.0;10900;stock;20.02;-30.07;20.04;-30.14;50.28;ESTAVEL
2013-06-10;1370822400000;MNDL3.SA;13.85;14.82;13.31;13.31;13.31;23600;stock;19.95;-33.3;19.97;-33.36;47.07;ESTAVEL
2013-06-11;1370908800000;MNDL3.SA;13.2;13.6;12.8;12.9;12.9;5400;stock;19.88;-35.12;19.9;-35.19;45.22;ESTAVEL
2013-06-12;1370995200000;MNDL3.SA;13.12;13.5;12.55;12.95;12.95;4200;stock;19.81;-34.64;19.83;-34.71;45.5;ESTAVEL
2013-06-13;1371081600000;MNDL3.SA;13.49;13.59;12.9;13.58;13.58;2700;stock;19.75;-31.25;19.77;-31.32;49.05;ESTAVEL
2013-06-14;1371168000000;MNDL3.SA;13.65;13.65;13.0;13.01;13.01;900;stock;19.69;-33.91;19.71;-33.98;46.13;ESTAVEL
2013-06-17;1371427200000;MNDL3.SA;13.22;13.45;12.71;13.0;13.0;5800;stock;19.62;-33.74;19.64;-33.8;46.07;ESTAVEL
2013-06-18;1371513600000;MNDL3.SA;12.93;13.29;12.72;13.1;13.1;18800;stock;19.55;-33.01;19.57;-33.07;46.72;ESTAVEL
2013-06-19;1371600000000;MNDL3.SA;12.73;12.91;12.72;12.91;12.91;2900;stock;19.49;-33.75;19.51;-33.82;45.6;ESTAVEL
2013-06-20;1371686400000;MNDL3.SA;12.71;12.98;12.5;12.5;12.5;14500;stock;19.42;-35.63;19.44;-35.69;43.2;ESTAVEL
2013-06-21;1371772800000;MNDL3.SA;12.25;12.5;12.25;12.5;12.5;400;stock;19.35;-35.4;19.37;-35.46;43.2;ESTAVEL
2013-06-24;1372032000000;MNDL3.SA;12.4;12.49;12.0;12.48;12.48;4100;stock;19.28;-35.27;19.3;-35.34;43.08;ESTAVEL
2013-06-25;1372118400000;MNDL3.SA;12.3;12.48;12.25;12.38;12.38;2100;stock;19.21;-35.56;19.23;-35.62;42.4;ESTAVEL
2013-06-26;1372204800000;MNDL3.SA;12.21;12.8;12.21;12.8;12.8;1800;stock;19.15;-33.16;19.17;-33.22;46.22;ESTAVEL
2013-06-27;1372291200000;MNDL3.SA;12.8;13.5;12.8;13.37;13.37;7200;stock;19.09;-29.97;19.11;-30.03;50.98;ESTAVEL
2013-06-28;1372377600000;MNDL3.SA;13.35;13.35;13.35;13.35;13.35;16700;stock;19.03;-29.86;19.05;-29.93;50.81;ESTAVEL
2013-07-01;1372636800000;MNDL3.SA;13.35;14.55;13.35;14.29;14.29;4100;stock;18.99;-24.74;19.0;-24.81;57.91;ESTAVEL
2013-07-02;1372723200000;MNDL3.SA;13.48;13.48;12.02;13.44;13.44;2300;stock;18.93;-29.01;18.95;-29.07;50.77;ESTAVEL
2013-07-03;1372809600000;MNDL3.SA;12.49;13.4;12.49;13.4;13.4;1800;stock;18.88;-29.01;18.89;-29.08;50.46;ESTAVEL
2013-07-04;1372896000000;MNDL3.SA;13.4;13.5;13.0;13.05;13.05;18500;stock;18.82;-30.65;18.84;-30.72;47.67;ESTAVEL
2013-07-05;1372982400000;MNDL3.SA;13.48;13.5;12.9;13.35;13.35;4300;stock;18.76;-28.85;18.78;-28.92;50.21;ESTAVEL
2013-07-08;1373241600000;MNDL3.SA;12.9;12.9;12.66;12.7;12.7;1200;stock;18.7;-32.1;18.72;-32.16;45.1;ESTAVEL
2013-07-10;1373414400000;MNDL3.SA;12.71;12.8;12.4;12.43;12.43;7000;stock;18.64;-33.32;18.66;-33.38;43.14;ESTAVEL
2013-07-11;1373500800000;MNDL3.SA;13.45;14.2;12.62;13.6;13.6;10500;stock;18.59;-26.85;18.61;-26.91;52.74;ESTAVEL
2013-07-12;1373587200000;MNDL3.SA;13.72;15.11;13.72;15.0;15.0;32900;stock;18.56;-19.16;18.57;-19.23;61.18;ESTAVEL
2013-07-15;1373846400000;MNDL3.SA;15.2;15.79;14.5;15.11;15.11;19000;stock;18.52;-18.42;18.54;-18.49;61.76;ESTAVEL
2013-07-16;1373932800000;MNDL3.SA;15.02;15.02;14.26;14.5;14.5;2800;stock;18.48;-21.54;18.5;-21.61;56.72;ESTAVEL
2013-07-17;1374019200000;MNDL3.SA;14.11;14.4;14.02;14.02;14.02;2300;stock;18.44;-23.96;18.45;-24.02;53.04;ESTAVEL
2013-07-18;1374105600000;MNDL3.SA;14.0;14.0;13.65;14.0;14.0;2000;stock;18.39;-23.88;18.41;-23.95;52.89;ESTAVEL
2013-07-19;1374192000000;MNDL3.SA;13.51;13.51;13.5;13.5;13.5;500;stock;18.34;-26.41;18.36;-26.47;49.07;ESTAVEL
2013-07-22;1374451200000;MNDL3.SA;14.0;14.14;13.51;13.51;13.51;700;stock;18.3;-26.16;18.31;-26.22;49.14;ESTAVEL
2013-07-23;1374537600000;MNDL3.SA;14.15;14.19;14.15;14.19;14.19;500;stock;18.26;-22.27;18.27;-22.33;54.35;ESTAVEL
2013-07-24;1374624000000;MNDL3.SA;14.0;14.0;13.4;13.65;13.65;17800;stock;18.21;-25.04;18.22;-25.1;49.97;ESTAVEL
2013-07-25;1374710400000;MNDL3.SA;13.65;13.7;13.6;13.6;13.6;1100;stock;18.16;-25.12;18.18;-25.19;49.58;ESTAVEL
2013-07-26;1374796800000;MNDL3.SA;13.6;13.6;13.6;13.6;13.6;0;stock;18.12;-24.94;18.13;-25.0;49.58;ESTAVEL
2013-07-29;1375056000000;MNDL3.SA;13.31;13.31;12.8;13.0;13.0;6100;stock;18.07;-28.05;18.08;-28.1;44.64;ESTAVEL
2013-07-30;1375142400000;MNDL3.SA;13.33;13.6;13.33;13.6;13.6;900;stock;18.02;-24.54;18.04;-24.6;50.0;ESTAVEL
2013-07-31;1375228800000;MNDL3.SA;13.05;13.9;12.8;13.1;13.1;22400;stock;17.97;-27.12;17.99;-27.17;46.0;ESTAVEL
2013-08-01;1375315200000;MNDL3.SA;12.88;13.07;12.65;12.98;12.98;2400;stock;17.92;-27.58;17.94;-27.64;45.07;ESTAVEL
2013-08-02;1375401600000;MNDL3.SA;13.13;13.89;13.1;13.3;13.3;1400;stock;17.88;-25.61;17.89;-25.67;48.09;ESTAVEL
2013-08-05;1375660800000;MNDL3.SA;13.44;13.44;13.06;13.3;13.3;600;stock;17.83;-25.42;17.85;-25.48;48.09;ESTAVEL
2013-08-06;1375747200000;MNDL3.SA;13.2;13.2;13.0;13.01;13.01;1300;stock;17.78;-26.85;17.8;-26.9;45.46;ESTAVEL
2013-08-07;1375833600000;MNDL3.SA;13.05;13.05;12.91;12.91;12.91;500;stock;17.74;-27.21;17.75;-27.27;44.56;ESTAVEL
2013-08-08;1375920000000;MNDL3.SA;13.2;13.7;13.2;13.5;13.5;4300;stock;17.69;-23.7;17.71;-23.76;50.78;ESTAVEL
2013-08-09;1376006400000;MNDL3.SA;13.49;13.49;13.04;13.04;13.04;17400;stock;17.65;-26.11;17.66;-26.16;46.41;ESTAVEL
2013-08-12;1376265600000;MNDL3.SA;13.04;13.1;12.91;13.1;13.1;600;stock;17.6;-25.58;17.62;-25.63;47.05;ESTAVEL
2013-08-13;1376352000000;MNDL3.SA;13.2;13.59;12.87;12.91;12.91;3300;stock;17.56;-26.46;17.57;-26.52;45.2;ESTAVEL
2013-08-14;1376438400000;MNDL3.SA;12.91;13.34;12.75;13.0;13.0;8300;stock;17.51;-25.76;17.52;-25.81;46.28;ESTAVEL
2013-08-15;1376524800000;MNDL3.SA;13.15;13.55;12.91;13.0;13.0;6100;stock;17.47;-25.57;17.48;-25.62;46.28;ESTAVEL
2013-08-16;1376611200000;MNDL3.SA;13.48;13.48;13.05;13.05;13.05;600;stock;17.42;-25.09;17.43;-25.15;46.95;ESTAVEL
2013-08-19;1376870400000;MNDL3.SA;13.1;13.1;12.85;13.1;13.1;1800;stock;17.38;-24.62;17.39;-24.67;47.65;ESTAVEL
2013-08-20;1376956800000;MNDL3.SA;12.8;12.9;12.7;12.7;12.7;18000;stock;17.33;-26.72;17.34;-26.78;42.77;ESTAVEL
2013-08-21;1377043200000;MNDL3.SA;12.7;12.81;12.7;12.7;12.7;1500;stock;17.29;-26.53;17.3;-26.58;42.77;ESTAVEL
2013-08-22;1377129600000;MNDL3.SA;12.66;12.75;12.35;12.75;12.75;3000;stock;17.24;-26.05;17.25;-26.1;43.61;ESTAVEL
2013-08-23;1377216000000;MNDL3.SA;12.7;12.7;12.41;12.59;12.59;2200;stock;17.19;-26.78;17.21;-26.83;41.51;ESTAVEL
2013-08-26;1377475200000;MNDL3.SA;12.6;12.92;12.5;12.92;12.92;6700;stock;17.15;-24.67;17.16;-24.73;47.15;ESTAVEL
2013-08-27;1377561600000;MNDL3.SA;12.33;12.72;12.23;12.71;12.71;18300;stock;17.11;-25.71;17.12;-25.76;44.23;ESTAVEL
2013-08-28;1377648000000;MNDL3.SA;12.51;12.8;12.51;12.69;12.69;3400;stock;17.06;-25.63;17.08;-25.68;43.95;ESTAVEL
2013-08-29;1377734400000;MNDL3.SA;12.61;13.2;12.61;13.1;13.1;15200;stock;17.02;-23.05;17.04;-23.1;50.8;ESTAVEL
2013-08-30;1377820800000;MNDL3.SA;12.61;13.43;12.61;13.29;13.29;11500;stock;16.99;-21.76;17.0;-21.82;53.63;ESTAVEL
2013-09-02;1378080000000;MNDL3.SA;12.91;13.2;12.91;13.09;13.09;2500;stock;16.95;-22.77;16.96;-22.82;50.35;ESTAVEL
2013-09-03;1378166400000;MNDL3.SA;12.8;12.8;12.62;12.62;12.62;1600;stock;16.91;-25.35;16.92;-25.4;43.6;ESTAVEL
2013-09-04;1378252800000;MNDL3.SA;12.6;12.9;12.5;12.8;12.8;20200;stock;16.86;-24.1;16.88;-24.15;46.55;ESTAVEL
2013-09-05;1378339200000;MNDL3.SA;12.5;12.93;12.45;12.7;12.7;3000;stock;16.82;-24.51;16.83;-24.56;45.14;ESTAVEL
2013-09-06;1378425600000;MNDL3.SA;12.82;12.9;12.7;12.8;12.8;1500;stock;16.78;-23.73;16.79;-23.78;46.88;ESTAVEL
2013-09-09;1378684800000;MNDL3.SA;12.8;12.9;12.8;12.9;12.9;1000;stock;16.74;-22.96;16.76;-23.01;48.63;ESTAVEL
2013-09-10;1378771200000;MNDL3.SA;12.78;12.8;12.57;12.57;12.57;1000;stock;16.7;-24.74;16.71;-24.79;43.52;ESTAVEL
2013-09-11;1378857600000;MNDL3.SA;12.56;12.71;12.2;12.71;12.71;9500;stock;16.66;-23.72;16.67;-23.77;46.11;ESTAVEL
2013-09-12;1378944000000;MNDL3.SA;12.7;12.7;12.7;12.7;12.7;300;stock;16.62;-23.6;16.63;-23.65;45.95;ESTAVEL
2013-09-13;1379030400000;MNDL3.SA;12.71;12.9;12.71;12.9;12.9;700;stock;16.59;-22.23;16.6;-22.28;49.75;ESTAVEL
2013-09-16;1379289600000;MNDL3.SA;12.75;13.39;12.75;13.29;13.29;30500;stock;16.55;-19.72;16.56;-19.77;56.21;ESTAVEL
2013-09-17;1379376000000;MNDL3.SA;13.35;13.39;13.35;13.39;13.39;400;stock;16.52;-18.96;16.53;-19.01;57.71;ESTAVEL
2013-09-18;1379462400000;MNDL3.SA;13.0;13.4;12.83;13.39;13.39;4600;stock;16.49;-18.8;16.5;-18.85;57.71;ESTAVEL
2013-09-19;1379548800000;MNDL3.SA;13.45;13.45;13.0;13.3;13.3;800;stock;16.46;-19.19;16.47;-19.24;55.72;ESTAVEL
2013-09-20;1379635200000;MNDL3.SA;13.3;13.3;13.3;13.3;13.3;0;stock;16.43;-19.04;16.44;-19.09;55.72;ESTAVEL
2013-09-23;1379894400000;MNDL3.SA;13.12;13.29;12.82;12.85;12.85;18400;stock;16.39;-21.61;16.4;-21.66;46.42;ESTAVEL
2013-09-24;1379980800000;MNDL3.SA;13.12;13.29;12.8;12.99;12.99;2400;stock;16.36;-20.59;16.37;-20.64;49.25;ESTAVEL
2013-09-25;1380067200000;MNDL3.SA;12.9;12.99;12.9;12.99;12.99;500;stock;16.32;-20.43;16.33;-20.48;49.25;ESTAVEL
2013-09-26;1380153600000;MNDL3.SA;12.7;12.85;12.6;12.84;12.84;5700;stock;16.29;-21.18;16.3;-21.23;46.21;ESTAVEL
2013-09-27;1380240000000;MNDL3.SA;12.9;12.9;12.9;12.9;12.9;200;stock;16.26;-20.65;16.27;-20.69;47.61;ESTAVEL
2013-09-30;1380499200000;MNDL3.SA;12.9;12.9;12.56;12.56;12.56;800;stock;16.22;-22.56;16.23;-22.61;41.11;ESTAVEL
2013-10-01;1380585600000;MNDL3.SA;12.55;12.75;12.5;12.74;12.74;20100;stock;16.19;-21.29;16.19;-21.33;45.36;ESTAVEL
2013-10-02;1380672000000;MNDL3.SA;12.74;12.74;12.74;12.74;12.74;0;stock;16.15;-21.12;16.16;-21.16;45.36;ESTAVEL
2013-10-03;1380758400000;MNDL3.SA;12.75;13.02;12.6;12.9;12.9;3600;stock;16.12;-19.97;16.13;-20.01;49.15;ESTAVEL
2013-10-04;1380844800000;MNDL3.SA;13.0;13.1;12.85;12.99;12.99;3400;stock;16.09;-19.25;16.1;-19.3;51.19;ESTAVEL
2013-10-07;1381104000000;MNDL3.SA;13.09;13.09;12.8;12.99;12.99;2700;stock;16.06;-19.1;16.07;-19.14;51.19;ESTAVEL
2013-10-08;1381190400000;MNDL3.SA;13.02;13.18;12.6;12.91;12.91;5900;stock;16.03;-19.44;16.03;-19.48;49.15;ESTAVEL
2013-10-09;1381276800000;MNDL3.SA;12.7;12.7;12.7;12.7;12.7;3200;stock;15.99;-20.59;16.0;-20.63;44.17;ESTAVEL
2013-10-10;1381363200000;MNDL3.SA;12.9;13.02;12.46;12.5;12.5;7500;stock;15.96;-21.67;15.97;-21.71;40.02;ESTAVEL
2013-10-11;1381449600000;MNDL3.SA;12.65;12.94;12.5;12.94;12.94;17700;stock;15.93;-18.76;15.94;-18.8;50.95;ESTAVEL
2013-10-14;1381708800000;MNDL3.SA;12.87;12.9;12.87;12.9;12.9;1100;stock;15.9;-18.85;15.91;-18.9;50.06;ESTAVEL
2013-10-15;1381795200000;MNDL3.SA;12.7;12.89;12.58;12.89;12.89;1200;stock;15.87;-18.76;15.88;-18.81;49.82;ESTAVEL
2013-10-16;1381881600000;MNDL3.SA;12.9;12.9;12.47;12.64;12.64;6000;stock;15.84;-20.18;15.84;-20.22;44.23;ESTAVEL
2013-10-17;1381968000000;MNDL3.SA;12.5;12.71;12.46;12.51;12.51;2400;stock;15.8;-20.83;15.81;-20.87;41.61;ESTAVEL
2013-10-18;1382054400000;MNDL3.SA;12.5;12.7;12.5;12.5;12.5;17600;stock;15.77;-20.73;15.78;-20.77;41.41;ESTAVEL
2013-10-21;1382313600000;MNDL3.SA;12.5;12.5;12.35;12.4;12.4;6600;stock;15.74;-21.2;15.74;-21.24;39.34;ESTAVEL
2013-10-22;1382400000000;MNDL3.SA;12.49;12.69;12.49;12.62;12.62;4400;stock;15.7;-19.64;15.71;-19.68;45.76;ESTAVEL
2013-10-23;1382486400000;MNDL3.SA;12.42;12.61;12.41;12.61;12.61;400;stock;15.67;-19.55;15.68;-19.59;45.52;ESTAVEL
2013-10-24;1382572800000;MNDL3.SA;12.63;12.7;12.37;12.59;12.59;1600;stock;15.64;-19.52;15.65;-19.56;45.02;ESTAVEL
2013-10-25;1382659200000;MNDL3.SA;12.5;12.59;12.39;12.59;12.59;800;stock;15.61;-19.36;15.62;-19.4;45.02;ESTAVEL
2013-10-28;1382918400000;MNDL3.SA;12.58;12.58;12.49;12.49;12.49;16900;stock;15.58;-19.84;15.59;-19.88;42.33;ESTAVEL
2013-10-29;1383004800000;MNDL3.SA;12.48;12.48;12.25;12.3;12.3;5500;stock;15.55;-20.9;15.56;-20.93;37.71;ESTAVEL
2013-10-30;1383091200000;MNDL3.SA;12.39;12.59;12.28;12.38;12.38;3200;stock;15.52;-20.22;15.53;-20.26;40.65;ESTAVEL
2013-10-31;1383177600000;MNDL3.SA;12.3;12.65;12.21;12.61;12.61;10200;stock;15.49;-18.59;15.5;-18.62;48.2;ESTAVEL
2013-11-01;1383264000000;MNDL3.SA;12.49;12.49;12.36;12.36;12.36;5600;stock;15.46;-20.04;15.46;-20.08;41.95;ESTAVEL
2013-11-04;1383523200000;MNDL3.SA;12.5;12.5;12.25;12.35;12.35;3000;stock;15.43;-19.94;15.43;-19.98;41.72;ESTAVEL
2013-11-05;1383609600000;MNDL3.SA;12.37;12.38;12.27;12.27;12.27;800;stock;15.4;-20.3;15.4;-20.34;39.81;ESTAVEL
2013-11-06;1383696000000;MNDL3.SA;12.26;12.35;12.11;12.15;12.15;21700;stock;15.36;-20.91;15.37;-20.95;37.08;ESTAVEL
2013-11-07;1383782400000;MNDL3.SA;12.07;12.2;11.77;11.77;11.77;10400;stock;15.33;-23.21;15.33;-23.24;30.04;ESTAVEL
2013-11-08;1383868800000;MNDL3.SA;11.72;11.9;11.6;11.6;11.6;2600;stock;15.29;-24.13;15.3;-24.17;27.52;SUBIR
2013-11-11;1384128000000;MNDL3.SA;11.6;11.88;11.54;11.87;11.87;1300;stock;15.26;-22.2;15.26;-22.23;36.61;ESTAVEL
2013-11-12;1384214400000;MNDL3.SA;11.84;11.84;11.5;11.6;11.6;22200;stock;15.22;-23.78;15.23;-23.82;32.25;ESTAVEL
2013-11-13;1384300800000;MNDL3.SA;11.5;11.74;11.5;11.7;11.7;1500;stock;15.18;-22.95;15.19;-22.98;35.32;ESTAVEL
2013-11-14;1384387200000;MNDL3.SA;11.51;11.51;11.51;11.51;11.51;400;stock;15.15;-24.02;15.15;-24.05;32.33;ESTAVEL
2013-11-18;1384732800000;MNDL3.SA;11.0;11.3;10.57;11.19;11.19;11600;stock;15.11;-25.94;15.12;-25.97;28.02;SUBIR
2013-11-19;1384819200000;MNDL3.SA;10.97;11.2;10.79;11.15;11.15;6100;stock;15.07;-26.01;15.08;-26.04;27.52;SUBIR
2013-11-21;1384992000000;MNDL3.SA;11.15;11.15;10.75;11.04;11.04;2800;stock;15.03;-26.54;15.04;-26.58;26.16;SUBIR
2013-11-22;1385078400000;MNDL3.SA;11.15;11.15;11.15;11.15;11.15;16800;stock;14.99;-25.62;15.0;-25.65;29.9;SUBIR
2013-11-25;1385337600000;MNDL3.SA;10.76;10.99;10.76;10.79;10.79;1600;stock;14.95;-27.82;14.96;-27.85;25.37;SUBIR
2013-11-26;1385424000000;MNDL3.SA;10.75;10.94;10.5;10.86;10.86;2100;stock;14.91;-27.15;14.91;-27.18;27.66;SUBIR
2013-11-27;1385510400000;MNDL3.SA;10.51;10.82;10.49;10.49;10.49;3800;stock;14.86;-29.43;14.87;-29.46;23.54;SUBIR
2013-11-28;1385596800000;MNDL3.SA;10.49;10.49;10.49;10.49;10.49;0;stock;14.82;-29.22;14.83;-29.25;23.54;SUBIR
2013-11-29;1385683200000;MNDL3.SA;10.5;10.86;10.37;10.62;10.62;1500;stock;14.78;-28.14;14.79;-28.17;27.92;SUBIR
2013-12-02;1385942400000;MNDL3.SA;10.32;10.32;10.03;10.14;10.14;5100;stock;14.73;-31.17;14.74;-31.2;22.74;SUBIR
2013-12-03;1386028800000;MNDL3.SA;10.05;10.3;10.01;10.01;10.01;24400;stock;14.69;-31.84;14.69;-31.87;21.57;SUBIR
2013-12-04;1386115200000;MNDL3.SA;10.0;10.05;10.0;10.05;10.05;3700;stock;14.64;-31.35;14.65;-31.38;22.88;SUBIR
2013-12-05;1386201600000;MNDL3.SA;10.0;10.14;9.95;10.09;10.09;1500;stock;14.59;-30.86;14.6;-30.89;24.25;SUBIR
2013-12-06;1386288000000;MNDL3.SA;10.09;10.09;10.09;10.09;10.09;0;stock;14.55;-30.65;14.56;-30.68;24.25;SUBIR
2013-12-09;1386547200000;MNDL3.SA;10.05;10.49;9.96;10.29;10.29;28300;stock;14.51;-29.07;14.51;-29.1;31.3;ESTAVEL
2013-12-10;1386633600000;MNDL3.SA;10.2;10.2;10.2;10.2;10.2;1000;stock;14.46;-29.48;14.47;-29.51;29.95;SUBIR
2013-12-11;1386720000000;MNDL3.SA;10.1;10.1;10.05;10.05;10.05;20000;stock;14.42;-30.31;14.43;-30.33;27.79;SUBIR
2013-12-12;1386806400000;MNDL3.SA;10.0;10.09;10.0;10.09;10.09;500;stock;14.38;-29.82;14.38;-29.85;29.25;SUBIR
2013-12-13;1386892800000;MNDL3.SA;10.24;10.24;10.24;10.24;10.24;200;stock;14.34;-28.57;14.34;-28.6;34.6;ESTAVEL
2013-12-16;1387152000000;MNDL3.SA;10.11;10.29;9.92;9.93;9.93;1400;stock;14.29;-30.52;14.3;-30.55;29.62;SUBIR
2013-12-17;1387238400000;MNDL3.SA;9.9;10.03;9.81;10.0;10.0;2000;stock;14.25;-29.82;14.26;-29.85;32.0;ESTAVEL
2013-12-18;1387324800000;MNDL3.SA;9.99;10.28;9.99;10.2;10.2;19100;stock;14.21;-28.22;14.21;-28.24;38.4;ESTAVEL
2013-12-19;1387411200000;MNDL3.SA;10.3;10.99;10.3;10.85;10.85;2800;stock;14.18;-23.46;14.18;-23.49;53.68;ESTAVEL
2013-12-20;1387497600000;MNDL3.SA;10.16;10.88;10.13;10.3;10.3;1200;stock;14.14;-27.14;14.14;-27.17;43.78;ESTAVEL
2013-12-23;1387756800000;MNDL3.SA;10.51;10.78;10.51;10.78;10.78;300;stock;14.1;-23.57;14.11;-23.6;52.09;ESTAVEL
2013-12-26;1388016000000;MNDL3.SA;10.15;10.5;9.99;10.4;10.4;24000;stock;14.07;-26.07;14.07;-26.1;46.26;ESTAVEL
2013-12-27;1388102400000;MNDL3.SA;10.12;10.5;10.12;10.5;10.5;1900;stock;14.03;-25.17;14.04;-25.2;47.91;ESTAVEL
2013-12-30;1388361600000;MNDL3.SA;10.22;11.0;10.22;11.0;11.0;5000;stock;14.0;-21.44;14.01;-21.46;55.3;ESTAVEL
2014-01-02;1388620800000;MNDL3.SA;10.52;10.52;10.52;10.52;10.52;200;stock;13.97;-24.68;13.97;-24.71;48.23;ESTAVEL
2014-01-03;1388707200000;MNDL3.SA;10.8;10.8;10.8;10.8;10.8;16800;stock;13.94;-22.5;13.94;-22.53;52.08;ESTAVEL
2014-01-06;1388966400000;MNDL3.SA;10.69;10.9;10.4;10.4;10.4;900;stock;13.9;-25.18;13.9;-25.21;46.73;ESTAVEL
2014-01-07;1389052800000;MNDL3.SA;10.4;10.88;10.35;10.58;10.58;1400;stock;13.87;-23.7;13.87;-23.73;49.26;ESTAVEL
2014-01-08;1389139200000;MNDL3.SA;10.21;10.67;10.21;10.67;10.67;700;stock;13.84;-22.88;13.84;-22.9;50.52;ESTAVEL
2014-01-09;1389225600000;MNDL3.SA;10.7;10.7;10.7;10.7;10.7;1000;stock;13.8;-22.49;13.81;-22.51;50.96;ESTAVEL
2014-01-10;1389312000000;MNDL3.SA;10.7;10.7;10.7;10.7;10.7;0;stock;13.77;-22.31;13.78;-22.34;50.96;ESTAVEL
2014-01-13;1389571200000;MNDL3.SA;10.15;10.49;10.15;10.42;10.42;600;stock;13.74;-24.16;13.74;-24.19;46.5;ESTAVEL
2014-01-14;1389657600000;MNDL3.SA;10.45;10.45;10.45;10.45;10.45;16700;stock;13.71;-23.76;13.71;-23.79;47.03;ESTAVEL
2014-01-15;1389744000000;MNDL3.SA;10.53;10.77;10.39;10.39;10.39;400;stock;13.67;-24.02;13.68;-24.04;46.04;ESTAVEL
2014-01-16;1389830400000;MNDL3.SA;10.39;10.39;10.39;10.39;10.39;0;stock;13.64;-23.83;13.65;-23.86;46.04;ESTAVEL
2014-01-17;1389916800000;MNDL3.SA;10.1;10.3;10.09;10.3;10.3;600;stock;13.61;-24.31;13.61;-24.33;44.42;ESTAVEL
2014-01-20;1390176000000;MNDL3.SA;10.1;10.39;10.1;10.39;10.39;300;stock;13.58;-23.47;13.58;-23.49;46.45;ESTAVEL
2014-01-21;1390262400000;MNDL3.SA;10.39;10.39;10.39;10.39;10.39;0;stock;13.54;-23.29;13.55;-23.31;46.45;ESTAVEL
2014-01-22;1390348800000;MNDL3.SA;10.15;10.98;10.15;10.98;10.98;20900;stock;13.52;-18.78;13.52;-18.81;58.13;ESTAVEL
2014-01-23;1390435200000;MNDL3.SA;10.9;10.94;10.24;10.24;10.24;800;stock;13.49;-24.07;13.49;-24.09;44.9;ESTAVEL
2014-01-24;1390521600000;MNDL3.SA;10.87;10.87;10.0;10.28;10.28;2100;stock;13.45;-23.59;13.46;-23.62;45.62;ESTAVEL
2014-01-27;1390780800000;MNDL3.SA;10.0;10.45;10.0;10.45;10.45;2300;stock;13.42;-22.16;13.43;-22.18;48.69;ESTAVEL
2014-01-28;1390867200000;MNDL3.SA;10.49;10.49;9.98;10.2;10.2;3100;stock;13.39;-23.84;13.4;-23.86;44.7;ESTAVEL
2014-01-29;1390953600000;MNDL3.SA;10.26;10.26;10.0;10.0;10.0;17100;stock;13.36;-25.14;13.36;-25.17;41.75;ESTAVEL
2014-01-30;1391040000000;MNDL3.SA;9.98;10.28;9.98;10.18;10.18;1600;stock;13.33;-23.61;13.33;-23.64;45.25;ESTAVEL
2014-01-31;1391126400000;MNDL3.SA;10.0;10.0;9.81;9.81;9.81;900;stock;13.29;-26.2;13.3;-26.22;39.93;ESTAVEL
2014-02-03;1391385600000;MNDL3.SA;10.24;10.24;10.24;10.24;10.24;3000;stock;13.26;-22.78;13.27;-22.81;47.63;ESTAVEL
2014-02-04;1391472000000;MNDL3.SA;9.84;10.0;9.84;10.0;10.0;700;stock;13.23;-24.41;13.23;-24.43;44.23;ESTAVEL
2014-02-05;1391558400000;MNDL3.SA;10.14;10.14;10.14;10.14;10.14;200;stock;13.2;-23.17;13.2;-23.2;46.63;ESTAVEL
2014-02-06;1391644800000;MNDL3.SA;9.82;10.13;9.82;10.12;10.12;500;stock;13.17;-23.15;13.17;-23.17;46.32;ESTAVEL
2014-02-07;1391731200000;MNDL3.SA;9.83;10.09;9.83;10.08;10.08;700;stock;13.14;-23.27;13.14;-23.29;45.67;ESTAVEL
2014-02-10;1391990400000;MNDL3.SA;10.09;10.25;9.95;9.95;9.95;19400;stock;13.11;-24.08;13.11;-24.1;43.54;ESTAVEL
2014-02-11;1392076800000;MNDL3.SA;10.0;10.17;9.95;10.17;10.17;1500;stock;13.08;-22.22;13.08;-22.25;47.96;ESTAVEL
2014-02-12;1392163200000;MNDL3.SA;10.15;10.21;10.15;10.21;10.21;400;stock;13.05;-21.75;13.05;-21.77;48.75;ESTAVEL
2014-02-13;1392249600000;MNDL3.SA;9.92;10.05;9.81;10.03;10.03;2600;stock;13.02;-22.95;13.02;-22.97;45.43;ESTAVEL
2014-02-14;1392336000000;MNDL3.SA;9.86;10.0;9.85;9.98;9.98;1000;stock;12.99;-23.16;12.99;-23.18;44.52;ESTAVEL
2014-02-17;1392595200000;MNDL3.SA;9.82;9.94;9.82;9.93;9.93;1100;stock;12.96;-23.36;12.96;-23.38;43.58;ESTAVEL
2014-02-18;1392681600000;MNDL3.SA;9.95;10.15;9.81;9.91;9.91;21900;stock;12.93;-23.34;12.93;-23.36;43.19;ESTAVEL
2014-02-19;1392768000000;MNDL3.SA;9.81;9.91;9.71;9.71;9.71;1700;stock;12.89;-24.7;12.9;-24.72;39.37;ESTAVEL
2014-02-20;1392854400000;MNDL3.SA;9.71;9.71;9.71;9.71;9.71;0;stock;12.86;-24.51;12.87;-24.53;39.37;ESTAVEL
2014-02-21;1392940800000;MNDL3.SA;9.71;9.95;9.7;9.95;9.95;1500;stock;12.83;-22.47;12.84;-22.49;46.01;ESTAVEL
2014-02-24;1393200000000;MNDL3.SA;9.73;9.79;9.71;9.79;9.79;400;stock;12.8;-23.54;12.81;-23.56;42.66;ESTAVEL
2014-02-25;1393286400000;MNDL3.SA;9.96;9.96;9.6;9.86;9.86;17800;stock;12.77;-22.81;12.78;-22.83;44.56;ESTAVEL
2014-02-26;1393372800000;MNDL3.SA;9.86;9.86;9.86;9.86;9.86;0;stock;12.75;-22.64;12.75;-22.66;44.56;ESTAVEL
2014-02-27;1393459200000;MNDL3.SA;9.95;9.95;9.52;9.85;9.85;3600;stock;12.72;-22.54;12.72;-22.56;44.32;ESTAVEL
2014-02-28;1393545600000;MNDL3.SA;9.85;9.85;9.85;9.85;9.85;0;stock;12.69;-22.37;12.69;-22.39;44.32;ESTAVEL
2014-03-05;1393977600000;MNDL3.SA;9.85;9.85;9.85;9.85;9.85;0;stock;12.66;-22.19;12.66;-22.21;44.32;ESTAVEL
2014-03-06;1394064000000;MNDL3.SA;9.85;9.85;9.85;9.85;9.85;0;stock;12.63;-22.02;12.64;-22.04;44.32;ESTAVEL
2014-03-07;1394150400000;MNDL3.SA;9.81;9.84;9.7;9.84;9.84;17600;stock;12.6;-21.93;12.61;-21.95;43.99;ESTAVEL
2014-03-10;1394409600000;MNDL3.SA;9.84;9.84;9.84;9.84;9.84;0;stock;12.58;-21.76;12.58;-21.78;43.99;ESTAVEL
2014-03-11;1394496000000;MNDL3.SA;9.51;9.8;9.5;9.7;9.7;800;stock;12.55;-22.7;12.55;-22.72;39.33;ESTAVEL
2014-03-12;1394582400000;MNDL3.SA;9.3;9.65;9.1;9.65;9.65;800;stock;12.52;-22.92;12.52;-22.94;37.79;ESTAVEL
2014-03-13;1394668800000;MNDL3.SA;9.44;9.44;9.44;9.44;9.44;200;stock;12.49;-24.41;12.49;-24.43;32.1;ESTAVEL
2014-03-14;1394755200000;MNDL3.SA;9.44;9.44;9.44;9.44;9.44;0;stock;12.46;-24.23;12.46;-24.24;32.1;ESTAVEL
2014-03-17;1395014400000;MNDL3.SA;9.05;9.2;9.0;9.1;9.1;17800;stock;12.42;-26.76;12.43;-26.78;25.03;SUBIR
2014-03-18;1395100800000;MNDL3.SA;8.9;8.9;8.9;8.9;8.9;200;stock;12.39;-28.17;12.39;-28.18;21.97;SUBIR
2014-03-19;1395187200000;MNDL3.SA;9.01;9.01;8.85;8.85;8.85;400;stock;12.35;-28.37;12.36;-28.38;21.26;SUBIR
2014-03-20;1395273600000;MNDL3.SA;9.1;9.84;9.1;9.84;9.84;1600;stock;12.33;-20.19;12.33;-20.21;53.15;ESTAVEL
2014-03-21;1395360000000;MNDL3.SA;9.8;9.85;9.1;9.55;9.55;800;stock;12.3;-22.37;12.3;-22.39;47.13;ESTAVEL
2014-03-24;1395619200000;MNDL3.SA;9.47;9.85;9.47;9.55;9.55;20600;stock;12.27;-22.2;12.28;-22.21;47.13;ESTAVEL
2014-03-25;1395705600000;MNDL3.SA;9.5;9.84;9.35;9.83;9.83;3900;stock;12.25;-19.76;12.25;-19.77;53.08;ESTAVEL
2014-03-26;1395792000000;MNDL3.SA;9.83;9.83;9.83;9.83;9.83;0;stock;12.23;-19.6;12.23;-19.62;53.08;ESTAVEL
2014-03-27;1395878400000;MNDL3.SA;9.84;10.0;9.84;10.0;10.0;2300;stock;12.2;-18.06;12.21;-18.08;56.53;ESTAVEL
2014-03-28;1395964800000;MNDL3.SA;10.0;10.14;9.6;10.09;10.09;1400;stock;12.18;-17.18;12.19;-17.2;58.28;ESTAVEL
2014-03-31;1396224000000;MNDL3.SA;10.15;10.15;10.15;10.15;10.15;300;stock;12.16;-16.55;12.17;-16.57;59.45;ESTAVEL
2014-04-01;1396310400000;MNDL3.SA;9.99;10.1;9.99;10.1;10.1;700;stock;12.14;-16.82;12.14;-16.84;57.99;ESTAVEL
2014-04-02;1396396800000;MNDL3.SA;10.05;10.06;9.86;10.04;10.04;18600;stock;12.12;-17.17;12.12;-17.19;56.2;ESTAVEL
2014-04-03;1396483200000;MNDL3.SA;9.85;10.5;9.85;10.27;10.27;8000;stock;12.1;-15.14;12.11;-15.16;61.14;ESTAVEL
2014-04-04;1396569600000;MNDL3.SA;10.44;10.7;10.32;10.64;10.64;4000;stock;12.09;-11.98;12.09;-12.0;67.48;ESTAVEL
2014-04-07;1396828800000;MNDL3.SA;10.7;10.98;10.34;10.36;10.36;10300;stock;12.07;-14.17;12.07;-14.19;59.56;ESTAVEL
2014-04-08;1396915200000;MNDL3.SA;10.4;10.64;10.2;10.63;10.63;1900;stock;12.06;-11.83;12.06;-11.85;63.95;ESTAVEL
2014-04-09;1397001600000;MNDL3.SA;10.25;10.59;9.9;10.34;10.34;1500;stock;12.04;-14.12;12.04;-14.13;56.81;ESTAVEL
2014-04-10;1397088000000;MNDL3.SA;10.1;10.52;10.1;10.52;10.52;400;stock;12.02;-12.51;12.03;-12.53;59.81;ESTAVEL
2014-04-11;1397174400000;MNDL3.SA;10.49;10.62;10.07;10.62;10.62;23000;stock;12.01;-11.58;12.01;-11.6;61.41;ESTAVEL
2014-04-14;1397433600000;MNDL3.SA;10.16;10.5;10.16;10.5;10.5;900;stock;12.0;-12.47;12.0;-12.48;58.4;ESTAVEL
2014-04-15;1397520000000;MNDL3.SA;10.1;10.5;10.1;10.5;10.5;400;stock;11.98;-12.36;11.98;-12.38;58.4;ESTAVEL
2014-04-16;1397606400000;MNDL3.SA;10.46;10.5;9.9;10.0;10.0;20200;stock;11.96;-16.39;11.96;-16.41;47.21;ESTAVEL
2014-04-17;1397692800000;MNDL3.SA;10.0;10.45;10.0;10.45;10.45;700;stock;11.95;-12.52;11.95;-12.54;55.48;ESTAVEL
2014-04-22;1398124800000;MNDL3.SA;10.45;10.45;10.45;10.45;10.45;0;stock;11.93;-12.41;11.93;-12.43;55.48;ESTAVEL
2014-04-23;1398211200000;MNDL3.SA;10.45;10.45;10.45;10.45;10.45;0;stock;11.92;-12.3;11.92;-12.32;55.48;ESTAVEL
2014-04-24;1398297600000;MNDL3.SA;10.44;10.44;10.44;10.44;10.44;200;stock;11.9;-12.28;11.9;-12.3;55.24;ESTAVEL
2014-04-25;1398384000000;MNDL3.SA;10.44;10.44;10.44;10.44;10.44;0;stock;11.89;-12.17;11.89;-12.19;55.24;ESTAVEL
2014-04-28;1398643200000;MNDL3.SA;10.29;10.45;9.62;10.3;10.3;17000;stock;11.87;-13.23;11.87;-13.25;51.61;ESTAVEL
2014-04-29;1398729600000;MNDL3.SA;10.03;10.4;9.81;10.0;10.0;1700;stock;11.85;-15.63;11.85;-15.65;44.82;ESTAVEL
2014-04-30;1398816000000;MNDL3.SA;10.39;10.39;10.0;10.35;10.35;1400;stock;11.84;-12.57;11.84;-12.58;52.65;ESTAVEL
2014-05-02;1398988800000;MNDL3.SA;10.35;10.35;10.35;10.35;10.35;0;stock;11.82;-12.46;11.83;-12.47;52.65;ESTAVEL
2014-05-05;1399248000000;MNDL3.SA;10.35;10.35;10.35;10.35;10.35;0;stock;11.81;-12.35;11.81;-12.36;52.65;ESTAVEL
2014-05-06;1399334400000;MNDL3.SA;9.9;10.29;9.63;10.08;10.08;2200;stock;11.79;-14.51;11.79;-14.53;46.32;ESTAVEL
2014-05-07;1399420800000;MNDL3.SA;10.15;10.15;9.8;9.8;9.8;22700;stock;11.77;-16.75;11.77;-16.76;40.83;ESTAVEL
2014-05-08;1399507200000;MNDL3.SA;9.8;9.8;9.8;9.8;9.8;0;stock;11.75;-16.61;11.75;-16.62;40.83;ESTAVEL
2014-05-09;1399593600000;MNDL3.SA;10.18;10.18;10.18;10.18;10.18;100;stock;11.74;-13.26;11.74;-13.27;50.13;ESTAVEL
2014-05-12;1399852800000;MNDL3.SA;10.18;10.18;10.18;10.18;10.18;0;stock;11.72;-13.14;11.72;-13.16;50.13;ESTAVEL
2014-05-13;1399939200000;MNDL3.SA;10.16;10.23;9.85;10.2;10.2;17500;stock;11.71;-12.86;11.71;-12.88;50.6;ESTAVEL
2014-05-14;1400025600000;MNDL3.SA;10.2;10.2;10.2;10.2;10.2;0;stock;11.69;-12.75;11.69;-12.76;50.6;ESTAVEL
2014-05-15;1400112000000;MNDL3.SA;10.2;10.2;10.2;10.2;10.2;0;stock;11.68;-12.64;11.68;-12.65;50.6;ESTAVEL
2014-05-16;1400198400000;MNDL3.SA;9.87;10.05;9.87;10.05;10.05;300;stock;11.66;-13.8;11.66;-13.82;46.47;ESTAVEL
2014-05-19;1400457600000;MNDL3.SA;9.73;10.09;9.2;9.38;9.38;9200;stock;11.64;-19.39;11.64;-19.41;33.36;ESTAVEL
2014-05-20;1400544000000;MNDL3.SA;9.23;9.47;9.21;9.21;9.21;3700;stock;11.61;-20.69;11.61;-20.7;30.97;ESTAVEL
2014-05-21;1400630400000;MNDL3.SA;9.27;9.54;9.13;9.2;9.2;6600;stock;11.59;-20.61;11.59;-20.62;30.83;ESTAVEL
2014-05-22;1400716800000;MNDL3.SA;9.2;9.2;9.2;9.2;9.2;0;stock;11.56;-20.45;11.57;-20.46;30.83;ESTAVEL
2014-05-23;1400803200000;MNDL3.SA;9.34;9.34;9.34;9.34;9.34;16800;stock;11.54;-19.08;11.54;-19.1;35.55;ESTAVEL
2014-05-26;1401062400000;MNDL3.SA;9.34;9.34;9.34;9.34;9.34;0;stock;11.52;-18.93;11.52;-18.94;35.55;ESTAVEL
2014-05-27;1401148800000;MNDL3.SA;9.32;9.32;9.32;9.32;9.32;100;stock;11.5;-18.95;11.5;-18.96;35.16;ESTAVEL
2014-05-28;1401235200000;MNDL3.SA;9.07;9.32;9.07;9.29;9.29;800;stock;11.48;-19.05;11.48;-19.07;34.53;ESTAVEL
2014-05-29;1401321600000;MNDL3.SA;9.07;9.27;9.07;9.19;9.19;1600;stock;11.45;-19.77;11.46;-19.78;32.46;ESTAVEL
2014-05-30;1401408000000;MNDL3.SA;9.02;9.15;8.86;9.08;9.08;1300;stock;11.43;-20.56;11.43;-20.58;30.31;ESTAVEL
2014-06-02;1401667200000;MNDL3.SA;8.85;9.29;8.83;9.0;9.0;2200;stock;11.41;-21.1;11.41;-21.11;28.82;SUBIR
2014-06-03;1401753600000;MNDL3.SA;9.0;9.38;9.0;9.38;9.38;18100;stock;11.39;-17.62;11.39;-17.63;43.16;ESTAVEL
2014-06-04;1401840000000;MNDL3.SA;8.92;9.19;8.92;9.12;9.12;1300;stock;11.36;-19.74;11.37;-19.76;37.58;ESTAVEL
2014-06-05;1401926400000;MNDL3.SA;9.12;9.12;9.12;9.12;9.12;0;stock;11.34;-19.58;11.34;-19.6;37.58;ESTAVEL
2014-06-06;1402012800000;MNDL3.SA;9.12;9.12;9.12;9.12;9.12;0;stock;11.32;-19.43;11.32;-19.44;37.58;ESTAVEL
2014-06-09;1402272000000;MNDL3.SA;9.19;9.36;9.1;9.35;9.35;19600;stock;11.3;-17.25;11.3;-17.27;45.38;ESTAVEL
2014-06-10;1402358400000;MNDL3.SA;9.08;9.18;8.9;8.9;8.9;1700;stock;11.28;-21.07;11.28;-21.08;35.92;ESTAVEL
2014-06-11;1402444800000;MNDL3.SA;8.91;8.99;8.82;8.99;8.99;1200;stock;11.25;-20.11;11.25;-20.12;38.68;ESTAVEL
2014-06-13;1402617600000;MNDL3.SA;8.82;8.99;8.81;8.99;8.99;1400;stock;11.23;-19.95;11.23;-19.96;38.68;ESTAVEL
2014-06-16;1402876800000;MNDL3.SA;8.83;8.98;8.83;8.98;8.98;400;stock;11.21;-19.88;11.21;-19.89;38.46;ESTAVEL
2014-06-17;1402963200000;MNDL3.SA;9.0;9.2;9.0;9.2;9.2;17700;stock;11.19;-17.77;11.19;-17.78;45.56;ESTAVEL
2014-06-18;1403049600000;MNDL3.SA;8.87;9.19;8.87;9.03;9.03;1200;stock;11.17;-19.13;11.17;-19.14;41.57;ESTAVEL
2014-06-20;1403222400000;MNDL3.SA;9.05;9.05;8.8;8.92;8.92;5500;stock;11.14;-19.96;11.15;-19.97;39.18;ESTAVEL
2014-06-23;1403481600000;MNDL3.SA;8.92;8.92;8.92;8.92;8.92;0;stock;11.12;-19.8;11.12;-19.81;39.18;ESTAVEL
2014-06-24;1403568000000;MNDL3.SA;9.19;9.19;9.19;9.19;9.19;200;stock;11.1;-17.23;11.1;-17.24;47.74;ESTAVEL
2014-06-25;1403654400000;MNDL3.SA;9.19;9.19;9.19;9.19;9.19;0;stock;11.08;-17.09;11.09;-17.1;47.74;ESTAVEL
2014-06-26;1403740800000;MNDL3.SA;8.7;8.99;8.6;8.98;8.98;1200;stock;11.06;-18.83;11.06;-18.84;42.36;ESTAVEL
2014-06-27;1403827200000;MNDL3.SA;8.6;8.99;8.6;8.99;8.99;600;stock;11.04;-18.59;11.04;-18.6;42.69;ESTAVEL
2014-06-30;1404086400000;MNDL3.SA;8.96;8.99;8.95;8.95;8.95;17600;stock;11.02;-18.79;11.02;-18.81;41.66;ESTAVEL
2014-07-01;1404172800000;MNDL3.SA;8.6;9.0;8.42;8.42;8.42;1200;stock;11.0;-23.42;11.0;-23.43;30.99;ESTAVEL
2014-07-02;1404259200000;MNDL3.SA;8.4;8.89;8.4;8.84;8.84;600;stock;10.97;-19.45;10.98;-19.46;43.37;ESTAVEL
2014-07-03;1404345600000;MNDL3.SA;8.5;8.79;8.5;8.79;8.79;300;stock;10.95;-19.74;10.95;-19.75;42.4;ESTAVEL
2014-07-04;1404432000000;MNDL3.SA;8.78;8.78;8.78;8.78;8.78;300;stock;10.93;-19.68;10.93;-19.69;42.19;ESTAVEL
2014-07-07;1404691200000;MNDL3.SA;8.78;8.78;8.78;8.78;8.78;0;stock;10.91;-19.52;10.91;-19.53;42.19;ESTAVEL
2014-07-08;1404777600000;MNDL3.SA;8.48;8.84;8.47;8.84;8.84;600;stock;10.89;-18.81;10.89;-18.83;44.07;ESTAVEL
2014-07-10;1404950400000;MNDL3.SA;8.4;8.69;8.3;8.54;8.54;900;stock;10.87;-21.4;10.87;-21.41;37.51;ESTAVEL
2014-07-11;1405036800000;MNDL3.SA;8.54;8.54;8.54;8.54;8.54;0;stock;10.84;-21.23;10.84;-21.24;37.51;ESTAVEL
2014-07-14;1405296000000;MNDL3.SA;8.77;8.77;8.3;8.45;8.45;18300;stock;10.82;-21.89;10.82;-21.9;35.67;ESTAVEL
2014-07-15;1405382400000;MNDL3.SA;8.32;8.69;8.3;8.69;8.69;2200;stock;10.8;-19.52;10.8;-19.53;43.63;ESTAVEL
2014-07-16;1405468800000;MNDL3.SA;8.35;8.62;8.21;8.25;8.25;4200;stock;10.77;-23.41;10.77;-23.42;35.06;ESTAVEL
2014-07-17;1405555200000;MNDL3.SA;8.57;8.57;8.12;8.29;8.29;3100;stock;10.75;-22.86;10.75;-22.87;36.29;ESTAVEL
2014-07-18;1405641600000;MNDL3.SA;8.55;8.58;8.55;8.58;8.58;400;stock;10.73;-20.0;10.73;-20.01;44.47;ESTAVEL
2014-07-21;1405900800000;MNDL3.SA;8.58;8.58;8.58;8.58;8.58;0;stock;10.7;-19.85;10.71;-19.85;44.47;ESTAVEL
2014-07-22;1405987200000;MNDL3.SA;8.16;8.41;8.07;8.34;8.34;1300;stock;10.68;-21.92;10.68;-21.93;39.59;ESTAVEL
2014-07-23;1406073600000;MNDL3.SA;8.34;8.34;8.34;8.34;8.34;0;stock;10.66;-21.74;10.66;-21.75;39.59;ESTAVEL
2014-07-24;1406160000000;MNDL3.SA;8.05;8.33;8.05;8.33;8.33;600;stock;10.63;-21.67;10.64;-21.68;39.38;ESTAVEL
2014-07-25;1406246400000;MNDL3.SA;8.14;8.29;8.08;8.29;8.29;17800;stock;10.61;-21.87;10.61;-21.88;38.5;ESTAVEL
2014-07-28;1406505600000;MNDL3.SA;8.29;8.29;8.29;8.29;8.29;0;stock;10.59;-21.7;10.59;-21.71;38.5;ESTAVEL
2014-07-29;1406592000000;MNDL3.SA;8.15;8.29;8.15;8.18;8.18;1500;stock;10.56;-22.57;10.57;-22.58;35.96;ESTAVEL
2014-07-30;1406678400000;MNDL3.SA;8.29;8.3;8.2;8.2;8.2;5000;stock;10.54;-22.2;10.54;-22.21;36.78;ESTAVEL
2014-07-31;1406764800000;MNDL3.SA;8.23;9.0;8.17;8.7;8.7;14800;stock;10.52;-17.32;10.52;-17.33;52.97;ESTAVEL
2014-08-01;1406851200000;MNDL3.SA;8.51;8.8;8.51;8.8;8.8;1000;stock;10.5;-16.23;10.51;-16.24;55.43;ESTAVEL
2014-08-04;1407110400000;MNDL3.SA;9.02;9.05;8.9;8.99;8.99;900;stock;10.49;-14.3;10.49;-14.31;59.74;ESTAVEL
2014-08-05;1407196800000;MNDL3.SA;8.99;8.99;8.99;8.99;8.99;0;stock;10.47;-14.18;10.48;-14.19;59.74;ESTAVEL
2014-08-06;1407283200000;MNDL3.SA;8.99;8.99;8.99;8.99;8.99;0;stock;10.46;-14.05;10.46;-14.06;59.74;ESTAVEL
2014-08-07;1407369600000;MNDL3.SA;8.99;8.99;8.99;8.99;8.99;0;stock;10.45;-13.93;10.45;-13.94;59.74;ESTAVEL
2014-08-08;1407456000000;MNDL3.SA;8.88;8.88;8.57;8.57;8.57;16800;stock;10.43;-17.81;10.43;-17.82;46.4;ESTAVEL
2014-08-11;1407715200000;MNDL3.SA;8.57;8.57;8.57;8.57;8.57;0;stock;10.41;-17.66;10.41;-17.67;46.4;ESTAVEL
2014-08-12;1407801600000;MNDL3.SA;8.5;8.5;8.5;8.5;8.5;100;stock;10.39;-18.19;10.39;-18.19;44.48;ESTAVEL
2014-08-13;1407888000000;MNDL3.SA;8.88;8.88;8.88;8.88;8.88;200;stock;10.37;-14.4;10.38;-14.41;55.29;ESTAVEL
2014-08-14;1407974400000;MNDL3.SA;8.34;8.82;8.32;8.82;8.82;4700;stock;10.36;-14.86;10.36;-14.87;53.52;ESTAVEL
2014-08-15;1408060800000;MNDL3.SA;8.36;8.87;8.22;8.22;8.22;1800;stock;10.34;-20.48;10.34;-20.49;39.79;ESTAVEL
2014-08-18;1408320000000;MNDL3.SA;8.4;8.4;8.4;8.4;8.4;300;stock;10.32;-18.59;10.32;-18.6;44.4;ESTAVEL
2014-08-19;1408406400000;MNDL3.SA;8.36;8.69;8.3;8.32;8.32;1500;stock;10.3;-19.21;10.3;-19.22;42.83;ESTAVEL
2014-08-20;1408492800000;MNDL3.SA;8.59;8.59;8.3;8.59;8.59;17800;stock;10.28;-16.45;10.28;-16.46;49.34;ESTAVEL
2014-08-21;1408579200000;MNDL3.SA;8.18;8.2;8.18;8.18;8.18;1100;stock;10.26;-20.28;10.26;-20.29;41.59;ESTAVEL
2014-08-22;1408665600000;MNDL3.SA;8.26;8.49;8.12;8.49;8.49;1300;stock;10.24;-17.11;10.24;-17.12;48.21;ESTAVEL
2014-08-25;1408924800000;MNDL3.SA;8.1;8.4;7.85;8.22;8.22;5800;stock;10.22;-19.59;10.22;-19.6;43.58;ESTAVEL
2014-08-26;1409011200000;MNDL3.SA;8.0;8.23;8.0;8.1;8.1;5700;stock;10.2;-20.6;10.2;-20.61;41.66;ESTAVEL
2014-08-27;1409097600000;MNDL3.SA;7.86;7.98;7.71;7.98;7.98;2200;stock;10.18;-21.61;10.18;-21.62;39.78;ESTAVEL
2014-08-28;1409184000000;MNDL3.SA;7.98;7.98;7.98;7.98;7.98;0;stock;10.16;-21.44;10.16;-21.45;39.78;ESTAVEL
2014-08-29;1409270400000;MNDL3.SA;7.98;7.98;7.98;7.98;7.98;0;stock;10.14;-21.27;10.14;-21.28;39.78;ESTAVEL
2014-09-01;1409529600000;MNDL3.SA;7.98;7.98;7.77;7.77;7.77;600;stock;10.11;-23.16;10.11;-23.17;36.2;ESTAVEL
2014-09-02;1409616000000;MNDL3.SA;7.77;7.77;7.77;7.77;7.77;0;stock;10.09;-22.99;10.09;-22.99;36.2;ESTAVEL
2014-09-03;1409702400000;MNDL3.SA;7.79;7.97;7.79;7.97;7.97;17300;stock;10.07;-20.84;10.07;-20.85;41.97;ESTAVEL
2014-09-04;1409788800000;MNDL3.SA;7.79;7.95;7.78;7.95;7.95;700;stock;10.05;-20.87;10.05;-20.88;41.56;ESTAVEL
2014-09-05;1409875200000;MNDL3.SA;7.64;7.64;7.64;7.64;7.64;500;stock;10.02;-23.78;10.02;-23.78;35.8;ESTAVEL
2014-09-08;1410134400000;MNDL3.SA;7.89;7.89;7.56;7.56;7.56;2000;stock;10.0;-24.39;10.0;-24.4;34.48;ESTAVEL
2014-09-09;1410220800000;MNDL3.SA;7.7;7.7;7.58;7.58;7.58;2300;stock;9.97;-24.01;9.98;-24.01;35.12;ESTAVEL
2014-09-10;1410307200000;MNDL3.SA;7.6;7.6;7.52;7.52;7.52;3300;stock;9.95;-24.42;9.95;-24.43;34.04;ESTAVEL
2014-09-11;1410393600000;MNDL3.SA;7.52;7.52;7.52;7.52;7.52;0;stock;9.93;-24.24;9.93;-24.25;34.04;ESTAVEL
2014-09-12;1410480000000;MNDL3.SA;7.52;7.77;7.45;7.69;7.69;4600;stock;9.9;-22.35;9.9;-22.36;40.13;ESTAVEL
2014-09-15;1410739200000;MNDL3.SA;7.4;7.94;7.4;7.94;7.94;3000;stock;9.88;-19.67;9.88;-19.68;47.76;ESTAVEL
2014-09-16;1410825600000;MNDL3.SA;7.91;7.91;7.75;7.75;7.75;16700;stock;9.86;-21.42;9.86;-21.43;43.25;ESTAVEL
2014-09-17;1410912000000;MNDL3.SA;7.91;8.0;7.91;8.0;8.0;12400;stock;9.84;-18.74;9.85;-18.74;49.95;ESTAVEL
2014-09-18;1410998400000;MNDL3.SA;7.98;7.99;7.98;7.99;7.99;4800;stock;9.83;-18.68;9.83;-18.69;49.7;ESTAVEL
2014-09-19;1411084800000;MNDL3.SA;7.99;7.99;7.57;7.99;7.99;2200;stock;9.81;-18.53;9.81;-18.54;49.7;ESTAVEL
2014-09-22;1411344000000;MNDL3.SA;8.09;8.09;7.57;7.99;7.99;1500;stock;9.79;-18.38;9.79;-18.39;49.7;ESTAVEL
2014-09-23;1411430400000;MNDL3.SA;7.99;8.3;7.99;8.3;8.3;5300;stock;9.77;-15.09;9.78;-15.09;57.94;ESTAVEL
2014-09-24;1411516800000;MNDL3.SA;8.36;8.69;8.36;8.69;8.69;2200;stock;9.76;-11.0;9.76;-11.01;65.58;ESTAVEL
2014-09-25;1411603200000;MNDL3.SA;8.34;8.34;8.22;8.22;8.22;300;stock;9.75;-15.68;9.75;-15.69;53.07;ESTAVEL
2014-09-26;1411689600000;MNDL3.SA;8.21;8.4;8.02;8.4;8.4;600;stock;9.74;-13.71;9.74;-13.72;56.49;ESTAVEL
2014-09-29;1411948800000;MNDL3.SA;8.39;8.49;8.2;8.2;8.2;2700;stock;9.72;-15.64;9.72;-15.64;51.96;ESTAVEL
2014-09-30;1412035200000;MNDL3.SA;8.14;8.4;8.14;8.4;8.4;18300;stock;9.71;-13.46;9.71;-13.47;55.78;ESTAVEL
2014-10-01;1412121600000;MNDL3.SA;8.03;8.1;7.99;7.99;7.99;6600;stock;9.69;-17.54;9.69;-17.55;47.44;ESTAVEL
2014-10-02;1412208000000;MNDL3.SA;8.0;8.0;7.99;7.99;7.99;1300;stock;9.67;-17.4;9.67;-17.4;47.44;ESTAVEL
2014-10-03;1412294400000;MNDL3.SA;8.0;8.0;7.99;7.99;7.99;1600;stock;9.66;-17.25;9.66;-17.26;47.44;ESTAVEL
2014-10-06;1412553600000;MNDL3.SA;8.0;8.28;7.99;8.28;8.28;800;stock;9.64;-14.13;9.64;-14.14;53.57;ESTAVEL
2014-10-07;1412640000000;MNDL3.SA;8.3;8.5;8.3;8.45;8.45;1500;stock;9.63;-12.26;9.63;-12.26;56.76;ESTAVEL
2014-10-08;1412726400000;MNDL3.SA;8.4;8.4;8.4;8.4;8.4;500;stock;9.62;-12.67;9.62;-12.67;55.55;ESTAVEL
2014-10-09;1412812800000;MNDL3.SA;8.4;8.4;8.4;8.4;8.4;0;stock;9.61;-12.56;9.61;-12.56;55.55;ESTAVEL
2014-10-10;1412899200000;MNDL3.SA;8.4;8.4;8.4;8.4;8.4;0;stock;9.59;-12.45;9.59;-12.45;55.55;ESTAVEL
2014-10-13;1413158400000;MNDL3.SA;8.4;8.66;8.4;8.52;8.52;18900;stock;9.58;-11.1;9.58;-11.1;58.21;ESTAVEL
2014-10-14;1413244800000;MNDL3.SA;8.12;8.12;8.12;8.12;8.12;300;stock;9.57;-15.14;9.57;-15.15;47.91;ESTAVEL
2014-10-15;1413331200000;MNDL3.SA;8.04;8.04;8.03;8.03;8.03;300;stock;9.55;-15.95;9.55;-15.95;45.94;ESTAVEL
2014-10-16;1413417600000;MNDL3.SA;8.28;8.55;8.28;8.54;8.54;1000;stock;9.54;-10.51;9.54;-10.52;56.79;ESTAVEL
2014-10-17;1413504000000;MNDL3.SA;8.54;8.54;8.54;8.54;8.54;0;stock;9.53;-10.42;9.53;-10.43;56.79;ESTAVEL
2014-10-20;1413763200000;MNDL3.SA;8.55;8.55;8.55;8.55;8.55;100;stock;9.52;-10.22;9.52;-10.23;56.98;ESTAVEL
2014-10-21;1413849600000;MNDL3.SA;8.0;8.0;8.0;8.0;8.0;600;stock;9.51;-15.86;9.51;-15.87;44.9;ESTAVEL
2014-10-22;1413936000000;MNDL3.SA;8.0;8.0;8.0;8.0;8.0;0;stock;9.49;-15.73;9.49;-15.74;44.9;ESTAVEL
2014-10-23;1414022400000;MNDL3.SA;7.55;7.75;7.55;7.75;7.75;600;stock;9.48;-18.22;9.48;-18.22;40.39;ESTAVEL
2014-10-24;1414108800000;MNDL3.SA;8.3;8.6;8.0;8.49;8.49;4300;stock;9.47;-10.31;9.47;-10.32;54.85;ESTAVEL
2014-10-27;1414368000000;MNDL3.SA;8.01;8.35;8.01;8.35;8.35;17600;stock;9.46;-11.69;9.46;-11.7;52.27;ESTAVEL
2014-10-28;1414454400000;MNDL3.SA;8.36;8.37;8.36;8.37;8.37;300;stock;9.44;-11.38;9.45;-11.38;52.61;ESTAVEL
2014-10-29;1414540800000;MNDL3.SA;8.37;8.37;8.37;8.37;8.37;0;stock;9.43;-11.28;9.43;-11.28;52.61;ESTAVEL
2014-10-30;1414627200000;MNDL3.SA;8.37;8.37;8.37;8.37;8.37;0;stock;9.42;-11.18;9.42;-11.18;52.61;ESTAVEL
2014-10-31;1414713600000;MNDL3.SA;7.78;8.24;7.78;8.24;8.24;1500;stock;9.41;-12.45;9.41;-12.45;49.71;ESTAVEL
2014-11-03;1414972800000;MNDL3.SA;8.1;8.1;8.1;8.1;8.1;400;stock;9.4;-13.81;9.4;-13.82;46.72;ESTAVEL
2014-11-04;1415059200000;MNDL3.SA;8.0;8.0;8.0;8.0;8.0;200;stock;9.38;-14.75;9.39;-14.76;44.65;ESTAVEL
2014-11-05;1415145600000;MNDL3.SA;8.1;8.1;8.1;8.1;8.1;200;stock;9.37;-13.57;9.37;-13.57;47.17;ESTAVEL
2014-11-06;1415232000000;MNDL3.SA;8.0;8.0;8.0;8.0;8.0;500;stock;9.36;-14.51;9.36;-14.52;44.97;ESTAVEL
2014-11-07;1415318400000;MNDL3.SA;8.11;8.16;8.1;8.1;8.1;17100;stock;9.35;-13.33;9.35;-13.33;47.6;ESTAVEL
2014-11-10;1415577600000;MNDL3.SA;8.22;8.25;8.1;8.1;8.1;600;stock;9.33;-13.21;9.33;-13.22;47.6;ESTAVEL
2014-11-11;1415664000000;MNDL3.SA;8.1;8.1;8.1;8.1;8.1;0;stock;9.32;-13.1;9.32;-13.1;47.6;ESTAVEL
2014-11-12;1415750400000;MNDL3.SA;8.01;8.01;7.9;7.9;7.9;3700;stock;9.31;-15.11;9.31;-15.12;42.52;ESTAVEL
2014-11-13;1415836800000;MNDL3.SA;7.84;7.84;7.62;7.62;7.62;900;stock;9.29;-17.98;9.29;-17.98;36.62;ESTAVEL
2014-11-14;1415923200000;MNDL3.SA;7.97;8.0;7.9;7.98;7.98;1100;stock;9.28;-13.98;9.28;-13.98;46.83;ESTAVEL
2014-11-17;1416182400000;MNDL3.SA;7.92;7.92;7.91;7.91;7.91;1700;stock;9.26;-14.61;9.26;-14.61;45.3;ESTAVEL
2014-11-18;1416268800000;MNDL3.SA;7.91;7.91;7.91;7.91;7.91;0;stock;9.25;-14.48;9.25;-14.49;45.3;ESTAVEL
2014-11-19;1416355200000;MNDL3.SA;7.91;7.91;7.91;7.91;7.91;0;stock;9.24;-14.36;9.24;-14.37;45.3;ESTAVEL
2014-11-21;1416528000000;MNDL3.SA;8.15;8.15;8.1;8.1;8.1;17900;stock;9.23;-12.2;9.23;-12.2;50.75;ESTAVEL
2014-11-24;1416787200000;MNDL3.SA;8.1;8.1;8.1;8.1;8.1;0;stock;9.21;-12.09;9.21;-12.09;50.75;ESTAVEL
2014-11-25;1416873600000;MNDL3.SA;8.1;8.1;8.1;8.1;8.1;0;stock;9.2;-11.98;9.2;-11.99;50.75;ESTAVEL
2014-11-26;1416960000000;MNDL3.SA;7.93;8.08;7.86;8.08;8.08;1400;stock;9.19;-12.09;9.19;-12.1;50.1;ESTAVEL
2014-11-27;1417046400000;MNDL3.SA;7.71;7.82;7.53;7.82;7.82;1000;stock;9.18;-14.8;9.18;-14.8;42.42;ESTAVEL
2014-11-28;1417132800000;MNDL3.SA;7.82;8.0;7.82;8.0;8.0;4900;stock;9.17;-12.72;9.17;-12.73;48.32;ESTAVEL
2014-12-01;1417392000000;MNDL3.SA;7.61;7.8;7.6;7.63;7.63;8427;stock;9.15;-16.62;9.15;-16.63;39.38;ESTAVEL
2014-12-02;1417478400000;MNDL3.SA;7.65;7.8;7.62;7.65;7.65;6909;stock;9.14;-16.27;9.14;-16.27;40.03;ESTAVEL
2014-12-03;1417564800000;MNDL3.SA;7.97;7.97;7.8;7.8;7.8;18800;stock;9.12;-14.5;9.12;-14.5;44.78;ESTAVEL
2014-12-04;1417651200000;MNDL3.SA;7.8;7.8;7.8;7.8;7.8;0;stock;9.11;-14.38;9.11;-14.38;44.78;ESTAVEL
2014-12-05;1417737600000;MNDL3.SA;7.67;7.93;7.6;7.93;7.93;400;stock;9.1;-12.84;9.1;-12.84;48.85;ESTAVEL
2014-12-08;1417996800000;MNDL3.SA;7.84;7.84;7.84;7.84;7.84;100;stock;9.09;-13.71;9.09;-13.71;46.31;ESTAVEL
2014-12-09;1418083200000;MNDL3.SA;7.84;7.84;7.84;7.84;7.84;0;stock;9.07;-13.59;9.07;-13.59;46.31;ESTAVEL
2014-12-10;1418169600000;MNDL3.SA;7.84;7.84;7.84;7.84;7.84;0;stock;9.06;-13.47;9.06;-13.48;46.31;ESTAVEL
2014-12-11;1418256000000;MNDL3.SA;7.56;7.56;7.56;7.56;7.56;300;stock;9.05;-16.43;9.05;-16.43;38.51;ESTAVEL
2014-12-12;1418342400000;MNDL3.SA;7.56;7.56;7.56;7.56;7.56;700;stock;9.03;-16.29;9.03;-16.29;38.51;ESTAVEL
2014-12-15;1418601600000;MNDL3.SA;7.5;7.5;7.07;7.07;7.07;600;stock;9.01;-21.54;9.01;-21.55;28.7;SUBIR
2014-12-16;1418688000000;MNDL3.SA;7.01;7.27;6.8;6.8;6.8;1600;stock;8.99;-24.36;8.99;-24.36;24.93;SUBIR
2014-12-17;1418774400000;MNDL3.SA;7.26;7.31;7.25;7.31;7.31;17900;stock;8.97;-18.53;8.97;-18.54;40.76;ESTAVEL
2014-12-18;1418860800000;MNDL3.SA;7.01;7.39;7.01;7.03;7.03;500;stock;8.95;-21.48;8.95;-21.49;36.24;ESTAVEL
2014-12-19;1418947200000;MNDL3.SA;7.03;7.03;7.03;7.03;7.03;0;stock;8.93;-21.31;8.93;-21.32;36.24;ESTAVEL
2014-12-22;1419206400000;MNDL3.SA;7.44;7.45;6.8;7.45;7.45;1000;stock;8.92;-16.48;8.92;-16.48;46.54;ESTAVEL
2014-12-23;1419292800000;MNDL3.SA;7.45;7.45;7.45;7.45;7.45;0;stock;8.9;-16.34;8.91;-16.34;46.54;ESTAVEL
2014-12-26;1419552000000;MNDL3.SA;6.99;7.48;6.99;7.48;7.48;16900;stock;8.89;-15.87;8.89;-15.87;47.25;ESTAVEL
2014-12-29;1419811200000;MNDL3.SA;7.48;7.48;7.48;7.48;7.48;0;stock;8.88;-15.73;8.88;-15.74;47.25;ESTAVEL
2014-12-30;1419897600000;MNDL3.SA;7.48;7.48;7.48;7.48;7.48;400;stock;8.86;-15.6;8.86;-15.61;47.25;ESTAVEL
2015-01-02;1420156800000;MNDL3.SA;7.48;7.48;7.48;7.48;7.48;0;stock;8.85;-15.47;8.85;-15.48;47.25;ESTAVEL
2015-01-05;1420416000000;MNDL3.SA;7.47;7.47;6.56;7.35;7.35;1900;stock;8.83;-16.8;8.83;-16.8;43.87;ESTAVEL
2015-01-06;1420502400000;MNDL3.SA;7.35;7.35;7.35;7.35;7.35;0;stock;8.82;-16.66;8.82;-16.66;43.87;ESTAVEL
2015-01-07;1420588800000;MNDL3.SA;7.35;7.35;7.35;7.35;7.35;0;stock;8.8;-16.52;8.81;-16.53;43.87;ESTAVEL
2015-01-08;1420675200000;MNDL3.SA;7.35;7.35;7.35;7.35;7.35;0;stock;8.79;-16.38;8.79;-16.39;43.87;ESTAVEL
2015-01-09;1420761600000;MNDL3.SA;7.35;7.35;7.35;7.35;7.35;0;stock;8.78;-16.25;8.78;-16.25;43.87;ESTAVEL
2015-01-12;1421020800000;MNDL3.SA;6.78;6.78;6.78;6.78;6.78;200;stock;8.76;-22.57;8.76;-22.57;30.17;ESTAVEL
2015-01-13;1421107200000;MNDL3.SA;7.16;7.2;7.16;7.18;7.18;17600;stock;8.74;-17.85;8.74;-17.86;43.5;ESTAVEL
2015-01-14;1421193600000;MNDL3.SA;6.9;6.9;6.78;6.78;6.78;700;stock;8.72;-22.26;8.72;-22.26;36.08;ESTAVEL
2015-01-15;1421280000000;MNDL3.SA;6.78;6.78;6.78;6.78;6.78;0;stock;8.7;-22.08;8.7;-22.09;36.08;ESTAVEL
2015-01-16;1421366400000;MNDL3.SA;6.78;6.78;6.78;6.78;6.78;500;stock;8.68;-21.91;8.68;-21.91;36.08;ESTAVEL
2015-01-19;1421625600000;MNDL3.SA;6.78;6.78;6.78;6.78;6.78;0;stock;8.66;-21.74;8.66;-21.74;36.08;ESTAVEL
2015-01-20;1421712000000;MNDL3.SA;6.78;6.78;6.78;6.78;6.78;0;stock;8.64;-21.57;8.65;-21.57;36.08;ESTAVEL
2015-01-21;1421798400000;MNDL3.SA;6.8;6.85;6.8;6.85;6.85;3100;stock;8.63;-20.6;8.63;-20.6;38.73;ESTAVEL
2015-01-22;1421884800000;MNDL3.SA;6.85;6.85;6.85;6.85;6.85;0;stock;8.61;-20.43;8.61;-20.44;38.73;ESTAVEL
2015-01-23;1421971200000;MNDL3.SA;6.85;6.85;6.85;6.85;6.85;0;stock;8.59;-20.27;8.59;-20.28;38.73;ESTAVEL
2015-01-26;1422230400000;MNDL3.SA;6.6;6.93;6.6;6.93;6.93;200;stock;8.58;-19.19;8.58;-19.19;42.16;ESTAVEL
2015-01-27;1422316800000;MNDL3.SA;6.93;6.93;6.93;6.93;6.93;0;stock;8.56;-19.03;8.56;-19.03;42.16;ESTAVEL
2015-01-28;1422403200000;MNDL3.SA;6.93;6.93;6.93;6.93;6.93;0;stock;8.54;-18.88;8.54;-18.88;42.16;ESTAVEL
2015-01-29;1422489600000;MNDL3.SA;6.55;6.67;6.5;6.5;6.5;1300;stock;8.52;-23.73;8.52;-23.73;30.66;ESTAVEL
2015-01-30;1422576000000;MNDL3.SA;6.33;6.33;6.33;6.33;6.33;200;stock;8.5;-25.53;8.5;-25.54;27.47;SUBIR
2015-02-02;1422835200000;MNDL3.SA;6.33;6.33;6.33;6.33;6.33;0;stock;8.48;-25.34;8.48;-25.35;27.47;SUBIR
2015-02-03;1422921600000;MNDL3.SA;6.79;6.79;6.79;6.79;6.79;200;stock;8.46;-19.76;8.46;-19.76;45.32;ESTAVEL
2015-02-04;1423008000000;MNDL3.SA;6.79;6.79;6.79;6.79;6.79;0;stock;8.45;-19.6;8.45;-19.6;45.32;ESTAVEL
2015-02-05;1423094400000;MNDL3.SA;6.52;6.53;6.36;6.36;6.36;1900;stock;8.42;-24.51;8.43;-24.51;35.77;ESTAVEL
2015-02-06;1423180800000;MNDL3.SA;6.78;6.78;6.78;6.78;6.78;200;stock;8.41;-19.37;8.41;-19.37;47.42;ESTAVEL
2015-02-09;1423440000000;MNDL3.SA;6.5;6.5;6.5;6.5;6.5;600;stock;8.39;-22.52;8.39;-22.52;41.96;ESTAVEL
2015-02-10;1423526400000;MNDL3.SA;6.5;6.5;6.5;6.5;6.5;0;stock;8.37;-22.35;8.37;-22.35;41.96;ESTAVEL
2015-02-11;1423612800000;MNDL3.SA;6.35;6.39;6.03;6.03;6.03;1500;stock;8.35;-27.76;8.35;-27.76;34.27;ESTAVEL
2015-02-12;1423699200000;MNDL3.SA;6.1;6.1;6.04;6.04;6.04;300;stock;8.32;-27.44;8.32;-27.44;34.55;ESTAVEL
2015-02-13;1423785600000;MNDL3.SA;6.04;6.04;6.04;6.04;6.04;0;stock;8.3;-27.24;8.3;-27.25;34.55;ESTAVEL
2015-02-18;1424217600000;MNDL3.SA;6.04;6.04;6.04;6.04;6.04;0;stock;8.28;-27.04;8.28;-27.05;34.55;ESTAVEL
2015-02-19;1424304000000;MNDL3.SA;6.04;6.04;6.04;6.04;6.04;0;stock;8.26;-26.85;8.26;-26.85;34.55;ESTAVEL
2015-02-20;1424390400000;MNDL3.SA;6.04;6.1;5.7;6.1;6.1;1200;stock;8.24;-25.93;8.24;-25.93;36.68;ESTAVEL
2015-02-23;1424649600000;MNDL3.SA;6.1;6.1;6.1;6.1;6.1;0;stock;8.21;-25.74;8.21;-25.74;36.68;ESTAVEL
2015-02-24;1424736000000;MNDL3.SA;6.1;6.1;6.1;6.1;6.1;0;stock;8.19;-25.55;8.19;-25.55;36.68;ESTAVEL
2015-02-25;1424822400000;MNDL3.SA;6.1;6.1;6.1;6.1;6.1;0;stock;8.17;-25.36;8.17;-25.36;36.68;ESTAVEL
2015-02-26;1424908800000;MNDL3.SA;6.1;6.1;6.1;6.1;6.1;0;stock;8.15;-25.17;8.15;-25.17;36.68;ESTAVEL
2015-02-27;1424995200000;MNDL3.SA;6.0;6.2;5.86;5.86;5.86;2200;stock;8.13;-27.91;8.13;-27.91;30.85;ESTAVEL
2015-03-02;1425254400000;MNDL3.SA;5.88;6.0;5.88;6.0;6.0;800;stock;8.11;-26.0;8.11;-26.0;37.13;ESTAVEL
2015-03-03;1425340800000;MNDL3.SA;6.0;6.0;6.0;6.0;6.0;0;stock;8.09;-25.8;8.09;-25.81;37.13;ESTAVEL
2015-03-04;1425427200000;MNDL3.SA;5.81;5.81;5.81;5.81;5.81;200;stock;8.06;-27.95;8.06;-27.95;32.49;ESTAVEL
2015-03-05;1425513600000;MNDL3.SA;5.7;5.85;5.5;5.63;5.63;2100;stock;8.04;-29.97;8.04;-29.98;28.81;SUBIR
2015-03-06;1425600000000;MNDL3.SA;5.3;5.78;5.3;5.78;5.78;200;stock;8.02;-27.91;8.02;-27.91;35.37;ESTAVEL
2015-03-09;1425859200000;MNDL3.SA;5.78;5.78;5.78;5.78;5.78;0;stock;8.0;-27.71;8.0;-27.71;35.37;ESTAVEL
2015-03-10;1425945600000;MNDL3.SA;5.03;5.16;4.65;5.16;5.16;4500;stock;7.97;-35.23;7.97;-35.23;24.53;SUBIR
2015-03-11;1426032000000;MNDL3.SA;5.16;5.16;5.16;5.16;5.16;0;stock;7.94;-35.0;7.94;-35.01;24.53;SUBIR
2015-03-12;1426118400000;MNDL3.SA;5.15;5.15;5.15;5.15;5.15;100;stock;7.91;-34.9;7.91;-34.9;24.39;SUBIR
2015-03-13;1426204800000;MNDL3.SA;5.15;5.15;5.15;5.15;5.15;0;stock;7.88;-34.68;7.88;-34.68;24.39;SUBIR
2015-03-16;1426464000000;MNDL3.SA;5.0;5.98;5.0;5.98;5.98;2700;stock;7.86;-23.96;7.86;-23.97;51.18;ESTAVEL
2015-03-17;1426550400000;MNDL3.SA;6.29;6.5;6.0;6.0;6.0;1800;stock;7.85;-23.53;7.85;-23.53;51.63;ESTAVEL
2015-03-18;1426636800000;MNDL3.SA;6.1;6.1;5.7;5.7;5.7;400;stock;7.82;-27.15;7.83;-27.16;45.0;ESTAVEL
2015-03-19;1426723200000;MNDL3.SA;5.7;5.7;5.7;5.7;5.7;0;stock;7.8;-26.96;7.8;-26.96;45.0;ESTAVEL
2015-03-20;1426809600000;MNDL3.SA;5.7;5.7;5.7;5.7;5.7;400;stock;7.78;-26.76;7.78;-26.76;45.0;ESTAVEL
2015-03-23;1427068800000;MNDL3.SA;5.7;5.7;5.7;5.7;5.7;0;stock;7.76;-26.57;7.76;-26.57;45.0;ESTAVEL
2015-03-24;1427155200000;MNDL3.SA;6.0;6.0;6.0;6.0;6.0;2900;stock;7.74;-22.53;7.74;-22.53;53.1;ESTAVEL
2015-03-25;1427241600000;MNDL3.SA;6.0;6.0;5.8;5.8;5.8;1600;stock;7.73;-24.92;7.73;-24.92;48.02;ESTAVEL
2015-03-26;1427328000000;MNDL3.SA;5.8;5.8;5.8;5.8;5.8;0;stock;7.71;-24.73;7.71;-24.74;48.02;ESTAVEL
2015-03-27;1427414400000;MNDL3.SA;5.0;5.01;5.0;5.01;5.01;4200;stock;7.68;-34.76;7.68;-34.76;33.4;ESTAVEL
2015-03-30;1427673600000;MNDL3.SA;5.8;5.8;5.8;5.8;5.8;100;stock;7.66;-24.29;7.66;-24.29;49.85;ESTAVEL
2015-03-31;1427760000000;MNDL3.SA;5.8;5.8;5.8;5.8;5.8;0;stock;7.64;-24.1;7.64;-24.11;49.85;ESTAVEL
2015-04-01;1427846400000;MNDL3.SA;5.0;5.0;5.0;5.0;5.0;1900;stock;7.62;-34.35;7.62;-34.35;38.64;ESTAVEL
2015-04-02;1427932800000;MNDL3.SA;5.0;5.0;5.0;5.0;5.0;0;stock;7.59;-34.12;7.59;-34.12;38.64;ESTAVEL
2015-04-06;1428278400000;MNDL3.SA;5.0;5.0;5.0;5.0;5.0;0;stock;7.56;-33.9;7.56;-33.9;38.64;ESTAVEL
2015-04-07;1428364800000;MNDL3.SA;5.0;5.0;5.0;5.0;5.0;0;stock;7.54;-33.67;7.54;-33.67;38.64;ESTAVEL
2015-04-08;1428451200000;MNDL3.SA;5.0;5.0;5.0;5.0;5.0;0;stock;7.51;-33.45;7.51;-33.45;38.64;ESTAVEL
2015-04-09;1428537600000;MNDL3.SA;5.46;5.46;5.46;5.46;5.46;100;stock;7.49;-27.13;7.49;-27.13;48.32;ESTAVEL
2015-04-10;1428624000000;MNDL3.SA;5.11;5.36;5.11;5.36;5.36;6500;stock;7.47;-28.26;7.47;-28.26;46.6;ESTAVEL
2015-04-13;1428883200000;MNDL3.SA;5.65;5.65;5.65;5.65;5.65;200;stock;7.45;-24.19;7.45;-24.2;51.94;ESTAVEL
2015-04-14;1428969600000;MNDL3.SA;5.31;5.46;5.31;5.32;5.32;800;stock;7.43;-28.42;7.43;-28.42;46.27;ESTAVEL
2015-04-15;1429056000000;MNDL3.SA;5.32;5.32;5.32;5.32;5.32;0;stock;7.41;-28.22;7.41;-28.22;46.27;ESTAVEL
2015-04-16;1429142400000;MNDL3.SA;5.32;5.32;5.32;5.32;5.32;0;stock;7.39;-28.01;7.39;-28.02;46.27;ESTAVEL
2015-04-17;1429228800000;MNDL3.SA;5.32;5.32;5.32;5.32;5.32;0;stock;7.37;-27.81;7.37;-27.81;46.27;ESTAVEL
2015-04-20;1429488000000;MNDL3.SA;5.3;5.3;5.3;5.3;5.3;200;stock;7.35;-27.88;7.35;-27.88;45.86;ESTAVEL
2015-04-22;1429660800000;MNDL3.SA;5.3;5.3;5.3;5.3;5.3;0;stock;7.33;-27.68;7.33;-27.68;45.86;ESTAVEL
2015-04-23;1429747200000;MNDL3.SA;5.3;5.3;5.3;5.3;5.3;0;stock;7.31;-27.48;7.31;-27.48;45.86;ESTAVEL
2015-04-24;1429833600000;MNDL3.SA;5.3;5.3;5.3;5.3;5.3;0;stock;7.29;-27.28;7.29;-27.28;45.86;ESTAVEL
2015-04-27;1430092800000;MNDL3.SA;5.13;5.55;5.13;5.55;5.55;1200;stock;7.27;-23.67;7.27;-23.67;52.86;ESTAVEL
2015-04-28;1430179200000;MNDL3.SA;5.55;5.55;5.55;5.55;5.55;0;stock;7.25;-23.49;7.25;-23.49;52.86;ESTAVEL
2015-04-29;1430265600000;MNDL3.SA;5.07;5.07;5.01;5.01;5.01;6400;stock;7.23;-30.72;7.23;-30.72;39.93;ESTAVEL
2015-04-30;1430352000000;MNDL3.SA;5.02;5.02;5.02;5.02;5.02;400;stock;7.21;-30.37;7.21;-30.37;40.22;ESTAVEL
2015-05-04;1430697600000;MNDL3.SA;5.02;5.02;5.02;5.02;5.02;0;stock;7.19;-30.16;7.19;-30.16;40.22;ESTAVEL
2015-05-05;1430784000000;MNDL3.SA;5.01;5.1;5.01;5.09;5.09;400;stock;7.17;-28.98;7.17;-28.98;42.49;ESTAVEL
2015-05-06;1430870400000;MNDL3.SA;5.09;5.09;5.09;5.09;5.09;0;stock;7.15;-28.78;7.15;-28.78;42.49;ESTAVEL
2015-05-07;1430956800000;MNDL3.SA;5.35;5.35;5.35;5.35;5.35;900;stock;7.13;-24.95;7.13;-24.95;50.56;ESTAVEL
2015-05-08;1431043200000;MNDL3.SA;5.4;5.4;5.4;5.4;5.4;800;stock;7.11;-24.07;7.11;-24.07;51.96;ESTAVEL
2015-05-11;1431302400000;MNDL3.SA;5.48;5.48;5.45;5.45;5.45;400;stock;7.09;-23.18;7.09;-23.19;53.38;ESTAVEL
2015-05-12;1431388800000;MNDL3.SA;5.3;5.3;5.3;5.3;5.3;200;stock;7.08;-25.11;7.08;-25.11;48.73;ESTAVEL
2015-05-13;1431475200000;MNDL3.SA;5.3;5.3;5.3;5.3;5.3;0;stock;7.06;-24.92;7.06;-24.92;48.73;ESTAVEL
2015-05-14;1431561600000;MNDL3.SA;5.1;5.1;5.1;5.1;5.1;1100;stock;7.04;-27.55;7.04;-27.56;42.94;ESTAVEL
2015-05-15;1431648000000;MNDL3.SA;5.11;5.11;5.08;5.08;5.08;1100;stock;7.02;-27.64;7.02;-27.64;42.4;ESTAVEL
2015-05-18;1431907200000;MNDL3.SA;5.08;5.08;5.08;5.08;5.08;0;stock;7.0;-27.44;7.0;-27.44;42.4;ESTAVEL
2015-05-19;1431993600000;MNDL3.SA;5.08;5.08;5.08;5.08;5.08;0;stock;6.98;-27.24;6.98;-27.24;42.4;ESTAVEL
2015-05-20;1432080000000;MNDL3.SA;5.0;5.02;4.95;4.96;4.96;900;stock;6.96;-28.75;6.96;-28.76;38.74;ESTAVEL
2015-05-21;1432166400000;MNDL3.SA;4.95;4.95;4.95;4.95;4.95;700;stock;6.94;-28.69;6.94;-28.69;38.44;ESTAVEL
2015-05-22;1432252800000;MNDL3.SA;4.95;4.95;4.95;4.95;4.95;0;stock;6.92;-28.49;6.92;-28.49;38.44;ESTAVEL
2015-05-25;1432512000000;MNDL3.SA;5.02;5.02;5.02;5.02;5.02;100;stock;6.9;-27.28;6.9;-27.28;42.06;ESTAVEL
2015-05-26;1432598400000;MNDL3.SA;5.02;5.02;5.02;5.02;5.02;0;stock;6.88;-27.08;6.88;-27.08;42.06;ESTAVEL
2015-05-27;1432684800000;MNDL3.SA;4.9;4.9;4.9;4.9;4.9;500;stock;6.86;-28.62;6.86;-28.62;37.66;ESTAVEL
2015-05-28;1432771200000;MNDL3.SA;4.81;4.9;4.72;4.72;4.72;1900;stock;6.84;-31.03;6.84;-31.03;32.21;ESTAVEL
2015-05-29;1432857600000;MNDL3.SA;4.97;4.99;4.97;4.99;4.99;2200;stock;6.82;-26.88;6.82;-26.89;45.05;ESTAVEL
2015-06-01;1433116800000;MNDL3.SA;4.99;4.99;4.99;4.99;4.99;1100;stock;6.81;-26.69;6.81;-26.69;45.05;ESTAVEL
2015-06-02;1433203200000;MNDL3.SA;4.99;4.99;4.99;4.99;4.99;0;stock;6.79;-26.49;6.79;-26.49;45.05;ESTAVEL
2015-06-03;1433289600000;MNDL3.SA;4.99;4.99;4.99;4.99;4.99;700;stock;6.77;-26.3;6.77;-26.3;45.05;ESTAVEL
2015-06-05;1433462400000;MNDL3.SA;5.02;5.1;5.02;5.1;5.1;900;stock;6.75;-24.49;6.75;-24.49;50.22;ESTAVEL
2015-06-08;1433721600000;MNDL3.SA;5.1;5.3;5.1;5.3;5.3;2000;stock;6.74;-21.36;6.74;-21.36;57.95;ESTAVEL
2015-06-09;1433808000000;MNDL3.SA;5.3;5.3;5.3;5.3;5.3;0;stock;6.73;-21.19;6.73;-21.19;57.95;ESTAVEL
2015-06-10;1433894400000;MNDL3.SA;5.3;5.3;5.3;5.3;5.3;0;stock;6.71;-21.02;6.71;-21.03;57.95;ESTAVEL
2015-06-11;1433980800000;MNDL3.SA;5.3;5.3;5.3;5.3;5.3;0;stock;6.7;-20.86;6.7;-20.86;57.95;ESTAVEL
2015-06-12;1434067200000;MNDL3.SA;5.3;5.3;5.3;5.3;5.3;0;stock;6.68;-20.69;6.68;-20.7;57.95;ESTAVEL
2015-06-15;1434326400000;MNDL3.SA;5.17;5.34;5.17;5.34;5.34;3000;stock;6.67;-19.94;6.67;-19.94;59.77;ESTAVEL
2015-06-16;1434412800000;MNDL3.SA;5.48;5.48;5.48;5.48;5.48;700;stock;6.66;-17.69;6.66;-17.69;65.39;ESTAVEL
2015-06-17;1434499200000;MNDL3.SA;5.5;5.6;5.11;5.11;5.11;2900;stock;6.64;-23.07;6.64;-23.07;46.78;ESTAVEL
2015-06-18;1434585600000;MNDL3.SA;5.15;5.15;5.15;5.15;5.15;9300;stock;6.63;-22.29;6.63;-22.3;48.49;ESTAVEL
2015-06-19;1434672000000;MNDL3.SA;5.15;5.15;5.15;5.15;5.15;0;stock;6.61;-22.12;6.61;-22.12;48.49;ESTAVEL
2015-06-22;1434931200000;MNDL3.SA;5.15;5.15;5.15;5.15;5.15;0;stock;6.6;-21.95;6.6;-21.95;48.49;ESTAVEL
2015-06-23;1435017600000;MNDL3.SA;5.15;5.15;5.15;5.15;5.15;0;stock;6.58;-21.78;6.58;-21.78;48.49;ESTAVEL
2015-06-24;1435104000000;MNDL3.SA;5.35;5.55;5.34;5.55;5.55;1200;stock;6.57;-15.57;6.57;-15.57;64.01;ESTAVEL
2015-06-25;1435190400000;MNDL3.SA;5.55;5.55;5.55;5.55;5.55;0;stock;6.56;-15.44;6.56;-15.44;64.01;ESTAVEL
2015-06-26;1435276800000;MNDL3.SA;5.55;5.55;5.55;5.55;5.55;0;stock;6.55;-15.31;6.55;-15.31;64.01;ESTAVEL
2015-06-29;1435536000000;MNDL3.SA;5.55;5.55;5.55;5.55;5.55;0;stock;6.54;-15.18;6.54;-15.18;64.01;ESTAVEL
2015-06-30;1435622400000;MNDL3.SA;5.55;5.55;5.55;5.55;5.55;0;stock;6.53;-15.05;6.53;-15.05;64.01;ESTAVEL
2015-07-01;1435708800000;MNDL3.SA;5.55;5.55;5.55;5.55;5.55;0;stock;6.52;-14.92;6.52;-14.93;64.01;ESTAVEL
2015-07-02;1435795200000;MNDL3.SA;5.55;5.55;5.55;5.55;5.55;0;stock;6.51;-14.8;6.51;-14.8;64.01;ESTAVEL
2015-07-03;1435881600000;MNDL3.SA;5.55;5.55;5.55;5.55;5.55;0;stock;6.5;-14.67;6.5;-14.67;64.01;ESTAVEL
2015-07-06;1436140800000;MNDL3.SA;5.0;5.0;5.0;5.0;5.0;700;stock;6.49;-22.95;6.49;-22.95;36.59;ESTAVEL
2015-07-07;1436227200000;MNDL3.SA;5.25;5.25;5.25;5.25;5.25;500;stock;6.48;-18.94;6.48;-18.95;47.58;ESTAVEL
2015-07-08;1436313600000;MNDL3.SA;5.14;5.14;5.14;5.14;5.14;200;stock;6.46;-20.48;6.46;-20.48;43.97;ESTAVEL
2015-07-10;1436486400000;MNDL3.SA;5.15;5.24;5.1;5.24;5.24;800;stock;6.45;-18.78;6.45;-18.78;47.84;ESTAVEL
2015-07-13;1436745600000;MNDL3.SA;5.04;5.28;5.04;5.28;5.28;600;stock;6.44;-18.01;6.44;-18.01;49.35;ESTAVEL
2015-07-14;1436832000000;MNDL3.SA;5.02;5.35;5.02;5.35;5.35;1600;stock;6.43;-16.78;6.43;-16.79;51.97;ESTAVEL
2015-07-15;1436918400000;MNDL3.SA;5.49;5.65;5.49;5.61;5.61;4000;stock;6.42;-12.63;6.42;-12.63;60.21;ESTAVEL
2015-07-16;1437004800000;MNDL3.SA;5.7;5.7;5.5;5.65;5.65;600;stock;6.41;-11.9;6.41;-11.9;61.3;ESTAVEL
2015-07-17;1437091200000;MNDL3.SA;5.65;5.65;5.65;5.65;5.65;0;stock;6.41;-11.8;6.41;-11.8;61.3;ESTAVEL
2015-07-20;1437350400000;MNDL3.SA;6.0;6.0;5.36;5.45;5.45;1300;stock;6.4;-14.79;6.4;-14.79;52.84;ESTAVEL
2015-07-21;1437436800000;MNDL3.SA;5.45;5.45;5.45;5.45;5.45;0;stock;6.39;-14.67;6.39;-14.67;52.84;ESTAVEL
2015-07-22;1437523200000;MNDL3.SA;5.37;5.45;5.34;5.45;5.45;600;stock;6.38;-14.54;6.38;-14.54;52.84;ESTAVEL
2015-07-23;1437609600000;MNDL3.SA;5.45;5.45;5.45;5.45;5.45;0;stock;6.37;-14.42;6.37;-14.42;52.84;ESTAVEL
2015-07-24;1437696000000;MNDL3.SA;5.45;5.45;5.45;5.45;5.45;0;stock;6.36;-14.3;6.36;-14.3;52.84;ESTAVEL
2015-07-27;1437955200000;MNDL3.SA;5.45;5.45;5.45;5.45;5.45;0;stock;6.35;-14.17;6.35;-14.17;52.84;ESTAVEL
2015-07-28;1438041600000;MNDL3.SA;5.45;5.45;5.34;5.34;5.34;200;stock;6.34;-15.77;6.34;-15.77;47.25;ESTAVEL
2015-07-29;1438128000000;MNDL3.SA;5.34;5.34;5.34;5.34;5.34;0;stock;6.33;-15.64;6.33;-15.64;47.25;ESTAVEL
2015-07-30;1438214400000;MNDL3.SA;5.34;5.34;5.34;5.34;5.34;0;stock;6.32;-15.51;6.32;-15.51;47.25;ESTAVEL
2015-07-31;1438300800000;MNDL3.SA;5.43;5.7;5.43;5.7;5.7;1300;stock;6.31;-9.72;6.31;-9.73;63.18;ESTAVEL
2015-08-03;1438560000000;MNDL3.SA;5.7;5.7;5.7;5.7;5.7;0;stock;6.31;-9.64;6.31;-9.64;63.18;ESTAVEL
2015-08-04;1438646400000;MNDL3.SA;5.7;5.7;5.7;5.7;5.7;0;stock;6.3;-9.55;6.3;-9.55;63.18;ESTAVEL
2015-08-05;1438732800000;MNDL3.SA;5.7;5.7;5.7;5.7;5.7;0;stock;6.3;-9.46;6.3;-9.47;63.18;ESTAVEL
2015-08-06;1438819200000;MNDL3.SA;5.32;5.7;5.32;5.7;5.7;700;stock;6.29;-9.38;6.29;-9.38;63.18;ESTAVEL
2015-08-07;1438905600000;MNDL3.SA;5.7;5.7;5.7;5.7;5.7;0;stock;6.28;-9.29;6.28;-9.3;63.18;ESTAVEL
2015-08-10;1439164800000;MNDL3.SA;5.41;5.41;5.31;5.31;5.31;300;stock;6.27;-15.37;6.27;-15.37;41.83;ESTAVEL
2015-08-11;1439251200000;MNDL3.SA;5.31;5.31;5.31;5.31;5.31;0;stock;6.26;-15.24;6.26;-15.24;41.83;ESTAVEL
2015-08-12;1439337600000;MNDL3.SA;5.31;5.31;5.31;5.31;5.31;0;stock;6.26;-15.11;6.26;-15.11;41.83;ESTAVEL
2015-08-13;1439424000000;MNDL3.SA;5.31;5.31;5.31;5.31;5.31;0;stock;6.25;-14.98;6.25;-14.98;41.83;ESTAVEL
2015-08-14;1439510400000;MNDL3.SA;5.31;5.31;5.31;5.31;5.31;0;stock;6.24;-14.86;6.24;-14.86;41.83;ESTAVEL
2015-08-17;1439769600000;MNDL3.SA;5.03;5.03;5.03;5.03;5.03;200;stock;6.22;-19.19;6.22;-19.19;30.95;ESTAVEL
2015-08-18;1439856000000;MNDL3.SA;4.93;4.93;4.92;4.92;4.92;400;stock;6.21;-20.79;6.21;-20.79;27.88;SUBIR
2015-08-19;1439942400000;MNDL3.SA;4.93;4.93;4.92;4.92;4.92;700;stock;6.2;-20.63;6.2;-20.63;27.88;SUBIR
2015-08-20;1440028800000;MNDL3.SA;5.25;5.25;4.5;4.5;4.5;1400;stock;6.18;-27.21;6.18;-27.21;19.38;SUBIR
2015-08-21;1440115200000;MNDL3.SA;4.99;4.99;4.6;4.9;4.9;800;stock;6.17;-20.57;6.17;-20.57;38.59;ESTAVEL
2015-08-24;1440374400000;MNDL3.SA;4.4;4.65;4.3;4.35;4.35;700;stock;6.15;-29.28;6.15;-29.28;28.52;SUBIR
2015-08-25;1440460800000;MNDL3.SA;4.8;4.8;4.36;4.36;4.36;800;stock;6.13;-28.91;6.13;-28.91;28.89;SUBIR
2015-08-26;1440547200000;MNDL3.SA;4.3;4.3;4.3;4.3;4.3;300;stock;6.11;-29.68;6.11;-29.68;27.97;SUBIR
2015-08-27;1440633600000;MNDL3.SA;4.3;4.3;4.3;4.3;4.3;0;stock;6.1;-29.47;6.1;-29.47;27.97;SUBIR
2015-08-28;1440720000000;MNDL3.SA;4.15;4.47;4.15;4.47;4.47;300;stock;6.08;-26.49;6.08;-26.49;34.78;ESTAVEL
2015-08-31;1440979200000;MNDL3.SA;4.2;4.39;4.2;4.39;4.39;2300;stock;6.06;-27.6;6.06;-27.6;33.19;ESTAVEL
2015-09-01;1441065600000;MNDL3.SA;4.39;4.39;4.39;4.39;4.39;0;stock;6.05;-27.4;6.05;-27.4;33.19;ESTAVEL
2015-09-02;1441152000000;MNDL3.SA;4.1;4.29;4.0;4.0;4.0;900;stock;6.03;-33.63;6.03;-33.63;26.37;SUBIR
2015-09-03;1441238400000;MNDL3.SA;4.1;4.1;4.09;4.09;4.09;1100;stock;6.01;-31.92;6.01;-31.92;29.95;SUBIR
2015-09-04;1441324800000;MNDL3.SA;4.28;4.28;4.28;4.28;4.28;200;stock;5.99;-28.55;5.99;-28.55;36.92;ESTAVEL
2015-09-08;1441670400000;MNDL3.SA;4.03;4.03;4.0;4.0;4.0;1600;stock;5.97;-33.0;5.97;-33.01;31.88;ESTAVEL
2015-09-09;1441756800000;MNDL3.SA;4.0;4.0;4.0;4.0;4.0;0;stock;5.95;-32.78;5.95;-32.78;31.88;ESTAVEL
2015-09-10;1441843200000;MNDL3.SA;3.89;3.89;3.73;3.89;3.89;1700;stock;5.93;-34.41;5.93;-34.41;30.02;ESTAVEL
2015-09-11;1441929600000;MNDL3.SA;4.0;4.0;4.0;4.0;4.0;300;stock;5.91;-32.33;5.91;-32.33;34.17;ESTAVEL
2015-09-14;1442188800000;MNDL3.SA;4.0;4.0;4.0;4.0;4.0;0;stock;5.89;-32.11;5.89;-32.11;34.17;ESTAVEL
2015-09-15;1442275200000;MNDL3.SA;3.9;4.0;3.9;4.0;4.0;500;stock;5.87;-31.9;5.87;-31.9;34.17;ESTAVEL
2015-09-16;1442361600000;MNDL3.SA;3.71;3.71;3.71;3.71;3.71;300;stock;5.85;-36.6;5.85;-36.6;28.59;SUBIR
2015-09-17;1442448000000;MNDL3.SA;3.71;3.71;3.71;3.71;3.71;0;stock;5.83;-36.37;5.83;-36.37;28.59;SUBIR
2015-09-18;1442534400000;MNDL3.SA;3.71;3.71;3.71;3.71;3.71;0;stock;5.81;-36.14;5.81;-36.14;28.59;SUBIR
2015-09-21;1442793600000;MNDL3.SA;3.71;3.71;3.71;3.71;3.71;0;stock;5.79;-35.91;5.79;-35.91;28.59;SUBIR
2015-09-22;1442880000000;MNDL3.SA;3.71;3.71;3.71;3.71;3.71;0;stock;5.77;-35.68;5.77;-35.68;28.59;SUBIR
2015-09-23;1442966400000;MNDL3.SA;3.98;3.98;3.77;3.77;3.77;400;stock;5.75;-34.41;5.75;-34.41;31.92;ESTAVEL
2015-09-24;1443052800000;MNDL3.SA;3.77;3.77;3.55;3.55;3.55;1400;stock;5.73;-38.0;5.73;-38.0;26.95;SUBIR
2015-09-25;1443139200000;MNDL3.SA;3.55;3.55;3.55;3.55;3.55;0;stock;5.7;-37.77;5.7;-37.77;26.95;SUBIR
2015-09-28;1443398400000;MNDL3.SA;3.55;3.55;3.55;3.55;3.55;0;stock;5.68;-37.53;5.68;-37.53;26.95;SUBIR
2015-09-29;1443484800000;MNDL3.SA;3.52;3.6;3.45;3.6;3.6;1900;stock;5.66;-36.42;5.66;-36.42;30.04;ESTAVEL
2015-09-30;1443571200000;MNDL3.SA;3.97;3.98;3.4;3.89;3.89;8900;stock;5.64;-31.09;5.64;-31.09;44.66;ESTAVEL
2015-10-01;1443657600000;MNDL3.SA;3.87;3.9;3.87;3.9;3.9;1000;stock;5.63;-30.69;5.63;-30.7;45.08;ESTAVEL
2015-10-02;1443744000000;MNDL3.SA;3.7;3.9;3.7;3.9;3.9;2200;stock;5.61;-30.48;5.61;-30.48;45.08;ESTAVEL
2015-10-05;1444003200000;MNDL3.SA;3.65;3.9;3.65;3.9;3.9;600;stock;5.59;-30.27;5.59;-30.27;45.08;ESTAVEL
2015-10-06;1444089600000;MNDL3.SA;3.65;3.92;3.65;3.9;3.9;1000;stock;5.58;-30.06;5.58;-30.06;45.08;ESTAVEL
2015-10-07;1444176000000;MNDL3.SA;3.9;3.9;3.9;3.9;3.9;0;stock;5.56;-29.85;5.56;-29.85;45.08;ESTAVEL
2015-10-08;1444262400000;MNDL3.SA;3.9;3.9;3.9;3.9;3.9;200;stock;5.54;-29.64;5.54;-29.64;45.08;ESTAVEL
2015-10-09;1444348800000;MNDL3.SA;3.9;3.9;3.9;3.9;3.9;0;stock;5.53;-29.43;5.53;-29.43;45.08;ESTAVEL
2015-10-13;1444694400000;MNDL3.SA;3.6;3.6;3.6;3.6;3.6;300;stock;5.51;-34.63;5.51;-34.64;32.48;ESTAVEL
2015-10-14;1444780800000;MNDL3.SA;3.6;3.6;3.6;3.6;3.6;0;stock;5.49;-34.41;5.49;-34.41;32.48;ESTAVEL
2015-10-15;1444867200000;MNDL3.SA;3.53;3.77;3.53;3.77;3.77;600;stock;5.47;-31.1;5.47;-31.1;42.96;ESTAVEL
2015-10-16;1444953600000;MNDL3.SA;3.79;3.79;3.79;3.79;3.79;200;stock;5.45;-30.52;5.45;-30.52;44.06;ESTAVEL
2015-10-19;1445212800000;MNDL3.SA;3.52;3.76;3.5;3.76;3.76;500;stock;5.44;-30.86;5.44;-30.86;42.73;ESTAVEL
2015-10-20;1445299200000;MNDL3.SA;3.76;3.76;3.76;3.76;3.76;0;stock;5.42;-30.64;5.42;-30.64;42.73;ESTAVEL
2015-10-21;1445385600000;MNDL3.SA;3.76;3.76;3.76;3.76;3.76;0;stock;5.4;-30.43;5.4;-30.43;42.73;ESTAVEL
2015-10-22;1445472000000;MNDL3.SA;3.76;3.76;3.76;3.76;3.76;0;stock;5.39;-30.22;5.39;-30.22;42.73;ESTAVEL
2015-10-23;1445558400000;MNDL3.SA;3.76;3.76;3.76;3.76;3.76;0;stock;5.37;-30.01;5.37;-30.01;42.73;ESTAVEL
2015-10-26;1445817600000;MNDL3.SA;3.6;3.6;3.6;3.6;3.6;200;stock;5.35;-32.77;5.35;-32.77;34.64;ESTAVEL
2015-10-27;1445904000000;MNDL3.SA;3.6;3.6;3.6;3.6;3.6;0;stock;5.34;-32.55;5.34;-32.55;34.64;ESTAVEL
2015-10-28;1445990400000;MNDL3.SA;3.6;3.6;3.6;3.6;3.6;0;stock;5.32;-32.33;5.32;-32.33;34.64;ESTAVEL
2015-10-29;1446076800000;MNDL3.SA;3.73;3.74;3.73;3.74;3.74;500;stock;5.3;-29.49;5.3;-29.49;45.84;ESTAVEL
2015-10-30;1446163200000;MNDL3.SA;3.74;3.74;3.74;3.74;3.74;0;stock;5.29;-29.28;5.29;-29.28;45.84;ESTAVEL
2015-11-03;1446508800000;MNDL3.SA;3.88;3.98;3.88;3.98;3.98;1400;stock;5.28;-24.56;5.28;-24.56;59.61;ESTAVEL
2015-11-04;1446595200000;MNDL3.SA;3.99;4.15;3.99;4.15;4.15;1200;stock;5.26;-21.17;5.26;-21.17;66.16;ESTAVEL
2015-11-05;1446681600000;MNDL3.SA;4.15;4.15;4.15;4.15;4.15;0;stock;5.25;-21.0;5.25;-21.0;66.16;ESTAVEL
2015-11-06;1446768000000;MNDL3.SA;4.29;5.0;4.29;5.0;5.0;2000;stock;5.25;-4.77;5.25;-4.77;82.57;ESTAVEL
2015-11-09;1447027200000;MNDL3.SA;4.55;5.0;4.55;5.0;5.0;5600;stock;5.25;-4.73;5.25;-4.73;82.57;ESTAVEL
2015-11-10;1447113600000;MNDL3.SA;5.29;5.29;5.29;5.29;5.29;300;stock;5.25;0.79;5.25;0.79;85.38;CAIR
2015-11-11;1447200000000;MNDL3.SA;5.29;5.29;5.29;5.29;5.29;0;stock;5.25;0.78;5.25;0.78;85.38;CAIR
2015-11-12;1447286400000;MNDL3.SA;5.29;5.29;5.29;5.29;5.29;0;stock;5.25;0.77;5.25;0.77;85.38;CAIR
2015-11-13;1447372800000;MNDL3.SA;5.29;5.29;5.29;5.29;5.29;0;stock;5.25;0.77;5.25;0.77;85.38;CAIR
2015-11-16;1447632000000;MNDL3.SA;5.29;5.29;5.29;5.29;5.29;0;stock;5.25;0.76;5.25;0.76;85.38;CAIR
2015-11-17;1447718400000;MNDL3.SA;5.24;5.5;5.0;5.49;5.49;3500;stock;5.25;4.52;5.25;4.52;87.4;CAIR
2015-11-18;1447804800000;MNDL3.SA;5.49;5.49;5.49;5.49;5.49;0;stock;5.25;4.47;5.25;4.47;87.4;CAIR
2015-11-19;1447891200000;MNDL3.SA;5.78;5.8;5.78;5.8;5.8;400;stock;5.26;10.26;5.26;10.26;89.92;CAIR
2015-11-23;1448236800000;MNDL3.SA;5.11;5.11;5.11;5.11;5.11;500;stock;5.26;-2.83;5.26;-2.83;60.84;ESTAVEL
2015-11-24;1448323200000;MNDL3.SA;5.7;5.85;5.65;5.78;5.78;1800;stock;5.26;9.8;5.26;9.8;70.73;CAIR
2015-11-25;1448409600000;MNDL3.SA;5.84;5.85;5.84;5.85;5.85;500;stock;5.27;11.01;5.27;11.01;71.54;CAIR
2015-11-26;1448496000000;MNDL3.SA;6.06;6.06;6.05;6.05;6.05;300;stock;5.28;14.64;5.28;14.63;73.77;CAIR
2015-11-27;1448582400000;MNDL3.SA;5.08;6.0;5.08;5.3;5.3;2400;stock;5.28;0.42;5.28;0.42;56.03;ESTAVEL
2015-11-30;1448841600000;MNDL3.SA;5.31;5.48;5.13;5.13;5.13;2300;stock;5.28;-2.77;5.28;-2.77;52.93;ESTAVEL
2015-12-01;1448928000000;MNDL3.SA;5.59;5.6;5.58;5.6;5.6;4100;stock;5.28;6.07;5.28;6.07;59.6;ESTAVEL
2015-12-02;1449014400000;MNDL3.SA;5.55;5.85;5.5;5.85;5.85;2200;stock;5.29;10.69;5.29;10.68;62.63;ESTAVEL
2015-12-03;1449100800000;MNDL3.SA;5.7;5.7;5.7;5.7;5.7;200;stock;5.29;7.76;5.29;7.76;59.73;ESTAVEL
2015-12-04;1449187200000;MNDL3.SA;5.65;5.65;5.5;5.5;5.5;3600;stock;5.29;3.94;5.29;3.94;56.01;ESTAVEL
2015-12-07;1449446400000;MNDL3.SA;5.5;5.5;5.5;5.5;5.5;0;stock;5.29;3.9;5.29;3.9;56.01;ESTAVEL
2015-12-08;1449532800000;MNDL3.SA;5.32;5.32;5.3;5.3;5.3;1300;stock;5.29;0.12;5.29;0.12;52.24;ESTAVEL
2015-12-09;1449619200000;MNDL3.SA;5.45;5.5;5.31;5.49;5.49;5500;stock;5.3;3.67;5.3;3.67;55.32;ESTAVEL
2015-12-10;1449705600000;MNDL3.SA;5.52;6.08;5.5;5.59;5.59;15000;stock;5.3;5.5;5.3;5.5;56.89;ESTAVEL
2015-12-11;1449792000000;MNDL3.SA;5.52;5.52;5.49;5.49;5.49;4900;stock;5.3;3.58;5.3;3.58;54.81;ESTAVEL
2015-12-14;1450051200000;MNDL3.SA;5.49;5.6;5.3;5.3;5.3;2700;stock;5.3;-0.01;5.3;-0.01;50.99;ESTAVEL
2015-12-15;1450137600000;MNDL3.SA;5.3;5.3;5.3;5.3;5.3;0;stock;5.3;-0.01;5.3;-0.01;50.99;ESTAVEL
2015-12-16;1450224000000;MNDL3.SA;5.3;5.3;5.3;5.3;5.3;0;stock;5.3;-0.01;5.3;-0.01;50.99;ESTAVEL
2015-12-17;1450310400000;MNDL3.SA;5.3;5.67;5.3;5.3;5.3;3700;stock;5.3;-0.01;5.3;-0.01;50.99;ESTAVEL
2015-12-18;1450396800000;MNDL3.SA;5.58;5.98;5.58;5.98;5.98;2700;stock;5.31;12.68;5.31;12.68;63.3;ESTAVEL
2015-12-21;1450656000000;MNDL3.SA;5.98;5.98;5.98;5.98;5.98;0;stock;5.31;12.54;5.31;12.54;63.3;ESTAVEL
2015-12-22;1450742400000;MNDL3.SA;6.0;6.23;5.8;6.04;6.04;7000;stock;5.32;13.51;5.32;13.51;64.22;ESTAVEL
2015-12-23;1450828800000;MNDL3.SA;5.8;6.05;5.8;5.8;5.8;4600;stock;5.33;8.9;5.33;8.9;57.96;ESTAVEL
2015-12-28;1451260800000;MNDL3.SA;6.04;6.04;5.7;5.7;5.7;1000;stock;5.33;6.95;5.33;6.95;55.54;ESTAVEL
2015-12-29;1451347200000;MNDL3.SA;6.04;6.04;5.7;5.98;5.98;2700;stock;5.34;12.07;5.34;12.07;60.52;ESTAVEL
2015-12-30;1451433600000;MNDL3.SA;5.98;5.98;5.98;5.98;5.98;0;stock;5.34;11.93;5.34;11.93;60.52;ESTAVEL
2016-01-04;1451865600000;MNDL3.SA;5.98;5.98;5.98;5.98;5.98;0;stock;5.35;11.8;5.35;11.8;60.52;ESTAVEL
2016-01-05;1451952000000;MNDL3.SA;5.98;5.98;5.98;5.98;5.98;0;stock;5.36;11.67;5.36;11.67;60.52;ESTAVEL
2016-01-06;1452038400000;MNDL3.SA;5.7;5.98;5.7;5.98;5.98;1000;stock;5.36;11.54;5.36;11.54;60.52;ESTAVEL
2016-01-07;1452124800000;MNDL3.SA;5.98;5.98;5.98;5.98;5.98;0;stock;5.37;11.41;5.37;11.41;60.52;ESTAVEL
2016-01-08;1452211200000;MNDL3.SA;5.5;5.89;5.5;5.89;5.89;2600;stock;5.37;9.63;5.37;9.63;57.3;ESTAVEL
2016-01-11;1452470400000;MNDL3.SA;5.4;5.55;5.3;5.3;5.3;5100;stock;5.37;-1.34;5.37;-1.34;41.65;ESTAVEL
2016-01-12;1452556800000;MNDL3.SA;5.3;5.3;5.3;5.3;5.3;0;stock;5.37;-1.33;5.37;-1.33;41.65;ESTAVEL
2016-01-13;1452643200000;MNDL3.SA;5.3;5.48;4.9;5.2;5.2;2400;stock;5.37;-3.16;5.37;-3.16;39.53;ESTAVEL
2016-01-14;1452729600000;MNDL3.SA;4.9;4.9;4.9;4.9;4.9;1800;stock;5.36;-8.66;5.36;-8.66;33.94;ESTAVEL
2016-01-15;1452816000000;MNDL3.SA;4.63;5.2;4.62;5.19;5.19;2800;stock;5.36;-3.23;5.36;-3.23;42.41;ESTAVEL
2016-01-18;1453075200000;MNDL3.SA;5.2;5.3;5.2;5.3;5.3;4100;stock;5.36;-1.16;5.36;-1.17;45.28;ESTAVEL
2016-01-19;1453161600000;MNDL3.SA;5.0;5.19;5.0;5.19;5.19;10100;stock;5.36;-3.18;5.36;-3.19;42.98;ESTAVEL
2016-01-20;1453248000000;MNDL3.SA;5.1;5.2;5.1;5.2;5.2;1300;stock;5.36;-2.97;5.36;-2.97;43.26;ESTAVEL
2016-01-21;1453334400000;MNDL3.SA;5.2;5.2;5.2;5.2;5.2;0;stock;5.36;-2.94;5.36;-2.94;43.26;ESTAVEL
2016-01-22;1453420800000;MNDL3.SA;5.2;5.2;5.2;5.2;5.2;0;stock;5.36;-2.91;5.36;-2.91;43.26;ESTAVEL
2016-01-26;1453766400000;MNDL3.SA;5.2;5.2;5.2;5.2;5.2;0;stock;5.35;-2.88;5.35;-2.88;43.26;ESTAVEL
2016-01-27;1453852800000;MNDL3.SA;4.9;5.0;4.9;5.0;5.0;10100;stock;5.35;-6.56;5.35;-6.56;38.17;ESTAVEL
2016-01-28;1453939200000;MNDL3.SA;5.0;5.02;4.73;5.0;5.0;3200;stock;5.35;-6.5;5.35;-6.5;38.17;ESTAVEL
2016-01-29;1454025600000;MNDL3.SA;5.0;5.0;5.0;5.0;5.0;0;stock;5.34;-6.44;5.34;-6.44;38.17;ESTAVEL
2016-02-01;1454284800000;MNDL3.SA;4.9;5.1;4.9;5.1;5.1;2000;stock;5.34;-4.52;5.34;-4.52;42.4;ESTAVEL
2016-02-02;1454371200000;MNDL3.SA;5.1;5.1;5.1;5.1;5.1;400;stock;5.34;-4.48;5.34;-4.48;42.4;ESTAVEL
2016-02-03;1454457600000;MNDL3.SA;5.09;5.1;4.72;5.1;5.1;3900;stock;5.34;-4.44;5.34;-4.44;42.4;ESTAVEL
2016-02-04;1454544000000;MNDL3.SA;5.1;5.1;5.1;5.1;5.1;0;stock;5.33;-4.39;5.33;-4.39;42.4;ESTAVEL
2016-02-05;1454630400000;MNDL3.SA;5.09;5.23;5.09;5.23;5.23;1100;stock;5.33;-1.94;5.33;-1.94;48.56;ESTAVEL
2016-02-10;1455062400000;MNDL3.SA;4.82;5.0;4.6;4.99;4.99;2200;stock;5.33;-6.38;5.33;-6.38;40.05;ESTAVEL
2016-02-11;1455148800000;MNDL3.SA;4.51;4.86;4.51;4.84;4.84;1600;stock;5.33;-9.11;5.33;-9.11;35.82;ESTAVEL
2016-02-12;1455235200000;MNDL3.SA;4.84;4.84;4.84;4.84;4.84;1100;stock;5.32;-9.03;5.32;-9.03;35.82;ESTAVEL
2016-02-15;1455494400000;MNDL3.SA;4.7;5.28;4.7;5.25;5.25;5800;stock;5.32;-1.31;5.32;-1.31;51.91;ESTAVEL
2016-02-16;1455580800000;MNDL3.SA;5.89;5.89;5.06;5.38;5.38;400;stock;5.32;1.13;5.32;1.12;55.7;ESTAVEL
2016-02-17;1455667200000;MNDL3.SA;5.7;5.7;5.15;5.15;5.15;1400;stock;5.32;-3.17;5.32;-3.17;48.43;ESTAVEL
2016-02-18;1455753600000;MNDL3.SA;5.24;5.29;5.15;5.29;5.29;1300;stock;5.32;-0.53;5.32;-0.53;52.49;ESTAVEL
2016-02-19;1455840000000;MNDL3.SA;5.12;5.22;5.12;5.22;5.22;1100;stock;5.32;-1.83;5.32;-1.83;50.35;ESTAVEL
2016-02-22;1456099200000;MNDL3.SA;5.22;5.22;5.22;5.22;5.22;0;stock;5.32;-1.81;5.32;-1.81;50.35;ESTAVEL
2016-02-23;1456185600000;MNDL3.SA;5.27;5.27;5.27;5.27;5.27;400;stock;5.32;-0.86;5.32;-0.86;51.98;ESTAVEL
2016-02-24;1456272000000;MNDL3.SA;5.27;5.27;5.27;5.27;5.27;0;stock;5.32;-0.85;5.32;-0.85;51.98;ESTAVEL
2016-02-25;1456358400000;MNDL3.SA;5.27;5.27;5.27;5.27;5.27;0;stock;5.31;-0.84;5.31;-0.84;51.98;ESTAVEL
2016-02-26;1456444800000;MNDL3.SA;5.23;5.23;5.23;5.23;5.23;1000;stock;5.31;-1.58;5.31;-1.58;50.33;ESTAVEL
2016-02-29;1456704000000;MNDL3.SA;5.1;5.26;5.1;5.26;5.26;1800;stock;5.31;-1.01;5.31;-1.01;51.57;ESTAVEL
2016-03-01;1456790400000;MNDL3.SA;4.96;5.26;4.95;5.26;5.26;1300;stock;5.31;-1.0;5.31;-1.0;51.57;ESTAVEL
2016-03-02;1456876800000;MNDL3.SA;5.0;5.27;5.0;5.27;5.27;500;stock;5.31;-0.8;5.31;-0.8;52.03;ESTAVEL
2016-03-03;1456963200000;MNDL3.SA;4.96;5.24;4.96;5.24;5.24;1300;stock;5.31;-1.35;5.31;-1.35;50.48;ESTAVEL
2016-03-04;1457049600000;MNDL3.SA;5.2;5.2;4.96;4.97;4.97;700;stock;5.31;-6.37;5.31;-6.38;39.15;ESTAVEL
2016-03-07;1457308800000;MNDL3.SA;5.15;5.15;5.15;5.15;5.15;300;stock;5.31;-2.95;5.31;-2.96;47.59;ESTAVEL
2016-03-08;1457395200000;MNDL3.SA;5.15;5.15;5.15;5.15;5.15;0;stock;5.31;-2.93;5.31;-2.93;47.59;ESTAVEL
2016-03-09;1457481600000;MNDL3.SA;4.8;5.2;4.2;4.2;4.2;229900;stock;5.29;-20.67;5.29;-20.67;25.73;SUBIR
2016-03-10;1457568000000;MNDL3.SA;4.83;4.88;4.35;4.8;4.8;6900;stock;5.29;-9.25;5.29;-9.25;43.41;ESTAVEL
2016-03-11;1457654400000;MNDL3.SA;4.96;5.0;4.9;4.9;4.9;1300;stock;5.29;-7.29;5.29;-7.29;45.73;ESTAVEL
2016-03-14;1457913600000;MNDL3.SA;4.9;4.9;4.9;4.9;4.9;0;stock;5.28;-7.23;5.28;-7.23;45.73;ESTAVEL
2016-03-15;1458000000000;MNDL3.SA;4.61;4.61;4.3;4.3;4.3;2000;stock;5.27;-18.43;5.27;-18.44;35.58;ESTAVEL
2016-03-16;1458086400000;MNDL3.SA;4.45;4.45;4.45;4.45;4.45;300;stock;5.26;-15.46;5.26;-15.46;39.22;ESTAVEL
2016-03-17;1458172800000;MNDL3.SA;4.4;4.41;4.3;4.41;4.41;34600;stock;5.26;-16.08;5.26;-16.08;38.59;ESTAVEL
2016-03-18;1458259200000;MNDL3.SA;4.55;4.7;4.4;4.4;4.4;1900;stock;5.25;-16.14;5.25;-16.14;38.43;ESTAVEL
2016-03-21;1458518400000;MNDL3.SA;4.4;4.4;4.4;4.4;4.4;0;stock;5.24;-16.0;5.24;-16.0;38.43;ESTAVEL
2016-03-22;1458604800000;MNDL3.SA;4.4;4.4;4.4;4.4;4.4;0;stock;5.23;-15.87;5.23;-15.87;38.43;ESTAVEL
2016-03-23;1458691200000;MNDL3.SA;4.36;4.66;4.36;4.66;4.66;3000;stock;5.22;-10.8;5.22;-10.8;45.92;ESTAVEL
2016-03-24;1458777600000;MNDL3.SA;4.7;4.89;4.7;4.89;4.89;3800;stock;5.22;-6.34;5.22;-6.34;51.55;ESTAVEL
2016-03-28;1459123200000;MNDL3.SA;4.89;4.89;4.89;4.89;4.89;0;stock;5.22;-6.28;5.22;-6.28;51.55;ESTAVEL
2016-03-29;1459209600000;MNDL3.SA;4.9;5.18;4.9;5.18;5.18;2400;stock;5.22;-0.71;5.22;-0.71;57.94;ESTAVEL
2016-03-30;1459296000000;MNDL3.SA;5.26;5.26;5.2;5.2;5.2;4300;stock;5.22;-0.33;5.22;-0.33;58.35;ESTAVEL
2016-03-31;1459382400000;MNDL3.SA;5.0;5.2;4.75;5.2;5.2;500;stock;5.22;-0.32;5.22;-0.32;58.35;ESTAVEL
2016-04-01;1459468800000;MNDL3.SA;4.81;4.93;4.81;4.93;4.93;2200;stock;5.21;-5.45;5.21;-5.45;50.65;ESTAVEL
2016-04-04;1459728000000;MNDL3.SA;5.0;5.09;5.0;5.09;5.09;900;stock;5.21;-2.36;5.21;-2.36;54.48;ESTAVEL
2016-04-05;1459814400000;MNDL3.SA;4.76;5.08;4.76;5.08;5.08;1100;stock;5.21;-2.52;5.21;-2.52;54.2;ESTAVEL
2016-04-06;1459900800000;MNDL3.SA;5.06;5.08;5.05;5.05;5.05;1900;stock;5.21;-3.07;5.21;-3.07;53.3;ESTAVEL
2016-04-07;1459987200000;MNDL3.SA;5.29;5.45;5.29;5.45;5.45;5100;stock;5.21;4.56;5.21;4.56;62.26;ESTAVEL
2016-04-08;1460073600000;MNDL3.SA;5.45;5.45;5.45;5.45;5.45;0;stock;5.21;4.51;5.21;4.51;62.26;ESTAVEL
2016-04-11;1460332800000;MNDL3.SA;5.3;5.4;5.3;5.4;5.4;800;stock;5.22;3.52;5.22;3.52;60.57;ESTAVEL
2016-04-12;1460419200000;MNDL3.SA;5.4;5.4;5.4;5.4;5.4;0;stock;5.22;3.48;5.22;3.48;60.57;ESTAVEL
2016-04-13;1460505600000;MNDL3.SA;5.4;5.4;5.4;5.4;5.4;0;stock;5.22;3.45;5.22;3.45;60.57;ESTAVEL
2016-04-14;1460592000000;MNDL3.SA;5.4;5.4;5.4;5.4;5.4;0;stock;5.22;3.41;5.22;3.41;60.57;ESTAVEL
2016-04-15;1460678400000;MNDL3.SA;5.39;5.39;5.39;5.39;5.39;200;stock;5.22;3.19;5.22;3.19;60.14;ESTAVEL
2016-04-18;1460937600000;MNDL3.SA;5.38;5.38;5.38;5.38;5.38;300;stock;5.23;2.96;5.23;2.96;59.67;ESTAVEL
2016-04-19;1461024000000;MNDL3.SA;5.15;5.31;5.15;5.31;5.31;500;stock;5.23;1.61;5.23;1.61;56.39;ESTAVEL
2016-04-20;1461110400000;MNDL3.SA;5.31;5.31;5.31;5.31;5.31;0;stock;5.23;1.59;5.23;1.59;56.39;ESTAVEL
2016-04-22;1461283200000;MNDL3.SA;4.9;5.0;4.8;4.99;4.99;10100;stock;5.22;-4.49;5.22;-4.49;43.66;ESTAVEL
2016-04-25;1461542400000;MNDL3.SA;4.73;4.8;4.73;4.75;4.75;700;stock;5.22;-9.0;5.22;-9.0;36.93;ESTAVEL
2016-04-26;1461628800000;MNDL3.SA;4.75;5.0;4.6;4.95;4.95;6500;stock;5.22;-5.12;5.22;-5.12;44.6;ESTAVEL
2016-04-27;1461715200000;MNDL3.SA;4.9;6.03;4.9;5.8;5.8;21200;stock;5.22;11.05;5.22;11.05;64.4;ESTAVEL
2016-04-28;1461801600000;MNDL3.SA;6.19;7.32;5.9;6.21;6.21;9400;stock;5.23;18.68;5.23;18.68;69.98;ESTAVEL
2016-04-29;1461888000000;MNDL3.SA;6.8;7.1;6.25;6.97;6.97;13400;stock;5.25;32.76;5.25;32.76;77.13;CAIR
2016-05-02;1462147200000;MNDL3.SA;6.5;8.0;6.5;7.19;7.19;14100;stock;5.27;36.45;5.27;36.45;78.71;CAIR
2016-05-03;1462233600000;MNDL3.SA;6.56;7.85;6.4;7.47;7.47;3100;stock;5.29;41.18;5.29;41.18;80.55;CAIR
2016-05-04;1462320000000;MNDL3.SA;7.31;7.69;7.12;7.54;7.54;11900;stock;5.31;41.9;5.31;41.9;80.99;CAIR
2016-05-05;1462406400000;MNDL3.SA;7.6;9.0;7.6;8.85;8.85;29300;stock;5.35;65.46;5.35;65.46;86.97;CAIR
2016-05-06;1462492800000;MNDL3.SA;8.51;9.0;8.51;8.99;8.99;4000;stock;5.38;66.95;5.38;66.95;87.43;CAIR
2016-05-09;1462752000000;MNDL3.SA;8.9;9.18;8.79;8.79;8.79;900;stock;5.42;62.21;5.42;62.21;82.97;CAIR
2016-05-10;1462838400000;MNDL3.SA;8.98;8.98;8.03;8.9;8.9;12800;stock;5.45;63.2;5.45;63.2;83.47;CAIR
2016-05-11;1462924800000;MNDL3.SA;8.99;9.0;8.89;8.89;8.89;24000;stock;5.49;62.0;5.49;62.0;83.23;CAIR
2016-05-12;1463011200000;MNDL3.SA;8.5;8.85;8.0;8.0;8.0;8700;stock;5.51;45.12;5.51;45.12;65.31;ESTAVEL
2016-05-13;1463097600000;MNDL3.SA;7.98;8.02;7.98;8.0;8.0;1500;stock;5.54;44.47;5.54;44.47;65.31;ESTAVEL
2016-05-16;1463356800000;MNDL3.SA;8.0;8.0;7.58;7.6;7.6;2000;stock;5.56;36.74;5.56;36.74;58.72;ESTAVEL
2016-05-17;1463443200000;MNDL3.SA;7.21;7.4;7.0;7.19;7.19;3200;stock;5.57;28.99;5.57;28.99;52.83;ESTAVEL
2016-05-18;1463529600000;MNDL3.SA;7.19;7.79;7.0;7.0;7.0;9500;stock;5.59;25.26;5.59;25.26;50.32;ESTAVEL
2016-05-19;1463616000000;MNDL3.SA;7.0;7.0;7.0;7.0;7.0;0;stock;5.6;24.95;5.6;24.95;50.32;ESTAVEL
2016-05-20;1463702400000;MNDL3.SA;7.18;7.18;6.66;6.66;6.66;800;stock;5.61;18.65;5.61;18.65;45.79;ESTAVEL
2016-05-23;1463961600000;MNDL3.SA;6.97;6.97;6.96;6.96;6.96;400;stock;5.63;23.7;5.63;23.7;50.06;ESTAVEL
2016-05-24;1464048000000;MNDL3.SA;6.81;6.89;6.25;6.39;6.39;5000;stock;5.63;13.42;5.63;13.42;43.11;ESTAVEL
2016-05-25;1464134400000;MNDL3.SA;6.97;7.74;6.96;7.74;7.74;16700;stock;5.65;36.87;5.65;36.87;57.98;ESTAVEL
2016-05-27;1464307200000;MNDL3.SA;7.75;8.39;7.59;8.39;8.39;5200;stock;5.68;47.66;5.68;47.66;63.0;ESTAVEL
2016-05-30;1464566400000;MNDL3.SA;8.39;8.39;8.39;8.39;8.39;0;stock;5.71;46.96;5.71;46.96;63.0;ESTAVEL
2016-05-31;1464652800000;MNDL3.SA;8.31;8.31;8.31;8.31;8.31;5100;stock;5.73;44.9;5.73;44.9;61.94;ESTAVEL
2016-06-01;1464739200000;MNDL3.SA;8.26;8.26;8.26;8.26;8.26;10700;stock;5.76;43.4;5.76;43.4;61.25;ESTAVEL
2016-06-02;1464825600000;MNDL3.SA;8.26;8.26;8.26;8.26;8.26;0;stock;5.78;42.78;5.78;42.78;61.25;ESTAVEL
2016-06-03;1464912000000;MNDL3.SA;8.17;8.17;8.17;8.17;8.17;200;stock;5.81;40.65;5.81;40.65;59.86;ESTAVEL
2016-06-06;1465171200000;MNDL3.SA;7.5;8.15;7.5;8.15;8.15;6100;stock;5.83;39.75;5.83;39.75;59.54;ESTAVEL
2016-06-07;1465257600000;MNDL3.SA;8.2;8.34;7.7;8.32;8.32;17300;stock;5.86;42.06;5.86;42.06;61.45;ESTAVEL
2016-06-08;1465344000000;MNDL3.SA;8.32;8.32;8.32;8.32;8.32;0;stock;5.88;41.47;5.88;41.47;61.45;ESTAVEL
2016-06-09;1465430400000;MNDL3.SA;8.0;8.06;7.99;7.99;7.99;1800;stock;5.9;35.37;5.9;35.37;55.54;ESTAVEL
2016-06-10;1465516800000;MNDL3.SA;7.99;7.99;7.99;7.99;7.99;0;stock;5.92;34.9;5.92;34.9;55.54;ESTAVEL
2016-06-13;1465776000000;MNDL3.SA;7.97;7.97;7.9;7.9;7.9;700;stock;5.94;32.94;5.94;32.94;53.9;ESTAVEL
2016-06-14;1465862400000;MNDL3.SA;7.9;8.12;7.9;8.12;8.12;7500;stock;5.96;36.14;5.96;36.14;57.23;ESTAVEL
2016-06-15;1465948800000;MNDL3.SA;8.12;8.12;8.12;8.12;8.12;0;stock;5.99;35.65;5.99;35.65;57.23;ESTAVEL
2016-06-16;1466035200000;MNDL3.SA;7.7;8.0;7.7;7.7;7.7;11400;stock;6.0;28.27;6.0;28.27;49.35;ESTAVEL
2016-06-17;1466121600000;MNDL3.SA;7.7;7.7;7.1;7.1;7.1;700;stock;6.01;18.06;6.01;18.06;40.73;ESTAVEL
2016-06-20;1466380800000;MNDL3.SA;7.1;7.1;7.1;7.1;7.1;0;stock;6.02;17.85;6.02;17.85;40.73;ESTAVEL
2016-06-21;1466467200000;MNDL3.SA;7.1;7.1;7.1;7.1;7.1;0;stock;6.04;17.64;6.04;17.64;40.73;ESTAVEL
2016-06-22;1466553600000;MNDL3.SA;7.79;8.5;7.7;8.5;8.5;17400;stock;6.06;40.27;6.06;40.27;60.73;ESTAVEL
2016-06-23;1466640000000;MNDL3.SA;8.5;8.8;8.41;8.41;8.41;7300;stock;6.08;38.25;6.08;38.25;59.34;ESTAVEL
2016-06-24;1466726400000;MNDL3.SA;8.7;9.0;8.7;9.0;9.0;3600;stock;6.11;47.25;6.11;47.25;64.98;ESTAVEL
2016-06-27;1466985600000;MNDL3.SA;9.0;9.0;9.0;9.0;9.0;0;stock;6.14;46.56;6.14;46.56;64.98;ESTAVEL
2016-06-28;1467072000000;MNDL3.SA;9.0;9.0;9.0;9.0;9.0;0;stock;6.17;45.88;6.17;45.88;64.98;ESTAVEL
2016-06-29;1467158400000;MNDL3.SA;8.71;8.9;8.52;8.52;8.52;4000;stock;6.19;37.58;6.19;37.58;56.95;ESTAVEL
2016-06-30;1467244800000;MNDL3.SA;8.7;8.7;8.7;8.7;8.7;1100;stock;6.22;39.92;6.22;39.92;59.0;ESTAVEL
2016-07-01;1467331200000;MNDL3.SA;8.88;9.0;8.7;9.0;9.0;2900;stock;6.25;44.11;6.25;44.11;62.22;ESTAVEL
2016-07-04;1467590400000;MNDL3.SA;8.7;8.9;8.7;8.9;8.9;800;stock;6.27;41.9;6.27;41.9;60.51;ESTAVEL
2016-07-05;1467676800000;MNDL3.SA;9.1;9.1;9.1;9.1;9.1;100;stock;6.3;44.45;6.3;44.45;62.72;ESTAVEL
2016-07-06;1467763200000;MNDL3.SA;9.0;9.25;8.5;9.2;9.2;9900;stock;6.33;45.37;6.33;45.37;63.81;ESTAVEL
2016-07-07;1467849600000;MNDL3.SA;9.2;9.6;9.2;9.5;9.5;13200;stock;6.36;49.36;6.36;49.36;66.92;ESTAVEL
2016-07-08;1467936000000;MNDL3.SA;9.5;9.8;9.49;9.49;9.49;4000;stock;6.39;48.48;6.39;48.48;66.72;ESTAVEL
2016-07-11;1468195200000;MNDL3.SA;9.9;10.5;9.9;10.01;10.01;4000;stock;6.43;55.74;6.43;55.74;71.62;CAIR
2016-07-12;1468281600000;MNDL3.SA;10.5;10.75;10.5;10.6;10.6;2500;stock;6.47;63.86;6.47;63.86;75.94;CAIR
2016-07-13;1468368000000;MNDL3.SA;10.59;10.6;9.85;9.85;9.85;3700;stock;6.5;51.48;6.5;51.48;62.83;ESTAVEL
2016-07-14;1468454400000;MNDL3.SA;10.49;10.5;9.91;9.91;9.91;1200;stock;6.54;51.61;6.54;51.61;63.38;ESTAVEL
2016-07-15;1468540800000;MNDL3.SA;9.87;9.87;9.85;9.85;9.85;1300;stock;6.57;49.93;6.57;49.93;62.39;ESTAVEL
2016-07-18;1468800000000;MNDL3.SA;9.5;9.5;8.89;8.93;8.93;12900;stock;6.59;35.45;6.59;35.45;49.65;ESTAVEL
2016-07-19;1468886400000;MNDL3.SA;8.93;9.7;8.93;9.7;9.7;3900;stock;6.62;46.44;6.62;46.44;57.48;ESTAVEL
2016-07-20;1468972800000;MNDL3.SA;10.14;10.15;9.55;10.13;10.13;800;stock;6.66;52.13;6.66;52.13;61.11;ESTAVEL
2016-07-21;1469059200000;MNDL3.SA;9.57;10.2;9.5;10.2;10.2;6100;stock;6.69;52.37;6.69;52.37;61.69;ESTAVEL
2016-07-22;1469145600000;MNDL3.SA;10.43;10.5;10.43;10.45;10.45;2200;stock;6.73;55.24;6.73;55.24;63.75;ESTAVEL
2016-07-25;1469404800000;MNDL3.SA;10.6;10.7;10.6;10.7;10.7;500;stock;6.77;58.03;6.77;58.03;65.73;ESTAVEL
2016-07-26;1469491200000;MNDL3.SA;10.7;10.8;10.7;10.8;10.8;400;stock;6.81;58.57;6.81;58.57;66.52;ESTAVEL
2016-07-27;1469577600000;MNDL3.SA;10.8;11.33;10.8;11.33;11.33;4600;stock;6.86;65.26;6.86;65.26;70.41;CAIR
2016-07-28;1469664000000;MNDL3.SA;11.59;11.6;11.59;11.6;11.6;300;stock;6.9;68.04;6.9;68.04;72.18;CAIR
2016-07-29;1469750400000;MNDL3.SA;12.0;12.0;12.0;12.0;12.0;600;stock;6.95;72.56;6.95;72.56;74.61;CAIR
2016-08-01;1470009600000;MNDL3.SA;11.62;11.62;11.62;11.62;11.62;100;stock;7.0;65.99;7.0;65.99;68.49;ESTAVEL
2016-08-02;1470096000000;MNDL3.SA;12.2;12.2;11.99;12.19;12.19;2500;stock;7.05;72.86;7.05;72.86;72.18;CAIR
2016-08-03;1470182400000;MNDL3.SA;12.19;12.19;12.19;12.19;12.19;0;stock;7.1;71.62;7.1;71.62;72.18;CAIR
2016-08-04;1470268800000;MNDL3.SA;11.62;11.63;11.6;11.6;11.6;900;stock;7.15;62.29;7.15;62.29;63.29;ESTAVEL
2016-08-05;1470355200000;MNDL3.SA;11.6;11.6;11.59;11.59;11.59;200;stock;7.19;61.15;7.19;61.15;63.15;ESTAVEL
2016-08-08;1470614400000;MNDL3.SA;11.53;11.53;11.53;11.53;11.53;100;stock;7.24;59.36;7.24;59.36;62.25;ESTAVEL
2016-08-09;1470700800000;MNDL3.SA;11.6;11.6;11.5;11.6;11.6;1000;stock;7.28;59.37;7.28;59.37;62.92;ESTAVEL
2016-08-10;1470787200000;MNDL3.SA;11.7;11.7;11.7;11.7;11.7;5000;stock;7.32;59.78;7.32;59.78;63.9;ESTAVEL
2016-08-11;1470873600000;MNDL3.SA;11.2;11.7;11.1;11.31;11.31;2400;stock;7.36;53.62;7.36;53.62;57.52;ESTAVEL
2016-08-12;1470960000000;MNDL3.SA;12.14;12.14;12.14;12.14;12.14;100;stock;7.41;63.84;7.41;63.84;65.43;ESTAVEL
2016-08-15;1471219200000;MNDL3.SA;11.35;11.69;11.02;11.69;11.69;800;stock;7.45;56.86;7.45;56.86;59.01;ESTAVEL
2016-08-16;1471305600000;MNDL3.SA;11.69;11.69;11.1;11.1;11.1;200;stock;7.49;48.22;7.49;48.22;51.84;ESTAVEL
2016-08-17;1471392000000;MNDL3.SA;11.46;11.46;11.45;11.46;11.46;3500;stock;7.53;52.23;7.53;52.23;55.4;ESTAVEL
2016-08-18;1471478400000;MNDL3.SA;11.0;11.5;11.0;11.5;11.5;3400;stock;7.57;51.96;7.57;51.96;55.79;ESTAVEL
2016-08-19;1471564800000;MNDL3.SA;11.57;11.57;11.57;11.57;11.57;100;stock;7.61;52.09;7.61;52.08;56.51;ESTAVEL
2016-08-22;1471824000000;MNDL3.SA;11.07;11.07;11.07;11.07;11.07;100;stock;7.64;44.86;7.64;44.86;50.23;ESTAVEL
2016-08-23;1471910400000;MNDL3.SA;11.02;11.02;11.0;11.0;11.0;1800;stock;7.68;43.31;7.68;43.31;49.4;ESTAVEL
2016-08-24;1471996800000;MNDL3.SA;10.81;10.81;10.55;10.55;10.55;400;stock;7.7;36.94;7.7;36.94;44.34;ESTAVEL
2016-08-25;1472083200000;MNDL3.SA;10.82;11.0;10.8;11.0;11.0;1700;stock;7.74;42.18;7.74;42.18;49.87;ESTAVEL
2016-08-26;1472169600000;MNDL3.SA;10.8;10.8;10.8;10.8;10.8;100;stock;7.77;39.04;7.77;39.04;47.6;ESTAVEL
2016-08-29;1472428800000;MNDL3.SA;10.8;10.8;10.35;10.5;10.5;1300;stock;7.79;34.71;7.79;34.71;44.35;ESTAVEL
2016-08-30;1472515200000;MNDL3.SA;10.35;10.6;10.26;10.26;10.26;800;stock;7.82;31.22;7.82;31.22;41.88;ESTAVEL
2016-08-31;1472601600000;MNDL3.SA;12.09;12.1;10.6;11.0;11.0;13200;stock;7.85;40.11;7.85;40.11;50.94;ESTAVEL
2016-09-01;1472688000000;MNDL3.SA;10.81;10.81;10.81;10.81;10.81;100;stock;7.88;37.18;7.88;37.18;48.84;ESTAVEL
2016-09-02;1472774400000;MNDL3.SA;10.81;10.81;10.81;10.81;10.81;0;stock;7.91;36.67;7.91;36.67;48.84;ESTAVEL
2016-09-05;1473033600000;MNDL3.SA;10.81;10.81;10.81;10.81;10.81;0;stock;7.94;36.18;7.94;36.18;48.84;ESTAVEL
2016-09-06;1473120000000;MNDL3.SA;10.81;10.81;10.81;10.81;10.81;0;stock;7.97;35.69;7.97;35.69;48.84;ESTAVEL
2016-09-08;1473292800000;MNDL3.SA;10.81;10.81;10.81;10.81;10.81;0;stock;8.0;35.21;8.0;35.21;48.84;ESTAVEL
2016-09-09;1473379200000;MNDL3.SA;10.8;10.8;9.95;9.95;9.95;1000;stock;8.01;24.15;8.01;24.15;38.43;ESTAVEL
2016-09-12;1473638400000;MNDL3.SA;9.97;9.97;9.0;9.01;9.01;7100;stock;8.02;12.28;8.02;12.28;30.72;ESTAVEL
2016-09-13;1473724800000;MNDL3.SA;9.01;9.01;9.0;9.0;9.0;200;stock;8.03;12.02;8.03;12.02;30.65;ESTAVEL
2016-09-14;1473811200000;MNDL3.SA;9.0;9.0;9.0;9.0;9.0;3100;stock;8.04;11.89;8.04;11.89;30.65;ESTAVEL
2016-09-15;1473897600000;MNDL3.SA;9.1;9.1;8.75;8.88;8.88;2400;stock;8.05;10.28;8.05;10.28;29.7;ESTAVEL
2016-09-16;1473984000000;MNDL3.SA;8.7;8.7;8.5;8.51;8.51;4900;stock;8.06;5.63;8.06;5.63;26.94;ESTAVEL
2016-09-19;1474243200000;MNDL3.SA;8.51;8.51;8.51;8.51;8.51;2000;stock;8.06;5.57;8.06;5.57;26.94;ESTAVEL
2016-09-20;1474329600000;MNDL3.SA;8.6;9.5;8.6;9.5;9.5;3400;stock;8.08;17.64;8.08;17.64;43.32;ESTAVEL
2016-09-21;1474416000000;MNDL3.SA;9.3;9.3;8.7;8.7;8.7;1100;stock;8.08;7.65;8.08;7.65;36.24;ESTAVEL
2016-09-22;1474502400000;MNDL3.SA;9.3;9.3;9.3;9.3;9.3;100;stock;8.09;14.9;8.09;14.9;43.67;ESTAVEL
2016-09-23;1474588800000;MNDL3.SA;9.13;9.13;9.13;9.13;9.13;200;stock;8.1;12.66;8.1;12.66;42.17;ESTAVEL
2016-09-26;1474848000000;MNDL3.SA;9.4;9.45;9.4;9.45;9.45;2100;stock;8.12;16.42;8.12;16.42;45.93;ESTAVEL
2016-09-27;1474934400000;MNDL3.SA;9.38;9.38;8.69;9.0;9.0;1900;stock;8.13;10.75;8.13;10.75;41.81;ESTAVEL
2016-09-28;1475020800000;MNDL3.SA;8.89;8.89;8.5;8.5;8.5;900;stock;8.13;4.55;8.13;4.55;37.76;ESTAVEL
2016-09-29;1475107200000;MNDL3.SA;8.5;8.5;8.5;8.5;8.5;0;stock;8.13;4.5;8.13;4.5;37.76;ESTAVEL
2016-09-30;1475193600000;MNDL3.SA;8.5;8.5;8.5;8.5;8.5;600;stock;8.14;4.46;8.14;4.46;37.76;ESTAVEL
2016-10-03;1475452800000;MNDL3.SA;8.8;8.8;8.5;8.5;8.5;300;stock;8.14;4.41;8.14;4.41;37.76;ESTAVEL
2016-10-04;1475539200000;MNDL3.SA;8.5;8.5;8.5;8.5;8.5;0;stock;8.14;4.37;8.14;4.37;37.76;ESTAVEL
2016-10-05;1475625600000;MNDL3.SA;8.88;9.2;8.6;9.0;9.0;7600;stock;8.15;10.39;8.15;10.39;45.42;ESTAVEL
2016-10-06;1475712000000;MNDL3.SA;9.75;10.3;9.75;10.0;10.0;700;stock;8.17;22.38;8.17;22.38;56.86;ESTAVEL
2016-10-07;1475798400000;MNDL3.SA;10.0;10.0;10.0;10.0;10.0;0;stock;8.19;22.11;8.19;22.11;56.86;ESTAVEL
2016-10-10;1476057600000;MNDL3.SA;9.56;9.56;9.06;9.06;9.06;1600;stock;8.2;10.51;8.2;10.51;46.29;ESTAVEL
2016-10-11;1476144000000;MNDL3.SA;9.06;9.06;9.06;9.06;9.06;0;stock;8.21;10.4;8.21;10.4;46.29;ESTAVEL
2016-10-13;1476316800000;MNDL3.SA;9.02;9.02;9.01;9.01;9.01;200;stock;8.21;9.68;8.21;9.68;45.76;ESTAVEL
2016-10-14;1476403200000;MNDL3.SA;9.01;9.01;9.01;9.01;9.01;0;stock;8.22;9.57;8.22;9.57;45.76;ESTAVEL
2016-10-17;1476662400000;MNDL3.SA;9.01;9.01;8.91;8.91;8.91;1300;stock;8.23;8.27;8.23;8.27;44.59;ESTAVEL
2016-10-18;1476748800000;MNDL3.SA;9.01;9.01;8.86;8.86;8.86;2100;stock;8.24;7.58;8.24;7.58;43.98;ESTAVEL
2016-10-19;1476835200000;MNDL3.SA;8.82;8.82;8.66;8.81;8.81;2100;stock;8.24;6.9;8.24;6.9;43.35;ESTAVEL
2016-10-20;1476921600000;MNDL3.SA;8.83;8.83;8.8;8.8;8.8;1600;stock;8.25;6.7;8.25;6.7;43.21;ESTAVEL
2016-10-21;1477008000000;MNDL3.SA;8.8;8.8;8.8;8.8;8.8;0;stock;8.25;6.63;8.25;6.63;43.21;ESTAVEL
2016-10-24;1477267200000;MNDL3.SA;8.8;9.0;8.8;9.0;9.0;1100;stock;8.26;8.96;8.26;8.96;47.02;ESTAVEL
2016-10-25;1477353600000;MNDL3.SA;8.9;8.95;8.9;8.95;8.95;1000;stock;8.27;8.26;8.27;8.26;46.19;ESTAVEL
2016-10-26;1477440000000;MNDL3.SA;8.95;9.0;8.95;9.0;9.0;14500;stock;8.27;8.77;8.27;8.77;47.2;ESTAVEL
2016-10-27;1477526400000;MNDL3.SA;9.37;9.91;9.37;9.91;9.91;1400;stock;8.29;19.54;8.29;19.54;61.4;ESTAVEL
2016-10-28;1477612800000;MNDL3.SA;9.99;10.1;9.11;10.1;10.1;3700;stock;8.31;21.56;8.31;21.56;63.6;ESTAVEL
2016-10-31;1477872000000;MNDL3.SA;10.09;10.09;10.09;10.09;10.09;200;stock;8.33;21.18;8.33;21.18;63.39;ESTAVEL
2016-11-01;1477958400000;MNDL3.SA;10.1;10.75;10.0;10.45;10.45;1900;stock;8.35;25.19;8.35;25.19;67.46;ESTAVEL
2016-11-03;1478131200000;MNDL3.SA;10.3;10.3;10.3;10.3;10.3;5700;stock;8.37;23.11;8.37;23.11;64.25;ESTAVEL
2016-11-04;1478217600000;MNDL3.SA;10.35;10.45;10.34;10.4;10.4;2100;stock;8.39;24.0;8.39;24.0;65.43;ESTAVEL
2016-11-07;1478476800000;MNDL3.SA;10.84;10.87;10.84;10.87;10.87;500;stock;8.41;29.23;8.41;29.22;70.37;CAIR
2016-11-08;1478563200000;MNDL3.SA;11.04;11.1;11.0;11.1;11.1;400;stock;8.44;31.54;8.44;31.54;72.45;CAIR
2016-11-09;1478649600000;MNDL3.SA;11.09;11.1;11.09;11.1;11.1;600;stock;8.46;31.13;8.46;31.13;72.45;CAIR
2016-11-10;1478736000000;MNDL3.SA;11.47;11.47;11.2;11.2;11.2;700;stock;8.49;31.89;8.49;31.89;73.39;CAIR
2016-11-11;1478822400000;MNDL3.SA;11.2;11.2;11.2;11.2;11.2;200;stock;8.52;31.47;8.52;31.47;73.39;CAIR
2016-11-14;1479081600000;MNDL3.SA;11.9;11.9;11.9;11.9;11.9;100;stock;8.55;39.14;8.55;39.14;79.16;CAIR
2016-11-16;1479254400000;MNDL3.SA;11.9;11.9;11.9;11.9;11.9;0;stock;8.59;38.6;8.59;38.6;79.16;CAIR
2016-11-17;1479340800000;MNDL3.SA;11.0;11.0;11.0;11.0;11.0;500;stock;8.61;27.76;8.61;27.76;59.82;ESTAVEL
2016-11-18;1479427200000;MNDL3.SA;11.0;11.0;11.0;11.0;11.0;200;stock;8.63;27.41;8.63;27.41;59.82;ESTAVEL
2016-11-21;1479686400000;MNDL3.SA;11.0;11.4;11.0;11.0;11.0;2400;stock;8.66;27.06;8.66;27.06;59.82;ESTAVEL
2016-11-22;1479772800000;MNDL3.SA;11.0;11.01;10.79;10.79;10.79;3000;stock;8.68;24.33;8.68;24.33;55.84;ESTAVEL
2016-11-23;1479859200000;MNDL3.SA;10.7;11.2;10.64;11.2;11.2;3200;stock;8.7;28.68;8.7;28.68;61.25;ESTAVEL
2016-11-24;1479945600000;MNDL3.SA;11.2;11.2;11.2;11.2;11.2;0;stock;8.73;28.32;8.73;28.32;61.25;ESTAVEL
2016-11-25;1480032000000;MNDL3.SA;10.75;10.75;10.51;10.51;10.51;1200;stock;8.75;20.17;8.75;20.17;49.42;ESTAVEL
2016-11-28;1480291200000;MNDL3.SA;10.6;10.6;10.6;10.6;10.6;100;stock;8.76;20.94;8.76;20.94;50.76;ESTAVEL
2016-11-29;1480377600000;MNDL3.SA;10.6;10.6;10.6;10.6;10.6;0;stock;8.78;20.69;8.78;20.69;50.76;ESTAVEL
2016-11-30;1480464000000;MNDL3.SA;10.6;10.6;10.6;10.6;10.6;0;stock;8.8;20.44;8.8;20.44;50.76;ESTAVEL
2016-12-01;1480550400000;MNDL3.SA;10.6;10.6;10.6;10.6;10.6;100;stock;8.82;20.2;8.82;20.2;50.76;ESTAVEL
2016-12-02;1480636800000;MNDL3.SA;10.5;10.5;10.5;10.5;10.5;100;stock;8.84;18.84;8.84;18.84;48.83;ESTAVEL
2016-12-05;1480896000000;MNDL3.SA;10.5;10.5;10.5;10.5;10.5;400;stock;8.85;18.61;8.85;18.61;48.83;ESTAVEL
2016-12-06;1480982400000;MNDL3.SA;10.5;10.5;10.5;10.5;10.5;300;stock;8.87;18.4;8.87;18.4;48.83;ESTAVEL
2016-12-07;1481068800000;MNDL3.SA;10.5;10.5;10.5;10.5;10.5;0;stock;8.88;18.18;8.88;18.18;48.83;ESTAVEL
2016-12-08;1481155200000;MNDL3.SA;10.5;10.5;10.5;10.5;10.5;100;stock;8.9;17.97;8.9;17.97;48.83;ESTAVEL
2016-12-09;1481241600000;MNDL3.SA;10.48;10.48;10.48;10.48;10.48;400;stock;8.92;17.53;8.92;17.53;48.3;ESTAVEL
2016-12-12;1481500800000;MNDL3.SA;10.48;10.48;10.48;10.48;10.48;0;stock;8.93;17.33;8.93;17.33;48.3;ESTAVEL
2016-12-13;1481587200000;MNDL3.SA;11.47;11.47;11.46;11.46;11.46;200;stock;8.96;27.94;8.96;27.94;68.06;ESTAVEL
2016-12-14;1481673600000;MNDL3.SA;11.46;11.46;11.46;11.46;11.46;0;stock;8.98;27.59;8.98;27.59;68.06;ESTAVEL
2016-12-15;1481760000000;MNDL3.SA;11.46;11.46;11.46;11.46;11.46;0;stock;9.01;27.24;9.01;27.24;68.06;ESTAVEL
2016-12-16;1481846400000;MNDL3.SA;11.46;11.46;11.46;11.46;11.46;0;stock;9.03;26.89;9.03;26.89;68.06;ESTAVEL
2016-12-19;1482105600000;MNDL3.SA;11.46;11.46;11.46;11.46;11.46;0;stock;9.06;26.55;9.06;26.55;68.06;ESTAVEL
2016-12-20;1482192000000;MNDL3.SA;11.46;11.46;11.46;11.46;11.46;0;stock;9.08;26.22;9.08;26.22;68.06;ESTAVEL
2016-12-21;1482278400000;MNDL3.SA;11.0;11.0;11.0;11.0;11.0;200;stock;9.1;20.9;9.1;20.9;53.18;ESTAVEL
2016-12-22;1482364800000;MNDL3.SA;11.0;11.0;11.0;11.0;11.0;0;stock;9.12;20.65;9.12;20.65;53.18;ESTAVEL
2016-12-23;1482451200000;MNDL3.SA;11.0;11.0;11.0;11.0;11.0;200;stock;9.14;20.4;9.14;20.4;53.18;ESTAVEL
2016-12-26;1482710400000;MNDL3.SA;10.51;10.8;10.51;10.8;10.8;3800;stock;9.15;18.0;9.15;18.0;47.53;ESTAVEL
2016-12-27;1482796800000;MNDL3.SA;10.52;10.52;10.52;10.52;10.52;100;stock;9.17;14.77;9.17;14.77;40.98;ESTAVEL
2016-12-28;1482883200000;MNDL3.SA;10.52;10.52;10.52;10.52;10.52;0;stock;9.18;14.6;9.18;14.6;40.98;ESTAVEL
2016-12-29;1482969600000;MNDL3.SA;10.51;10.51;10.48;10.48;10.48;500;stock;9.19;14.0;9.19;14.0;40.06;ESTAVEL
2017-01-02;1483315200000;MNDL3.SA;10.8;10.8;10.8;10.8;10.8;900;stock;9.21;17.28;9.21;17.28;49.74;ESTAVEL
2017-01-03;1483401600000;MNDL3.SA;10.99;11.39;10.99;11.39;11.39;500;stock;9.23;23.4;9.23;23.4;61.94;ESTAVEL
2017-01-04;1483488000000;MNDL3.SA;11.29;11.85;11.29;11.85;11.85;1800;stock;9.26;28.02;9.26;28.02;68.38;ESTAVEL
2017-01-05;1483574400000;MNDL3.SA;11.85;11.85;11.85;11.85;11.85;0;stock;9.28;27.66;9.28;27.66;68.38;ESTAVEL
2017-01-06;1483660800000;MNDL3.SA;11.85;11.85;11.85;11.85;11.85;0;stock;9.31;27.31;9.31;27.31;68.38;ESTAVEL
2017-01-09;1483920000000;MNDL3.SA;11.85;11.85;11.85;11.85;11.85;0;stock;9.33;26.97;9.33;26.97;68.38;ESTAVEL
2017-01-10;1484006400000;MNDL3.SA;11.85;11.85;11.85;11.85;11.85;0;stock;9.36;26.63;9.36;26.63;68.38;ESTAVEL
2017-01-11;1484092800000;MNDL3.SA;10.52;10.53;10.52;10.53;10.53;400;stock;9.37;12.38;9.37;12.38;40.14;ESTAVEL
2017-01-12;1484179200000;MNDL3.SA;11.1;11.5;11.0;11.0;11.0;1900;stock;9.39;17.2;9.39;17.2;48.32;ESTAVEL
2017-01-13;1484265600000;MNDL3.SA;11.2;11.3;11.2;11.3;11.3;600;stock;9.41;20.15;9.41;20.15;52.76;ESTAVEL
2017-01-16;1484524800000;MNDL3.SA;11.3;11.3;11.3;11.3;11.3;0;stock;9.42;19.91;9.42;19.91;52.76;ESTAVEL
2017-01-17;1484611200000;MNDL3.SA;11.2;11.5;11.2;11.5;11.5;400;stock;9.44;21.76;9.44;21.76;55.7;ESTAVEL
2017-01-18;1484697600000;MNDL3.SA;11.5;11.69;11.5;11.6;11.6;2100;stock;9.47;22.54;9.47;22.54;57.14;ESTAVEL
2017-01-19;1484784000000;MNDL3.SA;11.6;11.6;11.6;11.6;11.6;0;stock;9.49;22.27;9.49;22.27;57.14;ESTAVEL
2017-01-20;1484870400000;MNDL3.SA;11.77;11.8;11.77;11.8;11.8;400;stock;9.51;24.08;9.51;24.08;60.14;ESTAVEL
2017-01-23;1485129600000;MNDL3.SA;11.8;11.8;11.8;11.8;11.8;0;stock;9.53;23.78;9.53;23.78;60.14;ESTAVEL
2017-01-24;1485216000000;MNDL3.SA;11.31;11.89;11.31;11.89;11.89;500;stock;9.56;24.42;9.56;24.42;61.55;ESTAVEL
2017-01-26;1485388800000;MNDL3.SA;11.8;14.0;11.8;13.0;13.0;12500;stock;9.59;35.55;9.59;35.55;73.81;CAIR
2017-01-27;1485475200000;MNDL3.SA;12.01;13.33;12.0;13.33;13.33;400;stock;9.63;38.45;9.63;38.45;76.23;CAIR
2017-01-30;1485734400000;MNDL3.SA;12.05;12.05;12.03;12.03;12.03;400;stock;9.65;24.64;9.65;24.64;54.73;ESTAVEL
2017-01-31;1485820800000;MNDL3.SA;12.03;12.03;12.03;12.03;12.03;0;stock;9.68;24.33;9.68;24.33;54.73;ESTAVEL
2017-02-01;1485907200000;MNDL3.SA;12.03;12.03;12.01;12.01;12.01;1400;stock;9.7;23.83;9.7;23.83;54.45;ESTAVEL
2017-02-02;1485993600000;MNDL3.SA;12.01;12.01;12.01;12.01;12.01;700;stock;9.72;23.54;9.72;23.54;54.45;ESTAVEL
2017-02-03;1486080000000;MNDL3.SA;12.02;12.02;12.02;12.02;12.02;100;stock;9.74;23.35;9.74;23.35;54.58;ESTAVEL
2017-02-06;1486339200000;MNDL3.SA;12.01;12.01;12.01;12.01;12.01;4100;stock;9.77;22.96;9.77;22.96;54.42;ESTAVEL
2017-02-07;1486425600000;MNDL3.SA;12.01;12.01;12.01;12.01;12.01;400;stock;9.79;22.68;9.79;22.68;54.42;ESTAVEL
2017-02-08;1486512000000;MNDL3.SA;12.01;12.01;12.0;12.0;12.0;600;stock;9.81;22.31;9.81;22.31;54.22;ESTAVEL
2017-02-09;1486598400000;MNDL3.SA;12.0;12.0;12.0;12.0;12.0;0;stock;9.83;22.03;9.83;22.03;54.22;ESTAVEL
2017-02-10;1486684800000;MNDL3.SA;12.0;12.0;12.0;12.0;12.0;0;stock;9.85;21.77;9.85;21.77;54.22;ESTAVEL
2017-02-13;1486944000000;MNDL3.SA;12.0;12.0;12.0;12.0;12.0;0;stock;9.88;21.5;9.88;21.5;54.22;ESTAVEL
2017-02-14;1487030400000;MNDL3.SA;12.03;12.03;12.03;12.03;12.03;1200;stock;9.9;21.54;9.9;21.54;54.87;ESTAVEL
2017-02-15;1487116800000;MNDL3.SA;12.03;12.03;12.03;12.03;12.03;600;stock;9.92;21.28;9.92;21.28;54.87;ESTAVEL
2017-02-16;1487203200000;MNDL3.SA;12.05;12.05;12.03;12.03;12.03;600;stock;9.94;21.03;9.94;21.03;54.87;ESTAVEL
2017-02-17;1487289600000;MNDL3.SA;12.12;12.12;12.03;12.03;12.03;200;stock;9.96;20.78;9.96;20.78;54.87;ESTAVEL
2017-02-20;1487548800000;MNDL3.SA;12.03;12.03;12.03;12.03;12.03;0;stock;9.98;20.53;9.98;20.53;54.87;ESTAVEL
2017-02-21;1487635200000;MNDL3.SA;12.03;12.03;12.0;12.0;12.0;3100;stock;10.0;19.98;10.0;19.98;53.76;ESTAVEL
2017-02-22;1487721600000;MNDL3.SA;11.89;11.89;11.85;11.85;11.85;5000;stock;10.02;18.27;10.02;18.27;48.47;ESTAVEL
2017-02-23;1487808000000;MNDL3.SA;12.8;12.8;12.8;12.8;12.8;900;stock;10.05;27.4;10.05;27.4;69.17;ESTAVEL
2017-02-24;1487894400000;MNDL3.SA;12.8;12.8;12.8;12.8;12.8;0;stock;10.07;27.05;10.07;27.05;69.17;ESTAVEL
2017-03-01;1488326400000;MNDL3.SA;12.8;12.8;12.8;12.8;12.8;0;stock;10.1;26.71;10.1;26.71;69.17;ESTAVEL
2017-03-02;1488412800000;MNDL3.SA;12.5;12.5;12.5;12.5;12.5;100;stock;10.13;23.45;10.13;23.45;59.71;ESTAVEL
2017-03-03;1488499200000;MNDL3.SA;12.01;12.01;12.0;12.01;12.01;400;stock;10.14;18.39;10.14;18.39;48.13;ESTAVEL
2017-03-06;1488758400000;MNDL3.SA;12.01;12.01;12.01;12.01;12.01;0;stock;10.16;18.17;10.16;18.17;48.13;ESTAVEL
2017-03-07;1488844800000;MNDL3.SA;12.05;12.05;12.05;12.05;12.05;3000;stock;10.18;18.35;10.18;18.35;49.07;ESTAVEL
2017-03-08;1488931200000;MNDL3.SA;12.05;12.05;12.05;12.05;12.05;300;stock;10.2;18.13;10.2;18.13;49.07;ESTAVEL
2017-03-09;1489017600000;MNDL3.SA;12.05;12.05;12.05;12.05;12.05;1000;stock;10.22;17.92;10.22;17.92;49.07;ESTAVEL
2017-03-10;1489104000000;MNDL3.SA;12.05;12.05;12.05;12.05;12.05;600;stock;10.24;17.71;10.24;17.71;49.07;ESTAVEL
2017-03-13;1489363200000;MNDL3.SA;11.85;11.9;11.85;11.9;11.9;200;stock;10.25;16.06;10.25;16.06;44.98;ESTAVEL
2017-03-14;1489449600000;MNDL3.SA;11.91;11.91;11.91;11.91;11.91;3000;stock;10.27;15.97;10.27;15.97;45.3;ESTAVEL
2017-03-15;1489536000000;MNDL3.SA;11.91;11.91;11.91;11.91;11.91;8000;stock;10.29;15.78;10.29;15.78;45.3;ESTAVEL
2017-03-16;1489622400000;MNDL3.SA;11.95;11.95;11.95;11.95;11.95;600;stock;10.3;15.99;10.3;15.99;46.77;ESTAVEL
2017-03-17;1489708800000;MNDL3.SA;11.95;11.95;11.95;11.95;11.95;100;stock;10.32;15.8;10.32;15.8;46.77;ESTAVEL
2017-03-20;1489968000000;MNDL3.SA;11.95;13.4;11.9;13.4;13.4;800;stock;10.35;29.47;10.35;29.47;75.0;CAIR
2017-03-21;1490054400000;MNDL3.SA;11.9;12.5;11.9;11.96;11.96;1800;stock;10.37;15.38;10.37;15.38;47.86;ESTAVEL
2017-03-22;1490140800000;MNDL3.SA;12.7;12.8;12.7;12.8;12.8;200;stock;10.39;23.19;10.39;23.19;57.52;ESTAVEL
2017-03-23;1490227200000;MNDL3.SA;12.5;12.85;12.05;12.05;12.05;2300;stock;10.41;15.79;10.41;15.79;48.82;ESTAVEL
2017-03-24;1490313600000;MNDL3.SA;12.05;12.05;12.05;12.05;12.05;0;stock;10.42;15.61;10.42;15.61;48.82;ESTAVEL
2017-03-27;1490572800000;MNDL3.SA;12.1;12.1;12.1;12.1;12.1;100;stock;10.44;15.9;10.44;15.9;49.41;ESTAVEL
2017-03-28;1490659200000;MNDL3.SA;12.5;12.84;12.49;12.84;12.84;2700;stock;10.46;22.71;10.46;22.71;57.28;ESTAVEL
2017-03-29;1490745600000;MNDL3.SA;12.05;12.05;12.05;12.05;12.05;600;stock;10.48;14.99;10.48;14.99;48.59;ESTAVEL
2017-03-30;1490832000000;MNDL3.SA;12.05;12.05;12.05;12.05;12.05;700;stock;10.5;14.82;10.5;14.82;48.59;ESTAVEL
2017-03-31;1490918400000;MNDL3.SA;12.05;12.05;12.05;12.05;12.05;0;stock;10.51;14.65;10.51;14.65;48.59;ESTAVEL
2017-04-03;1491177600000;MNDL3.SA;12.05;12.05;12.05;12.05;12.05;0;stock;10.53;14.48;10.53;14.48;48.59;ESTAVEL
2017-04-04;1491264000000;MNDL3.SA;12.05;12.05;12.05;12.05;12.05;0;stock;10.54;14.32;10.54;14.32;48.59;ESTAVEL
2017-04-05;1491350400000;MNDL3.SA;12.05;12.05;12.05;12.05;12.05;0;stock;10.56;14.15;10.56;14.15;48.59;ESTAVEL
2017-04-06;1491436800000;MNDL3.SA;12.05;12.05;12.05;12.05;12.05;100;stock;10.57;13.99;10.57;13.99;48.59;ESTAVEL
2017-04-07;1491523200000;MNDL3.SA;12.05;12.05;12.05;12.05;12.05;100;stock;10.59;13.83;10.59;13.83;48.59;ESTAVEL
2017-04-10;1491782400000;MNDL3.SA;12.0;12.0;12.0;12.0;12.0;1200;stock;10.6;13.21;10.6;13.21;47.76;ESTAVEL
2017-04-11;1491868800000;MNDL3.SA;12.0;12.5;12.0;12.5;12.5;8200;stock;10.62;17.72;10.62;17.72;55.87;ESTAVEL
2017-04-12;1491955200000;MNDL3.SA;12.65;12.65;12.65;12.65;12.65;200;stock;10.64;18.9;10.64;18.9;57.98;ESTAVEL
2017-04-13;1492041600000;MNDL3.SA;12.65;12.75;12.0;12.7;12.7;7600;stock;10.66;19.14;10.66;19.14;58.69;ESTAVEL
2017-04-17;1492387200000;MNDL3.SA;12.67;12.68;12.67;12.67;12.67;18300;stock;10.68;18.64;10.68;18.64;58.06;ESTAVEL
2017-04-18;1492473600000;MNDL3.SA;12.85;12.99;12.85;12.99;12.99;600;stock;10.7;21.38;10.7;21.38;62.68;ESTAVEL
2017-04-19;1492560000000;MNDL3.SA;12.9;13.0;12.9;13.0;13.0;4500;stock;10.73;21.21;10.73;21.21;62.82;ESTAVEL
2017-04-20;1492646400000;MNDL3.SA;12.93;13.0;12.9;12.9;12.9;1400;stock;10.75;20.04;10.75;20.04;60.41;ESTAVEL
2017-04-24;1492992000000;MNDL3.SA;12.9;12.9;12.9;12.9;12.9;200;stock;10.77;19.8;10.77;19.8;60.41;ESTAVEL
2017-04-25;1493078400000;MNDL3.SA;12.98;12.98;12.98;12.98;12.98;400;stock;10.79;20.29;10.79;20.29;61.77;ESTAVEL
2017-04-26;1493164800000;MNDL3.SA;12.96;13.01;12.96;13.01;13.01;7100;stock;10.81;20.33;10.81;20.33;62.29;ESTAVEL
2017-04-27;1493251200000;MNDL3.SA;13.16;13.16;13.16;13.16;13.16;1600;stock;10.84;21.45;10.84;21.45;64.87;ESTAVEL
2017-04-28;1493337600000;MNDL3.SA;13.05;13.3;13.0;13.0;13.0;1700;stock;10.86;19.74;10.86;19.74;60.14;ESTAVEL
2017-05-02;1493683200000;MNDL3.SA;13.0;13.0;13.0;13.0;13.0;0;stock;10.88;19.5;10.88;19.5;60.14;ESTAVEL
2017-05-03;1493769600000;MNDL3.SA;13.29;13.29;13.29;13.29;13.29;2100;stock;10.9;21.9;10.9;21.9;65.44;ESTAVEL
2017-05-04;1493856000000;MNDL3.SA;13.29;13.29;13.29;13.29;13.29;0;stock;10.93;21.63;10.93;21.63;65.44;ESTAVEL
2017-05-05;1493942400000;MNDL3.SA;12.8;13.14;12.3;12.3;12.3;2000;stock;10.94;12.43;10.94;12.43;42.88;ESTAVEL
2017-05-08;1494201600000;MNDL3.SA;12.99;13.18;12.8;12.8;12.8;1100;stock;10.96;16.8;10.96;16.8;51.9;ESTAVEL
2017-05-09;1494288000000;MNDL3.SA;12.8;12.8;12.8;12.8;12.8;0;stock;10.98;16.61;10.98;16.61;51.9;ESTAVEL
2017-05-10;1494374400000;MNDL3.SA;12.9;12.9;12.9;12.9;12.9;9500;stock;11.0;17.32;11.0;17.32;53.6;ESTAVEL
2017-05-11;1494460800000;MNDL3.SA;12.9;12.9;12.9;12.9;12.9;300;stock;11.01;17.11;11.01;17.11;53.6;ESTAVEL
2017-05-12;1494547200000;MNDL3.SA;12.9;13.35;12.9;13.35;13.35;18200;stock;11.04;20.94;11.04;20.94;60.82;ESTAVEL
2017-05-15;1494806400000;MNDL3.SA;13.7;14.78;13.7;14.78;14.78;900;stock;11.08;33.45;11.08;33.45;74.44;CAIR
2017-05-16;1494892800000;MNDL3.SA;14.8;14.8;14.75;14.75;14.75;200;stock;11.11;32.74;11.11;32.74;73.86;CAIR
2017-05-17;1494979200000;MNDL3.SA;13.9;13.94;13.9;13.94;13.94;300;stock;11.14;25.13;11.14;25.13;60.22;ESTAVEL
2017-05-18;1495065600000;MNDL3.SA;13.49;13.49;12.5;12.5;12.5;1300;stock;11.15;12.07;11.15;12.07;44.48;ESTAVEL
2017-05-19;1495152000000;MNDL3.SA;13.48;13.48;13.48;13.48;13.48;100;stock;11.18;20.61;11.18;20.61;53.41;ESTAVEL
2017-05-22;1495411200000;MNDL3.SA;13.48;13.49;13.48;13.49;13.49;19400;stock;11.2;20.45;11.2;20.45;53.49;ESTAVEL
2017-05-23;1495497600000;MNDL3.SA;13.49;13.49;13.49;13.49;13.49;2000;stock;11.22;20.2;11.22;20.2;53.49;ESTAVEL
2017-05-24;1495584000000;MNDL3.SA;13.48;13.49;13.48;13.49;13.49;900;stock;11.25;19.96;11.25;19.96;53.49;ESTAVEL
2017-05-25;1495670400000;MNDL3.SA;13.98;13.99;13.01;13.99;13.99;2500;stock;11.27;24.11;11.27;24.11;58.1;ESTAVEL
2017-05-26;1495756800000;MNDL3.SA;13.99;13.99;13.99;13.99;13.99;0;stock;11.3;23.81;11.3;23.81;58.1;ESTAVEL
2017-05-29;1496016000000;MNDL3.SA;13.99;13.99;13.99;13.99;13.99;0;stock;11.33;23.52;11.33;23.52;58.1;ESTAVEL
2017-05-30;1496102400000;MNDL3.SA;13.99;13.99;13.99;13.99;13.99;0;stock;11.35;23.23;11.35;23.23;58.1;ESTAVEL
2017-05-31;1496188800000;MNDL3.SA;13.0;13.0;13.0;13.0;13.0;300;stock;11.37;14.34;11.37;14.34;45.96;ESTAVEL
2017-06-01;1496275200000;MNDL3.SA;13.01;14.02;13.0;14.02;14.02;4100;stock;11.4;23.03;11.4;23.03;56.13;ESTAVEL
2017-06-02;1496361600000;MNDL3.SA;14.02;14.02;14.02;14.02;14.02;0;stock;11.42;22.75;11.42;22.75;56.13;ESTAVEL
2017-06-05;1496620800000;MNDL3.SA;14.02;14.02;14.02;14.02;14.02;0;stock;11.45;22.47;11.45;22.47;56.13;ESTAVEL
2017-06-06;1496707200000;MNDL3.SA;14.02;14.02;14.02;14.02;14.02;0;stock;11.47;22.2;11.47;22.2;56.13;ESTAVEL
2017-06-07;1496793600000;MNDL3.SA;14.02;14.02;14.02;14.02;14.02;0;stock;11.5;21.93;11.5;21.93;56.13;ESTAVEL
2017-06-08;1496880000000;MNDL3.SA;13.0;13.94;13.0;13.94;13.94;500;stock;11.52;20.98;11.52;20.98;54.96;ESTAVEL
2017-06-09;1496966400000;MNDL3.SA;13.02;13.02;13.0;13.0;13.0;300;stock;11.54;12.68;11.54;12.68;43.45;ESTAVEL
2017-06-12;1497225600000;MNDL3.SA;13.0;13.0;13.0;13.0;13.0;0;stock;11.55;12.53;11.55;12.53;43.45;ESTAVEL
2017-06-13;1497312000000;MNDL3.SA;13.0;13.0;13.0;13.0;13.0;0;stock;11.57;12.39;11.57;12.39;43.45;ESTAVEL
2017-06-14;1497398400000;MNDL3.SA;13.0;13.0;13.0;13.0;13.0;0;stock;11.58;12.26;11.58;12.26;43.45;ESTAVEL
2017-06-15;1497484800000;MNDL3.SA;13.0;13.0;13.0;13.0;13.0;0;stock;11.59;12.12;11.59;12.12;43.45;ESTAVEL
2017-06-16;1497571200000;MNDL3.SA;13.9;13.9;13.9;13.9;13.9;100;stock;11.62;19.64;11.62;19.64;56.18;ESTAVEL
2017-06-19;1497830400000;MNDL3.SA;13.9;13.9;13.9;13.9;13.9;0;stock;11.64;19.41;11.64;19.41;56.18;ESTAVEL
2017-06-20;1497916800000;MNDL3.SA;13.9;13.9;13.9;13.9;13.9;0;stock;11.66;19.18;11.66;19.18;56.18;ESTAVEL
2017-06-21;1498003200000;MNDL3.SA;13.9;13.9;13.9;13.9;13.9;0;stock;11.69;18.95;11.69;18.95;56.18;ESTAVEL
2017-06-22;1498089600000;MNDL3.SA;13.9;13.9;13.9;13.9;13.9;0;stock;11.71;18.73;11.71;18.73;56.18;ESTAVEL
2017-06-23;1498176000000;MNDL3.SA;13.0;13.05;13.0;13.04;13.04;1100;stock;11.72;11.26;11.72;11.26;42.83;ESTAVEL
2017-06-26;1498435200000;MNDL3.SA;13.3;13.3;13.3;13.3;13.3;100;stock;11.74;13.32;11.74;13.32;46.94;ESTAVEL
2017-06-27;1498521600000;MNDL3.SA;13.3;13.3;13.3;13.3;13.3;0;stock;11.75;13.17;11.75;13.17;46.94;ESTAVEL
2017-06-28;1498608000000;MNDL3.SA;13.3;13.3;13.3;13.3;13.3;0;stock;11.77;13.03;11.77;13.03;46.94;ESTAVEL
2017-06-29;1498694400000;MNDL3.SA;12.9;12.9;12.9;12.9;12.9;1000;stock;11.78;9.52;11.78;9.52;41.25;ESTAVEL
2017-06-30;1498780800000;MNDL3.SA;12.85;13.25;12.85;13.25;13.25;2300;stock;11.79;12.35;11.79;12.35;47.27;ESTAVEL
2017-07-03;1499040000000;MNDL3.SA;13.2;13.25;13.2;13.25;13.25;4900;stock;11.81;12.22;11.81;12.22;47.27;ESTAVEL
2017-07-04;1499126400000;MNDL3.SA;13.25;13.25;13.25;13.25;13.25;6000;stock;11.82;12.08;11.82;12.08;47.27;ESTAVEL
2017-07-05;1499212800000;MNDL3.SA;13.25;13.3;13.2;13.3;13.3;4300;stock;11.84;12.36;11.84;12.36;48.22;ESTAVEL
2017-07-06;1499299200000;MNDL3.SA;13.3;13.3;13.3;13.3;13.3;0;stock;11.85;12.23;11.85;12.23;48.22;ESTAVEL
2017-07-07;1499385600000;MNDL3.SA;13.3;13.3;13.3;13.3;13.3;1800;stock;11.87;12.09;11.87;12.09;48.22;ESTAVEL
2017-07-10;1499644800000;MNDL3.SA;13.5;13.8;13.5;13.8;13.8;900;stock;11.88;16.11;11.88;16.11;57.71;ESTAVEL
2017-07-11;1499731200000;MNDL3.SA;13.8;13.8;13.8;13.8;13.8;0;stock;11.9;15.93;11.9;15.93;57.71;ESTAVEL
2017-07-12;1499817600000;MNDL3.SA;13.8;13.8;13.8;13.8;13.8;0;stock;11.92;15.75;11.92;15.74;57.71;ESTAVEL
2017-07-13;1499904000000;MNDL3.SA;13.8;13.8;13.8;13.8;13.8;0;stock;11.94;15.56;11.94;15.56;57.71;ESTAVEL
2017-07-14;1499990400000;MNDL3.SA;14.0;14.48;14.0;14.48;14.48;1400;stock;11.97;21.0;11.97;21.0;68.32;ESTAVEL
2017-07-17;1500249600000;MNDL3.SA;14.48;14.48;14.48;14.48;14.48;0;stock;11.99;20.75;11.99;20.75;68.32;ESTAVEL
2017-07-18;1500336000000;MNDL3.SA;14.48;14.48;14.48;14.48;14.48;0;stock;12.02;20.5;12.02;20.5;68.32;ESTAVEL
2017-07-19;1500422400000;MNDL3.SA;14.0;14.0;14.0;14.0;14.0;100;stock;12.04;16.32;12.04;16.32;55.94;ESTAVEL
2017-07-20;1500508800000;MNDL3.SA;14.0;14.0;14.0;14.0;14.0;0;stock;12.06;16.13;12.06;16.13;55.94;ESTAVEL
2017-07-21;1500595200000;MNDL3.SA;14.0;14.0;14.0;14.0;14.0;0;stock;12.08;15.94;12.08;15.94;55.94;ESTAVEL
2017-07-24;1500854400000;MNDL3.SA;14.0;14.0;14.0;14.0;14.0;0;stock;12.09;15.76;12.09;15.76;55.94;ESTAVEL
2017-07-25;1500940800000;MNDL3.SA;14.3;14.48;14.0;14.48;14.48;1000;stock;12.12;19.49;12.12;19.49;64.58;ESTAVEL
2017-07-26;1501027200000;MNDL3.SA;14.0;14.85;14.0;14.85;14.85;1700;stock;12.15;22.27;12.15;22.27;69.53;ESTAVEL
2017-07-27;1501113600000;MNDL3.SA;14.85;14.85;14.85;14.85;14.85;0;stock;12.17;22.0;12.17;22.0;69.53;ESTAVEL
2017-07-28;1501200000000;MNDL3.SA;14.83;14.9;14.83;14.9;14.9;300;stock;12.2;22.14;12.2;22.14;70.19;CAIR
2017-07-31;1501459200000;MNDL3.SA;14.9;14.9;14.9;14.9;14.9;0;stock;12.23;21.87;12.23;21.87;70.19;CAIR
2017-08-01;1501545600000;MNDL3.SA;14.9;14.9;14.9;14.9;14.9;0;stock;12.25;21.61;12.25;21.61;70.19;CAIR
2017-08-02;1501632000000;MNDL3.SA;14.9;14.9;14.9;14.9;14.9;0;stock;12.28;21.34;12.28;21.34;70.19;CAIR
2017-08-03;1501718400000;MNDL3.SA;14.5;14.5;14.5;14.5;14.5;500;stock;12.3;17.88;12.3;17.88;57.02;ESTAVEL
2017-08-04;1501804800000;MNDL3.SA;14.5;14.5;14.5;14.5;14.5;0;stock;12.32;17.67;12.32;17.67;57.02;ESTAVEL
2017-08-07;1502064000000;MNDL3.SA;14.13;14.13;14.13;14.13;14.13;800;stock;12.34;14.5;12.34;14.5;47.47;ESTAVEL
2017-08-08;1502150400000;MNDL3.SA;14.76;14.76;14.68;14.68;14.68;700;stock;12.36;18.73;12.36;18.73;58.58;ESTAVEL
2017-08-09;1502236800000;MNDL3.SA;14.89;14.9;14.88;14.88;14.88;700;stock;12.39;20.1;12.39;20.1;61.74;ESTAVEL
2017-08-10;1502323200000;MNDL3.SA;14.88;14.88;14.88;14.88;14.88;0;stock;12.41;19.86;12.41;19.86;61.74;ESTAVEL
2017-08-11;1502409600000;MNDL3.SA;14.88;14.88;14.88;14.88;14.88;0;stock;12.44;19.63;12.44;19.63;61.74;ESTAVEL
2017-08-14;1502668800000;MNDL3.SA;14.97;14.98;14.97;14.98;14.98;300;stock;12.46;20.19;12.46;20.19;63.49;ESTAVEL
2017-08-15;1502755200000;MNDL3.SA;14.99;15.5;14.99;15.5;15.5;6700;stock;12.49;24.06;12.49;24.06;70.91;CAIR
2017-08-16;1502841600000;MNDL3.SA;15.49;15.49;15.0;15.02;15.02;3800;stock;12.52;19.98;12.52;19.98;58.99;ESTAVEL
2017-08-17;1502928000000;MNDL3.SA;15.02;15.02;15.02;15.02;15.02;0;stock;12.54;19.74;12.54;19.74;58.99;ESTAVEL
2017-08-18;1503014400000;MNDL3.SA;15.1;15.1;15.1;15.1;15.1;500;stock;12.57;20.13;12.57;20.13;60.28;ESTAVEL
2017-08-21;1503273600000;MNDL3.SA;15.3;15.31;15.3;15.31;15.31;400;stock;12.6;21.54;12.6;21.54;63.53;ESTAVEL
2017-08-22;1503360000000;MNDL3.SA;15.33;15.99;15.33;15.99;15.99;1800;stock;12.63;26.6;12.63;26.6;71.61;CAIR
2017-08-23;1503446400000;MNDL3.SA;16.0;16.0;16.0;16.0;16.0;1000;stock;12.66;26.34;12.66;26.34;71.71;CAIR
2017-08-24;1503532800000;MNDL3.SA;16.0;16.0;16.0;16.0;16.0;0;stock;12.7;26.01;12.7;26.01;71.71;CAIR
2017-08-25;1503619200000;MNDL3.SA;16.0;16.0;16.0;16.0;16.0;0;stock;12.73;25.69;12.73;25.69;71.71;CAIR
2017-08-28;1503878400000;MNDL3.SA;16.0;16.0;16.0;16.0;16.0;0;stock;12.76;25.37;12.76;25.37;71.71;CAIR
2017-08-29;1503964800000;MNDL3.SA;15.97;16.0;15.97;16.0;16.0;900;stock;12.79;25.05;12.79;25.05;71.71;CAIR
2017-08-30;1504051200000;MNDL3.SA;16.0;16.0;16.0;16.0;16.0;100;stock;12.83;24.74;12.83;24.74;71.71;CAIR
2017-08-31;1504137600000;MNDL3.SA;17.0;17.0;16.0;16.0;16.0;200;stock;12.86;24.43;12.86;24.43;71.71;CAIR
2017-09-01;1504224000000;MNDL3.SA;17.5;17.5;17.5;17.5;17.5;100;stock;12.9;35.61;12.9;35.61;84.97;CAIR
2017-09-04;1504483200000;MNDL3.SA;17.5;17.5;17.5;17.5;17.5;0;stock;12.95;35.13;12.95;35.13;84.97;CAIR
2017-09-05;1504569600000;MNDL3.SA;17.5;17.5;17.5;17.5;17.5;0;stock;13.0;34.66;13.0;34.66;84.97;CAIR
2017-09-06;1504656000000;MNDL3.SA;15.0;16.0;15.0;15.9;15.9;2800;stock;13.02;22.08;13.02;22.08;52.31;ESTAVEL
2017-09-07;1504742400000;MNDL3.SA;15.9;15.9;15.9;15.9;15.9;0;stock;13.05;21.81;13.05;21.81;52.31;ESTAVEL
2017-09-08;1504828800000;MNDL3.SA;15.9;15.9;15.9;15.9;15.9;0;stock;13.08;21.55;13.08;21.55;52.31;ESTAVEL
2017-09-11;1505088000000;MNDL3.SA;16.0;16.59;16.0;16.59;16.59;700;stock;13.12;26.48;13.12;26.48;60.49;ESTAVEL
2017-09-12;1505174400000;MNDL3.SA;16.2;16.2;16.2;16.2;16.2;1300;stock;13.15;23.22;13.15;23.22;54.77;ESTAVEL
2017-09-13;1505260800000;MNDL3.SA;16.2;16.2;16.2;16.2;16.2;0;stock;13.18;22.94;13.18;22.94;54.77;ESTAVEL
2017-09-14;1505347200000;MNDL3.SA;17.0;17.0;17.0;17.0;17.0;1000;stock;13.22;28.64;13.22;28.64;63.08;ESTAVEL
2017-09-15;1505433600000;MNDL3.SA;17.87;17.87;17.5;17.5;17.5;200;stock;13.26;32.0;13.26;32.0;67.14;ESTAVEL
2017-09-18;1505692800000;MNDL3.SA;17.5;17.5;17.5;17.5;17.5;0;stock;13.3;31.58;13.3;31.58;67.14;ESTAVEL
2017-09-19;1505779200000;MNDL3.SA;17.5;17.5;17.5;17.5;17.5;0;stock;13.34;31.16;13.34;31.16;67.14;ESTAVEL
2017-09-20;1505865600000;MNDL3.SA;17.0;17.4;16.5;17.4;17.4;1000;stock;13.38;30.02;13.38;30.02;65.34;ESTAVEL
2017-09-21;1505952000000;MNDL3.SA;17.0;17.0;17.0;17.0;17.0;500;stock;13.42;26.69;13.42;26.69;58.59;ESTAVEL
2017-09-22;1506038400000;MNDL3.SA;16.8;17.88;16.8;17.88;17.88;4200;stock;13.46;32.81;13.46;32.81;66.73;ESTAVEL
2017-09-25;1506297600000;MNDL3.SA;17.35;17.35;17.35;17.35;17.35;1000;stock;13.5;28.5;13.5;28.5;59.19;ESTAVEL
2017-09-26;1506384000000;MNDL3.SA;17.99;17.99;17.78;17.8;17.8;800;stock;13.54;31.42;13.54;31.42;63.01;ESTAVEL
2017-09-27;1506470400000;MNDL3.SA;17.89;17.89;17.5;17.5;17.5;800;stock;13.58;28.83;13.58;28.83;59.04;ESTAVEL
2017-09-28;1506556800000;MNDL3.SA;17.6;17.6;17.6;17.6;17.6;300;stock;13.62;29.19;13.62;29.19;59.95;ESTAVEL
2017-09-29;1506643200000;MNDL3.SA;17.95;17.95;17.95;17.95;17.95;600;stock;13.67;31.34;13.67;31.34;63.03;ESTAVEL
2017-10-02;1506902400000;MNDL3.SA;18.0;18.0;17.98;18.0;18.0;7500;stock;13.71;31.29;13.71;31.29;63.46;ESTAVEL
2017-10-03;1506988800000;MNDL3.SA;18.0;18.45;18.0;18.45;18.45;4600;stock;13.76;34.11;13.76;34.11;67.19;ESTAVEL
2017-10-04;1507075200000;MNDL3.SA;18.6;19.0;18.6;18.7;18.7;2500;stock;13.81;35.45;13.81;35.45;69.07;ESTAVEL
2017-10-05;1507161600000;MNDL3.SA;18.7;18.7;18.7;18.7;18.7;0;stock;13.85;34.97;13.85;34.97;69.07;ESTAVEL
2017-10-06;1507248000000;MNDL3.SA;18.7;18.7;18.7;18.7;18.7;0;stock;13.9;34.5;13.9;34.5;69.07;ESTAVEL
2017-10-09;1507507200000;MNDL3.SA;18.7;19.5;18.7;19.5;19.5;1000;stock;13.96;39.7;13.96;39.7;74.85;CAIR
2017-10-10;1507593600000;MNDL3.SA;18.5;18.5;18.01;18.01;18.01;600;stock;14.0;28.65;14.0;28.65;54.45;ESTAVEL
2017-10-11;1507680000000;MNDL3.SA;19.5;19.5;18.02;19.5;19.5;1100;stock;14.05;38.75;14.05;38.75;64.78;ESTAVEL
2017-10-12;1507766400000;MNDL3.SA;19.5;19.5;19.5;19.5;19.5;0;stock;14.11;38.22;14.11;38.22;64.78;ESTAVEL
2017-10-13;1507852800000;MNDL3.SA;19.99;19.99;19.95;19.99;19.99;300;stock;14.17;41.11;14.17;41.11;67.59;ESTAVEL
2017-10-16;1508112000000;MNDL3.SA;19.99;19.99;19.99;19.99;19.99;0;stock;14.22;40.53;14.22;40.53;67.59;ESTAVEL
2017-10-17;1508198400000;MNDL3.SA;19.99;19.99;19.99;19.99;19.99;0;stock;14.28;39.97;14.28;39.97;67.59;ESTAVEL
2017-10-18;1508284800000;MNDL3.SA;18.51;19.0;18.51;19.0;19.0;1400;stock;14.33;32.6;14.33;32.6;56.28;ESTAVEL
2017-10-19;1508371200000;MNDL3.SA;19.87;19.87;19.87;19.87;19.87;100;stock;14.38;38.14;14.38;38.14;62.26;ESTAVEL
2017-10-20;1508457600000;MNDL3.SA;18.8;18.8;18.52;18.52;18.52;300;stock;14.43;28.39;14.43;28.39;50.68;ESTAVEL
2017-10-23;1508716800000;MNDL3.SA;18.52;18.52;18.52;18.52;18.52;0;stock;14.47;28.03;14.47;28.03;50.68;ESTAVEL
2017-10-24;1508803200000;MNDL3.SA;19.0;19.0;19.0;19.0;19.0;100;stock;14.51;30.94;14.51;30.94;54.19;ESTAVEL
2017-10-25;1508889600000;MNDL3.SA;19.79;19.79;19.79;19.79;19.79;100;stock;14.56;35.89;14.56;35.89;59.33;ESTAVEL
2017-10-26;1508976000000;MNDL3.SA;19.7;19.7;18.7;19.7;19.7;7000;stock;14.61;34.8;14.61;34.8;58.52;ESTAVEL
2017-10-27;1509062400000;MNDL3.SA;19.0;19.0;18.55;19.0;19.0;1200;stock;14.66;29.62;14.66;29.62;52.55;ESTAVEL
2017-10-30;1509321600000;MNDL3.SA;19.44;19.44;19.0;19.0;19.0;1600;stock;14.7;29.24;14.7;29.24;52.55;ESTAVEL
2017-10-31;1509408000000;MNDL3.SA;18.99;19.84;18.99;19.84;19.84;2300;stock;14.75;34.49;14.75;34.49;58.45;ESTAVEL
2017-11-01;1509494400000;MNDL3.SA;19.84;19.84;19.84;19.84;19.84;0;stock;14.8;34.03;14.8;34.03;58.45;ESTAVEL
2017-11-02;1509580800000;MNDL3.SA;19.84;19.84;19.84;19.84;19.84;0;stock;14.85;33.57;14.85;33.57;58.45;ESTAVEL
2017-11-03;1509667200000;MNDL3.SA;18.51;19.3;18.51;19.3;19.3;3800;stock;14.9;29.55;14.9;29.55;53.14;ESTAVEL
2017-11-06;1509926400000;MNDL3.SA;19.7;19.7;19.7;19.7;19.7;100;stock;14.95;31.81;14.95;31.81;56.31;ESTAVEL
2017-11-07;1510012800000;MNDL3.SA;19.0;19.5;19.0;19.1;19.1;8000;stock;14.99;27.45;14.99;27.45;50.77;ESTAVEL
2017-11-08;1510099200000;MNDL3.SA;19.85;19.95;19.85;19.95;19.95;700;stock;15.04;32.68;15.04;32.68;57.19;ESTAVEL
2017-11-09;1510185600000;MNDL3.SA;20.0;23.0;20.0;20.1;20.1;4900;stock;15.09;33.23;15.09;33.23;58.23;ESTAVEL
2017-11-10;1510272000000;MNDL3.SA;21.99;21.99;21.99;21.99;21.99;100;stock;15.16;45.1;15.16;45.1;68.55;ESTAVEL
2017-11-13;1510531200000;MNDL3.SA;24.0;24.0;21.0;21.0;21.0;500;stock;15.21;38.04;15.21;38.04;60.16;ESTAVEL
2017-11-14;1510617600000;MNDL3.SA;22.29;22.29;22.29;22.29;22.29;100;stock;15.28;45.84;15.28;45.84;66.0;ESTAVEL
2017-11-15;1510704000000;MNDL3.SA;22.29;22.29;22.29;22.29;22.29;0;stock;15.35;45.18;15.35;45.18;66.0;ESTAVEL
2017-11-16;1510790400000;MNDL3.SA;21.99;21.99;21.9;21.9;21.9;800;stock;15.42;42.04;15.42;42.04;62.78;ESTAVEL
2017-11-17;1510876800000;MNDL3.SA;21.0;21.0;21.0;21.0;21.0;700;stock;15.47;35.71;15.47;35.71;55.98;ESTAVEL
2017-11-20;1511136000000;MNDL3.SA;21.0;21.0;21.0;21.0;21.0;0;stock;15.53;35.23;15.53;35.23;55.98;ESTAVEL
2017-11-21;1511222400000;MNDL3.SA;21.0;22.45;21.0;22.45;22.45;600;stock;15.6;43.93;15.6;43.93;63.39;ESTAVEL
2017-11-22;1511308800000;MNDL3.SA;21.0;21.0;21.0;21.0;21.0;400;stock;15.65;34.17;15.65;34.17;53.66;ESTAVEL
2017-11-23;1511395200000;MNDL3.SA;21.0;21.5;20.95;21.5;21.5;500;stock;15.71;36.86;15.71;36.86;56.16;ESTAVEL
2017-11-24;1511481600000;MNDL3.SA;21.2;21.2;21.2;21.2;21.2;200;stock;15.76;34.48;15.76;34.48;54.27;ESTAVEL
2017-11-27;1511740800000;MNDL3.SA;21.2;21.2;21.1;21.1;21.1;400;stock;15.82;33.4;15.82;33.4;53.62;ESTAVEL
2017-11-28;1511827200000;MNDL3.SA;21.15;21.15;21.05;21.05;21.05;400;stock;15.87;32.64;15.87;32.64;53.28;ESTAVEL
2017-11-29;1511913600000;MNDL3.SA;23.97;23.97;23.97;23.97;23.97;100;stock;15.95;50.28;15.95;50.28;66.67;ESTAVEL
2017-11-30;1512000000000;MNDL3.SA;23.35;23.4;23.35;23.4;23.4;200;stock;16.02;46.03;16.02;46.03;62.88;ESTAVEL
2017-12-01;1512086400000;MNDL3.SA;21.68;21.68;21.05;21.05;21.05;400;stock;16.07;30.95;16.07;30.95;50.21;ESTAVEL
2017-12-04;1512345600000;MNDL3.SA;21.03;21.15;21.02;21.1;21.1;1000;stock;16.12;30.86;16.12;30.86;50.44;ESTAVEL
2017-12-05;1512432000000;MNDL3.SA;21.21;21.21;21.15;21.15;21.15;300;stock;16.17;30.76;16.17;30.76;50.68;ESTAVEL
2017-12-06;1512518400000;MNDL3.SA;21.2;21.2;21.2;21.2;21.2;100;stock;16.22;30.67;16.22;30.67;50.94;ESTAVEL
2017-12-07;1512604800000;MNDL3.SA;21.15;21.15;21.15;21.15;21.15;100;stock;16.27;29.97;16.27;29.97;50.66;ESTAVEL
2017-12-08;1512691200000;MNDL3.SA;21.1;21.1;21.1;21.1;21.1;200;stock;16.32;29.28;16.32;29.28;50.35;ESTAVEL
2017-12-11;1512950400000;MNDL3.SA;21.1;21.1;21.1;21.1;21.1;0;stock;16.37;28.9;16.37;28.9;50.35;ESTAVEL
2017-12-12;1513036800000;MNDL3.SA;20.96;20.96;20.95;20.95;20.95;500;stock;16.41;27.63;16.41;27.63;49.31;ESTAVEL
2017-12-13;1513123200000;MNDL3.SA;21.0;21.0;21.0;21.0;21.0;200;stock;16.46;27.58;16.46;27.58;49.69;ESTAVEL
2017-12-14;1513209600000;MNDL3.SA;21.0;21.0;21.0;21.0;21.0;0;stock;16.51;27.23;16.51;27.23;49.69;ESTAVEL
2017-12-15;1513296000000;MNDL3.SA;20.9;20.9;20.8;20.9;20.9;1900;stock;16.55;26.29;16.55;26.29;48.85;ESTAVEL
2017-12-18;1513555200000;MNDL3.SA;21.62;21.65;21.62;21.65;21.65;500;stock;16.6;30.42;16.6;30.42;54.95;ESTAVEL
2017-12-19;1513641600000;MNDL3.SA;21.78;21.78;21.02;21.02;21.02;400;stock;16.64;26.29;16.64;26.29;49.6;ESTAVEL
2017-12-20;1513728000000;MNDL3.SA;21.49;21.99;21.47;21.99;21.99;5600;stock;16.7;31.7;16.7;31.7;56.6;ESTAVEL
2017-12-21;1513814400000;MNDL3.SA;21.99;21.99;21.99;21.99;21.99;0;stock;16.75;31.29;16.75;31.29;56.6;ESTAVEL
2017-12-22;1513900800000;MNDL3.SA;21.99;21.99;21.99;21.99;21.99;0;stock;16.8;30.88;16.8;30.88;56.6;ESTAVEL
2017-12-25;1514160000000;MNDL3.SA;21.99;21.99;21.99;21.99;21.99;0;stock;16.85;30.48;16.85;30.48;56.6;ESTAVEL
2017-12-26;1514246400000;MNDL3.SA;21.99;21.99;21.99;21.99;21.99;0;stock;16.9;30.08;16.9;30.08;56.6;ESTAVEL
2017-12-27;1514332800000;MNDL3.SA;22.79;22.79;22.79;22.79;22.79;100;stock;16.96;34.35;16.96;34.35;62.78;ESTAVEL
2017-12-28;1514419200000;MNDL3.SA;22.79;22.79;22.79;22.79;22.79;0;stock;17.02;33.89;17.02;33.89;62.78;ESTAVEL
2017-12-29;1514505600000;MNDL3.SA;22.79;22.79;22.79;22.79;22.79;0;stock;17.08;33.44;17.08;33.44;62.78;ESTAVEL
2018-01-02;1514851200000;MNDL3.SA;22.79;22.79;22.79;22.79;22.79;0;stock;17.14;33.0;17.14;33.0;62.78;ESTAVEL
2018-01-03;1514937600000;MNDL3.SA;22.1;22.1;22.0;22.0;22.0;300;stock;17.18;28.03;17.18;28.03;52.8;ESTAVEL
2018-01-04;1515024000000;MNDL3.SA;22.0;22.0;22.0;22.0;22.0;0;stock;17.23;27.67;17.23;27.67;52.8;ESTAVEL
2018-01-05;1515110400000;MNDL3.SA;21.5;21.5;21.5;21.5;21.5;100;stock;17.27;24.46;17.27;24.46;47.28;ESTAVEL
2018-01-08;1515369600000;MNDL3.SA;21.5;22.52;21.5;22.52;22.52;600;stock;17.33;29.98;17.33;29.98;57.12;ESTAVEL
2018-01-09;1515456000000;MNDL3.SA;21.3;22.52;21.3;22.52;22.52;600;stock;17.38;29.59;17.38;29.59;57.12;ESTAVEL
2018-01-10;1515542400000;MNDL3.SA;22.52;22.52;22.52;22.52;22.52;0;stock;17.43;29.21;17.43;29.21;57.12;ESTAVEL
2018-01-11;1515628800000;MNDL3.SA;22.52;22.52;22.52;22.52;22.52;0;stock;17.48;28.83;17.48;28.83;57.12;ESTAVEL
2018-01-12;1515715200000;MNDL3.SA;21.9;21.9;21.85;21.85;21.85;400;stock;17.52;24.69;17.52;24.69;49.03;ESTAVEL
2018-01-15;1515974400000;MNDL3.SA;22.7;22.7;21.8;21.8;21.8;200;stock;17.57;24.1;17.57;24.1;48.48;ESTAVEL
2018-01-16;1516060800000;MNDL3.SA;21.8;21.9;21.2;21.9;21.9;9800;stock;17.61;24.37;17.61;24.37;49.7;ESTAVEL
2018-01-17;1516147200000;MNDL3.SA;22.6;22.8;21.5;22.45;22.45;3500;stock;17.66;27.14;17.66;27.14;55.88;ESTAVEL
2018-01-18;1516233600000;MNDL3.SA;22.5;22.99;22.0;22.99;22.99;2100;stock;17.71;29.81;17.71;29.81;60.96;ESTAVEL
2018-01-19;1516320000000;MNDL3.SA;22.01;22.01;22.0;22.0;22.0;200;stock;17.75;23.92;17.75;23.92;49.68;ESTAVEL
2018-01-22;1516579200000;MNDL3.SA;21.82;21.82;21.8;21.8;21.8;800;stock;17.79;22.52;17.79;22.52;47.75;ESTAVEL
2018-01-23;1516665600000;MNDL3.SA;21.8;21.8;21.8;21.8;21.8;100;stock;17.83;22.25;17.83;22.25;47.75;ESTAVEL
2018-01-24;1516752000000;MNDL3.SA;21.82;21.82;21.8;21.8;21.8;400;stock;17.87;21.98;17.87;21.98;47.75;ESTAVEL
2018-01-25;1516838400000;MNDL3.SA;21.8;21.8;21.8;21.8;21.8;0;stock;17.91;21.71;17.91;21.71;47.75;ESTAVEL
2018-01-26;1516924800000;MNDL3.SA;21.8;21.8;21.8;21.8;21.8;0;stock;17.95;21.45;17.95;21.45;47.75;ESTAVEL
2018-01-29;1517184000000;MNDL3.SA;21.87;22.98;21.85;22.98;22.98;500;stock;18.0;27.66;18.0;27.66;60.74;ESTAVEL
2018-01-30;1517270400000;MNDL3.SA;22.98;22.98;22.98;22.98;22.98;0;stock;18.05;27.31;18.05;27.31;60.74;ESTAVEL
2018-01-31;1517356800000;MNDL3.SA;22.98;22.98;22.98;22.98;22.98;0;stock;18.1;26.97;18.1;26.97;60.74;ESTAVEL
2018-02-01;1517443200000;MNDL3.SA;22.98;22.98;22.98;22.98;22.98;0;stock;18.15;26.63;18.15;26.63;60.74;ESTAVEL
2018-02-02;1517529600000;MNDL3.SA;21.5;22.0;21.5;21.61;21.61;300;stock;18.18;18.85;18.18;18.85;43.76;ESTAVEL
2018-02-05;1517788800000;MNDL3.SA;21.6;21.61;21.6;21.6;21.6;1100;stock;18.22;18.58;18.22;18.58;43.66;ESTAVEL
2018-02-06;1517875200000;MNDL3.SA;21.5;21.99;21.5;21.99;21.99;1000;stock;18.25;20.47;18.25;20.47;48.41;ESTAVEL
2018-02-07;1517961600000;MNDL3.SA;21.99;21.99;21.99;21.99;21.99;0;stock;18.29;20.23;18.29;20.23;48.41;ESTAVEL
2018-02-08;1518048000000;MNDL3.SA;22.85;22.85;21.3;21.3;21.3;10700;stock;18.32;16.26;18.32;16.26;41.27;ESTAVEL
2018-02-09;1518134400000;MNDL3.SA;21.32;21.32;21.3;21.3;21.3;400;stock;18.35;16.07;18.35;16.07;41.27;ESTAVEL
2018-02-14;1518566400000;MNDL3.SA;21.3;21.3;21.3;21.3;21.3;0;stock;18.38;15.89;18.38;15.89;41.27;ESTAVEL
2018-02-15;1518652800000;MNDL3.SA;21.24;21.24;21.24;21.24;21.24;100;stock;18.41;15.38;18.41;15.38;40.62;ESTAVEL
2018-02-16;1518739200000;MNDL3.SA;21.24;21.24;21.24;21.24;21.24;0;stock;18.44;15.21;18.44;15.21;40.62;ESTAVEL
2018-02-19;1518998400000;MNDL3.SA;21.8;21.8;21.28;21.28;21.28;200;stock;18.46;15.25;18.46;15.25;41.33;ESTAVEL
2018-02-20;1519084800000;MNDL3.SA;21.28;21.28;21.25;21.25;21.25;1800;stock;18.49;14.91;18.49;14.91;40.94;ESTAVEL
2018-02-21;1519171200000;MNDL3.SA;21.25;21.25;21.25;21.25;21.25;0;stock;18.52;14.74;18.52;14.74;40.94;ESTAVEL
2018-02-22;1519257600000;MNDL3.SA;21.25;21.25;21.25;21.25;21.25;100;stock;18.55;14.57;18.55;14.57;40.94;ESTAVEL
2018-02-23;1519344000000;MNDL3.SA;21.26;21.26;21.26;21.26;21.26;100;stock;18.57;14.46;18.57;14.46;41.17;ESTAVEL
2018-02-26;1519603200000;MNDL3.SA;21.26;21.26;21.26;21.26;21.26;0;stock;18.6;14.3;18.6;14.3;41.17;ESTAVEL
2018-02-27;1519689600000;MNDL3.SA;21.26;21.26;21.26;21.26;21.26;0;stock;18.63;14.13;18.63;14.13;41.17;ESTAVEL
2018-02-28;1519776000000;MNDL3.SA;21.25;21.25;21.2;21.2;21.2;200;stock;18.65;13.66;18.65;13.66;39.97;ESTAVEL
2018-03-01;1519862400000;MNDL3.SA;21.2;21.2;21.2;21.2;21.2;0;stock;18.68;13.5;18.68;13.5;39.97;ESTAVEL
2018-03-02;1519948800000;MNDL3.SA;21.2;21.2;21.2;21.2;21.2;0;stock;18.7;13.35;18.7;13.35;39.97;ESTAVEL
2018-03-05;1520208000000;MNDL3.SA;21.2;21.2;21.2;21.2;21.2;0;stock;18.73;13.2;18.73;13.2;39.97;ESTAVEL
2018-03-06;1520294400000;MNDL3.SA;21.2;21.2;20.9;21.2;21.2;2300;stock;18.75;13.05;18.75;13.05;39.97;ESTAVEL
2018-03-07;1520380800000;MNDL3.SA;21.0;21.01;21.0;21.01;21.01;5000;stock;18.78;11.9;18.78;11.9;35.27;ESTAVEL
2018-03-08;1520467200000;MNDL3.SA;21.0;21.0;20.9;20.9;20.9;1100;stock;18.8;11.19;18.8;11.19;32.86;ESTAVEL
2018-03-09;1520553600000;MNDL3.SA;20.9;21.9;20.9;21.9;21.9;600;stock;18.83;16.32;18.83;16.32;59.78;ESTAVEL
2018-03-12;1520812800000;MNDL3.SA;20.86;20.86;20.85;20.85;20.85;200;stock;18.85;10.63;18.85;10.63;41.13;ESTAVEL
2018-03-13;1520899200000;MNDL3.SA;20.5;20.5;20.5;20.5;20.5;300;stock;18.86;8.67;18.86;8.67;36.99;ESTAVEL
2018-03-14;1520985600000;MNDL3.SA;20.01;20.5;20.0;20.5;20.5;700;stock;18.88;8.58;18.88;8.58;36.99;ESTAVEL
2018-03-15;1521072000000;MNDL3.SA;20.5;20.5;20.5;20.5;20.5;0;stock;18.9;8.49;18.9;8.49;36.99;ESTAVEL
2018-03-16;1521158400000;MNDL3.SA;19.0;19.0;19.0;19.0;19.0;100;stock;18.9;0.54;18.9;0.54;24.03;ESTAVEL
2018-03-19;1521417600000;MNDL3.SA;19.0;20.0;19.0;20.0;20.0;500;stock;18.91;5.78;18.91;5.78;39.3;ESTAVEL
2018-03-20;1521504000000;MNDL3.SA;20.0;20.0;20.0;20.0;20.0;0;stock;18.92;5.71;18.92;5.71;39.3;ESTAVEL
2018-03-21;1521590400000;MNDL3.SA;21.0;21.0;21.0;21.0;21.0;100;stock;18.94;10.88;18.94;10.88;50.77;ESTAVEL
2018-03-22;1521676800000;MNDL3.SA;21.0;21.0;21.0;21.0;21.0;0;stock;18.96;10.76;18.96;10.76;50.77;ESTAVEL
2018-03-23;1521763200000;MNDL3.SA;19.31;19.99;19.31;19.99;19.99;500;stock;18.97;5.37;18.97;5.37;41.57;ESTAVEL
2018-03-26;1522022400000;MNDL3.SA;19.5;19.5;19.5;19.5;19.5;400;stock;18.98;2.76;18.98;2.76;37.97;ESTAVEL
2018-03-27;1522108800000;MNDL3.SA;19.5;19.5;19.5;19.5;19.5;0;stock;18.98;2.74;18.98;2.74;37.97;ESTAVEL
2018-03-28;1522195200000;MNDL3.SA;20.99;20.99;20.99;20.99;20.99;100;stock;19.0;10.47;19.0;10.47;52.47;ESTAVEL
2018-03-29;1522281600000;MNDL3.SA;20.99;20.99;20.99;20.99;20.99;0;stock;19.02;10.35;19.02;10.35;52.47;ESTAVEL
2018-04-02;1522627200000;MNDL3.SA;20.98;21.0;20.0;21.0;21.0;1100;stock;19.04;10.29;19.04;10.29;52.56;ESTAVEL
2018-04-03;1522713600000;MNDL3.SA;21.0;21.0;21.0;21.0;21.0;4500;stock;19.06;10.18;19.06;10.18;52.56;ESTAVEL
2018-04-04;1522800000000;MNDL3.SA;21.0;21.0;21.0;21.0;21.0;0;stock;19.08;10.07;19.08;10.07;52.56;ESTAVEL
2018-04-05;1522886400000;MNDL3.SA;21.0;21.5;20.0;20.0;20.0;3400;stock;19.09;4.78;19.09;4.78;42.84;ESTAVEL
2018-04-06;1522972800000;MNDL3.SA;20.0;21.0;20.0;21.0;21.0;400;stock;19.11;9.91;19.11;9.91;52.33;ESTAVEL
2018-04-09;1523232000000;MNDL3.SA;20.5;20.5;20.5;20.5;20.5;700;stock;19.12;7.21;19.12;7.21;48.04;ESTAVEL
2018-04-10;1523318400000;MNDL3.SA;20.35;20.35;20.3;20.3;20.3;1300;stock;19.13;6.1;19.13;6.1;46.4;ESTAVEL
2018-04-11;1523404800000;MNDL3.SA;20.3;20.3;20.3;20.3;20.3;0;stock;19.14;6.04;19.14;6.04;46.4;ESTAVEL
2018-04-12;1523491200000;MNDL3.SA;20.49;20.5;20.49;20.5;20.5;200;stock;19.16;7.0;19.16;7.0;48.44;ESTAVEL
2018-04-13;1523577600000;MNDL3.SA;21.39;21.39;20.5;20.5;20.5;200;stock;19.17;6.93;19.17;6.93;48.44;ESTAVEL
2018-04-16;1523836800000;MNDL3.SA;20.31;20.31;20.31;20.31;20.31;900;stock;19.18;5.88;19.18;5.88;46.49;ESTAVEL
2018-04-17;1523923200000;MNDL3.SA;20.2;21.0;20.2;21.0;21.0;300;stock;19.2;9.37;19.2;9.37;53.77;ESTAVEL
2018-04-18;1524009600000;MNDL3.SA;21.0;21.0;21.0;21.0;21.0;0;stock;19.22;9.27;19.22;9.27;53.77;ESTAVEL
2018-04-19;1524096000000;MNDL3.SA;21.0;21.0;21.0;21.0;21.0;0;stock;19.24;9.17;19.24;9.17;53.77;ESTAVEL
2018-04-20;1524182400000;MNDL3.SA;21.0;21.0;21.0;21.0;21.0;0;stock;19.25;9.07;19.25;9.07;53.77;ESTAVEL
2018-04-23;1524441600000;MNDL3.SA;20.2;20.2;20.0;20.0;20.0;700;stock;19.26;3.83;19.26;3.83;42.5;ESTAVEL
2018-04-24;1524528000000;MNDL3.SA;20.0;20.0;20.0;20.0;20.0;0;stock;19.27;3.8;19.27;3.8;42.5;ESTAVEL
2018-04-25;1524614400000;MNDL3.SA;20.0;20.0;20.0;20.0;20.0;100;stock;19.28;3.76;19.28;3.76;42.5;ESTAVEL
2018-04-26;1524700800000;MNDL3.SA;20.0;20.0;20.0;20.0;20.0;0;stock;19.28;3.72;19.28;3.72;42.5;ESTAVEL
2018-04-27;1524787200000;MNDL3.SA;20.0;20.0;20.0;20.0;20.0;4500;stock;19.29;3.68;19.29;3.68;42.5;ESTAVEL
2018-04-30;1525046400000;MNDL3.SA;19.5;20.0;17.0;19.5;19.5;10900;stock;19.29;1.08;19.29;1.08;36.89;ESTAVEL
2018-05-02;1525219200000;MNDL3.SA;19.5;19.5;19.5;19.5;19.5;400;stock;19.29;1.07;19.29;1.07;36.89;ESTAVEL
2018-05-03;1525305600000;MNDL3.SA;19.5;19.5;19.5;19.5;19.5;0;stock;19.3;1.05;19.3;1.05;36.89;ESTAVEL
2018-05-04;1525392000000;MNDL3.SA;19.5;19.5;19.5;19.5;19.5;0;stock;19.3;1.04;19.3;1.04;36.89;ESTAVEL
2018-05-07;1525651200000;MNDL3.SA;19.5;19.5;19.5;19.5;19.5;0;stock;19.3;1.03;19.3;1.03;36.89;ESTAVEL
2018-05-08;1525737600000;MNDL3.SA;21.0;21.0;21.0;21.0;21.0;100;stock;19.32;8.71;19.32;8.71;59.88;ESTAVEL
2018-05-09;1525824000000;MNDL3.SA;21.0;21.0;21.0;21.0;21.0;0;stock;19.33;8.62;19.33;8.62;59.88;ESTAVEL
2018-05-10;1525910400000;MNDL3.SA;21.0;21.0;21.0;21.0;21.0;0;stock;19.35;8.52;19.35;8.52;59.88;ESTAVEL
2018-05-11;1525996800000;MNDL3.SA;21.0;21.0;21.0;21.0;21.0;0;stock;19.37;8.43;19.37;8.43;59.88;ESTAVEL
2018-05-14;1526256000000;MNDL3.SA;21.0;21.0;21.0;21.0;21.0;0;stock;19.38;8.34;19.38;8.34;59.88;ESTAVEL
2018-05-15;1526342400000;MNDL3.SA;21.0;21.0;21.0;21.0;21.0;0;stock;19.4;8.25;19.4;8.25;59.88;ESTAVEL
2018-05-16;1526428800000;MNDL3.SA;21.0;21.0;21.0;21.0;21.0;0;stock;19.42;8.16;19.42;8.16;59.88;ESTAVEL
2018-05-17;1526515200000;MNDL3.SA;19.61;20.0;19.31;19.31;19.31;700;stock;19.41;-0.54;19.41;-0.54;35.44;ESTAVEL
2018-05-18;1526601600000;MNDL3.SA;19.2;19.2;19.2;19.2;19.2;200;stock;19.41;-1.09;19.41;-1.09;34.46;ESTAVEL
2018-05-21;1526860800000;MNDL3.SA;19.25;19.25;19.25;19.25;19.25;200;stock;19.41;-0.83;19.41;-0.83;35.34;ESTAVEL
2018-05-22;1526947200000;MNDL3.SA;19.25;20.5;19.25;20.5;20.5;200;stock;19.42;5.55;19.42;5.55;52.51;ESTAVEL
2018-05-23;1527033600000;MNDL3.SA;19.3;19.36;19.3;19.35;19.35;4700;stock;19.42;-0.36;19.42;-0.36;41.57;ESTAVEL
2018-05-24;1527120000000;MNDL3.SA;19.25;19.25;19.2;19.2;19.2;5000;stock;19.42;-1.13;19.42;-1.13;40.39;ESTAVEL
2018-05-25;1527206400000;MNDL3.SA;20.5;20.5;20.5;20.5;20.5;100;stock;19.43;5.51;19.43;5.51;52.89;ESTAVEL
2018-05-28;1527465600000;MNDL3.SA;19.0;19.0;19.0;19.0;19.0;5500;stock;19.43;-2.19;19.43;-2.19;41.96;ESTAVEL
2018-05-29;1527552000000;MNDL3.SA;21.44;21.44;20.98;20.98;20.98;200;stock;19.44;7.92;19.44;7.92;55.14;ESTAVEL
2018-05-30;1527638400000;MNDL3.SA;20.98;20.98;20.98;20.98;20.98;0;stock;19.46;7.83;19.46;7.83;55.14;ESTAVEL
2018-06-01;1527811200000;MNDL3.SA;20.98;20.98;20.98;20.98;20.98;0;stock;19.47;7.75;19.47;7.75;55.14;ESTAVEL
2018-06-04;1528070400000;MNDL3.SA;21.4;21.4;21.4;21.4;21.4;100;stock;19.49;9.8;19.49;9.8;57.69;ESTAVEL
2018-06-05;1528156800000;MNDL3.SA;21.4;21.4;21.4;21.4;21.4;0;stock;19.51;9.69;19.51;9.69;57.69;ESTAVEL
2018-06-06;1528243200000;MNDL3.SA;21.4;21.4;21.4;21.4;21.4;0;stock;19.53;9.59;19.53;9.59;57.69;ESTAVEL
2018-06-07;1528329600000;MNDL3.SA;20.21;20.21;20.21;20.21;20.21;600;stock;19.53;3.46;19.53;3.46;48.04;ESTAVEL
2018-06-08;1528416000000;MNDL3.SA;20.21;21.2;20.01;21.2;21.2;900;stock;19.55;8.43;19.55;8.43;54.81;ESTAVEL
2018-06-11;1528675200000;MNDL3.SA;21.2;21.2;21.2;21.2;21.2;0;stock;19.57;8.34;19.57;8.34;54.81;ESTAVEL
2018-06-12;1528761600000;MNDL3.SA;20.01;20.01;20.0;20.0;20.0;500;stock;19.57;2.19;19.57;2.19;46.32;ESTAVEL
2018-06-13;1528848000000;MNDL3.SA;21.4;21.4;21.4;21.4;21.4;100;stock;19.59;9.24;19.59;9.24;55.06;ESTAVEL
2018-06-14;1528934400000;MNDL3.SA;21.4;21.4;21.4;21.4;21.4;0;stock;19.61;9.14;19.61;9.14;55.06;ESTAVEL
2018-06-15;1529020800000;MNDL3.SA;21.4;21.4;21.4;21.4;21.4;0;stock;19.63;9.04;19.63;9.04;55.06;ESTAVEL
2018-06-18;1529280000000;MNDL3.SA;21.4;21.4;21.4;21.4;21.4;0;stock;19.64;8.94;19.64;8.94;55.06;ESTAVEL
2018-06-19;1529366400000;MNDL3.SA;20.28;20.7;20.28;20.7;20.7;5100;stock;19.65;5.32;19.65;5.32;49.63;ESTAVEL
2018-06-20;1529452800000;MNDL3.SA;20.7;20.7;20.7;20.7;20.7;0;stock;19.66;5.26;19.66;5.26;49.63;ESTAVEL
2018-06-21;1529539200000;MNDL3.SA;20.0;20.0;20.0;20.0;20.0;100;stock;19.67;1.69;19.67;1.69;44.53;ESTAVEL
2018-06-22;1529625600000;MNDL3.SA;20.0;20.0;20.0;20.0;20.0;0;stock;19.67;1.67;19.67;1.67;44.53;ESTAVEL
2018-06-25;1529884800000;MNDL3.SA;20.0;20.0;20.0;20.0;20.0;0;stock;19.67;1.65;19.67;1.65;44.53;ESTAVEL
2018-06-26;1529971200000;MNDL3.SA;20.0;20.0;20.0;20.0;20.0;0;stock;19.68;1.64;19.68;1.64;44.53;ESTAVEL
2018-06-27;1530057600000;MNDL3.SA;20.0;20.0;20.0;20.0;20.0;0;stock;19.68;1.62;19.68;1.62;44.53;ESTAVEL
2018-06-28;1530144000000;MNDL3.SA;20.0;20.0;20.0;20.0;20.0;100;stock;19.68;1.6;19.68;1.6;44.53;ESTAVEL
2018-06-29;1530230400000;MNDL3.SA;21.4;21.4;21.4;21.4;21.4;100;stock;19.7;8.62;19.7;8.62;57.99;ESTAVEL
2018-07-02;1530489600000;MNDL3.SA;21.4;21.4;21.4;21.4;21.4;0;stock;19.72;8.53;19.72;8.53;57.99;ESTAVEL
2018-07-03;1530576000000;MNDL3.SA;20.0;20.0;20.0;20.0;20.0;400;stock;19.72;1.41;19.72;1.41;45.26;ESTAVEL
2018-07-04;1530662400000;MNDL3.SA;20.0;20.0;20.0;20.0;20.0;0;stock;19.72;1.4;19.72;1.4;45.26;ESTAVEL
2018-07-05;1530748800000;MNDL3.SA;20.0;20.0;20.0;20.0;20.0;0;stock;19.73;1.39;19.73;1.39;45.26;ESTAVEL
2018-07-06;1530835200000;MNDL3.SA;20.0;20.0;20.0;20.0;20.0;0;stock;19.73;1.37;19.73;1.37;45.26;ESTAVEL
2018-07-10;1531180800000;MNDL3.SA;20.0;20.0;20.0;20.0;20.0;0;stock;19.73;1.36;19.73;1.36;45.26;ESTAVEL
2018-07-11;1531267200000;MNDL3.SA;20.0;20.0;20.0;20.0;20.0;0;stock;19.73;1.34;19.73;1.34;45.26;ESTAVEL
2018-07-12;1531353600000;MNDL3.SA;20.0;20.0;20.0;20.0;20.0;0;stock;19.74;1.33;19.74;1.33;45.26;ESTAVEL
2018-07-13;1531440000000;MNDL3.SA;20.0;20.0;20.0;20.0;20.0;0;stock;19.74;1.32;19.74;1.32;45.26;ESTAVEL
2018-07-16;1531699200000;MNDL3.SA;20.03;20.03;20.03;20.03;20.03;4500;stock;19.74;1.46;19.74;1.46;45.72;ESTAVEL
2018-07-17;1531785600000;MNDL3.SA;20.6;21.44;20.6;21.44;21.44;300;stock;19.76;8.5;19.76;8.5;61.97;ESTAVEL
2018-07-18;1531872000000;MNDL3.SA;20.16;20.16;20.16;20.16;20.16;100;stock;19.76;2.01;19.76;2.01;47.94;ESTAVEL
2018-07-19;1531958400000;MNDL3.SA;20.16;20.16;20.16;20.16;20.16;0;stock;19.77;1.99;19.77;1.99;47.94;ESTAVEL
2018-07-20;1532044800000;MNDL3.SA;20.16;20.16;20.16;20.16;20.16;0;stock;19.77;1.97;19.77;1.97;47.94;ESTAVEL
2018-07-23;1532304000000;MNDL3.SA;20.19;20.19;20.17;20.17;20.17;200;stock;19.78;2.0;19.78;2.0;48.05;ESTAVEL
2018-07-24;1532390400000;MNDL3.SA;20.17;20.17;20.17;20.17;20.17;0;stock;19.78;1.98;19.78;1.98;48.05;ESTAVEL
2018-07-25;1532476800000;MNDL3.SA;21.2;21.45;21.2;21.45;21.45;500;stock;19.8;8.36;19.8;8.36;60.86;ESTAVEL
2018-07-26;1532563200000;MNDL3.SA;21.15;21.15;21.15;21.15;21.15;300;stock;19.81;6.77;19.81;6.77;57.3;ESTAVEL
2018-07-27;1532649600000;MNDL3.SA;21.1;21.1;21.1;21.1;21.1;200;stock;19.82;6.45;19.82;6.45;56.7;ESTAVEL
2018-07-30;1532908800000;MNDL3.SA;21.11;21.11;21.11;21.11;21.11;500;stock;19.84;6.43;19.84;6.43;56.8;ESTAVEL
2018-07-31;1532995200000;MNDL3.SA;21.1;21.1;21.1;21.1;21.1;300;stock;19.85;6.31;19.85;6.31;56.66;ESTAVEL
2018-08-01;1533081600000;MNDL3.SA;21.1;21.1;21.1;21.1;21.1;200;stock;19.86;6.24;19.86;6.24;56.66;ESTAVEL
2018-08-02;1533168000000;MNDL3.SA;21.1;21.1;21.1;21.1;21.1;100;stock;19.87;6.18;19.87;6.18;56.66;ESTAVEL
2018-08-03;1533254400000;MNDL3.SA;21.0;21.1;21.0;21.1;21.1;300;stock;19.88;6.11;19.88;6.11;56.66;ESTAVEL
2018-08-06;1533513600000;MNDL3.SA;21.1;21.1;20.2;20.2;20.2;500;stock;19.89;1.57;19.89;1.57;43.89;ESTAVEL
2018-08-07;1533600000000;MNDL3.SA;20.21;20.21;20.21;20.21;20.21;400;stock;19.89;1.6;19.89;1.6;44.04;ESTAVEL
2018-08-08;1533686400000;MNDL3.SA;20.74;20.74;20.74;20.74;20.74;100;stock;19.9;4.22;19.9;4.22;51.49;ESTAVEL
2018-08-09;1533772800000;MNDL3.SA;20.74;20.74;20.74;20.74;20.74;100;stock;19.91;4.18;19.91;4.18;51.49;ESTAVEL
2018-08-10;1533859200000;MNDL3.SA;21.25;21.25;20.49;20.49;20.49;4600;stock;19.91;2.89;19.91;2.89;48.0;ESTAVEL
2018-08-13;1534118400000;MNDL3.SA;20.49;20.49;20.49;20.49;20.49;0;stock;19.92;2.86;19.92;2.86;48.0;ESTAVEL
2018-08-14;1534204800000;MNDL3.SA;20.5;21.0;20.5;21.0;21.0;600;stock;19.93;5.37;19.93;5.37;55.19;ESTAVEL
2018-08-15;1534291200000;MNDL3.SA;21.0;21.0;21.0;21.0;21.0;0;stock;19.94;5.31;19.94;5.31;55.19;ESTAVEL
2018-08-16;1534377600000;MNDL3.SA;21.45;22.45;21.45;22.45;22.45;1900;stock;19.97;12.44;19.97;12.44;69.23;ESTAVEL
2018-08-17;1534464000000;MNDL3.SA;22.45;22.45;22.0;22.0;22.0;1200;stock;19.99;10.08;19.99;10.08;62.66;ESTAVEL
2018-08-20;1534723200000;MNDL3.SA;21.0;23.0;21.0;23.0;23.0;1600;stock;20.02;14.91;20.02;14.91;69.57;ESTAVEL
2018-08-21;1534809600000;MNDL3.SA;23.0;24.0;23.0;24.0;24.0;200;stock;20.06;19.67;20.06;19.67;74.62;CAIR
2018-08-22;1534896000000;MNDL3.SA;24.0;24.0;24.0;24.0;24.0;0;stock;20.09;19.43;20.09;19.43;74.62;CAIR
2018-08-23;1534982400000;MNDL3.SA;23.49;23.49;23.49;23.49;23.49;100;stock;20.13;16.7;20.13;16.7;67.95;ESTAVEL
2018-08-24;1535068800000;MNDL3.SA;23.75;23.75;23.75;23.75;23.75;100;stock;20.16;17.78;20.16;17.78;69.45;ESTAVEL
2018-08-27;1535328000000;MNDL3.SA;24.0;24.0;22.0;23.0;23.0;800;stock;20.19;13.9;20.19;13.9;60.63;ESTAVEL
2018-08-28;1535414400000;MNDL3.SA;23.0;24.0;22.5;24.0;24.0;600;stock;20.23;18.63;20.23;18.63;66.7;ESTAVEL
2018-08-29;1535500800000;MNDL3.SA;24.0;24.2;23.5;24.0;24.0;2600;stock;20.27;18.41;20.27;18.41;66.7;ESTAVEL
2018-08-30;1535587200000;MNDL3.SA;24.85;25.0;23.3;23.3;23.3;600;stock;20.3;14.79;20.3;14.79;59.28;ESTAVEL
2018-08-31;1535673600000;MNDL3.SA;25.1;25.1;25.1;25.1;25.1;100;stock;20.35;23.36;20.35;23.36;68.87;ESTAVEL
2018-09-03;1535932800000;MNDL3.SA;25.1;25.1;25.1;25.1;25.1;0;stock;20.39;23.08;20.39;23.08;68.87;ESTAVEL
2018-09-04;1536019200000;MNDL3.SA;22.8;24.5;22.8;22.8;22.8;5100;stock;20.42;11.67;20.42;11.67;51.05;ESTAVEL
2018-09-05;1536105600000;MNDL3.SA;24.97;24.97;24.0;24.0;24.0;200;stock;20.45;17.34;20.45;17.34;57.27;ESTAVEL
2018-09-06;1536192000000;MNDL3.SA;24.89;24.89;24.89;24.89;24.89;100;stock;20.5;21.43;20.5;21.43;61.2;ESTAVEL
2018-09-10;1536537600000;MNDL3.SA;24.89;24.89;24.89;24.89;24.89;0;stock;20.54;21.17;20.54;21.17;61.2;ESTAVEL
2018-09-11;1536624000000;MNDL3.SA;24.89;24.89;24.89;24.89;24.89;0;stock;20.58;20.92;20.58;20.92;61.2;ESTAVEL
2018-09-12;1536710400000;MNDL3.SA;24.89;24.89;24.89;24.89;24.89;0;stock;20.63;20.67;20.63;20.67;61.2;ESTAVEL
2018-09-13;1536796800000;MNDL3.SA;24.89;24.89;24.89;24.89;24.89;0;stock;20.67;20.42;20.67;20.42;61.2;ESTAVEL
2018-09-14;1536883200000;MNDL3.SA;24.89;24.89;24.89;24.89;24.89;0;stock;20.71;20.17;20.71;20.17;61.2;ESTAVEL
2018-09-17;1537142400000;MNDL3.SA;24.89;24.89;24.89;24.89;24.89;0;stock;20.75;19.93;20.75;19.93;61.2;ESTAVEL
2018-09-18;1537228800000;MNDL3.SA;24.89;24.89;24.89;24.89;24.89;0;stock;20.79;19.7;20.79;19.7;61.2;ESTAVEL
2018-09-19;1537315200000;MNDL3.SA;23.11;24.84;23.11;24.84;24.84;300;stock;20.83;19.23;20.83;19.23;60.63;ESTAVEL
2018-09-20;1537401600000;MNDL3.SA;24.84;24.84;24.84;24.84;24.84;0;stock;20.87;19.0;20.87;19.0;60.63;ESTAVEL
2018-09-21;1537488000000;MNDL3.SA;23.01;24.0;23.0;24.0;24.0;800;stock;20.91;14.8;20.91;14.8;51.36;ESTAVEL
2018-09-24;1537747200000;MNDL3.SA;23.5;24.83;23.5;24.83;24.83;300;stock;20.94;18.55;20.94;18.55;58.17;ESTAVEL
2018-09-25;1537833600000;MNDL3.SA;24.83;24.83;24.83;24.83;24.83;0;stock;20.98;18.33;20.98;18.33;58.17;ESTAVEL
2018-09-26;1537920000000;MNDL3.SA;24.89;24.98;24.89;24.98;24.98;1600;stock;21.02;18.82;21.02;18.82;59.36;ESTAVEL
2018-09-27;1538006400000;MNDL3.SA;23.0;24.5;23.0;24.5;24.5;200;stock;21.06;16.35;21.06;16.35;54.05;ESTAVEL
2018-09-28;1538092800000;MNDL3.SA;25.0;25.3;24.99;25.3;25.3;700;stock;21.1;19.91;21.1;19.91;60.41;ESTAVEL
2018-10-01;1538352000000;MNDL3.SA;24.93;24.93;24.93;24.93;24.93;4500;stock;21.14;17.94;21.14;17.94;56.51;ESTAVEL
2018-10-02;1538438400000;MNDL3.SA;24.93;26.0;24.93;26.0;26.0;1100;stock;21.19;22.72;21.19;22.72;63.78;ESTAVEL
2018-10-03;1538524800000;MNDL3.SA;26.0;26.5;26.0;26.5;26.5;200;stock;21.24;24.77;21.24;24.77;66.59;ESTAVEL
2018-10-04;1538611200000;MNDL3.SA;26.5;26.5;26.5;26.5;26.5;0;stock;21.29;24.46;21.29;24.46;66.59;ESTAVEL
2018-10-05;1538697600000;MNDL3.SA;26.0;26.0;26.0;26.0;26.0;100;stock;21.34;21.85;21.34;21.85;61.09;ESTAVEL
2018-10-08;1538956800000;MNDL3.SA;26.95;27.9;26.95;27.9;27.9;300;stock;21.4;30.35;21.4;30.35;70.92;CAIR
2018-10-09;1539043200000;MNDL3.SA;28.0;28.0;26.01;27.45;27.45;500;stock;21.46;27.89;21.46;27.89;66.63;ESTAVEL
2018-10-10;1539129600000;MNDL3.SA;26.01;26.01;26.01;26.01;26.01;100;stock;21.51;20.93;21.51;20.93;55.13;ESTAVEL
2018-10-11;1539216000000;MNDL3.SA;26.0;26.99;26.0;26.98;26.98;1100;stock;21.56;25.12;21.56;25.12;60.12;ESTAVEL
2018-10-15;1539561600000;MNDL3.SA;26.98;26.98;26.98;26.98;26.98;0;stock;21.62;24.81;21.62;24.81;60.12;ESTAVEL
2018-10-16;1539648000000;MNDL3.SA;27.0;27.0;27.0;27.0;27.0;200;stock;21.67;24.59;21.67;24.59;60.23;ESTAVEL
2018-10-17;1539734400000;MNDL3.SA;27.0;27.0;27.0;27.0;27.0;0;stock;21.72;24.29;21.72;24.29;60.23;ESTAVEL
2018-10-18;1539820800000;MNDL3.SA;27.0;27.0;27.0;27.0;27.0;0;stock;21.78;23.99;21.78;23.99;60.23;ESTAVEL
2018-10-19;1539907200000;MNDL3.SA;27.0;27.0;27.0;27.0;27.0;0;stock;21.83;23.69;21.83;23.69;60.23;ESTAVEL
2018-10-22;1540166400000;MNDL3.SA;26.3;26.8;26.25;26.25;26.25;600;stock;21.87;20.01;21.87;20.01;53.12;ESTAVEL
2018-10-23;1540252800000;MNDL3.SA;26.3;26.7;26.0;26.0;26.0;700;stock;21.91;18.65;21.91;18.65;50.96;ESTAVEL
2018-10-24;1540339200000;MNDL3.SA;26.0;26.03;26.0;26.03;26.03;4100;stock;21.95;18.56;21.95;18.56;51.22;ESTAVEL
2018-10-25;1540425600000;MNDL3.SA;26.2;26.2;26.2;26.2;26.2;100;stock;22.0;19.11;22.0;19.11;52.72;ESTAVEL
2018-10-26;1540512000000;MNDL3.SA;26.8;26.8;26.8;26.8;26.8;200;stock;22.04;21.57;22.04;21.57;57.69;ESTAVEL
2018-10-29;1540771200000;MNDL3.SA;26.8;26.8;26.8;26.8;26.8;0;stock;22.09;21.31;22.09;21.31;57.69;ESTAVEL
2018-10-30;1540857600000;MNDL3.SA;26.8;26.8;26.8;26.8;26.8;100;stock;22.14;21.06;22.14;21.06;57.69;ESTAVEL
2018-10-31;1540944000000;MNDL3.SA;26.25;26.25;26.2;26.2;26.2;300;stock;22.18;18.13;22.18;18.13;51.0;ESTAVEL
2018-11-01;1541030400000;MNDL3.SA;26.2;26.2;26.0;26.0;26.0;200;stock;22.22;17.03;22.22;17.03;48.96;ESTAVEL
2018-11-05;1541376000000;MNDL3.SA;26.0;26.0;26.0;26.0;26.0;0;stock;22.25;16.83;22.25;16.83;48.96;ESTAVEL
2018-11-06;1541462400000;MNDL3.SA;26.0;26.0;26.0;26.0;26.0;0;stock;22.29;16.63;22.29;16.63;48.96;ESTAVEL
2018-11-07;1541548800000;MNDL3.SA;26.0;26.0;26.0;26.0;26.0;0;stock;22.33;16.44;22.33;16.44;48.96;ESTAVEL
2018-11-08;1541635200000;MNDL3.SA;26.0;26.0;26.0;26.0;26.0;0;stock;22.37;16.25;22.37;16.25;48.96;ESTAVEL
2018-11-09;1541721600000;MNDL3.SA;26.0;26.0;26.0;26.0;26.0;0;stock;22.4;16.06;22.4;16.06;48.96;ESTAVEL
2018-11-12;1541980800000;MNDL3.SA;26.0;26.0;26.0;26.0;26.0;0;stock;22.44;15.88;22.44;15.88;48.96;ESTAVEL
2018-11-13;1542067200000;MNDL3.SA;26.0;26.0;26.0;26.0;26.0;0;stock;22.47;15.7;22.47;15.7;48.96;ESTAVEL
2018-11-14;1542153600000;MNDL3.SA;27.0;27.0;27.0;27.0;27.0;100;stock;22.52;19.9;22.52;19.9;62.52;ESTAVEL
2018-11-16;1542326400000;MNDL3.SA;27.0;27.0;27.0;27.0;27.0;0;stock;22.56;19.67;22.56;19.67;62.52;ESTAVEL
2018-11-19;1542585600000;MNDL3.SA;26.99;26.99;26.99;26.99;26.99;3800;stock;22.61;19.39;22.61;19.39;62.33;ESTAVEL
2018-11-21;1542758400000;MNDL3.SA;26.99;26.99;26.99;26.99;26.99;0;stock;22.65;19.16;22.65;19.16;62.33;ESTAVEL
2018-11-22;1542844800000;MNDL3.SA;26.26;26.26;26.26;26.26;26.26;100;stock;22.69;15.75;22.69;15.75;49.46;ESTAVEL
2018-11-23;1542931200000;MNDL3.SA;26.25;26.25;26.2;26.2;26.2;200;stock;22.72;15.31;22.72;15.31;48.58;ESTAVEL
2018-11-26;1543190400000;MNDL3.SA;26.2;26.2;26.2;26.2;26.2;0;stock;22.76;15.14;22.76;15.14;48.58;ESTAVEL
2018-11-27;1543276800000;MNDL3.SA;26.2;26.2;26.2;26.2;26.2;0;stock;22.79;14.96;22.79;14.96;48.58;ESTAVEL
2018-11-28;1543363200000;MNDL3.SA;26.6;26.6;26.0;26.0;26.0;1000;stock;22.82;13.93;22.82;13.93;45.2;ESTAVEL
2018-11-29;1543449600000;MNDL3.SA;26.8;27.0;26.8;27.0;27.0;800;stock;22.86;18.09;22.86;18.09;60.12;ESTAVEL
2018-11-30;1543536000000;MNDL3.SA;26.2;26.2;26.2;26.2;26.2;100;stock;22.9;14.43;22.9;14.43;48.7;ESTAVEL
2018-12-03;1543795200000;MNDL3.SA;26.2;26.2;26.2;26.2;26.2;0;stock;22.93;14.26;22.93;14.26;48.7;ESTAVEL
2018-12-04;1543881600000;MNDL3.SA;26.2;26.2;26.0;26.0;26.0;300;stock;22.96;13.24;22.96;13.24;46.15;ESTAVEL
2018-12-05;1543968000000;MNDL3.SA;26.0;26.0;26.0;26.0;26.0;0;stock;22.99;13.09;22.99;13.09;46.15;ESTAVEL
2018-12-06;1544054400000;MNDL3.SA;25.0;26.0;24.0;26.0;26.0;300;stock;23.02;12.94;23.02;12.94;46.15;ESTAVEL
2018-12-07;1544140800000;MNDL3.SA;26.0;26.0;26.0;26.0;26.0;0;stock;23.05;12.8;23.05;12.8;46.15;ESTAVEL
2018-12-10;1544400000000;MNDL3.SA;26.0;26.0;26.0;26.0;26.0;0;stock;23.08;12.66;23.08;12.66;46.15;ESTAVEL
2018-12-11;1544486400000;MNDL3.SA;26.0;26.0;26.0;26.0;26.0;0;stock;23.11;12.51;23.11;12.51;46.15;ESTAVEL
2018-12-12;1544572800000;MNDL3.SA;26.0;26.0;26.0;26.0;26.0;0;stock;23.14;12.37;23.14;12.37;46.15;ESTAVEL
2018-12-13;1544659200000;MNDL3.SA;26.0;26.0;26.0;26.0;26.0;0;stock;23.17;12.24;23.17;12.24;46.15;ESTAVEL
2018-12-14;1544745600000;MNDL3.SA;25.46;25.94;25.45;25.94;25.94;4100;stock;23.19;11.84;23.19;11.84;44.88;ESTAVEL
2018-12-17;1545004800000;MNDL3.SA;25.94;25.94;25.94;25.94;25.94;0;stock;23.22;11.71;23.22;11.71;44.88;ESTAVEL
2018-12-18;1545091200000;MNDL3.SA;26.0;26.95;26.0;26.0;26.0;1000;stock;23.25;11.84;23.25;11.84;46.59;ESTAVEL
2018-12-19;1545177600000;MNDL3.SA;27.0;27.0;27.0;27.0;27.0;100;stock;23.29;15.95;23.29;15.95;65.67;ESTAVEL
2018-12-20;1545264000000;MNDL3.SA;26.5;26.5;26.5;26.5;26.5;1500;stock;23.32;13.65;23.32;13.65;55.08;ESTAVEL
2018-12-21;1545350400000;MNDL3.SA;26.5;26.5;26.5;26.5;26.5;300;stock;23.35;13.49;23.35;13.49;55.08;ESTAVEL
2018-12-26;1545782400000;MNDL3.SA;26.5;26.5;26.5;26.5;26.5;0;stock;23.38;13.34;23.38;13.34;55.08;ESTAVEL
2018-12-27;1545868800000;MNDL3.SA;26.2;26.2;26.2;26.2;26.2;100;stock;23.41;11.92;23.41;11.92;49.14;ESTAVEL
2018-12-28;1545955200000;MNDL3.SA;26.0;28.0;26.0;27.0;27.0;800;stock;23.44;15.17;23.44;15.17;61.17;ESTAVEL
2019-01-02;1546387200000;MNDL3.SA;27.0;27.0;27.0;27.0;27.0;1900;stock;23.48;14.99;23.48;14.99;61.17;ESTAVEL
2019-01-03;1546473600000;MNDL3.SA;27.0;27.0;27.0;27.0;27.0;0;stock;23.51;14.82;23.51;14.82;61.17;ESTAVEL
2019-01-04;1546560000000;MNDL3.SA;27.0;27.0;26.85;26.85;26.85;500;stock;23.55;14.02;23.55;14.02;57.96;ESTAVEL
2019-01-07;1546819200000;MNDL3.SA;26.8;26.8;26.35;26.8;26.8;1000;stock;23.58;13.65;23.58;13.65;56.88;ESTAVEL
2019-01-08;1546905600000;MNDL3.SA;27.79;27.79;27.0;27.0;27.0;300;stock;23.61;14.34;23.61;14.34;60.07;ESTAVEL
2019-01-09;1546992000000;MNDL3.SA;27.0;27.5;27.0;27.5;27.5;5400;stock;23.65;16.26;23.65;16.26;66.68;ESTAVEL
2019-01-10;1547078400000;MNDL3.SA;27.58;27.79;27.58;27.58;27.58;600;stock;23.69;16.41;23.69;16.41;67.61;ESTAVEL
2019-01-11;1547164800000;MNDL3.SA;27.58;27.58;27.58;27.58;27.58;0;stock;23.73;16.22;23.73;16.22;67.61;ESTAVEL
2019-01-14;1547424000000;MNDL3.SA;27.0;27.0;26.2;26.8;26.8;700;stock;23.76;12.79;23.76;12.79;51.46;ESTAVEL
2019-01-15;1547510400000;MNDL3.SA;26.8;27.7;26.8;27.7;27.7;200;stock;23.8;16.38;23.8;16.38;62.57;ESTAVEL
2019-01-16;1547596800000;MNDL3.SA;27.7;27.7;27.7;27.7;27.7;0;stock;23.84;16.2;23.84;16.2;62.57;ESTAVEL
2019-01-17;1547683200000;MNDL3.SA;27.7;27.7;27.7;27.7;27.7;0;stock;23.88;16.01;23.88;16.01;62.57;ESTAVEL
2019-01-18;1547769600000;MNDL3.SA;27.7;27.8;27.7;27.8;27.8;300;stock;23.92;16.24;23.92;16.24;63.72;ESTAVEL
2019-01-21;1548028800000;MNDL3.SA;27.8;27.8;27.8;27.8;27.8;0;stock;23.96;16.05;23.96;16.05;63.72;ESTAVEL
2019-01-22;1548115200000;MNDL3.SA;27.8;27.8;27.8;27.8;27.8;0;stock;23.99;15.86;23.99;15.86;63.72;ESTAVEL
2019-01-23;1548201600000;MNDL3.SA;26.2;27.4;26.2;27.4;27.4;400;stock;24.03;14.04;24.03;14.04;55.23;ESTAVEL
2019-01-24;1548288000000;MNDL3.SA;27.45;27.5;27.45;27.5;27.5;200;stock;24.06;14.29;24.06;14.29;56.78;ESTAVEL
2019-01-28;1548633600000;MNDL3.SA;27.79;27.79;27.79;27.79;27.79;100;stock;24.1;15.32;24.1;15.32;61.0;ESTAVEL
2019-01-29;1548720000000;MNDL3.SA;27.49;27.6;27.49;27.6;27.6;1300;stock;24.13;14.36;24.13;14.36;57.07;ESTAVEL
2019-01-30;1548806400000;MNDL3.SA;27.8;27.8;27.8;27.8;27.8;2600;stock;24.17;15.02;24.17;15.02;59.99;ESTAVEL
2019-01-31;1548892800000;MNDL3.SA;27.8;27.8;27.8;27.8;27.8;0;stock;24.21;14.85;24.21;14.85;59.99;ESTAVEL
2019-02-01;1548979200000;MNDL3.SA;27.8;27.8;27.8;27.8;27.8;0;stock;24.24;14.68;24.24;14.68;59.99;ESTAVEL
2019-02-04;1549238400000;MNDL3.SA;27.8;28.1;27.8;28.1;28.1;200;stock;24.28;15.73;24.28;15.73;64.52;ESTAVEL
2019-02-05;1549324800000;MNDL3.SA;28.09;28.1;28.09;28.1;28.1;3800;stock;24.32;15.55;24.32;15.55;64.52;ESTAVEL
2019-02-06;1549411200000;MNDL3.SA;26.9;28.0;26.6;28.0;28.0;700;stock;24.36;14.96;24.36;14.96;61.81;ESTAVEL
2019-02-07;1549497600000;MNDL3.SA;27.6;27.6;27.6;27.6;27.6;100;stock;24.39;13.17;24.39;13.17;52.36;ESTAVEL
2019-02-08;1549584000000;MNDL3.SA;27.6;27.6;26.8;27.6;27.6;1900;stock;24.42;13.02;24.42;13.02;52.36;ESTAVEL
2019-02-11;1549843200000;MNDL3.SA;27.64;29.8;27.64;29.4;29.4;300;stock;24.47;20.15;24.47;20.15;73.5;CAIR
2019-02-12;1549929600000;MNDL3.SA;29.4;29.4;29.4;29.4;29.4;0;stock;24.52;19.91;24.52;19.91;73.5;CAIR
2019-02-13;1550016000000;MNDL3.SA;28.0;28.87;27.0;28.87;28.87;500;stock;24.56;17.54;24.56;17.54;63.83;ESTAVEL
2019-02-14;1550102400000;MNDL3.SA;28.87;28.87;28.87;28.87;28.87;0;stock;24.6;17.34;24.6;17.34;63.83;ESTAVEL
2019-02-15;1550188800000;MNDL3.SA;28.2;28.69;28.0;28.69;28.69;500;stock;24.65;16.41;24.65;16.41;60.68;ESTAVEL
2019-02-18;1550448000000;MNDL3.SA;28.0;28.99;28.0;28.99;28.99;200;stock;24.69;17.42;24.69;17.42;63.88;ESTAVEL
2019-02-19;1550534400000;MNDL3.SA;28.0;28.99;28.0;28.3;28.3;2300;stock;24.72;14.46;24.72;14.46;53.18;ESTAVEL
2019-02-20;1550620800000;MNDL3.SA;29.3;29.3;28.32;28.32;28.32;2500;stock;24.76;14.38;24.76;14.38;53.42;ESTAVEL
2019-02-21;1550707200000;MNDL3.SA;28.33;28.33;28.3;28.3;28.3;700;stock;24.8;14.14;24.8;14.14;53.12;ESTAVEL
2019-02-22;1550793600000;MNDL3.SA;28.3;28.3;28.3;28.3;28.3;100;stock;24.83;13.97;24.83;13.97;53.12;ESTAVEL
2019-02-25;1551052800000;MNDL3.SA;29.5;29.5;29.35;29.35;29.35;1600;stock;24.88;17.99;24.88;17.99;65.0;ESTAVEL
2019-02-26;1551139200000;MNDL3.SA;29.33;29.33;29.32;29.33;29.33;500;stock;24.92;17.7;24.92;17.7;64.66;ESTAVEL
2019-02-27;1551225600000;MNDL3.SA;29.0;29.33;29.0;29.33;29.33;900;stock;24.96;17.49;24.96;17.49;64.66;ESTAVEL
2019-02-28;1551312000000;MNDL3.SA;29.5;29.5;29.44;29.44;29.44;3900;stock;25.01;17.72;25.01;17.72;65.79;ESTAVEL
2019-03-01;1551398400000;MNDL3.SA;29.5;29.5;29.1;29.1;29.1;200;stock;25.05;16.17;25.05;16.17;59.47;ESTAVEL
2019-03-06;1551830400000;MNDL3.SA;29.1;29.99;29.0;29.0;29.0;800;stock;25.09;15.59;25.09;15.59;57.71;ESTAVEL
2019-03-07;1551916800000;MNDL3.SA;29.0;29.99;29.0;29.0;29.0;1000;stock;25.13;15.41;25.13;15.41;57.71;ESTAVEL
2019-03-08;1552003200000;MNDL3.SA;29.0;29.99;29.0;29.92;29.92;1600;stock;25.17;18.85;25.17;18.85;67.84;ESTAVEL
2019-03-11;1552262400000;MNDL3.SA;29.92;29.92;29.92;29.92;29.92;0;stock;25.22;18.63;25.22;18.63;67.84;ESTAVEL
2019-03-12;1552348800000;MNDL3.SA;29.59;29.68;29.1;29.1;29.1;400;stock;25.26;15.2;25.26;15.2;54.38;ESTAVEL
2019-03-13;1552435200000;MNDL3.SA;29.1;29.94;29.1;29.15;29.15;400;stock;25.3;15.22;25.3;15.22;54.97;ESTAVEL
2019-03-14;1552521600000;MNDL3.SA;29.15;29.5;29.15;29.2;29.2;700;stock;25.34;15.24;25.34;15.24;55.58;ESTAVEL
2019-03-15;1552608000000;MNDL3.SA;29.2;29.95;29.2;29.95;29.95;200;stock;25.38;17.99;25.38;17.99;63.61;ESTAVEL
2019-03-18;1552867200000;MNDL3.SA;30.0;30.0;30.0;30.0;30.0;200;stock;25.43;17.97;25.43;17.97;64.08;ESTAVEL
2019-03-19;1552953600000;MNDL3.SA;29.27;29.99;29.01;29.11;29.11;900;stock;25.47;14.31;25.47;14.31;51.44;ESTAVEL
2019-03-20;1553040000000;MNDL3.SA;29.48;30.0;29.48;30.0;30.0;1000;stock;25.51;17.59;25.51;17.59;59.95;ESTAVEL
2019-03-21;1553126400000;MNDL3.SA;30.0;30.7;29.26;30.7;30.7;1000;stock;25.56;20.1;25.56;20.1;65.12;ESTAVEL
2019-03-22;1553212800000;MNDL3.SA;30.89;30.89;30.89;30.89;30.89;100;stock;25.62;20.59;25.62;20.59;66.39;ESTAVEL
2019-03-25;1553472000000;MNDL3.SA;30.89;30.89;30.89;30.89;30.89;0;stock;25.67;20.34;25.67;20.34;66.39;ESTAVEL
2019-03-26;1553558400000;MNDL3.SA;29.53;32.14;29.53;32.0;32.0;300;stock;25.73;24.36;25.73;24.36;73.04;CAIR
2019-03-27;1553644800000;MNDL3.SA;29.36;31.5;29.36;31.4;31.4;3800;stock;25.79;21.76;25.79;21.76;65.5;ESTAVEL
2019-03-28;1553731200000;MNDL3.SA;29.36;31.29;29.31;29.31;29.31;1200;stock;25.82;13.5;25.82;13.5;47.21;ESTAVEL
2019-03-29;1553817600000;MNDL3.SA;31.0;31.0;29.36;29.36;29.36;200;stock;25.86;13.54;25.86;13.54;47.59;ESTAVEL
2019-04-01;1554076800000;MNDL3.SA;29.38;29.38;29.38;29.38;29.38;5000;stock;25.89;13.47;25.89;13.47;47.75;ESTAVEL
2019-04-02;1554163200000;MNDL3.SA;29.38;29.38;29.38;29.38;29.38;0;stock;25.93;13.31;25.93;13.31;47.75;ESTAVEL
2019-04-03;1554249600000;MNDL3.SA;29.35;30.29;29.35;30.29;30.29;800;stock;25.97;16.63;25.97;16.63;55.03;ESTAVEL
2019-04-04;1554336000000;MNDL3.SA;30.28;30.29;30.28;30.29;30.29;800;stock;26.01;16.44;26.01;16.44;55.03;ESTAVEL
2019-04-05;1554422400000;MNDL3.SA;31.5;31.5;31.5;31.5;31.5;100;stock;26.07;20.83;26.07;20.83;62.98;ESTAVEL
2019-04-08;1554681600000;MNDL3.SA;31.5;31.5;31.5;31.5;31.5;0;stock;26.12;20.58;26.12;20.58;62.98;ESTAVEL
2019-04-09;1554768000000;MNDL3.SA;31.5;31.5;31.5;31.5;31.5;0;stock;26.18;20.34;26.18;20.34;62.98;ESTAVEL
2019-04-10;1554854400000;MNDL3.SA;31.5;31.5;31.5;31.5;31.5;0;stock;26.23;20.09;26.23;20.09;62.98;ESTAVEL
2019-04-11;1554940800000;MNDL3.SA;30.0;30.97;30.0;30.97;30.97;200;stock;26.28;17.86;26.28;17.86;57.04;ESTAVEL
2019-04-12;1555027200000;MNDL3.SA;30.97;30.97;30.97;30.97;30.97;0;stock;26.32;17.65;26.32;17.65;57.04;ESTAVEL
2019-04-15;1555286400000;MNDL3.SA;31.4;31.4;31.25;31.38;31.38;3500;stock;26.37;18.98;26.37;18.98;60.39;ESTAVEL
2019-04-16;1555372800000;MNDL3.SA;31.5;31.5;31.5;31.5;31.5;100;stock;26.42;19.21;26.42;19.21;61.34;ESTAVEL
2019-04-17;1555459200000;MNDL3.SA;31.49;31.8;31.49;31.8;31.8;600;stock;26.48;20.1;26.48;20.1;63.69;ESTAVEL
2019-04-18;1555545600000;MNDL3.SA;31.8;31.8;31.8;31.8;31.8;100;stock;26.53;19.86;26.53;19.86;63.69;ESTAVEL
2019-04-22;1555891200000;MNDL3.SA;31.0;31.0;31.0;31.0;31.0;100;stock;26.58;16.65;26.58;16.65;53.62;ESTAVEL
2019-04-23;1555977600000;MNDL3.SA;31.0;31.0;31.0;31.0;31.0;3200;stock;26.62;16.46;26.62;16.46;53.62;ESTAVEL
2019-04-24;1556064000000;MNDL3.SA;30.5;30.5;30.21;30.21;30.21;200;stock;26.66;13.34;26.66;13.34;45.4;ESTAVEL
2019-04-25;1556150400000;MNDL3.SA;30.21;30.21;30.21;30.21;30.21;0;stock;26.69;13.19;26.69;13.19;45.4;ESTAVEL
2019-04-26;1556236800000;MNDL3.SA;31.0;32.99;31.0;31.9;31.9;400;stock;26.74;19.29;26.74;19.29;60.44;ESTAVEL
2019-04-29;1556496000000;MNDL3.SA;31.9;31.9;31.9;31.9;31.9;0;stock;26.79;19.06;26.79;19.06;60.44;ESTAVEL
2019-04-30;1556582400000;MNDL3.SA;31.9;31.9;31.9;31.9;31.9;0;stock;26.84;18.83;26.84;18.83;60.44;ESTAVEL
2019-05-02;1556755200000;MNDL3.SA;30.56;31.5;30.56;31.5;31.5;300;stock;26.89;17.14;26.89;17.14;55.89;ESTAVEL
2019-05-03;1556841600000;MNDL3.SA;31.5;31.5;31.5;31.5;31.5;0;stock;26.94;16.94;26.94;16.94;55.89;ESTAVEL
2019-05-06;1557100800000;MNDL3.SA;31.5;31.5;31.5;31.5;31.5;0;stock;26.98;16.74;26.98;16.74;55.89;ESTAVEL
2019-05-07;1557187200000;MNDL3.SA;31.66;31.66;31.66;31.66;31.66;400;stock;27.03;17.13;27.03;17.13;57.49;ESTAVEL
2019-05-08;1557273600000;MNDL3.SA;30.71;30.71;30.3;30.3;30.3;600;stock;27.06;11.97;27.06;11.97;43.16;ESTAVEL
2019-05-09;1557360000000;MNDL3.SA;30.3;30.3;30.3;30.3;30.3;0;stock;27.09;11.84;27.09;11.84;43.16;ESTAVEL
2019-05-10;1557446400000;MNDL3.SA;30.3;30.3;30.3;30.3;30.3;3200;stock;27.13;11.7;27.13;11.7;43.16;ESTAVEL
2019-05-13;1557705600000;MNDL3.SA;30.0;30.0;30.0;30.0;30.0;100;stock;27.15;10.48;27.15;10.48;40.39;ESTAVEL
2019-05-14;1557792000000;MNDL3.SA;30.0;30.0;30.0;30.0;30.0;0;stock;27.18;10.37;27.18;10.37;40.39;ESTAVEL
2019-05-15;1557878400000;MNDL3.SA;30.0;30.0;30.0;30.0;30.0;200;stock;27.21;10.25;27.21;10.25;40.39;ESTAVEL
2019-05-16;1557964800000;MNDL3.SA;30.0;30.0;30.0;30.0;30.0;0;stock;27.24;10.14;27.24;10.14;40.39;ESTAVEL
2019-05-17;1558051200000;MNDL3.SA;30.0;30.0;30.0;30.0;30.0;0;stock;27.27;10.03;27.27;10.03;40.39;ESTAVEL
2019-05-20;1558310400000;MNDL3.SA;30.0;32.5;30.0;30.1;30.1;3400;stock;27.29;10.28;27.29;10.28;42.18;ESTAVEL
2019-05-21;1558396800000;MNDL3.SA;30.1;30.1;30.1;30.1;30.1;0;stock;27.32;10.17;27.32;10.17;42.18;ESTAVEL
2019-05-22;1558483200000;MNDL3.SA;30.1;30.1;30.1;30.1;30.1;0;stock;27.35;10.06;27.35;10.06;42.18;ESTAVEL
2019-05-23;1558569600000;MNDL3.SA;30.1;30.1;30.1;30.1;30.1;0;stock;27.38;9.95;27.38;9.95;42.18;ESTAVEL
2019-05-24;1558656000000;MNDL3.SA;31.7;31.7;31.7;31.7;31.7;100;stock;27.42;15.61;27.42;15.61;64.91;ESTAVEL
2019-05-27;1558915200000;MNDL3.SA;31.7;31.7;31.7;31.7;31.7;0;stock;27.46;15.43;27.46;15.43;64.91;ESTAVEL
2019-05-28;1559001600000;MNDL3.SA;31.7;31.7;31.7;31.7;31.7;0;stock;27.5;15.25;27.5;15.25;64.91;ESTAVEL
2019-05-29;1559088000000;MNDL3.SA;33.27;33.27;33.27;33.27;33.27;100;stock;27.56;20.71;27.56;20.71;76.32;CAIR
2019-05-30;1559174400000;MNDL3.SA;33.27;33.27;33.27;33.27;33.27;0;stock;27.62;20.46;27.62;20.46;76.32;CAIR
2019-05-31;1559260800000;MNDL3.SA;31.5;33.0;31.5;33.0;33.0;1100;stock;27.67;19.25;27.67;19.25;71.67;CAIR
2019-06-03;1559520000000;MNDL3.SA;33.0;33.0;33.0;33.0;33.0;0;stock;27.73;19.03;27.73;19.03;71.67;CAIR
2019-06-04;1559606400000;MNDL3.SA;33.0;33.0;33.0;33.0;33.0;100;stock;27.78;18.8;27.78;18.8;71.67;CAIR
2019-06-05;1559692800000;MNDL3.SA;33.0;33.0;33.0;33.0;33.0;0;stock;27.83;18.58;27.83;18.58;71.67;CAIR
2019-06-06;1559779200000;MNDL3.SA;33.0;33.0;33.0;33.0;33.0;0;stock;27.88;18.36;27.88;18.36;71.67;CAIR
2019-06-07;1559865600000;MNDL3.SA;34.0;34.0;34.0;34.0;34.0;100;stock;27.94;21.68;27.94;21.68;78.65;CAIR
2019-06-10;1560124800000;MNDL3.SA;34.0;34.0;34.0;34.0;34.0;0;stock;28.0;21.42;28.0;21.42;78.65;CAIR
2019-06-11;1560211200000;MNDL3.SA;34.0;34.0;34.0;34.0;34.0;0;stock;28.06;21.16;28.06;21.16;78.65;CAIR
2019-06-12;1560297600000;MNDL3.SA;34.0;34.0;34.0;34.0;34.0;700;stock;28.12;20.91;28.12;20.91;78.65;CAIR
2019-06-13;1560384000000;MNDL3.SA;34.0;34.0;34.0;34.0;34.0;0;stock;28.18;20.66;28.18;20.66;78.65;CAIR
2019-06-14;1560470400000;MNDL3.SA;34.0;34.0;34.0;34.0;34.0;0;stock;28.24;20.41;28.24;20.41;78.65;CAIR
2019-06-17;1560729600000;MNDL3.SA;32.84;32.84;32.84;32.84;32.84;3100;stock;28.28;16.11;28.28;16.11;54.4;ESTAVEL
2019-06-18;1560816000000;MNDL3.SA;31.5;31.5;31.5;31.5;31.5;100;stock;28.32;11.25;28.32;11.25;39.32;ESTAVEL
2019-06-19;1560902400000;MNDL3.SA;33.3;33.3;33.3;33.3;33.3;100;stock;28.36;17.4;28.36;17.4;56.69;ESTAVEL
2019-06-21;1561075200000;MNDL3.SA;33.9;33.94;33.9;33.94;33.94;200;stock;28.42;19.42;28.42;19.42;60.97;ESTAVEL
2019-06-24;1561334400000;MNDL3.SA;33.85;33.99;33.85;33.99;33.99;300;stock;28.48;19.36;28.48;19.36;61.29;ESTAVEL
2019-06-25;1561420800000;MNDL3.SA;33.99;33.99;33.99;33.99;33.99;0;stock;28.53;19.14;28.53;19.14;61.29;ESTAVEL
2019-06-26;1561507200000;MNDL3.SA;33.99;33.99;33.99;33.99;33.99;0;stock;28.58;18.91;28.58;18.91;61.29;ESTAVEL
2019-06-27;1561593600000;MNDL3.SA;33.99;33.99;33.99;33.99;33.99;200;stock;28.64;18.69;28.64;18.69;61.29;ESTAVEL
2019-06-28;1561680000000;MNDL3.SA;33.99;33.99;33.99;33.99;33.99;0;stock;28.69;18.47;28.69;18.47;61.29;ESTAVEL
2019-07-01;1561939200000;MNDL3.SA;33.99;33.99;33.99;33.99;33.99;0;stock;28.74;18.25;28.74;18.25;61.29;ESTAVEL
2019-07-02;1562025600000;MNDL3.SA;33.11;33.11;32.06;32.06;32.06;500;stock;28.78;11.41;28.78;11.41;40.96;ESTAVEL
2019-07-03;1562112000000;MNDL3.SA;33.99;34.0;33.99;34.0;34.0;1200;stock;28.83;17.93;28.83;17.93;56.56;ESTAVEL
2019-07-04;1562198400000;MNDL3.SA;34.0;34.0;34.0;34.0;34.0;0;stock;28.88;17.72;28.88;17.72;56.56;ESTAVEL
2019-07-05;1562284800000;MNDL3.SA;34.0;34.3;34.0;34.3;34.3;3400;stock;28.93;18.54;28.93;18.54;58.52;ESTAVEL
2019-07-08;1562544000000;MNDL3.SA;34.3;34.3;34.3;34.3;34.3;0;stock;28.99;18.32;28.99;18.32;58.52;ESTAVEL
2019-07-10;1562716800000;MNDL3.SA;32.06;34.29;32.06;34.29;34.29;300;stock;29.04;18.07;29.04;18.07;58.42;ESTAVEL
2019-07-11;1562803200000;MNDL3.SA;34.29;34.29;34.29;34.29;34.29;0;stock;29.09;17.86;29.09;17.86;58.42;ESTAVEL
2019-07-12;1562889600000;MNDL3.SA;34.29;34.29;34.29;34.29;34.29;0;stock;29.15;17.65;29.15;17.65;58.42;ESTAVEL
2019-07-15;1563148800000;MNDL3.SA;34.0;34.5;33.03;33.03;33.03;3500;stock;29.18;13.18;29.18;13.18;45.83;ESTAVEL
2019-07-16;1563235200000;MNDL3.SA;33.01;33.01;33.01;33.01;33.01;100;stock;29.22;12.96;29.22;12.96;45.66;ESTAVEL
2019-07-17;1563321600000;MNDL3.SA;33.01;33.01;33.01;33.01;33.01;0;stock;29.26;12.82;29.26;12.82;45.66;ESTAVEL
2019-07-18;1563408000000;MNDL3.SA;33.5;33.5;33.5;33.5;33.5;100;stock;29.3;14.33;29.3;14.33;50.79;ESTAVEL
2019-07-19;1563494400000;MNDL3.SA;33.5;33.5;33.5;33.5;33.5;200;stock;29.34;14.17;29.34;14.17;50.79;ESTAVEL
2019-07-22;1563753600000;MNDL3.SA;33.5;33.5;33.5;33.5;33.5;100;stock;29.38;14.0;29.38;14.0;50.79;ESTAVEL
2019-07-23;1563840000000;MNDL3.SA;36.0;36.0;35.99;35.99;35.99;300;stock;29.45;22.2;29.45;22.2;69.24;ESTAVEL
2019-07-24;1563926400000;MNDL3.SA;35.99;35.99;35.99;35.99;35.99;0;stock;29.52;21.94;29.52;21.94;69.24;ESTAVEL
2019-07-25;1564012800000;MNDL3.SA;33.6;33.6;33.6;33.6;33.6;100;stock;29.56;13.68;29.56;13.68;48.85;ESTAVEL
2019-07-26;1564099200000;MNDL3.SA;33.6;33.6;33.6;33.6;33.6;0;stock;29.6;13.53;29.6;13.53;48.85;ESTAVEL
2019-07-29;1564358400000;MNDL3.SA;35.99;35.99;35.99;35.99;35.99;100;stock;29.66;21.34;29.66;21.34;61.87;ESTAVEL
2019-07-30;1564444800000;MNDL3.SA;35.99;35.99;35.99;35.99;35.99;0;stock;29.72;21.08;29.72;21.08;61.87;ESTAVEL
2019-07-31;1564531200000;MNDL3.SA;36.0;36.0;36.0;36.0;36.0;100;stock;29.79;20.86;29.79;20.86;61.92;ESTAVEL
2019-08-01;1564617600000;MNDL3.SA;35.99;35.99;35.99;35.99;35.99;6600;stock;29.85;20.58;29.85;20.58;61.84;ESTAVEL
2019-08-02;1564704000000;MNDL3.SA;35.99;35.99;35.99;35.99;35.99;0;stock;29.91;20.33;29.91;20.33;61.84;ESTAVEL
2019-08-05;1564963200000;MNDL3.SA;35.99;35.99;35.99;35.99;35.99;0;stock;29.97;20.09;29.97;20.09;61.84;ESTAVEL
2019-08-06;1565049600000;MNDL3.SA;35.35;35.35;35.35;35.35;35.35;500;stock;30.02;17.75;30.02;17.75;55.91;ESTAVEL
2019-08-07;1565136000000;MNDL3.SA;35.35;35.35;35.35;35.35;35.35;0;stock;30.08;17.54;30.08;17.54;55.91;ESTAVEL
2019-08-08;1565222400000;MNDL3.SA;35.4;35.4;35.4;35.4;35.4;200;stock;30.13;17.5;30.13;17.5;56.29;ESTAVEL
2019-08-09;1565308800000;MNDL3.SA;35.4;35.4;35.4;35.4;35.4;0;stock;30.18;17.29;30.18;17.29;56.29;ESTAVEL
2019-08-12;1565568000000;MNDL3.SA;35.4;35.4;35.4;35.4;35.4;3000;stock;30.23;17.09;30.23;17.09;56.29;ESTAVEL
2019-08-13;1565654400000;MNDL3.SA;35.4;35.4;35.4;35.4;35.4;0;stock;30.28;16.89;30.28;16.89;56.29;ESTAVEL
2019-08-14;1565740800000;MNDL3.SA;35.5;35.5;35.5;35.5;35.5;1000;stock;30.34;17.02;30.34;17.02;57.28;ESTAVEL
2019-08-15;1565827200000;MNDL3.SA;35.5;35.5;35.5;35.5;35.5;0;stock;30.39;16.82;30.39;16.82;57.28;ESTAVEL
2019-08-16;1565913600000;MNDL3.SA;35.5;35.5;35.5;35.5;35.5;0;stock;30.44;16.63;30.44;16.63;57.28;ESTAVEL
2019-08-19;1566172800000;MNDL3.SA;35.5;35.5;35.5;35.5;35.5;0;stock;30.49;16.44;30.49;16.44;57.28;ESTAVEL
2019-08-20;1566259200000;MNDL3.SA;35.5;35.5;35.5;35.5;35.5;0;stock;30.54;16.25;30.54;16.25;57.28;ESTAVEL
2019-08-21;1566345600000;MNDL3.SA;35.5;35.5;35.5;35.5;35.5;0;stock;30.59;16.06;30.59;16.06;57.28;ESTAVEL
2019-08-22;1566432000000;MNDL3.SA;35.5;35.5;35.5;35.5;35.5;0;stock;30.64;15.87;30.64;15.87;57.28;ESTAVEL
2019-08-23;1566518400000;MNDL3.SA;34.8;34.8;34.8;34.8;34.8;100;stock;30.68;13.44;30.68;13.44;45.23;ESTAVEL
2019-08-26;1566777600000;MNDL3.SA;34.8;34.8;34.8;34.8;34.8;0;stock;30.72;13.28;30.72;13.28;45.23;ESTAVEL
2019-08-27;1566864000000;MNDL3.SA;34.5;34.5;34.4;34.4;34.4;400;stock;30.76;11.85;30.76;11.85;39.7;ESTAVEL
2019-08-28;1566950400000;MNDL3.SA;34.4;34.4;34.4;34.4;34.4;0;stock;30.79;11.72;30.79;11.72;39.7;ESTAVEL
2019-08-29;1567036800000;MNDL3.SA;34.2;34.2;33.8;34.0;34.0;300;stock;30.82;10.3;30.82;10.3;34.77;ESTAVEL
2019-08-30;1567123200000;MNDL3.SA;33.9;36.4;33.9;36.4;36.4;400;stock;30.88;17.88;30.88;17.88;63.81;ESTAVEL
2019-09-02;1567382400000;MNDL3.SA;36.4;36.4;36.4;36.4;36.4;0;stock;30.93;17.67;30.93;17.67;63.81;ESTAVEL
2019-09-03;1567468800000;MNDL3.SA;36.4;36.4;36.4;36.4;36.4;0;stock;30.99;17.46;30.99;17.46;63.81;ESTAVEL
2019-09-04;1567555200000;MNDL3.SA;36.4;36.4;36.4;36.4;36.4;0;stock;31.04;17.26;31.04;17.26;63.81;ESTAVEL
2019-09-05;1567641600000;MNDL3.SA;36.4;36.4;36.4;36.4;36.4;0;stock;31.1;17.06;31.1;17.06;63.81;ESTAVEL
2019-09-06;1567728000000;MNDL3.SA;34.2;34.2;34.2;34.2;34.2;100;stock;31.13;9.87;31.13;9.87;40.1;ESTAVEL
2019-09-09;1567987200000;MNDL3.SA;34.5;34.5;34.38;34.38;34.38;3600;stock;31.16;10.34;31.16;10.34;42.0;ESTAVEL
2019-09-10;1568073600000;MNDL3.SA;34.5;34.5;34.5;34.5;34.5;100;stock;31.19;10.6;31.19;10.6;43.29;ESTAVEL
2019-09-11;1568160000000;MNDL3.SA;34.5;35.99;34.0;35.99;35.99;500;stock;31.24;15.2;31.24;15.2;56.3;ESTAVEL
2019-09-12;1568246400000;MNDL3.SA;34.51;34.51;34.51;34.51;34.51;100;stock;31.27;10.35;31.27;10.35;45.21;ESTAVEL
2019-09-13;1568332800000;MNDL3.SA;34.5;34.5;34.5;34.5;34.5;100;stock;31.3;10.21;31.3;10.21;45.14;ESTAVEL
2019-09-16;1568592000000;MNDL3.SA;34.5;34.5;34.5;34.5;34.5;0;stock;31.34;10.09;31.34;10.09;45.14;ESTAVEL
2019-09-17;1568678400000;MNDL3.SA;34.51;35.5;34.5;35.5;35.5;400;stock;31.38;13.14;31.38;13.14;52.95;ESTAVEL
2019-09-18;1568764800000;MNDL3.SA;35.9;35.9;35.9;35.9;35.9;100;stock;31.42;14.25;31.42;14.25;55.67;ESTAVEL
2019-09-19;1568851200000;MNDL3.SA;36.0;37.0;35.5;35.5;35.5;1300;stock;31.46;12.83;31.46;12.83;52.41;ESTAVEL
2019-09-20;1568937600000;MNDL3.SA;35.0;35.8;35.0;35.8;35.8;500;stock;31.51;13.63;31.51;13.63;54.56;ESTAVEL
2019-09-23;1569196800000;MNDL3.SA;36.98;37.0;36.98;37.0;37.0;700;stock;31.56;17.23;31.56;17.23;61.96;ESTAVEL
2019-09-24;1569283200000;MNDL3.SA;35.01;35.01;34.75;34.75;34.75;900;stock;31.59;9.99;31.59;9.99;46.63;ESTAVEL
2019-09-25;1569369600000;MNDL3.SA;34.75;34.75;34.75;34.75;34.75;0;stock;31.62;9.88;31.62;9.88;46.63;ESTAVEL
2019-09-26;1569456000000;MNDL3.SA;35.14;35.14;35.13;35.13;35.13;6600;stock;31.66;10.96;31.66;10.96;49.09;ESTAVEL
2019-09-27;1569542400000;MNDL3.SA;35.1;35.1;35.1;35.1;35.1;100;stock;31.69;10.75;31.69;10.75;48.9;ESTAVEL
2019-09-30;1569801600000;MNDL3.SA;35.21;35.3;35.0;35.0;35.0;1900;stock;31.73;10.32;31.73;10.32;48.22;ESTAVEL
2019-10-01;1569888000000;MNDL3.SA;35.0;35.0;35.0;35.0;35.0;0;stock;31.76;10.2;31.76;10.2;48.22;ESTAVEL
2019-10-02;1569974400000;MNDL3.SA;35.0;35.0;35.0;35.0;35.0;100;stock;31.79;10.09;31.79;10.09;48.22;ESTAVEL
2019-10-03;1570060800000;MNDL3.SA;35.0;35.0;35.0;35.0;35.0;100;stock;31.82;9.98;31.82;9.98;48.22;ESTAVEL
2019-10-04;1570147200000;MNDL3.SA;35.99;35.99;35.99;35.99;35.99;200;stock;31.86;12.95;31.86;12.95;56.29;ESTAVEL
2019-10-07;1570406400000;MNDL3.SA;35.99;35.99;35.99;35.99;35.99;3000;stock;31.91;12.8;31.91;12.8;56.29;ESTAVEL
2019-10-08;1570492800000;MNDL3.SA;35.99;35.99;35.99;35.99;35.99;0;stock;31.95;12.66;31.95;12.66;56.29;ESTAVEL
2019-10-09;1570579200000;MNDL3.SA;35.1;35.1;35.01;35.01;35.01;200;stock;31.98;9.48;31.98;9.48;47.2;ESTAVEL
2019-10-10;1570665600000;MNDL3.SA;35.01;35.01;35.01;35.01;35.01;0;stock;32.01;9.38;32.01;9.38;47.2;ESTAVEL
2019-10-11;1570752000000;MNDL3.SA;36.79;36.79;36.79;36.79;36.79;100;stock;32.05;14.77;32.05;14.77;60.6;ESTAVEL
2019-10-14;1571011200000;MNDL3.SA;36.79;36.79;36.79;36.79;36.79;0;stock;32.1;14.6;32.1;14.6;60.6;ESTAVEL
2019-10-15;1571097600000;MNDL3.SA;35.25;36.65;35.25;36.65;36.65;200;stock;32.15;14.01;32.15;14.01;59.23;ESTAVEL
2019-10-16;1571184000000;MNDL3.SA;36.65;36.65;36.65;36.65;36.65;0;stock;32.19;13.85;32.19;13.85;59.23;ESTAVEL
2019-10-17;1571270400000;MNDL3.SA;36.65;36.65;36.65;36.65;36.65;0;stock;32.24;13.69;32.24;13.69;59.23;ESTAVEL
2019-10-18;1571356800000;MNDL3.SA;36.65;36.65;36.65;36.65;36.65;0;stock;32.28;13.54;32.28;13.54;59.23;ESTAVEL
2019-10-21;1571616000000;MNDL3.SA;36.65;36.65;36.65;36.65;36.65;0;stock;32.32;13.38;32.32;13.38;59.23;ESTAVEL
2019-10-22;1571702400000;MNDL3.SA;36.65;36.65;36.65;36.65;36.65;0;stock;32.37;13.23;32.37;13.23;59.23;ESTAVEL
2019-10-23;1571788800000;MNDL3.SA;36.65;36.65;36.65;36.65;36.65;0;stock;32.41;13.08;32.41;13.08;59.23;ESTAVEL
2019-10-24;1571875200000;MNDL3.SA;36.65;36.65;36.65;36.65;36.65;0;stock;32.45;12.94;32.45;12.94;59.23;ESTAVEL
2019-10-25;1571961600000;MNDL3.SA;35.25;35.25;35.25;35.25;35.25;700;stock;32.48;8.53;32.48;8.53;42.02;ESTAVEL
2019-10-28;1572220800000;MNDL3.SA;35.0;36.97;35.0;36.97;36.97;900;stock;32.52;13.67;32.52;13.67;58.12;ESTAVEL
2019-10-29;1572307200000;MNDL3.SA;36.97;36.97;36.97;36.97;36.97;0;stock;32.57;13.52;32.57;13.52;58.12;ESTAVEL
2019-10-30;1572393600000;MNDL3.SA;36.97;36.97;36.97;36.97;36.97;0;stock;32.61;13.36;32.61;13.36;58.12;ESTAVEL
2019-10-31;1572480000000;MNDL3.SA;36.97;36.97;36.97;36.97;36.97;0;stock;32.66;13.21;32.66;13.21;58.12;ESTAVEL
2019-11-01;1572566400000;MNDL3.SA;35.81;36.7;35.8;36.0;36.0;700;stock;32.69;10.13;32.69;10.13;48.01;ESTAVEL
2019-11-04;1572825600000;MNDL3.SA;36.95;36.95;36.93;36.93;36.93;3100;stock;32.73;12.83;32.73;12.83;55.93;ESTAVEL
2019-11-05;1572912000000;MNDL3.SA;36.93;36.95;36.93;36.95;36.95;300;stock;32.77;12.75;32.77;12.75;56.08;ESTAVEL
2019-11-06;1572998400000;MNDL3.SA;36.95;36.95;36.95;36.95;36.95;0;stock;32.81;12.6;32.81;12.6;56.08;ESTAVEL
2019-11-07;1573084800000;MNDL3.SA;36.95;36.95;36.95;36.95;36.95;100;stock;32.86;12.46;32.86;12.46;56.08;ESTAVEL
2019-11-08;1573171200000;MNDL3.SA;36.95;36.95;36.95;36.95;36.95;0;stock;32.9;12.32;32.9;12.32;56.08;ESTAVEL
2019-11-11;1573430400000;MNDL3.SA;36.01;36.01;35.5;35.5;35.5;500;stock;32.92;7.83;32.92;7.83;41.77;ESTAVEL
2019-11-12;1573516800000;MNDL3.SA;35.5;35.5;35.5;35.5;35.5;0;stock;32.95;7.75;32.95;7.75;41.77;ESTAVEL
2019-11-13;1573603200000;MNDL3.SA;35.5;35.5;35.5;35.5;35.5;0;stock;32.97;7.66;32.97;7.66;41.77;ESTAVEL
2019-11-14;1573689600000;MNDL3.SA;35.5;35.5;35.5;35.5;35.5;0;stock;33.0;7.58;33.0;7.58;41.77;ESTAVEL
2019-11-18;1574035200000;MNDL3.SA;35.5;35.5;35.5;35.5;35.5;0;stock;33.02;7.5;33.02;7.5;41.77;ESTAVEL
2019-11-19;1574121600000;MNDL3.SA;35.5;35.5;35.5;35.5;35.5;0;stock;33.05;7.42;33.05;7.42;41.77;ESTAVEL
2019-11-21;1574294400000;MNDL3.SA;35.25;35.25;35.25;35.25;35.25;7200;stock;33.07;6.59;33.07;6.59;39.08;ESTAVEL
2019-11-22;1574380800000;MNDL3.SA;35.25;35.25;35.25;35.25;35.25;0;stock;33.09;6.52;33.09;6.52;39.08;ESTAVEL
2019-11-25;1574640000000;MNDL3.SA;35.25;35.25;35.25;35.25;35.25;0;stock;33.11;6.45;33.11;6.45;39.08;ESTAVEL
2019-11-26;1574726400000;MNDL3.SA;35.17;35.17;35.17;35.17;35.17;100;stock;33.13;6.15;33.13;6.15;38.11;ESTAVEL
2019-11-27;1574812800000;MNDL3.SA;35.17;35.17;35.17;35.17;35.17;0;stock;33.15;6.08;33.15;6.08;38.11;ESTAVEL
2019-11-28;1574899200000;MNDL3.SA;35.17;35.17;35.17;35.17;35.17;0;stock;33.17;6.02;33.17;6.02;38.11;ESTAVEL
2019-11-29;1574985600000;MNDL3.SA;35.5;35.5;35.5;35.5;35.5;100;stock;33.2;6.94;33.2;6.94;45.18;ESTAVEL
2019-12-02;1575244800000;MNDL3.SA;35.5;35.5;35.5;35.5;35.5;3000;stock;33.22;6.86;33.22;6.86;45.18;ESTAVEL
2019-12-03;1575331200000;MNDL3.SA;35.5;35.5;35.5;35.5;35.5;0;stock;33.24;6.79;33.24;6.79;45.18;ESTAVEL
2019-12-04;1575417600000;MNDL3.SA;35.02;36.0;35.02;36.0;36.0;200;stock;33.27;8.21;33.27;8.21;54.92;ESTAVEL
2019-12-05;1575504000000;MNDL3.SA;36.0;36.0;36.0;36.0;36.0;0;stock;33.3;8.12;33.3;8.12;54.92;ESTAVEL
2019-12-06;1575590400000;MNDL3.SA;36.0;36.0;36.0;36.0;36.0;0;stock;33.32;8.03;33.32;8.03;54.92;ESTAVEL
2019-12-09;1575849600000;MNDL3.SA;36.0;36.0;36.0;36.0;36.0;0;stock;33.35;7.94;33.35;7.94;54.92;ESTAVEL
2019-12-10;1575936000000;MNDL3.SA;35.1;35.1;35.02;35.02;35.02;300;stock;33.37;4.95;33.37;4.95;37.4;ESTAVEL
2019-12-11;1576022400000;MNDL3.SA;35.02;35.02;35.02;35.02;35.02;0;stock;33.38;4.9;33.38;4.9;37.4;ESTAVEL
2019-12-12;1576108800000;MNDL3.SA;35.01;35.01;34.8;34.8;34.8;400;stock;33.4;4.2;33.4;4.2;34.53;ESTAVEL
2019-12-13;1576195200000;MNDL3.SA;34.8;34.8;34.8;34.8;34.8;0;stock;33.41;4.15;33.41;4.15;34.53;ESTAVEL
2019-12-16;1576454400000;MNDL3.SA;35.99;36.0;35.99;36.0;36.0;2600;stock;33.44;7.66;33.44;7.66;55.92;ESTAVEL
2019-12-17;1576540800000;MNDL3.SA;35.5;35.5;35.5;35.5;35.5;200;stock;33.46;6.1;33.46;6.1;48.77;ESTAVEL
2019-12-18;1576627200000;MNDL3.SA;35.5;35.5;35.5;35.5;35.5;0;stock;33.48;6.04;33.48;6.04;48.77;ESTAVEL
2019-12-19;1576713600000;MNDL3.SA;35.5;35.5;35.5;35.5;35.5;0;stock;33.5;5.97;33.5;5.97;48.77;ESTAVEL
2019-12-20;1576800000000;MNDL3.SA;35.1;35.1;35.1;35.1;35.1;200;stock;33.51;4.73;33.51;4.73;43.24;ESTAVEL
2019-12-23;1577059200000;MNDL3.SA;35.99;36.0;35.99;36.0;36.0;1000;stock;33.54;7.34;33.54;7.34;55.47;ESTAVEL
2019-12-26;1577318400000;MNDL3.SA;36.0;36.0;36.0;36.0;36.0;0;stock;33.56;7.26;33.56;7.26;55.47;ESTAVEL
2019-12-27;1577404800000;MNDL3.SA;36.0;37.0;35.5;35.5;35.5;4400;stock;33.58;5.71;33.58;5.71;48.71;ESTAVEL
2019-12-30;1577664000000;MNDL3.SA;35.13;35.13;35.13;35.13;35.13;100;stock;33.6;4.56;33.6;4.56;44.4;ESTAVEL
2020-01-02;1577923200000;MNDL3.SA;35.13;35.13;35.0;35.0;35.0;500;stock;33.61;4.13;33.61;4.13;42.96;ESTAVEL
2020-01-03;1578009600000;MNDL3.SA;35.0;35.1;35.0;35.01;35.01;400;stock;33.63;4.12;33.63;4.12;43.11;ESTAVEL
2020-01-06;1578268800000;MNDL3.SA;35.01;35.01;34.99;35.0;35.0;900;stock;33.64;4.04;33.64;4.04;42.99;ESTAVEL
2020-01-07;1578355200000;MNDL3.SA;37.0;37.0;37.0;37.0;37.0;200;stock;33.67;9.88;33.67;9.88;64.79;ESTAVEL
2020-01-08;1578441600000;MNDL3.SA;36.7;37.0;36.7;37.0;37.0;2700;stock;33.71;9.77;33.71;9.77;64.79;ESTAVEL
2020-01-09;1578528000000;MNDL3.SA;36.99;36.99;36.99;36.99;36.99;100;stock;33.74;9.64;33.74;9.64;64.65;ESTAVEL
2020-01-10;1578614400000;MNDL3.SA;35.26;35.6;35.26;35.5;35.5;1800;stock;33.76;5.16;33.76;5.16;47.71;ESTAVEL
2020-01-13;1578873600000;MNDL3.SA;35.99;35.99;35.99;35.99;35.99;100;stock;33.78;6.55;33.78;6.55;52.15;ESTAVEL
2020-01-14;1578960000000;MNDL3.SA;35.2;36.5;34.0;36.5;36.5;1200;stock;33.81;7.97;33.81;7.97;56.31;ESTAVEL
2020-01-15;1579046400000;MNDL3.SA;35.26;36.99;35.26;36.99;36.99;200;stock;33.84;9.32;33.84;9.32;59.91;ESTAVEL
2020-01-16;1579132800000;MNDL3.SA;36.99;36.99;36.99;36.99;36.99;7100;stock;33.87;9.21;33.87;9.21;59.91;ESTAVEL
2020-01-17;1579219200000;MNDL3.SA;36.99;36.99;36.99;36.99;36.99;0;stock;33.9;9.11;33.9;9.11;59.91;ESTAVEL
2020-01-20;1579478400000;MNDL3.SA;36.99;36.99;36.99;36.99;36.99;0;stock;33.93;9.02;33.93;9.02;59.91;ESTAVEL
2020-01-21;1579564800000;MNDL3.SA;36.99;36.99;36.99;36.99;36.99;0;stock;33.96;8.92;33.96;8.92;59.91;ESTAVEL
2020-01-22;1579651200000;MNDL3.SA;35.51;35.51;35.5;35.5;35.5;300;stock;33.98;4.48;33.98;4.48;43.94;ESTAVEL
2020-01-23;1579737600000;MNDL3.SA;36.0;36.99;36.0;36.99;36.99;4400;stock;34.01;8.77;34.01;8.77;56.45;ESTAVEL
2020-01-24;1579824000000;MNDL3.SA;36.0;36.0;35.8;35.8;35.8;900;stock;34.02;5.22;34.02;5.22;47.36;ESTAVEL
2020-01-27;1580083200000;MNDL3.SA;35.5;35.5;35.5;35.5;35.5;500;stock;34.04;4.29;34.04;4.29;45.38;ESTAVEL
2020-01-28;1580169600000;MNDL3.SA;35.5;35.5;35.5;35.5;35.5;0;stock;34.05;4.25;34.05;4.25;45.38;ESTAVEL
2020-01-29;1580256000000;MNDL3.SA;35.53;35.53;35.53;35.53;35.53;100;stock;34.07;4.29;34.07;4.29;45.64;ESTAVEL
2020-01-30;1580342400000;MNDL3.SA;35.25;35.25;34.0;34.0;34.0;1300;stock;34.07;-0.2;34.07;-0.2;36.07;ESTAVEL
2020-01-31;1580428800000;MNDL3.SA;34.0;34.0;34.0;34.0;34.0;0;stock;34.07;-0.2;34.07;-0.2;36.07;ESTAVEL
2020-02-03;1580688000000;MNDL3.SA;34.0;34.0;34.0;34.0;34.0;100;stock;34.07;-0.19;34.07;-0.19;36.07;ESTAVEL
2020-02-04;1580774400000;MNDL3.SA;35.5;35.5;35.5;35.5;35.5;100;stock;34.08;4.17;34.08;4.17;49.13;ESTAVEL
2020-02-05;1580860800000;MNDL3.SA;35.5;35.5;35.5;35.5;35.5;0;stock;34.09;4.12;34.09;4.12;49.13;ESTAVEL
2020-02-06;1580947200000;MNDL3.SA;35.5;35.5;35.5;35.5;35.5;200;stock;34.11;4.08;34.11;4.08;49.13;ESTAVEL
2020-02-07;1581033600000;MNDL3.SA;35.5;35.5;35.5;35.5;35.5;0;stock;34.12;4.04;34.12;4.04;49.13;ESTAVEL
2020-02-10;1581292800000;MNDL3.SA;35.5;35.5;35.5;35.5;35.5;0;stock;34.14;4.0;34.14;4.0;49.13;ESTAVEL
2020-02-11;1581379200000;MNDL3.SA;34.0;34.0;34.0;34.0;34.0;300;stock;34.13;-0.39;34.13;-0.39;37.91;ESTAVEL
2020-02-12;1581465600000;MNDL3.SA;34.0;34.0;34.0;34.0;34.0;200;stock;34.13;-0.39;34.13;-0.39;37.91;ESTAVEL
2020-02-13;1581552000000;MNDL3.SA;33.02;33.02;33.02;33.02;33.02;100;stock;34.12;-3.23;34.12;-3.23;32.32;ESTAVEL
2020-02-14;1581638400000;MNDL3.SA;33.01;33.01;33.01;33.01;33.01;100;stock;34.11;-3.23;34.11;-3.23;32.27;ESTAVEL
2020-02-17;1581897600000;MNDL3.SA;33.01;33.01;33.01;33.01;33.01;0;stock;34.1;-3.2;34.1;-3.2;32.27;ESTAVEL
2020-02-18;1581984000000;MNDL3.SA;33.01;33.01;33.01;33.01;33.01;0;stock;34.09;-3.17;34.09;-3.17;32.27;ESTAVEL
2020-02-19;1582070400000;MNDL3.SA;33.01;33.01;33.01;33.01;33.01;0;stock;34.08;-3.14;34.08;-3.14;32.27;ESTAVEL
2020-02-20;1582156800000;MNDL3.SA;33.1;33.1;33.1;33.1;33.1;3000;stock;34.07;-2.84;34.07;-2.84;33.57;ESTAVEL
2020-02-21;1582243200000;MNDL3.SA;33.1;33.1;33.1;33.1;33.1;0;stock;34.06;-2.82;34.06;-2.82;33.57;ESTAVEL
2020-02-26;1582675200000;MNDL3.SA;33.0;33.0;33.0;33.0;33.0;100;stock;34.05;-3.08;34.05;-3.08;32.76;ESTAVEL
2020-02-27;1582761600000;MNDL3.SA;33.0;33.0;33.0;33.0;33.0;0;stock;34.04;-3.05;34.04;-3.05;32.76;ESTAVEL
2020-02-28;1582848000000;MNDL3.SA;33.0;33.0;33.0;33.0;33.0;0;stock;34.03;-3.02;34.03;-3.02;32.76;ESTAVEL
2020-03-02;1583107200000;MNDL3.SA;33.0;33.0;33.0;33.0;33.0;0;stock;34.02;-2.99;34.02;-2.99;32.76;ESTAVEL
2020-03-03;1583193600000;MNDL3.SA;32.0;33.0;32.0;32.06;32.06;700;stock;34.0;-5.7;34.0;-5.7;25.09;SUBIR
2020-03-04;1583280000000;MNDL3.SA;33.5;33.5;33.5;33.5;33.5;100;stock;33.99;-1.45;33.99;-1.45;45.96;ESTAVEL
2020-03-05;1583366400000;MNDL3.SA;33.5;33.5;33.5;33.5;33.5;0;stock;33.99;-1.44;33.99;-1.44;45.96;ESTAVEL
2020-03-06;1583452800000;MNDL3.SA;33.5;33.5;33.5;33.5;33.5;0;stock;33.98;-1.42;33.98;-1.42;45.96;ESTAVEL
2020-03-09;1583712000000;MNDL3.SA;32.0;32.0;32.0;32.0;32.0;100;stock;33.96;-5.78;33.96;-5.78;33.73;ESTAVEL
2020-03-10;1583798400000;MNDL3.SA;31.0;31.0;31.0;31.0;31.0;200;stock;33.93;-8.65;33.93;-8.65;28.32;SUBIR
2020-03-11;1583884800000;MNDL3.SA;30.0;30.0;30.0;30.0;30.0;300;stock;33.9;-11.49;33.9;-11.49;24.15;SUBIR
2020-03-12;1583971200000;MNDL3.SA;29.99;29.99;29.99;29.99;29.99;7100;stock;33.86;-11.42;33.86;-11.42;24.11;SUBIR
2020-03-13;1584057600000;MNDL3.SA;29.99;29.99;29.99;29.99;29.99;0;stock;33.82;-11.32;33.82;-11.32;24.11;SUBIR
2020-03-16;1584316800000;MNDL3.SA;29.99;29.99;29.99;29.99;29.99;0;stock;33.78;-11.22;33.78;-11.22;24.11;SUBIR
2020-03-17;1584403200000;MNDL3.SA;29.99;29.99;29.99;29.99;29.99;0;stock;33.74;-11.12;33.74;-11.12;24.11;SUBIR
2020-03-18;1584489600000;MNDL3.SA;29.99;29.99;29.99;29.99;29.99;0;stock;33.7;-11.02;33.7;-11.02;24.11;SUBIR
2020-03-19;1584576000000;MNDL3.SA;29.49;29.49;24.8;24.8;24.8;3700;stock;33.62;-26.23;33.62;-26.23;11.01;SUBIR
2020-03-20;1584662400000;MNDL3.SA;24.8;24.8;24.8;24.8;24.8;0;stock;33.53;-26.03;33.53;-26.03;11.01;SUBIR
2020-03-23;1584921600000;MNDL3.SA;24.8;24.8;24.8;24.8;24.8;0;stock;33.44;-25.84;33.44;-25.84;11.01;SUBIR
2020-03-24;1585008000000;MNDL3.SA;24.8;24.8;24.8;24.8;24.8;0;stock;33.36;-25.65;33.36;-25.65;11.01;SUBIR
2020-03-25;1585094400000;MNDL3.SA;24.8;24.8;24.8;24.8;24.8;0;stock;33.27;-25.46;33.27;-25.46;11.01;SUBIR
2020-03-26;1585180800000;MNDL3.SA;24.8;24.8;24.8;24.8;24.8;0;stock;33.19;-25.27;33.19;-25.27;11.01;SUBIR
2020-03-27;1585267200000;MNDL3.SA;24.8;24.8;24.8;24.8;24.8;0;stock;33.1;-25.08;33.1;-25.08;11.01;SUBIR
2020-03-30;1585526400000;MNDL3.SA;24.8;24.8;24.8;24.8;24.8;0;stock;33.02;-24.89;33.02;-24.89;11.01;SUBIR
2020-03-31;1585612800000;MNDL3.SA;24.8;24.8;24.8;24.8;24.8;0;stock;32.94;-24.71;32.94;-24.71;11.01;SUBIR
2020-04-01;1585699200000;MNDL3.SA;24.8;24.8;24.8;24.8;24.8;0;stock;32.86;-24.52;32.86;-24.52;11.01;SUBIR
2020-04-02;1585785600000;MNDL3.SA;24.8;24.8;24.8;24.8;24.8;0;stock;32.78;-24.34;32.78;-24.34;11.01;SUBIR
2020-04-03;1585872000000;MNDL3.SA;24.8;24.8;24.8;24.8;24.8;0;stock;32.7;-24.15;32.7;-24.15;11.01;SUBIR
2020-04-06;1586131200000;MNDL3.SA;24.8;24.8;24.8;24.8;24.8;0;stock;32.62;-23.97;32.62;-23.97;11.01;SUBIR
2020-04-07;1586217600000;MNDL3.SA;24.8;24.8;24.8;24.8;24.8;0;stock;32.54;-23.79;32.54;-23.79;11.01;SUBIR
2020-04-08;1586304000000;MNDL3.SA;24.8;24.8;24.8;24.8;24.8;0;stock;32.46;-23.61;32.46;-23.61;11.01;SUBIR
2020-04-09;1586390400000;MNDL3.SA;24.8;24.8;24.8;24.8;24.8;0;stock;32.39;-23.43;32.39;-23.43;11.01;SUBIR
2020-04-13;1586736000000;MNDL3.SA;24.8;24.8;24.8;24.8;24.8;0;stock;32.31;-23.25;32.31;-23.25;11.01;SUBIR
2020-04-14;1586822400000;MNDL3.SA;24.8;24.8;24.8;24.8;24.8;0;stock;32.24;-23.07;32.24;-23.07;11.01;SUBIR
2020-04-15;1586908800000;MNDL3.SA;21.0;21.0;21.0;21.0;21.0;1600;stock;32.13;-34.63;32.13;-34.63;4.39;SUBIR
2020-04-16;1586995200000;MNDL3.SA;21.1;21.1;21.1;21.1;21.1;3000;stock;32.02;-34.1;32.02;-34.1;5.99;SUBIR
2020-04-17;1587081600000;MNDL3.SA;22.05;22.05;22.0;22.0;22.0;200;stock;31.92;-31.07;31.92;-31.07;19.13;SUBIR
2020-04-20;1587340800000;MNDL3.SA;22.1;22.1;21.0;21.0;21.0;900;stock;31.81;-33.98;31.81;-33.98;16.39;SUBIR
2020-04-22;1587513600000;MNDL3.SA;21.0;21.0;21.0;21.0;21.0;0;stock;31.7;-33.76;31.7;-33.76;16.39;SUBIR
2020-04-23;1587600000000;MNDL3.SA;23.97;24.0;23.97;24.0;24.0;900;stock;31.62;-24.11;31.62;-24.11;44.21;ESTAVEL
2020-04-24;1587686400000;MNDL3.SA;24.0;24.0;24.0;24.0;24.0;0;stock;31.55;-23.93;31.55;-23.93;44.21;ESTAVEL
2020-04-27;1587945600000;MNDL3.SA;24.0;24.0;24.0;24.0;24.0;0;stock;31.47;-23.74;31.47;-23.74;44.21;ESTAVEL
2020-04-28;1588032000000;MNDL3.SA;24.29;24.4;22.6;24.3;24.3;7200;stock;31.4;-22.62;31.4;-22.62;46.43;ESTAVEL
2020-04-29;1588118400000;MNDL3.SA;24.3;24.3;24.3;24.3;24.3;0;stock;31.33;-22.44;31.33;-22.44;46.43;ESTAVEL
2020-04-30;1588204800000;MNDL3.SA;24.3;24.3;24.3;24.3;24.3;0;stock;31.26;-22.27;31.26;-22.27;46.43;ESTAVEL
2020-05-04;1588550400000;MNDL3.SA;24.3;24.3;24.3;24.3;24.3;0;stock;31.19;-22.09;31.19;-22.09;46.43;ESTAVEL
2020-05-05;1588636800000;MNDL3.SA;24.3;24.3;24.3;24.3;24.3;0;stock;31.12;-21.92;31.12;-21.92;46.43;ESTAVEL
2020-05-06;1588723200000;MNDL3.SA;24.4;24.5;22.9;24.4;24.4;15500;stock;31.06;-21.43;31.06;-21.43;47.44;ESTAVEL
2020-05-07;1588809600000;MNDL3.SA;24.6;24.7;21.11;21.11;21.11;14500;stock;30.96;-31.81;30.96;-31.81;28.42;SUBIR
2020-05-08;1588896000000;MNDL3.SA;22.2;22.2;20.0;20.0;20.0;1700;stock;30.85;-35.17;30.85;-35.17;24.8;SUBIR
2020-05-11;1589155200000;MNDL3.SA;20.15;20.4;20.15;20.15;20.15;800;stock;30.74;-34.45;30.74;-34.45;26.17;SUBIR
2020-05-12;1589241600000;MNDL3.SA;20.0;21.5;19.6;20.0;20.0;3900;stock;30.63;-34.71;30.63;-34.71;25.67;SUBIR
2020-05-13;1589328000000;MNDL3.SA;20.0;20.0;20.0;20.0;20.0;0;stock;30.53;-34.49;30.53;-34.49;25.67;SUBIR
2020-05-14;1589414400000;MNDL3.SA;20.7;21.0;19.11;20.3;20.3;20000;stock;30.43;-33.28;30.43;-33.28;28.83;SUBIR
2020-05-15;1589500800000;MNDL3.SA;20.3;20.3;20.3;20.3;20.3;0;stock;30.33;-33.06;30.33;-33.06;28.83;SUBIR
2020-05-18;1589760000000;MNDL3.SA;20.3;20.3;20.3;20.3;20.3;0;stock;30.23;-32.84;30.23;-32.84;28.83;SUBIR
2020-05-19;1589846400000;MNDL3.SA;22.5;23.0;20.01;20.01;20.01;23300;stock;30.13;-33.58;30.13;-33.58;27.42;SUBIR
2020-05-20;1589932800000;MNDL3.SA;20.01;20.01;20.01;20.01;20.01;0;stock;30.02;-33.35;30.02;-33.35;27.42;SUBIR
2020-05-21;1590019200000;MNDL3.SA;19.55;19.61;19.55;19.61;19.61;200;stock;29.92;-34.46;29.92;-34.46;25.43;SUBIR
2020-05-22;1590105600000;MNDL3.SA;19.95;20.0;19.0;19.5;19.5;4400;stock;29.82;-34.6;29.82;-34.6;24.9;SUBIR
2020-05-25;1590364800000;MNDL3.SA;19.1;20.0;19.1;19.1;19.1;300;stock;29.71;-35.71;29.71;-35.71;23.0;SUBIR
2020-05-26;1590451200000;MNDL3.SA;21.4;21.44;19.7;19.76;19.76;2300;stock;29.61;-33.27;29.61;-33.27;32.18;ESTAVEL
2020-05-27;1590537600000;MNDL3.SA;19.15;19.15;19.15;19.15;19.15;100;stock;29.51;-35.1;29.51;-35.1;28.77;SUBIR
2020-05-28;1590624000000;MNDL3.SA;19.15;19.15;19.15;19.15;19.15;0;stock;29.4;-34.87;29.4;-34.87;28.77;SUBIR
2020-05-29;1590710400000;MNDL3.SA;19.5;21.6;19.5;21.6;21.6;13300;stock;29.33;-26.35;29.33;-26.35;52.32;ESTAVEL
2020-06-01;1590969600000;MNDL3.SA;21.6;21.6;21.6;21.6;21.6;0;stock;29.25;-26.15;29.25;-26.15;52.32;ESTAVEL
2020-06-02;1591056000000;MNDL3.SA;21.99;23.0;20.6;21.69;21.69;11100;stock;29.17;-25.65;29.17;-25.65;52.98;ESTAVEL
2020-06-03;1591142400000;MNDL3.SA;25.05;25.05;25.05;25.05;25.05;600;stock;29.13;-14.02;29.13;-14.02;69.83;ESTAVEL
2020-06-04;1591228800000;MNDL3.SA;27.99;29.0;27.0;27.5;27.5;66200;stock;29.12;-5.55;29.12;-5.55;76.46;ESTAVEL
2020-06-05;1591315200000;MNDL3.SA;27.55;28.5;23.01;26.1;26.1;12500;stock;29.09;-10.27;29.09;-10.27;67.36;ESTAVEL
2020-06-08;1591574400000;MNDL3.SA;26.1;26.1;26.1;26.1;26.1;0;stock;29.06;-10.18;29.06;-10.18;67.36;ESTAVEL
2020-06-09;1591660800000;MNDL3.SA;26.09;28.1;25.8;25.8;25.8;17800;stock;29.03;-11.11;29.03;-11.11;65.42;ESTAVEL
2020-06-10;1591747200000;MNDL3.SA;25.8;25.8;25.7;25.8;25.8;8600;stock;28.99;-11.01;28.99;-11.01;65.42;ESTAVEL
2020-06-12;1591920000000;MNDL3.SA;25.8;25.8;25.8;25.8;25.8;0;stock;28.96;-10.92;28.96;-10.92;65.42;ESTAVEL
2020-06-15;1592179200000;MNDL3.SA;25.8;25.8;25.8;25.8;25.8;0;stock;28.93;-10.82;28.93;-10.82;65.42;ESTAVEL
2020-06-16;1592265600000;MNDL3.SA;27.0;28.0;26.0;26.0;26.0;30700;stock;28.9;-10.04;28.9;-10.04;66.29;ESTAVEL
2020-06-17;1592352000000;MNDL3.SA;26.0;26.0;26.0;26.0;26.0;0;stock;28.87;-9.95;28.87;-9.95;66.29;ESTAVEL
2020-06-18;1592438400000;MNDL3.SA;27.0;27.0;23.51;23.51;23.51;19800;stock;28.82;-18.42;28.82;-18.42;48.64;ESTAVEL
2020-06-19;1592524800000;MNDL3.SA;25.52;26.0;25.52;26.0;26.0;400;stock;28.79;-9.69;28.79;-9.69;60.09;ESTAVEL
2020-06-22;1592784000000;MNDL3.SA;26.1;28.41;25.55;25.61;25.61;23400;stock;28.76;-10.95;28.76;-10.95;57.91;ESTAVEL
2020-06-23;1592870400000;MNDL3.SA;25.61;25.61;25.61;25.61;25.61;0;stock;28.73;-10.85;28.73;-10.85;57.91;ESTAVEL
2020-06-24;1592956800000;MNDL3.SA;24.99;25.03;24.99;25.03;25.03;600;stock;28.69;-12.76;28.69;-12.76;54.5;ESTAVEL
2020-06-25;1593043200000;MNDL3.SA;25.03;25.03;25.03;25.03;25.03;0;stock;28.65;-12.65;28.65;-12.65;54.5;ESTAVEL
2020-06-26;1593129600000;MNDL3.SA;25.03;25.03;23.0;23.0;23.0;1500;stock;28.6;-19.57;28.6;-19.57;44.0;ESTAVEL
2020-06-29;1593388800000;MNDL3.SA;24.85;24.85;24.0;24.0;24.0;700;stock;28.55;-15.94;28.55;-15.94;49.2;ESTAVEL
2020-06-30;1593475200000;MNDL3.SA;24.9;25.0;22.52;22.52;22.52;1300;stock;28.49;-20.96;28.49;-20.96;42.86;ESTAVEL
2020-07-01;1593561600000;MNDL3.SA;22.52;22.52;22.52;22.52;22.52;0;stock;28.43;-20.8;28.43;-20.8;42.86;ESTAVEL
2020-07-02;1593648000000;MNDL3.SA;23.15;23.15;23.15;23.15;23.15;8000;stock;28.38;-18.43;28.38;-18.43;46.28;ESTAVEL
2020-07-03;1593734400000;MNDL3.SA;25.0;25.0;24.99;24.99;24.99;300;stock;28.35;-11.84;28.35;-11.84;54.78;ESTAVEL
2020-07-06;1593993600000;MNDL3.SA;23.4;24.01;23.1;24.01;24.01;600;stock;28.3;-15.17;28.3;-15.17;50.22;ESTAVEL
2020-07-07;1594080000000;MNDL3.SA;24.0;24.01;24.0;24.0;24.0;900;stock;28.26;-15.08;28.26;-15.08;50.17;ESTAVEL
2020-07-08;1594166400000;MNDL3.SA;24.75;25.0;24.75;25.0;25.0;8600;stock;28.23;-11.44;28.23;-11.44;54.64;ESTAVEL
2020-07-09;1594252800000;MNDL3.SA;24.15;24.15;24.11;24.11;24.11;200;stock;28.19;-14.46;28.19;-14.46;50.32;ESTAVEL
2020-07-10;1594339200000;MNDL3.SA;24.5;24.99;24.5;24.99;24.99;200;stock;28.16;-11.24;28.16;-11.24;54.18;ESTAVEL
2020-07-13;1594598400000;MNDL3.SA;24.99;24.99;24.99;24.99;24.99;0;stock;28.12;-11.14;28.12;-11.14;54.18;ESTAVEL
2020-07-14;1594684800000;MNDL3.SA;24.14;24.14;24.1;24.1;24.1;400;stock;28.08;-14.19;28.08;-14.19;49.65;ESTAVEL
2020-07-15;1594771200000;MNDL3.SA;24.7;31.0;24.7;27.65;27.65;5800;stock;28.08;-1.53;28.08;-1.53;62.94;ESTAVEL
2020-07-16;1594857600000;MNDL3.SA;26.0;27.8;26.0;26.02;26.02;700;stock;28.06;-7.27;28.06;-7.27;55.68;ESTAVEL
2020-07-17;1594944000000;MNDL3.SA;27.0;27.0;25.0;26.0;26.0;1400;stock;28.04;-7.27;28.04;-7.27;55.59;ESTAVEL
2020-07-20;1595203200000;MNDL3.SA;26.9;27.77;26.9;27.0;27.0;1100;stock;28.03;-3.67;28.03;-3.67;58.96;ESTAVEL
2020-07-21;1595289600000;MNDL3.SA;25.8;25.8;25.6;25.6;25.6;400;stock;28.0;-8.58;28.0;-8.58;52.91;ESTAVEL
2020-07-22;1595376000000;MNDL3.SA;25.7;25.7;25.6;25.6;25.6;400;stock;27.98;-8.51;27.98;-8.51;52.91;ESTAVEL
2020-07-23;1595462400000;MNDL3.SA;26.0;26.8;25.0;25.0;25.0;13400;stock;27.95;-10.56;27.95;-10.56;50.34;ESTAVEL
2020-07-24;1595548800000;MNDL3.SA;26.8;26.8;25.0;25.2;25.2;1300;stock;27.92;-9.75;27.92;-9.75;51.19;ESTAVEL
2020-07-27;1595808000000;MNDL3.SA;25.01;25.01;25.01;25.01;25.01;100;stock;27.89;-10.34;27.89;-10.34;50.31;ESTAVEL
2020-07-28;1595894400000;MNDL3.SA;25.0;25.1;25.0;25.01;25.01;400;stock;27.87;-10.25;27.87;-10.25;50.31;ESTAVEL
2020-07-29;1595980800000;MNDL3.SA;25.01;26.5;25.01;25.15;25.15;14300;stock;27.84;-9.66;27.84;-9.66;51.03;ESTAVEL
2020-07-30;1596067200000;MNDL3.SA;26.45;27.0;25.1;25.5;25.5;7600;stock;27.82;-8.32;27.82;-8.32;52.87;ESTAVEL
2020-07-31;1596153600000;MNDL3.SA;26.39;26.49;25.1;25.1;25.1;7800;stock;27.79;-9.67;27.79;-9.67;50.54;ESTAVEL
2020-08-03;1596412800000;MNDL3.SA;25.02;26.27;25.02;25.02;25.02;9700;stock;27.76;-9.87;27.76;-9.87;50.06;ESTAVEL
2020-08-04;1596499200000;MNDL3.SA;25.03;25.15;25.01;25.01;25.01;1300;stock;27.73;-9.82;27.73;-9.82;50.0;ESTAVEL
2020-08-05;1596585600000;MNDL3.SA;26.12;26.16;25.01;25.03;25.03;10800;stock;27.71;-9.66;27.71;-9.66;50.13;ESTAVEL
2020-08-06;1596672000000;MNDL3.SA;25.14;25.14;25.06;25.06;25.06;600;stock;27.68;-9.46;27.68;-9.46;50.35;ESTAVEL
2020-08-07;1596758400000;MNDL3.SA;25.02;25.1;25.02;25.05;25.05;400;stock;27.65;-9.42;27.65;-9.42;50.27;ESTAVEL
2020-08-10;1597017600000;MNDL3.SA;25.02;25.45;25.01;25.31;25.31;800;stock;27.63;-8.4;27.63;-8.4;52.36;ESTAVEL
2020-08-11;1597104000000;MNDL3.SA;25.31;25.31;25.31;25.31;25.31;0;stock;27.61;-8.32;27.61;-8.32;52.36;ESTAVEL
2020-08-12;1597190400000;MNDL3.SA;25.04;25.04;25.0;25.04;25.04;4800;stock;27.58;-9.22;27.58;-9.22;49.84;ESTAVEL
2020-08-13;1597276800000;MNDL3.SA;25.04;25.04;25.04;25.04;25.04;0;stock;27.56;-9.13;27.56;-9.13;49.84;ESTAVEL
2020-08-14;1597363200000;MNDL3.SA;24.92;24.92;24.92;24.92;24.92;200;stock;27.53;-9.48;27.53;-9.48;48.63;ESTAVEL
2020-08-17;1597622400000;MNDL3.SA;25.1;25.1;24.9;24.9;24.9;2700;stock;27.5;-9.47;27.5;-9.47;48.42;ESTAVEL
2020-08-18;1597708800000;MNDL3.SA;25.24;25.24;24.91;24.91;24.91;300;stock;27.48;-9.35;27.48;-9.35;48.54;ESTAVEL
2020-08-19;1597795200000;MNDL3.SA;25.0;25.3;24.8;24.8;24.8;3100;stock;27.45;-9.66;27.45;-9.66;47.23;ESTAVEL
2020-08-20;1597881600000;MNDL3.SA;24.8;24.8;24.7;24.7;24.7;1700;stock;27.42;-9.93;27.42;-9.93;46.03;ESTAVEL
2020-08-21;1597968000000;MNDL3.SA;24.7;24.7;24.7;24.7;24.7;0;stock;27.4;-9.84;27.4;-9.84;46.03;ESTAVEL
2020-08-24;1598227200000;MNDL3.SA;25.0;25.0;25.0;25.0;25.0;100;stock;27.37;-8.67;27.37;-8.67;50.44;ESTAVEL
2020-08-25;1598313600000;MNDL3.SA;25.4;26.5;25.32;25.32;25.32;13700;stock;27.35;-7.43;27.35;-7.43;54.7;ESTAVEL
2020-08-26;1598400000000;MNDL3.SA;24.7;26.4;24.7;26.0;26.0;2300;stock;27.34;-4.9;27.34;-4.9;62.14;ESTAVEL
2020-08-27;1598486400000;MNDL3.SA;25.11;25.11;24.5;24.55;24.55;8900;stock;27.31;-10.11;27.31;-10.11;45.12;ESTAVEL
2020-08-28;1598572800000;MNDL3.SA;25.0;25.0;24.2;24.2;24.2;4700;stock;27.28;-11.29;27.28;-11.29;42.12;ESTAVEL
2020-08-31;1598832000000;MNDL3.SA;24.2;24.2;23.13;23.15;23.15;5300;stock;27.24;-15.01;27.24;-15.01;34.67;ESTAVEL
2020-09-01;1598918400000;MNDL3.SA;23.9;24.5;23.01;23.01;23.01;23400;stock;27.2;-15.4;27.2;-15.4;33.81;ESTAVEL
2020-09-02;1599004800000;MNDL3.SA;23.0;23.1;23.0;23.1;23.1;8800;stock;27.16;-14.94;27.16;-14.94;34.93;ESTAVEL
2020-09-03;1599091200000;MNDL3.SA;23.0;23.0;22.8;22.8;22.8;900;stock;27.11;-15.91;27.11;-15.91;32.94;ESTAVEL
2020-09-04;1599177600000;MNDL3.SA;22.9;22.9;22.9;22.9;22.9;300;stock;27.07;-15.41;27.07;-15.41;34.28;ESTAVEL
2020-09-08;1599523200000;MNDL3.SA;22.91;23.0;22.85;22.85;22.85;300;stock;27.03;-15.46;27.03;-15.46;33.92;ESTAVEL
2020-09-09;1599609600000;MNDL3.SA;23.8;23.8;22.8;22.8;22.8;1600;stock;26.99;-15.52;26.99;-15.52;33.53;ESTAVEL
2020-09-10;1599696000000;MNDL3.SA;22.9;22.9;22.9;22.9;22.9;200;stock;26.95;-15.02;26.95;-15.02;35.12;ESTAVEL
2020-09-11;1599782400000;MNDL3.SA;22.8;22.9;22.6;22.9;22.9;5200;stock;26.91;-14.89;26.91;-14.89;35.12;ESTAVEL
2020-09-14;1600041600000;MNDL3.SA;24.0;24.0;23.9;24.0;24.0;500;stock;26.88;-10.71;26.88;-10.71;50.29;ESTAVEL
2020-09-15;1600128000000;MNDL3.SA;24.98;24.98;23.5;23.5;23.5;600;stock;26.84;-12.46;26.84;-12.46;45.13;ESTAVEL
2020-09-16;1600214400000;MNDL3.SA;23.0;23.0;23.0;23.0;23.0;100;stock;26.81;-14.2;26.81;-14.2;40.63;ESTAVEL
2020-09-17;1600300800000;MNDL3.SA;23.98;23.98;23.2;23.2;23.2;300;stock;26.77;-13.34;26.77;-13.34;43.07;ESTAVEL
2020-09-18;1600387200000;MNDL3.SA;23.2;23.2;23.2;23.2;23.2;200;stock;26.73;-13.22;26.73;-13.22;43.07;ESTAVEL
2020-09-21;1600646400000;MNDL3.SA;22.6;22.6;22.5;22.5;22.5;2500;stock;26.69;-15.71;26.69;-15.71;36.91;ESTAVEL
2020-09-22;1600732800000;MNDL3.SA;22.71;22.71;22.7;22.7;22.7;200;stock;26.65;-14.83;26.65;-14.83;39.57;ESTAVEL
2020-09-23;1600819200000;MNDL3.SA;22.5;22.6;22.0;22.6;22.6;4200;stock;26.61;-15.08;26.61;-15.08;38.69;ESTAVEL
2020-09-24;1600905600000;MNDL3.SA;22.7;22.7;22.7;22.7;22.7;100;stock;26.57;-14.58;26.57;-14.58;40.12;ESTAVEL
2020-09-25;1600992000000;MNDL3.SA;23.6;24.49;23.6;24.38;24.38;400;stock;26.55;-8.18;26.55;-8.18;57.91;ESTAVEL
2020-09-28;1601251200000;MNDL3.SA;23.11;23.25;22.7;22.7;22.7;1200;stock;26.51;-14.38;26.51;-14.38;43.87;ESTAVEL
2020-09-29;1601337600000;MNDL3.SA;23.0;23.0;22.7;22.7;22.7;12100;stock;26.48;-14.26;26.48;-14.26;43.87;ESTAVEL
2020-09-30;1601424000000;MNDL3.SA;23.0;23.0;23.0;23.0;23.0;8000;stock;26.44;-13.01;26.44;-13.01;46.56;ESTAVEL
2020-10-01;1601510400000;MNDL3.SA;22.02;22.11;21.8;21.85;21.85;4000;stock;26.39;-17.22;26.39;-17.22;38.89;ESTAVEL
2020-10-02;1601596800000;MNDL3.SA;21.91;22.01;21.91;22.0;22.0;900;stock;26.35;-16.51;26.35;-16.51;40.27;ESTAVEL
2020-10-05;1601856000000;MNDL3.SA;21.85;21.85;21.81;21.81;21.81;700;stock;26.31;-17.09;26.31;-17.09;39.06;ESTAVEL
2020-10-06;1601942400000;MNDL3.SA;21.8;22.14;21.8;22.14;22.14;1000;stock;26.26;-15.7;26.26;-15.7;42.29;ESTAVEL
2020-10-07;1602028800000;MNDL3.SA;21.91;22.1;21.8;21.8;21.8;800;stock;26.22;-16.86;26.22;-16.86;39.94;ESTAVEL
2020-10-08;1602115200000;MNDL3.SA;22.19;22.19;22.0;22.19;22.19;400;stock;26.18;-15.24;26.18;-15.24;43.8;ESTAVEL
2020-10-09;1602201600000;MNDL3.SA;22.19;22.19;22.19;22.19;22.19;100;stock;26.14;-15.11;26.14;-15.11;43.8;ESTAVEL
2020-10-13;1602547200000;MNDL3.SA;22.19;22.19;22.19;22.19;22.19;0;stock;26.1;-14.98;26.1;-14.98;43.8;ESTAVEL
2020-10-14;1602633600000;MNDL3.SA;22.19;23.8;22.19;22.6;22.6;300;stock;26.07;-13.3;26.07;-13.3;48.17;ESTAVEL
2020-10-15;1602720000000;MNDL3.SA;22.6;22.6;22.6;22.6;22.6;0;stock;26.03;-13.18;26.03;-13.18;48.17;ESTAVEL
2020-10-16;1602806400000;MNDL3.SA;21.81;22.39;21.81;22.35;22.35;1800;stock;25.99;-14.02;25.99;-14.02;45.66;ESTAVEL
2020-10-19;1603065600000;MNDL3.SA;22.59;22.59;22.1;22.1;22.1;400;stock;25.96;-14.86;25.96;-14.86;43.23;ESTAVEL
2020-10-20;1603152000000;MNDL3.SA;22.79;22.79;22.79;22.79;22.79;100;stock;25.92;-12.09;25.92;-12.09;50.98;ESTAVEL
2020-10-21;1603238400000;MNDL3.SA;21.85;21.93;21.8;21.8;21.8;900;stock;25.88;-15.78;25.88;-15.78;42.1;ESTAVEL
2020-10-22;1603324800000;MNDL3.SA;21.92;21.95;21.81;21.81;21.81;1300;stock;25.84;-15.61;25.84;-15.61;42.21;ESTAVEL
2020-10-23;1603411200000;MNDL3.SA;21.81;21.95;21.81;21.81;21.81;6400;stock;25.8;-15.47;25.8;-15.47;42.21;ESTAVEL
2020-10-26;1603670400000;MNDL3.SA;22.09;23.89;21.86;22.1;22.1;9200;stock;25.77;-14.23;25.77;-14.23;45.67;ESTAVEL
2020-10-27;1603756800000;MNDL3.SA;22.1;22.1;22.1;22.1;22.1;0;stock;25.73;-14.11;25.73;-14.11;45.67;ESTAVEL
2020-10-28;1603843200000;MNDL3.SA;21.8;21.9;21.5;21.5;21.5;22600;stock;25.69;-16.3;25.69;-16.3;39.94;ESTAVEL
2020-10-29;1603929600000;MNDL3.SA;22.9;22.9;21.5;22.77;22.77;400;stock;25.66;-11.26;25.66;-11.26;53.29;ESTAVEL
2020-10-30;1604016000000;MNDL3.SA;21.85;22.7;21.0;22.7;22.7;3400;stock;25.63;-11.43;25.63;-11.43;52.6;ESTAVEL
2020-11-03;1604361600000;MNDL3.SA;24.0;24.0;20.0;20.0;20.0;7900;stock;25.57;-21.79;25.57;-21.79;34.13;ESTAVEL
2020-11-04;1604448000000;MNDL3.SA;20.26;20.26;20.26;20.26;20.26;200;stock;25.52;-20.61;25.52;-20.61;36.44;ESTAVEL
2020-11-05;1604534400000;MNDL3.SA;20.55;20.96;20.5;20.6;20.6;400;stock;25.47;-19.12;25.47;-19.12;39.44;ESTAVEL
2020-11-06;1604620800000;MNDL3.SA;20.95;20.95;20.95;20.95;20.95;100;stock;25.43;-17.6;25.43;-17.6;42.45;ESTAVEL
2020-11-09;1604880000000;MNDL3.SA;22.42;22.42;22.42;22.42;22.42;100;stock;25.4;-11.72;25.4;-11.72;53.01;ESTAVEL
2020-11-10;1604966400000;MNDL3.SA;22.0;22.0;22.0;22.0;22.0;200;stock;25.36;-13.26;25.36;-13.26;50.17;ESTAVEL
2020-11-11;1605052800000;MNDL3.SA;22.36;22.38;22.36;22.38;22.38;2000;stock;25.33;-11.66;25.33;-11.66;52.64;ESTAVEL
2020-11-12;1605139200000;MNDL3.SA;22.38;22.38;22.38;22.38;22.38;0;stock;25.3;-11.55;25.3;-11.55;52.64;ESTAVEL
2020-11-13;1605225600000;MNDL3.SA;22.5;23.96;22.5;23.96;23.96;200;stock;25.29;-5.26;25.29;-5.26;61.76;ESTAVEL
2020-11-16;1605484800000;MNDL3.SA;23.96;23.96;23.96;23.96;23.96;0;stock;25.28;-5.21;25.28;-5.21;61.76;ESTAVEL
2020-11-17;1605571200000;MNDL3.SA;23.89;23.95;22.18;23.0;23.0;2800;stock;25.25;-8.93;25.25;-8.93;54.38;ESTAVEL
2020-11-18;1605657600000;MNDL3.SA;23.06;23.06;23.0;23.0;23.0;200;stock;25.23;-8.85;25.23;-8.85;54.38;ESTAVEL
2020-11-19;1605744000000;MNDL3.SA;23.02;23.02;22.6;22.6;22.6;600;stock;25.21;-10.34;25.21;-10.34;51.41;ESTAVEL
2020-11-23;1606089600000;MNDL3.SA;23.5;23.5;22.4;22.4;22.4;1200;stock;25.18;-11.03;25.18;-11.03;49.94;ESTAVEL
2020-11-24;1606176000000;MNDL3.SA;23.89;23.89;22.21;22.21;22.21;900;stock;25.15;-11.68;25.15;-11.68;48.53;ESTAVEL
2020-11-25;1606262400000;MNDL3.SA;21.6;22.99;21.6;22.99;22.99;200;stock;25.13;-8.5;25.13;-8.5;54.27;ESTAVEL
2020-11-26;1606348800000;MNDL3.SA;22.99;22.99;22.99;22.99;22.99;100;stock;25.11;-8.43;25.11;-8.43;54.27;ESTAVEL
2020-11-27;1606435200000;MNDL3.SA;22.99;22.99;22.99;22.99;22.99;0;stock;25.08;-8.35;25.08;-8.35;54.27;ESTAVEL
2020-11-30;1606694400000;MNDL3.SA;22.71;23.9;22.6;22.6;22.6;1000;stock;25.06;-9.82;25.06;-9.82;50.73;ESTAVEL
2020-12-01;1606780800000;MNDL3.SA;22.9;23.02;22.9;23.02;23.02;300;stock;25.04;-8.06;25.04;-8.06;54.19;ESTAVEL
2020-12-02;1606867200000;MNDL3.SA;23.5;23.5;23.5;23.5;23.5;100;stock;25.02;-6.09;25.02;-6.09;57.84;ESTAVEL
2020-12-03;1606953600000;MNDL3.SA;23.5;23.5;23.5;23.5;23.5;0;stock;25.01;-6.03;25.01;-6.03;57.84;ESTAVEL
2020-12-04;1607040000000;MNDL3.SA;23.5;23.5;23.5;23.5;23.5;0;stock;24.99;-5.98;24.99;-5.98;57.84;ESTAVEL
2020-12-07;1607299200000;MNDL3.SA;23.79;25.19;23.66;23.66;23.66;10900;stock;24.98;-5.29;24.98;-5.29;59.19;ESTAVEL
2020-12-08;1607385600000;MNDL3.SA;23.7;23.7;22.82;22.83;22.83;4700;stock;24.96;-8.53;24.96;-8.53;50.2;ESTAVEL
2020-12-09;1607472000000;MNDL3.SA;23.0;24.35;23.0;23.98;23.98;400;stock;24.95;-3.89;24.95;-3.89;59.4;ESTAVEL
2020-12-10;1607558400000;MNDL3.SA;23.99;27.5;23.99;24.0;24.0;7300;stock;24.94;-3.77;24.94;-3.77;59.54;ESTAVEL
2020-12-11;1607644800000;MNDL3.SA;24.0;24.5;23.6;24.01;24.01;2700;stock;24.93;-3.69;24.93;-3.69;59.61;ESTAVEL
2020-12-14;1607904000000;MNDL3.SA;24.06;25.96;24.06;25.9;25.9;300;stock;24.94;3.85;24.94;3.85;70.68;CAIR
2020-12-15;1607990400000;MNDL3.SA;25.9;25.9;23.96;25.9;25.9;1000;stock;24.95;3.81;24.95;3.81;70.68;CAIR
2020-12-16;1608076800000;MNDL3.SA;25.9;25.9;25.9;25.9;25.9;0;stock;24.96;3.77;24.96;3.77;70.68;CAIR
2020-12-17;1608163200000;MNDL3.SA;25.8;25.8;25.6;25.6;25.6;200;stock;24.97;2.54;24.97;2.54;67.04;ESTAVEL
2020-12-18;1608249600000;MNDL3.SA;24.55;24.55;24.55;24.55;24.55;100;stock;24.96;-1.65;24.96;-1.65;56.14;ESTAVEL
2020-12-21;1608508800000;MNDL3.SA;24.55;24.55;24.55;24.55;24.55;0;stock;24.96;-1.63;24.96;-1.63;56.14;ESTAVEL
2020-12-22;1608595200000;MNDL3.SA;24.5;24.5;24.5;24.5;24.5;8100;stock;24.95;-1.82;24.95;-1.82;55.64;ESTAVEL
2020-12-23;1608681600000;MNDL3.SA;24.6;24.6;24.5;24.5;24.5;300;stock;24.95;-1.8;24.95;-1.8;55.64;ESTAVEL
2020-12-28;1609113600000;MNDL3.SA;24.6;24.6;24.6;24.6;24.6;200;stock;24.95;-1.38;24.95;-1.38;56.54;ESTAVEL
2020-12-29;1609200000000;MNDL3.SA;24.3;24.3;24.3;24.3;24.3;500;stock;24.94;-2.56;24.94;-2.56;53.07;ESTAVEL
2020-12-30;1609286400000;MNDL3.SA;26.0;26.0;25.0;25.0;25.0;500;stock;24.94;0.24;24.94;0.24;59.33;ESTAVEL
2021-01-04;1609718400000;MNDL3.SA;24.31;24.35;24.3;24.35;24.35;300;stock;24.93;-2.34;24.93;-2.34;52.35;ESTAVEL
2021-01-05;1609804800000;MNDL3.SA;24.35;24.36;24.35;24.36;24.36;200;stock;24.93;-2.28;24.93;-2.28;52.44;ESTAVEL
2021-01-06;1609891200000;MNDL3.SA;24.36;24.36;24.35;24.35;24.35;300;stock;24.92;-2.29;24.92;-2.29;52.33;ESTAVEL
2021-01-07;1609977600000;MNDL3.SA;24.35;24.64;24.35;24.64;24.64;300;stock;24.92;-1.12;24.92;-1.12;55.25;ESTAVEL
2021-01-08;1610064000000;MNDL3.SA;26.49;26.59;26.49;26.59;26.59;300;stock;24.94;6.63;24.94;6.63;69.02;ESTAVEL
2021-01-11;1610323200000;MNDL3.SA;26.27;26.27;26.27;26.27;26.27;100;stock;24.95;5.29;24.95;5.29;65.46;ESTAVEL
2021-01-12;1610409600000;MNDL3.SA;26.2;35.42;25.08;25.08;25.08;16900;stock;24.95;0.52;24.95;0.52;54.26;ESTAVEL
2021-01-13;1610496000000;MNDL3.SA;26.99;26.99;24.57;24.57;24.57;2800;stock;24.95;-1.51;24.95;-1.51;50.28;ESTAVEL
2021-01-14;1610582400000;MNDL3.SA;24.4;24.6;24.4;24.6;24.6;1000;stock;24.94;-1.38;24.94;-1.38;50.51;ESTAVEL
2021-01-15;1610668800000;MNDL3.SA;24.7;24.7;24.01;24.01;24.01;800;stock;24.93;-3.7;24.93;-3.7;46.01;ESTAVEL
2021-01-18;1610928000000;MNDL3.SA;24.57;24.58;24.0;24.0;24.0;900;stock;24.92;-3.71;24.92;-3.71;45.94;ESTAVEL
2021-01-19;1611014400000;MNDL3.SA;25.7;25.99;24.7;25.57;25.57;9100;stock;24.93;2.56;24.93;2.56;57.58;ESTAVEL
2021-01-20;1611100800000;MNDL3.SA;24.1;25.0;24.0;25.0;25.0;600;stock;24.93;0.27;24.93;0.27;53.11;ESTAVEL
2021-01-21;1611187200000;MNDL3.SA;25.0;25.0;25.0;25.0;25.0;400;stock;24.93;0.27;24.93;0.27;53.11;ESTAVEL
2021-01-22;1611273600000;MNDL3.SA;24.0;25.5;24.0;24.0;24.0;1700;stock;24.92;-3.7;24.92;-3.7;45.86;ESTAVEL
2021-01-26;1611619200000;MNDL3.SA;25.4;25.4;24.0;24.0;24.0;1100;stock;24.91;-3.67;24.91;-3.67;45.86;ESTAVEL
2021-01-27;1611705600000;MNDL3.SA;24.0;24.0;24.0;24.0;24.0;100;stock;24.9;-3.63;24.9;-3.63;45.86;ESTAVEL
2021-01-28;1611792000000;MNDL3.SA;24.8;24.8;24.8;24.8;24.8;100;stock;24.9;-0.42;24.9;-0.42;52.36;ESTAVEL
2021-01-29;1611878400000;MNDL3.SA;24.01;24.01;22.8;22.8;22.8;600;stock;24.88;-8.37;24.88;-8.37;39.57;ESTAVEL
2021-02-01;1612137600000;MNDL3.SA;23.2;24.49;23.2;24.49;24.49;200;stock;24.88;-1.56;24.88;-1.56;50.56;ESTAVEL
2021-02-02;1612224000000;MNDL3.SA;24.49;24.49;24.49;24.49;24.49;0;stock;24.87;-1.55;24.87;-1.55;50.56;ESTAVEL
2021-02-03;1612310400000;MNDL3.SA;24.49;24.49;24.49;24.49;24.49;0;stock;24.87;-1.53;24.87;-1.53;50.56;ESTAVEL
2021-02-04;1612396800000;MNDL3.SA;24.5;24.5;24.5;24.5;24.5;500;stock;24.87;-1.48;24.87;-1.48;50.63;ESTAVEL
2021-02-05;1612483200000;MNDL3.SA;24.89;24.89;24.85;24.85;24.85;300;stock;24.87;-0.07;24.87;-0.07;53.0;ESTAVEL
2021-02-08;1612742400000;MNDL3.SA;24.55;24.6;24.25;24.6;24.6;1100;stock;24.86;-1.06;24.86;-1.06;51.11;ESTAVEL
2021-02-09;1612828800000;MNDL3.SA;24.6;24.6;24.6;24.6;24.6;0;stock;24.86;-1.05;24.86;-1.05;51.11;ESTAVEL
2021-02-10;1612915200000;MNDL3.SA;24.11;25.0;22.0;25.0;25.0;9700;stock;24.86;0.55;24.86;0.55;54.15;ESTAVEL
2021-02-11;1613001600000;MNDL3.SA;25.25;25.25;24.5;24.5;24.5;900;stock;24.86;-1.45;24.86;-1.45;49.97;ESTAVEL
2021-02-12;1613088000000;MNDL3.SA;24.5;25.5;24.5;25.5;25.5;8100;stock;24.87;2.55;24.87;2.55;57.1;ESTAVEL
2021-02-17;1613520000000;MNDL3.SA;26.3;26.3;25.0;25.0;25.0;500;stock;24.87;0.53;24.87;0.53;53.03;ESTAVEL
2021-02-18;1613606400000;MNDL3.SA;24.05;24.05;23.99;23.99;23.99;200;stock;24.86;-3.49;24.86;-3.49;45.91;ESTAVEL
2021-02-19;1613692800000;MNDL3.SA;23.99;23.99;23.99;23.99;23.99;0;stock;24.85;-3.46;24.85;-3.46;45.91;ESTAVEL
2021-02-22;1613952000000;MNDL3.SA;23.7;23.7;23.01;23.2;23.2;300;stock;24.83;-6.58;24.83;-6.58;40.93;ESTAVEL
2021-02-23;1614038400000;MNDL3.SA;25.0;25.3;23.0;23.01;23.01;1400;stock;24.82;-7.28;24.82;-7.28;39.81;ESTAVEL
2021-02-24;1614124800000;MNDL3.SA;24.9;24.9;23.02;23.03;23.03;600;stock;24.8;-7.13;24.8;-7.13;39.99;ESTAVEL
2021-02-25;1614211200000;MNDL3.SA;24.9;24.9;22.5;22.5;22.5;1600;stock;24.77;-9.18;24.77;-9.18;36.75;ESTAVEL
2021-02-26;1614297600000;MNDL3.SA;22.0;22.85;22.0;22.85;22.85;300;stock;24.76;-7.7;24.76;-7.7;40.2;ESTAVEL
2021-03-01;1614556800000;MNDL3.SA;23.5;23.5;23.5;23.5;23.5;200;stock;24.74;-5.02;24.74;-5.02;46.08;ESTAVEL
2021-03-02;1614643200000;MNDL3.SA;25.0;25.0;21.8;22.0;22.0;1900;stock;24.72;-10.99;24.72;-10.99;37.03;ESTAVEL
2021-03-03;1614729600000;MNDL3.SA;22.0;22.0;22.0;22.0;22.0;0;stock;24.69;-10.89;24.69;-10.89;37.03;ESTAVEL
2021-03-04;1614816000000;MNDL3.SA;21.74;22.0;21.0;22.0;22.0;1100;stock;24.66;-10.79;24.66;-10.79;37.03;ESTAVEL
2021-03-05;1614902400000;MNDL3.SA;22.22;23.47;22.22;23.47;23.47;200;stock;24.65;-4.79;24.65;-4.79;49.23;ESTAVEL
2021-03-08;1615161600000;MNDL3.SA;23.47;23.47;23.47;23.47;23.47;0;stock;24.64;-4.74;24.64;-4.74;49.23;ESTAVEL
2021-03-09;1615248000000;MNDL3.SA;22.01;22.01;20.5;21.0;21.0;7400;stock;24.6;-14.64;24.6;-14.64;35.74;ESTAVEL
2021-03-10;1615334400000;MNDL3.SA;21.0;21.0;21.0;21.0;21.0;600;stock;24.57;-14.52;24.57;-14.52;35.74;ESTAVEL
2021-03-11;1615420800000;MNDL3.SA;20.5;21.5;20.5;21.5;21.5;9200;stock;24.54;-12.37;24.54;-12.37;39.62;ESTAVEL
2021-03-12;1615507200000;MNDL3.SA;21.24;21.5;21.24;21.5;21.5;1000;stock;24.51;-12.27;24.51;-12.27;39.62;ESTAVEL
2021-03-15;1615766400000;MNDL3.SA;21.25;21.79;21.25;21.78;21.78;1000;stock;24.48;-11.02;24.48;-11.02;41.9;ESTAVEL
2021-03-16;1615852800000;MNDL3.SA;21.79;21.79;21.79;21.79;21.79;100;stock;24.45;-10.89;24.45;-10.89;41.99;ESTAVEL
2021-03-17;1615939200000;MNDL3.SA;21.79;21.79;21.79;21.79;21.79;400;stock;24.43;-10.79;24.43;-10.79;41.99;ESTAVEL
2021-03-18;1616025600000;MNDL3.SA;21.79;22.19;20.63;20.81;20.81;2000;stock;24.39;-14.68;24.39;-14.68;36.04;ESTAVEL
2021-03-19;1616112000000;MNDL3.SA;21.0;21.03;21.0;21.03;21.03;200;stock;24.36;-13.66;24.36;-13.66;38.16;ESTAVEL
2021-03-22;1616371200000;MNDL3.SA;21.03;21.99;21.03;21.5;21.5;700;stock;24.33;-11.62;24.33;-11.62;42.54;ESTAVEL
2021-03-23;1616457600000;MNDL3.SA;21.5;21.5;21.5;21.5;21.5;0;stock;24.3;-11.52;24.3;-11.52;42.54;ESTAVEL
2021-03-24;1616544000000;MNDL3.SA;22.3;22.3;20.5;20.53;20.53;900;stock;24.26;-15.38;24.26;-15.38;36.38;ESTAVEL
2021-03-25;1616630400000;MNDL3.SA;21.99;21.99;21.98;21.99;21.99;8300;stock;24.24;-9.28;24.24;-9.28;48.47;ESTAVEL
2021-03-26;1616716800000;MNDL3.SA;21.99;21.99;21.99;21.99;21.99;100;stock;24.22;-9.2;24.22;-9.2;48.47;ESTAVEL
2021-03-29;1616976000000;MNDL3.SA;20.26;21.5;20.25;21.5;21.5;2000;stock;24.19;-11.12;24.19;-11.12;45.13;ESTAVEL
2021-03-30;1617062400000;MNDL3.SA;21.5;21.99;21.5;21.99;21.99;400;stock;24.17;-9.01;24.17;-9.01;48.92;ESTAVEL
2021-03-31;1617148800000;MNDL3.SA;21.01;22.7;21.0;21.05;21.05;600;stock;24.14;-12.79;24.14;-12.79;42.81;ESTAVEL
2021-04-01;1617235200000;MNDL3.SA;21.11;22.4;21.11;22.4;22.4;300;stock;24.12;-7.13;24.12;-7.13;52.07;ESTAVEL
2021-04-05;1617580800000;MNDL3.SA;21.02;21.25;21.02;21.25;21.25;200;stock;24.09;-11.79;24.09;-11.79;45.34;ESTAVEL
2021-04-06;1617667200000;MNDL3.SA;21.31;22.4;21.31;22.4;22.4;700;stock;24.07;-6.95;24.07;-6.95;52.02;ESTAVEL
2021-04-07;1617753600000;MNDL3.SA;22.4;22.4;22.4;22.4;22.4;100;stock;24.06;-6.89;24.06;-6.89;52.02;ESTAVEL
2021-04-08;1617840000000;MNDL3.SA;21.52;23.0;21.52;23.0;23.0;8500;stock;24.05;-4.35;24.05;-4.35;55.32;ESTAVEL
2021-04-09;1617926400000;MNDL3.SA;21.7;21.7;21.7;21.7;21.7;100;stock;24.02;-9.67;24.02;-9.67;47.66;ESTAVEL
2021-04-12;1618185600000;MNDL3.SA;21.8;23.1;21.8;23.1;23.1;300;stock;24.01;-3.81;24.01;-3.81;54.9;ESTAVEL
2021-04-13;1618272000000;MNDL3.SA;22.5;22.6;22.5;22.6;22.6;300;stock;24.0;-5.84;24.0;-5.84;52.13;ESTAVEL
2021-04-14;1618358400000;MNDL3.SA;23.1;26.3;23.1;25.0;25.0;7000;stock;24.01;4.12;24.01;4.12;62.04;ESTAVEL
2021-04-15;1618444800000;MNDL3.SA;25.3;25.3;25.3;25.3;25.3;400;stock;24.02;5.31;24.02;5.31;63.07;ESTAVEL
2021-04-16;1618531200000;MNDL3.SA;25.4;25.44;25.4;25.44;25.44;400;stock;24.04;5.83;24.04;5.83;63.57;ESTAVEL
2021-04-19;1618790400000;MNDL3.SA;25.44;25.44;25.44;25.44;25.44;0;stock;24.05;5.77;24.05;5.77;63.57;ESTAVEL
2021-04-20;1618876800000;MNDL3.SA;25.94;25.94;25.94;25.94;25.94;100;stock;24.07;7.77;24.07;7.77;65.49;ESTAVEL
2021-04-22;1619049600000;MNDL3.SA;24.51;24.51;24.21;24.21;24.21;400;stock;24.07;0.58;24.07;0.58;54.73;ESTAVEL
2021-04-23;1619136000000;MNDL3.SA;25.88;25.88;25.81;25.81;25.81;200;stock;24.09;7.14;24.09;7.14;61.1;ESTAVEL
2021-04-26;1619395200000;MNDL3.SA;25.81;25.81;25.81;25.81;25.81;0;stock;24.11;7.07;24.11;7.07;61.1;ESTAVEL
2021-04-27;1619481600000;MNDL3.SA;24.2;25.75;24.0;25.75;25.75;500;stock;24.12;6.75;24.12;6.75;60.73;ESTAVEL
2021-04-28;1619568000000;MNDL3.SA;25.75;25.86;24.0;25.53;25.53;1900;stock;24.14;5.77;24.14;5.77;59.3;ESTAVEL
2021-04-29;1619654400000;MNDL3.SA;25.53;25.53;25.53;25.53;25.53;0;stock;24.15;5.71;24.15;5.71;59.3;ESTAVEL
2021-04-30;1619740800000;MNDL3.SA;24.97;26.7;24.97;26.7;26.7;2700;stock;24.18;10.44;24.18;10.44;64.44;ESTAVEL
2021-05-03;1620000000000;MNDL3.SA;26.7;26.7;26.7;26.7;26.7;0;stock;24.2;10.33;24.2;10.33;64.44;ESTAVEL
2021-05-04;1620086400000;MNDL3.SA;26.7;26.7;26.7;26.7;26.7;0;stock;24.23;10.21;24.23;10.21;64.44;ESTAVEL
2021-05-05;1620172800000;MNDL3.SA;26.7;26.7;26.7;26.7;26.7;0;stock;24.25;10.1;24.25;10.1;64.44;ESTAVEL
2021-05-06;1620259200000;MNDL3.SA;26.7;26.8;25.01;25.31;25.31;8700;stock;24.26;4.32;24.26;4.32;53.62;ESTAVEL
2021-05-07;1620345600000;MNDL3.SA;26.5;29.49;26.5;28.1;28.1;3200;stock;24.3;15.64;24.3;15.64;65.97;ESTAVEL
2021-05-10;1620604800000;MNDL3.SA;27.55;27.55;26.0;27.5;27.5;900;stock;24.33;13.03;24.33;13.03;62.14;ESTAVEL
2021-05-11;1620691200000;MNDL3.SA;28.0;28.0;28.0;28.0;28.0;100;stock;24.37;14.91;24.37;14.91;64.02;ESTAVEL
2021-05-12;1620777600000;MNDL3.SA;27.66;27.8;25.5;27.79;27.79;2800;stock;24.4;13.89;24.4;13.89;62.61;ESTAVEL
2021-05-13;1620864000000;MNDL3.SA;27.79;27.79;27.79;27.79;27.79;0;stock;24.44;13.73;24.44;13.73;62.61;ESTAVEL
2021-05-14;1620950400000;MNDL3.SA;27.0;27.5;26.5;27.5;27.5;900;stock;24.47;12.4;24.47;12.4;60.49;ESTAVEL
2021-05-17;1621209600000;MNDL3.SA;27.7;40.0;27.7;35.12;35.12;18100;stock;24.57;42.93;24.57;42.93;79.84;CAIR
2021-05-18;1621296000000;MNDL3.SA;35.12;37.0;32.14;34.01;34.01;4000;stock;24.67;37.88;24.67;37.88;74.14;CAIR
2021-05-19;1621382400000;MNDL3.SA;36.0;38.8;34.3;38.22;38.22;28300;stock;24.8;54.11;24.8;54.11;79.98;CAIR
2021-05-20;1621468800000;MNDL3.SA;37.99;38.15;36.09;36.3;36.3;5600;stock;24.91;45.7;24.91;45.7;72.0;CAIR
2021-05-21;1621555200000;MNDL3.SA;37.94;39.8;37.63;39.8;39.8;12300;stock;25.06;58.8;25.06;58.8;76.58;CAIR
2021-05-24;1621814400000;MNDL3.SA;38.5;41.78;36.7;41.0;41.0;8900;stock;25.22;62.56;25.22;62.56;77.92;CAIR
2021-05-25;1621900800000;MNDL3.SA;40.9;48.51;39.4;46.99;46.99;8500;stock;25.44;84.72;25.44;84.72;83.1;CAIR
2021-05-26;1621987200000;MNDL3.SA;46.2;46.2;41.05;45.0;45.0;1700;stock;25.63;75.56;25.63;75.56;76.67;CAIR
2021-05-27;1622073600000;MNDL3.SA;45.0;45.0;42.02;44.05;44.05;3800;stock;25.82;70.63;25.82;70.63;73.73;CAIR
2021-05-28;1622160000000;MNDL3.SA;43.06;46.5;43.05;46.5;46.5;2400;stock;26.02;78.7;26.02;78.7;76.25;CAIR
2021-05-31;1622419200000;MNDL3.SA;46.9;48.0;46.9;48.0;48.0;5000;stock;26.24;82.92;26.24;82.92;77.67;CAIR
2021-06-01;1622505600000;MNDL3.SA;47.98;49.5;44.06;49.49;49.49;4900;stock;26.47;86.95;26.47;86.95;79.01;CAIR
2021-06-02;1622592000000;MNDL3.SA;49.68;49.68;49.0;49.0;49.0;8100;stock;26.7;83.55;26.7;83.55;77.37;CAIR
2021-06-04;1622764800000;MNDL3.SA;49.0;49.0;49.0;49.0;49.0;0;stock;26.92;82.03;26.92;82.03;77.37;CAIR
2021-06-07;1623024000000;MNDL3.SA;44.7;47.0;44.7;46.89;46.89;3000;stock;27.12;72.92;27.12;72.92;70.09;CAIR
2021-06-08;1623110400000;MNDL3.SA;49.38;49.38;47.0;47.0;47.0;3800;stock;27.31;72.07;27.31;72.07;70.25;CAIR
2021-06-09;1623196800000;MNDL3.SA;46.99;55.0;45.5;54.5;54.5;8100;stock;27.58;97.57;27.58;97.57;78.53;CAIR
2021-06-10;1623283200000;MNDL3.SA;54.88;59.0;53.0;58.0;58.0;6200;stock;27.89;107.98;27.89;107.98;81.16;CAIR
2021-06-11;1623369600000;MNDL3.SA;59.95;59.95;59.76;59.95;59.95;800;stock;28.21;112.54;28.21;112.54;82.45;CAIR
2021-06-14;1623628800000;MNDL3.SA;61.98;68.0;61.96;65.96;65.96;3200;stock;28.58;130.77;28.58;130.77;85.71;CAIR
2021-06-15;1623715200000;MNDL3.SA;65.96;66.1;60.66;66.1;66.1;3600;stock;28.96;128.28;28.96;128.28;85.77;CAIR
2021-06-16;1623801600000;MNDL3.SA;65.0;65.0;65.0;65.0;65.0;100;stock;29.31;121.73;29.31;121.73;82.54;CAIR
2021-06-17;1623888000000;MNDL3.SA;57.4;68.4;57.4;61.23;61.23;2100;stock;29.63;106.64;29.63;106.64;72.46;CAIR
2021-06-18;1623974400000;MNDL3.SA;66.99;66.99;65.95;65.95;65.95;400;stock;29.99;119.88;29.99;119.88;76.35;CAIR
2021-06-21;1624233600000;MNDL3.SA;65.16;69.0;65.03;68.96;68.96;1500;stock;30.38;126.98;30.38;126.98;78.45;CAIR
2021-06-22;1624320000000;MNDL3.SA;68.96;68.96;68.96;68.96;68.96;0;stock;30.76;124.15;30.76;124.15;78.45;CAIR
2021-06-23;1624406400000;MNDL3.SA;64.21;67.0;62.31;67.0;67.0;500;stock;31.13;115.26;31.13;115.26;73.53;CAIR
2021-06-24;1624492800000;MNDL3.SA;67.95;67.95;62.76;66.99;66.99;400;stock;31.48;112.79;31.48;112.79;73.51;CAIR
2021-06-25;1624579200000;MNDL3.SA;57.0;57.0;57.0;57.0;57.0;100;stock;31.74;79.61;31.74;79.61;53.64;ESTAVEL
2021-06-28;1624838400000;MNDL3.SA;57.0;57.0;53.1;54.5;54.5;1700;stock;31.96;70.51;31.96;70.51;50.0;ESTAVEL
2021-06-29;1624924800000;MNDL3.SA;54.5;68.88;54.5;57.02;57.02;4500;stock;32.21;77.01;32.21;77.01;53.43;ESTAVEL
2021-06-30;1625011200000;MNDL3.SA;57.0;61.0;53.0;61.0;61.0;7700;stock;32.5;87.7;32.5;87.7;58.3;ESTAVEL
2021-07-01;1625097600000;MNDL3.SA;62.0;62.0;62.0;62.0;62.0;100;stock;32.79;89.07;32.79;89.07;59.45;ESTAVEL
2021-07-02;1625184000000;MNDL3.SA;60.0;61.0;56.0;59.8;59.8;1600;stock;33.06;80.88;33.06;80.88;55.81;ESTAVEL
2021-07-05;1625443200000;MNDL3.SA;61.0;63.29;60.31;60.31;60.31;800;stock;33.33;80.94;33.33;80.94;56.48;ESTAVEL
2021-07-06;1625529600000;MNDL3.SA;61.0;61.0;59.87;59.87;59.87;200;stock;33.6;78.21;33.6;78.21;55.7;ESTAVEL
2021-07-07;1625616000000;MNDL3.SA;55.51;58.52;55.51;58.52;58.52;1100;stock;33.84;72.91;33.84;72.91;53.27;ESTAVEL
2021-07-08;1625702400000;MNDL3.SA;58.09;58.09;56.81;56.81;56.81;300;stock;34.07;66.73;34.07;66.73;50.28;ESTAVEL
2021-07-12;1626048000000;MNDL3.SA;56.97;67.0;56.84;64.0;64.0;6500;stock;34.37;86.21;34.37;86.21;60.35;ESTAVEL
2021-07-13;1626134400000;MNDL3.SA;61.7;61.7;61.5;61.7;61.7;3300;stock;34.64;78.11;34.64;78.11;56.42;ESTAVEL
2021-07-14;1626220800000;MNDL3.SA;64.99;64.99;62.0;63.0;63.0;1800;stock;34.92;80.39;34.92;80.39;58.08;ESTAVEL
2021-07-15;1626307200000;MNDL3.SA;62.99;69.0;60.0;66.5;66.5;4700;stock;35.24;88.71;35.24;88.71;62.26;ESTAVEL
2021-07-16;1626393600000;MNDL3.SA;66.5;66.6;65.7;66.6;66.6;400;stock;35.55;87.34;35.55;87.34;62.37;ESTAVEL
2021-07-19;1626652800000;MNDL3.SA;65.0;67.0;63.0;63.0;63.0;12100;stock;35.82;75.86;35.82;75.86;55.76;ESTAVEL
2021-07-20;1626739200000;MNDL3.SA;65.0;65.0;62.0;62.0;62.0;1000;stock;36.08;71.82;36.08;71.82;54.05;ESTAVEL
2021-07-21;1626825600000;MNDL3.SA;64.99;65.0;63.0;63.0;63.0;800;stock;36.35;73.31;36.35;73.31;55.52;ESTAVEL
2021-07-22;1626912000000;MNDL3.SA;64.97;64.97;61.0;64.97;64.97;700;stock;36.64;77.34;36.64;77.34;58.35;ESTAVEL
2021-07-23;1626998400000;MNDL3.SA;64.97;64.97;64.97;64.97;64.97;0;stock;36.92;75.98;36.92;75.98;58.35;ESTAVEL
2021-07-26;1627257600000;MNDL3.SA;64.97;64.97;64.97;64.97;64.97;0;stock;37.2;74.66;37.2;74.66;58.35;ESTAVEL
2021-07-27;1627344000000;MNDL3.SA;62.0;64.92;62.0;64.92;64.92;600;stock;37.47;73.24;37.47;73.24;58.24;ESTAVEL
2021-07-28;1627430400000;MNDL3.SA;64.98;65.9;62.0;65.9;65.9;8400;stock;37.76;74.54;37.76;74.54;59.94;ESTAVEL
2021-07-29;1627516800000;MNDL3.SA;62.02;62.5;62.0;62.0;62.0;1300;stock;38.0;63.17;38.0;63.17;51.02;ESTAVEL
2021-07-30;1627603200000;MNDL3.SA;61.99;61.99;60.0;60.0;60.0;600;stock;38.22;57.0;38.22;57.0;47.15;ESTAVEL
2021-08-02;1627862400000;MNDL3.SA;60.0;64.5;60.0;64.5;64.5;400;stock;38.48;67.63;38.48;67.63;55.36;ESTAVEL
2021-08-03;1627948800000;MNDL3.SA;60.42;60.5;60.0;60.5;60.5;900;stock;38.7;56.34;38.7;56.34;48.19;ESTAVEL
2021-08-04;1628035200000;MNDL3.SA;64.93;64.93;64.93;64.93;64.93;100;stock;38.96;66.67;38.96;66.67;55.12;ESTAVEL
2021-08-05;1628121600000;MNDL3.SA;60.5;60.5;60.0;60.05;60.05;400;stock;39.17;53.31;39.17;53.31;47.57;ESTAVEL
2021-08-06;1628208000000;MNDL3.SA;60.05;60.05;60.05;60.05;60.05;0;stock;39.38;52.5;39.38;52.5;47.57;ESTAVEL
2021-08-09;1628467200000;MNDL3.SA;60.5;63.9;60.01;63.9;63.9;400;stock;39.62;61.28;39.62;61.28;53.41;ESTAVEL
2021-08-10;1628553600000;MNDL3.SA;61.0;61.0;60.0;60.0;60.0;1800;stock;39.82;50.67;39.82;50.67;47.63;ESTAVEL
2021-08-11;1628640000000;MNDL3.SA;60.75;62.39;57.0;62.0;62.0;2100;stock;40.04;54.83;40.04;54.83;50.58;ESTAVEL
2021-08-12;1628726400000;MNDL3.SA;62.0;62.28;62.0;62.28;62.28;300;stock;40.26;54.68;40.26;54.68;51.0;ESTAVEL
2021-08-13;1628812800000;MNDL3.SA;62.28;62.28;62.28;62.28;62.28;0;stock;40.48;53.84;40.48;53.84;51.0;ESTAVEL
2021-08-16;1629072000000;MNDL3.SA;62.27;62.68;53.1;59.0;59.0;4700;stock;40.67;45.08;40.67;45.08;45.75;ESTAVEL
2021-08-17;1629158400000;MNDL3.SA;56.0;58.99;54.11;58.99;58.99;1300;stock;40.85;44.41;40.85;44.41;45.74;ESTAVEL
2021-08-18;1629244800000;MNDL3.SA;57.0;62.95;55.0;62.95;62.95;2800;stock;41.07;53.27;41.07;53.27;52.57;ESTAVEL
2021-08-19;1629331200000;MNDL3.SA;55.51;61.33;55.51;61.33;61.33;1000;stock;41.27;48.6;41.27;48.6;49.81;ESTAVEL
2021-08-20;1629417600000;MNDL3.SA;61.33;61.33;61.33;61.33;61.33;0;stock;41.47;47.89;41.47;47.89;49.81;ESTAVEL
2021-08-23;1629676800000;MNDL3.SA;61.33;61.33;61.33;61.33;61.33;1700;stock;41.67;47.18;41.67;47.18;49.81;ESTAVEL
2021-08-24;1629763200000;MNDL3.SA;61.5;61.5;61.5;61.5;61.5;1300;stock;41.87;46.9;41.87;46.9;50.15;ESTAVEL
2021-08-25;1629849600000;MNDL3.SA;61.43;61.43;61.43;61.43;61.43;4600;stock;42.06;46.05;42.06;46.05;50.0;ESTAVEL
2021-08-26;1629936000000;MNDL3.SA;61.43;61.43;61.43;61.43;61.43;0;stock;42.25;45.38;42.25;45.38;50.0;ESTAVEL
2021-08-27;1630022400000;MNDL3.SA;62.5;62.5;62.5;62.5;62.5;200;stock;42.46;47.21;42.46;47.21;52.54;ESTAVEL
2021-08-30;1630281600000;MNDL3.SA;62.5;62.5;62.5;62.5;62.5;0;stock;42.65;46.53;42.65;46.53;52.54;ESTAVEL
2021-08-31;1630368000000;MNDL3.SA;57.02;62.49;57.01;62.49;62.49;1300;stock;42.85;45.83;42.85;45.83;52.51;ESTAVEL
2021-09-01;1630454400000;MNDL3.SA;63.38;63.38;63.38;63.38;63.38;100;stock;43.06;47.2;43.06;47.2;54.89;ESTAVEL
2021-09-02;1630540800000;MNDL3.SA;59.0;63.4;55.0;55.0;55.0;2600;stock;43.18;27.39;43.18;27.39;36.39;ESTAVEL
2021-09-03;1630627200000;MNDL3.SA;56.92;60.8;51.0;56.8;56.8;1000;stock;43.31;31.15;43.31;31.15;40.99;ESTAVEL
2021-09-06;1630886400000;MNDL3.SA;58.99;58.99;57.98;58.99;58.99;1000;stock;43.47;35.71;43.47;35.71;46.1;ESTAVEL
2021-09-08;1631059200000;MNDL3.SA;58.99;58.99;58.99;58.99;58.99;0;stock;43.62;35.23;43.62;35.23;46.1;ESTAVEL
2021-09-09;1631145600000;MNDL3.SA;59.99;60.0;59.0;59.0;59.0;900;stock;43.77;34.78;43.77;34.78;46.12;ESTAVEL
2021-09-10;1631232000000;MNDL3.SA;59.89;59.89;59.89;59.89;59.89;100;stock;43.93;36.32;43.93;36.32;48.39;ESTAVEL
2021-09-13;1631491200000;MNDL3.SA;59.89;59.89;59.89;59.89;59.89;0;stock;44.09;35.83;44.09;35.83;48.39;ESTAVEL
2021-09-14;1631577600000;MNDL3.SA;59.89;59.89;59.89;59.89;59.89;0;stock;44.25;35.34;44.25;35.34;48.39;ESTAVEL
2021-09-15;1631664000000;MNDL3.SA;59.69;64.0;55.0;63.59;63.59;4500;stock;44.44;43.08;44.44;43.08;57.64;ESTAVEL
2021-09-16;1631750400000;MNDL3.SA;68.0;68.0;59.0;64.5;64.5;700;stock;44.64;44.48;44.64;44.48;59.57;ESTAVEL
2021-09-17;1631836800000;MNDL3.SA;64.5;64.5;64.5;64.5;64.5;0;stock;44.84;43.84;44.84;43.84;59.57;ESTAVEL
2021-09-20;1632096000000;MNDL3.SA;64.5;64.5;64.5;64.5;64.5;0;stock;45.04;43.22;45.04;43.22;59.57;ESTAVEL
2021-09-21;1632182400000;MNDL3.SA;64.5;64.5;64.5;64.5;64.5;0;stock;45.23;42.61;45.23;42.61;59.57;ESTAVEL
2021-09-22;1632268800000;MNDL3.SA;62.0;64.29;62.0;64.29;64.29;4800;stock;45.42;41.55;45.42;41.55;58.74;ESTAVEL
2021-09-23;1632355200000;MNDL3.SA;60.0;60.0;59.0;59.5;59.5;2300;stock;45.56;30.6;45.56;30.6;43.8;ESTAVEL
2021-09-24;1632441600000;MNDL3.SA;59.48;59.48;59.4;59.4;59.4;200;stock;45.7;29.99;45.7;29.99;43.56;ESTAVEL
2021-09-27;1632700800000;MNDL3.SA;59.5;59.93;59.2;59.93;59.93;400;stock;45.84;30.74;45.84;30.74;45.33;ESTAVEL
2021-09-28;1632787200000;MNDL3.SA;59.9;59.9;56.0;59.48;59.48;700;stock;45.97;29.38;45.97;29.38;44.06;ESTAVEL
2021-09-29;1632873600000;MNDL3.SA;59.89;59.89;59.5;59.89;59.89;300;stock;46.11;29.88;46.11;29.88;45.56;ESTAVEL
2021-09-30;1632960000000;MNDL3.SA;59.95;59.95;55.1;59.09;59.09;500;stock;46.24;27.78;46.24;27.78;43.14;ESTAVEL
2021-10-01;1633046400000;MNDL3.SA;57.0;60.0;57.0;59.95;59.95;500;stock;46.38;29.26;46.38;29.26;46.43;ESTAVEL
2021-10-04;1633305600000;MNDL3.SA;59.72;59.72;59.0;59.0;59.0;300;stock;46.5;26.87;46.5;26.87;43.44;ESTAVEL
2021-10-05;1633392000000;MNDL3.SA;59.0;59.0;59.0;59.0;59.0;0;stock;46.63;26.53;46.63;26.53;43.44;ESTAVEL
2021-10-06;1633478400000;MNDL3.SA;58.99;58.99;55.1;55.1;55.1;1300;stock;46.71;17.96;46.71;17.96;33.24;ESTAVEL
2021-10-07;1633564800000;MNDL3.SA;58.09;58.09;54.12;54.12;54.12;200;stock;46.79;15.68;46.79;15.68;31.26;ESTAVEL
2021-10-08;1633651200000;MNDL3.SA;57.99;57.99;57.95;57.95;57.95;800;stock;46.9;23.57;46.9;23.57;45.07;ESTAVEL
2021-10-11;1633910400000;MNDL3.SA;54.12;54.12;54.0;54.05;54.05;400;stock;46.97;15.08;46.97;15.08;36.93;ESTAVEL
2021-10-13;1634083200000;MNDL3.SA;57.49;57.49;54.16;54.16;54.16;900;stock;47.04;15.14;47.04;15.14;37.27;ESTAVEL
2021-10-14;1634169600000;MNDL3.SA;58.7;58.7;58.7;58.7;58.7;100;stock;47.16;24.48;47.16;24.48;49.51;ESTAVEL
2021-10-15;1634256000000;MNDL3.SA;55.01;57.4;53.0;55.93;55.93;1900;stock;47.24;18.39;47.24;18.39;43.89;ESTAVEL
2021-10-18;1634515200000;MNDL3.SA;55.93;57.39;55.9;57.39;57.39;700;stock;47.34;21.22;47.34;21.22;47.29;ESTAVEL
2021-10-19;1634601600000;MNDL3.SA;57.38;57.4;57.38;57.39;57.39;800;stock;47.44;20.96;47.44;20.96;47.29;ESTAVEL
2021-10-20;1634688000000;MNDL3.SA;57.38;57.38;57.0;57.38;57.38;5400;stock;47.54;20.69;47.54;20.69;47.26;ESTAVEL
2021-10-21;1634774400000;MNDL3.SA;57.34;57.34;56.5;56.98;56.98;2400;stock;47.64;19.61;47.64;19.61;46.3;ESTAVEL
2021-10-22;1634860800000;MNDL3.SA;56.98;56.98;56.98;56.98;56.98;0;stock;47.73;19.38;47.73;19.38;46.3;ESTAVEL
2021-10-25;1635120000000;MNDL3.SA;56.6;56.6;52.03;54.53;54.53;1800;stock;47.8;14.09;47.8;14.09;40.47;ESTAVEL
2021-10-26;1635206400000;MNDL3.SA;56.29;56.29;54.98;55.9;55.9;1100;stock;47.88;16.75;47.88;16.75;44.67;ESTAVEL
2021-10-27;1635292800000;MNDL3.SA;56.42;56.42;52.03;56.29;56.29;600;stock;47.96;17.36;47.96;17.36;45.84;ESTAVEL
2021-10-28;1635379200000;MNDL3.SA;51.01;51.11;51.01;51.11;51.11;700;stock;47.99;6.49;47.99;6.49;35.18;ESTAVEL
2021-10-29;1635465600000;MNDL3.SA;51.0;51.0;51.0;51.0;51.0;300;stock;48.02;6.2;48.02;6.2;35.0;ESTAVEL
2021-11-01;1635724800000;MNDL3.SA;53.93;53.93;52.0;52.0;52.0;400;stock;48.06;8.19;48.06;8.19;38.2;ESTAVEL
2021-11-03;1635897600000;MNDL3.SA;51.99;51.99;51.99;51.99;51.99;100;stock;48.1;8.08;48.1;8.08;38.18;ESTAVEL
2021-11-04;1635984000000;MNDL3.SA;47.0;48.78;44.53;48.74;48.74;1400;stock;48.11;1.31;48.11;1.31;32.21;ESTAVEL
2021-11-05;1636070400000;MNDL3.SA;45.13;47.97;41.63;41.63;41.63;3500;stock;48.04;-13.35;48.04;-13.35;23.53;SUBIR
2021-11-08;1636329600000;MNDL3.SA;43.67;43.68;39.99;39.99;39.99;600;stock;47.96;-16.62;47.96;-16.62;22.06;SUBIR
2021-11-09;1636416000000;MNDL3.SA;40.8;41.0;36.0;38.69;38.69;4400;stock;47.87;-19.18;47.87;-19.18;20.94;SUBIR
2021-11-10;1636502400000;MNDL3.SA;38.5;38.5;38.3;38.35;38.35;900;stock;47.78;-19.73;47.78;-19.73;20.64;SUBIR
2021-11-11;1636588800000;MNDL3.SA;38.38;45.0;38.38;44.89;44.89;1400;stock;47.75;-5.99;47.75;-5.99;38.59;ESTAVEL
2021-11-12;1636675200000;MNDL3.SA;44.99;50.85;44.99;49.5;49.5;1600;stock;47.77;3.63;47.77;3.63;47.59;ESTAVEL
2021-11-16;1637020800000;MNDL3.SA;49.5;52.29;45.5;48.0;48.0;1300;stock;47.77;0.49;47.77;0.49;45.26;ESTAVEL
2021-11-17;1637107200000;MNDL3.SA;45.0;48.82;45.0;46.0;46.0;5400;stock;47.75;-3.66;47.75;-3.66;42.3;ESTAVEL
2021-11-18;1637193600000;MNDL3.SA;45.0;45.0;43.0;43.0;43.0;5200;stock;47.7;-9.86;47.7;-9.86;38.25;ESTAVEL
2021-11-19;1637280000000;MNDL3.SA;41.0;44.9;41.0;41.03;41.03;1100;stock;47.64;-13.87;47.64;-13.87;35.82;ESTAVEL
2021-11-22;1637539200000;MNDL3.SA;41.03;44.99;41.03;43.5;43.5;10500;stock;47.6;-8.6;47.6;-8.6;40.88;ESTAVEL
2021-11-23;1637625600000;MNDL3.SA;46.85;46.85;46.85;46.85;46.85;200;stock;47.59;-1.55;47.59;-1.55;46.99;ESTAVEL
2021-11-24;1637712000000;MNDL3.SA;44.0;44.0;43.0;43.0;43.0;400;stock;47.54;-9.55;47.54;-9.55;41.66;ESTAVEL
2021-11-25;1637798400000;MNDL3.SA;45.0;45.0;40.5;41.96;41.96;3300;stock;47.49;-11.64;47.49;-11.64;40.33;ESTAVEL
2021-11-26;1637884800000;MNDL3.SA;42.78;42.79;39.0;39.0;39.0;5500;stock;47.4;-17.73;47.4;-17.73;36.74;ESTAVEL
2021-11-29;1638144000000;MNDL3.SA;43.0;44.29;41.0;41.0;41.0;11000;stock;47.34;-13.39;47.34;-13.39;40.59;ESTAVEL
2021-11-30;1638230400000;MNDL3.SA;44.25;44.99;41.0;44.8;44.8;12700;stock;47.31;-5.31;47.31;-5.31;47.17;ESTAVEL
2021-12-01;1638316800000;MNDL3.SA;48.35;48.35;41.01;41.01;41.01;6000;stock;47.25;-13.21;47.25;-13.21;42.16;ESTAVEL
2021-12-02;1638403200000;MNDL3.SA;44.99;45.0;40.06;40.21;40.21;3300;stock;47.18;-14.77;47.18;-14.77;41.16;ESTAVEL
2021-12-03;1638489600000;MNDL3.SA;43.4;43.4;41.05;43.4;43.4;500;stock;47.14;-7.94;47.14;-7.94;46.58;ESTAVEL
2021-12-06;1638748800000;MNDL3.SA;38.0;40.0;38.0;40.0;40.0;1500;stock;47.07;-15.02;47.07;-15.02;42.13;ESTAVEL
2021-12-07;1638835200000;MNDL3.SA;38.0;38.01;34.53;35.46;35.46;29700;stock;46.96;-24.48;46.96;-24.48;37.04;ESTAVEL
2021-12-08;1638921600000;MNDL3.SA;35.0;35.8;34.28;34.29;34.29;2700;stock;46.83;-26.78;46.83;-26.78;35.84;ESTAVEL
2021-12-09;1639008000000;MNDL3.SA;34.15;34.5;33.0;33.5;33.5;1200;stock;46.7;-28.26;46.7;-28.26;35.01;ESTAVEL
2021-12-10;1639094400000;MNDL3.SA;33.5;35.0;33.5;35.0;35.0;2300;stock;46.58;-24.86;46.58;-24.86;37.94;ESTAVEL
2021-12-13;1639353600000;MNDL3.SA;34.98;35.0;33.11;34.95;34.95;3500;stock;46.47;-24.78;46.47;-24.78;37.87;ESTAVEL
2021-12-14;1639440000000;MNDL3.SA;34.53;34.53;33.16;33.16;33.16;600;stock;46.33;-28.43;46.33;-28.43;35.66;ESTAVEL
2021-12-15;1639526400000;MNDL3.SA;33.2;34.99;33.04;33.04;33.04;6200;stock;46.2;-28.49;46.2;-28.49;35.51;ESTAVEL
2021-12-16;1639612800000;MNDL3.SA;33.04;34.8;32.01;32.01;32.01;1800;stock;46.06;-30.5;46.06;-30.5;34.18;ESTAVEL
2021-12-17;1639699200000;MNDL3.SA;31.5;33.0;31.5;32.3;32.3;300;stock;45.92;-29.66;45.92;-29.66;34.92;ESTAVEL
2021-12-20;1639958400000;MNDL3.SA;32.0;33.18;32.0;32.66;32.66;5000;stock;45.79;-28.68;45.79;-28.68;35.88;ESTAVEL
2021-12-21;1640044800000;MNDL3.SA;31.6;31.6;31.6;31.6;31.6;300;stock;45.65;-30.78;45.65;-30.78;34.27;ESTAVEL
2021-12-22;1640131200000;MNDL3.SA;31.6;31.6;30.95;30.95;30.95;500;stock;45.5;-31.98;45.5;-31.98;33.29;ESTAVEL
2021-12-23;1640217600000;MNDL3.SA;31.95;32.99;31.9;32.99;32.99;1300;stock;45.38;-27.3;45.38;-27.3;39.19;ESTAVEL
2021-12-27;1640563200000;MNDL3.SA;32.99;32.99;32.99;32.99;32.99;0;stock;45.26;-27.1;45.26;-27.1;39.19;ESTAVEL
2021-12-28;1640649600000;MNDL3.SA;32.5;33.5;32.5;33.5;33.5;200;stock;45.14;-25.78;45.14;-25.78;40.71;ESTAVEL
2021-12-29;1640736000000;MNDL3.SA;35.0;35.0;35.0;35.0;35.0;100;stock;45.04;-22.29;45.04;-22.29;45.07;ESTAVEL
2021-12-30;1640822400000;MNDL3.SA;34.99;35.0;34.94;34.94;34.94;600;stock;44.94;-22.25;44.94;-22.25;44.92;ESTAVEL
2022-01-03;1641168000000;MNDL3.SA;31.56;33.99;31.56;32.5;32.5;500;stock;44.81;-27.48;44.81;-27.48;39.47;ESTAVEL
2022-01-04;1641254400000;MNDL3.SA;32.11;32.5;32.11;32.5;32.5;500;stock;44.69;-27.28;44.69;-27.28;39.47;ESTAVEL
2022-01-05;1641340800000;MNDL3.SA;31.0;31.0;31.0;31.0;31.0;100;stock;44.55;-30.42;44.55;-30.42;36.33;ESTAVEL
2022-01-06;1641427200000;MNDL3.SA;31.0;31.0;31.0;31.0;31.0;0;stock;44.42;-30.21;44.42;-30.21;36.33;ESTAVEL
2022-01-07;1641513600000;MNDL3.SA;31.9;32.0;31.9;32.0;32.0;600;stock;44.3;-27.76;44.3;-27.76;40.02;ESTAVEL
2022-01-10;1641772800000;MNDL3.SA;33.49;33.5;33.1;33.1;33.1;300;stock;44.18;-25.09;44.18;-25.09;43.88;ESTAVEL
2022-01-11;1641859200000;MNDL3.SA;33.1;33.1;33.1;33.1;33.1;0;stock;44.07;-24.9;44.07;-24.9;43.88;ESTAVEL
2022-01-12;1641945600000;MNDL3.SA;30.3;33.98;30.3;33.49;33.49;5700;stock;43.97;-23.83;43.97;-23.83;45.32;ESTAVEL
2022-01-13;1642032000000;MNDL3.SA;33.97;33.98;33.97;33.98;33.98;200;stock;43.87;-22.54;43.87;-22.54;47.16;ESTAVEL
2022-01-14;1642118400000;MNDL3.SA;33.98;33.98;33.98;33.98;33.98;100;stock;43.77;-22.37;43.77;-22.37;47.16;ESTAVEL
2022-01-17;1642377600000;MNDL3.SA;33.98;33.98;33.98;33.98;33.98;0;stock;43.67;-22.2;43.67;-22.2;47.16;ESTAVEL
2022-01-18;1642464000000;MNDL3.SA;33.98;33.98;33.98;33.98;33.98;0;stock;43.58;-22.02;43.58;-22.02;47.16;ESTAVEL
2022-01-19;1642550400000;MNDL3.SA;31.51;33.96;31.51;33.96;33.96;600;stock;43.48;-21.9;43.48;-21.9;47.08;ESTAVEL
2022-01-20;1642636800000;MNDL3.SA;33.0;35.0;32.01;35.0;35.0;1900;stock;43.4;-19.35;43.4;-19.35;52.03;ESTAVEL
2022-01-21;1642723200000;MNDL3.SA;35.0;35.0;35.0;35.0;35.0;0;stock;43.31;-19.19;43.31;-19.19;52.03;ESTAVEL
2022-01-24;1642982400000;MNDL3.SA;35.0;35.0;35.0;35.0;35.0;0;stock;43.23;-19.04;43.23;-19.04;52.03;ESTAVEL
2022-01-25;1643068800000;MNDL3.SA;35.0;35.0;35.0;35.0;35.0;0;stock;43.15;-18.89;43.15;-18.89;52.03;ESTAVEL
2022-01-26;1643155200000;MNDL3.SA;32.65;34.19;32.54;32.71;32.71;1900;stock;43.05;-24.01;43.05;-24.01;40.73;ESTAVEL
2022-01-27;1643241600000;MNDL3.SA;34.16;34.16;33.34;33.34;33.34;200;stock;42.95;-22.37;42.95;-22.37;44.32;ESTAVEL
2022-01-28;1643328000000;MNDL3.SA;32.93;34.15;32.93;34.15;34.15;1400;stock;42.86;-20.32;42.86;-20.32;48.62;ESTAVEL
2022-01-31;1643587200000;MNDL3.SA;32.81;34.9;32.8;34.7;34.7;1300;stock;42.78;-18.89;42.78;-18.89;51.36;ESTAVEL
2022-02-01;1643673600000;MNDL3.SA;34.8;37.6;34.79;36.7;36.7;4000;stock;42.72;-14.09;42.72;-14.09;59.78;ESTAVEL
2022-02-02;1643760000000;MNDL3.SA;37.49;37.98;37.49;37.92;37.92;500;stock;42.67;-11.14;42.67;-11.14;63.89;ESTAVEL
2022-02-03;1643846400000;MNDL3.SA;37.87;37.9;37.87;37.9;37.9;200;stock;42.62;-11.08;42.62;-11.08;63.77;ESTAVEL
2022-02-04;1643932800000;MNDL3.SA;37.49;37.49;36.72;36.72;36.72;400;stock;42.57;-13.73;42.57;-13.73;57.23;ESTAVEL
2022-02-07;1644192000000;MNDL3.SA;36.71;36.71;36.71;36.71;36.71;200;stock;42.51;-13.64;42.51;-13.64;57.18;ESTAVEL
2022-02-08;1644278400000;MNDL3.SA;36.71;40.37;36.39;39.0;39.0;7200;stock;42.47;-8.18;42.47;-8.18;65.2;ESTAVEL
2022-02-09;1644364800000;MNDL3.SA;38.93;38.93;38.93;38.93;38.93;4600;stock;42.44;-8.26;42.44;-8.26;64.8;ESTAVEL
2022-02-10;1644451200000;MNDL3.SA;37.98;39.67;37.0;39.67;39.67;1200;stock;42.41;-6.46;42.41;-6.46;67.1;ESTAVEL
2022-02-11;1644537600000;MNDL3.SA;39.67;39.67;39.67;39.67;39.67;0;stock;42.38;-6.4;42.38;-6.4;67.1;ESTAVEL
2022-02-14;1644796800000;MNDL3.SA;38.99;38.99;38.99;38.99;38.99;500;stock;42.35;-7.93;42.35;-7.93;62.74;ESTAVEL
2022-02-15;1644883200000;MNDL3.SA;39.79;39.79;38.2;38.5;38.5;400;stock;42.31;-9.01;42.31;-9.01;59.72;ESTAVEL
2022-02-16;1644969600000;MNDL3.SA;39.98;40.0;39.0;39.1;39.1;5200;stock;42.28;-7.52;42.28;-7.52;62.12;ESTAVEL
2022-02-17;1645056000000;MNDL3.SA;40.99;40.99;37.37;37.37;37.37;300;stock;42.23;-11.51;42.23;-11.51;52.43;ESTAVEL
2022-02-18;1645142400000;MNDL3.SA;36.0;36.57;36.0;36.57;36.57;400;stock;42.17;-13.29;42.17;-13.29;48.64;ESTAVEL
2022-02-21;1645401600000;MNDL3.SA;36.57;36.57;36.57;36.57;36.57;0;stock;42.12;-13.17;42.12;-13.17;48.64;ESTAVEL
2022-02-22;1645488000000;MNDL3.SA;36.57;40.0;36.57;40.0;40.0;7600;stock;42.1;-4.98;42.1;-4.98;62.2;ESTAVEL
2022-02-23;1645574400000;MNDL3.SA;39.64;39.65;39.01;39.01;39.01;500;stock;42.07;-7.26;42.07;-7.26;57.48;ESTAVEL
2022-02-24;1645660800000;MNDL3.SA;33.51;39.99;33.51;37.5;37.5;1100;stock;42.02;-10.76;42.02;-10.76;51.12;ESTAVEL
2022-02-25;1645747200000;MNDL3.SA;37.5;37.5;37.5;37.5;37.5;0;stock;41.98;-10.66;41.98;-10.66;51.12;ESTAVEL
2022-03-02;1646179200000;MNDL3.SA;37.5;38.0;37.5;38.0;38.0;300;stock;41.94;-9.38;41.94;-9.38;53.11;ESTAVEL
2022-03-03;1646265600000;MNDL3.SA;38.0;38.0;38.0;38.0;38.0;0;stock;41.9;-9.3;41.9;-9.3;53.11;ESTAVEL
2022-03-04;1646352000000;MNDL3.SA;38.0;38.0;38.0;38.0;38.0;0;stock;41.86;-9.22;41.86;-9.22;53.11;ESTAVEL
2022-03-07;1646611200000;MNDL3.SA;34.0;34.0;31.29;34.0;34.0;1500;stock;41.78;-18.62;41.78;-18.62;37.73;ESTAVEL
2022-03-08;1646697600000;MNDL3.SA;34.2;36.75;34.2;36.75;36.75;1100;stock;41.73;-11.93;41.73;-11.93;48.72;ESTAVEL
2022-03-09;1646784000000;MNDL3.SA;36.99;37.0;36.99;37.0;37.0;4700;stock;41.68;-11.23;41.68;-11.23;49.6;ESTAVEL
2022-03-10;1646870400000;MNDL3.SA;34.5;34.5;34.5;34.5;34.5;100;stock;41.61;-17.09;41.61;-17.09;41.92;ESTAVEL
2022-03-11;1646956800000;MNDL3.SA;37.0;37.0;33.55;33.55;33.55;900;stock;41.53;-19.22;41.53;-19.22;39.43;ESTAVEL
2022-03-14;1647216000000;MNDL3.SA;31.03;33.92;31.0;33.92;33.92;800;stock;41.46;-18.18;41.46;-18.18;40.9;ESTAVEL
2022-03-15;1647302400000;MNDL3.SA;33.92;33.92;33.92;33.92;33.92;0;stock;41.38;-18.03;41.38;-18.03;40.9;ESTAVEL
2022-03-16;1647388800000;MNDL3.SA;33.92;33.92;33.92;33.92;33.92;4700;stock;41.31;-17.88;41.31;-17.88;40.9;ESTAVEL
2022-03-17;1647475200000;MNDL3.SA;32.1;36.5;32.1;36.5;36.5;1300;stock;41.26;-11.53;41.26;-11.53;51.25;ESTAVEL
2022-03-18;1647561600000;MNDL3.SA;36.5;36.5;36.5;36.5;36.5;0;stock;41.21;-11.43;41.21;-11.43;51.25;ESTAVEL
2022-03-21;1647820800000;MNDL3.SA;33.16;35.0;33.16;35.0;35.0;600;stock;41.15;-14.94;41.15;-14.94;45.84;ESTAVEL
2022-03-22;1647907200000;MNDL3.SA;34.5;34.5;34.5;34.5;34.5;100;stock;41.08;-16.02;41.08;-16.02;44.16;ESTAVEL
2022-03-23;1647993600000;MNDL3.SA;32.71;33.09;32.14;32.25;32.25;2400;stock;40.99;-21.33;40.99;-21.33;37.52;ESTAVEL
2022-03-24;1648080000000;MNDL3.SA;34.49;34.5;32.04;32.04;32.04;1300;stock;40.91;-21.67;40.91;-21.67;36.97;ESTAVEL
2022-03-25;1648166400000;MNDL3.SA;32.03;32.75;31.51;32.75;32.75;1100;stock;40.82;-19.78;40.82;-19.78;40.21;ESTAVEL
2022-03-28;1648425600000;MNDL3.SA;32.75;32.75;31.5;31.5;31.5;1000;stock;40.73;-22.66;40.73;-22.66;36.64;ESTAVEL
2022-03-29;1648512000000;MNDL3.SA;31.24;31.24;28.5;30.0;30.0;8900;stock;40.62;-26.15;40.62;-26.15;32.86;ESTAVEL
2022-03-30;1648598400000;MNDL3.SA;30.97;31.0;28.0;29.5;29.5;5700;stock;40.51;-27.19;40.51;-27.19;31.69;ESTAVEL
2022-03-31;1648684800000;MNDL3.SA;28.61;30.38;28.5;29.63;29.63;2500;stock;40.41;-26.67;40.41;-26.67;32.37;ESTAVEL
2022-04-01;1648771200000;MNDL3.SA;29.58;29.58;27.0;28.75;28.75;9600;stock;40.29;-28.64;40.29;-28.64;30.19;ESTAVEL
2022-04-04;1649030400000;MNDL3.SA;28.75;28.75;27.0;27.67;27.67;6200;stock;40.16;-31.11;40.16;-31.11;27.73;SUBIR
2022-04-05;1649116800000;MNDL3.SA;27.67;28.87;27.26;27.3;27.3;3000;stock;40.04;-31.81;40.04;-31.81;26.92;SUBIR
2022-04-06;1649203200000;MNDL3.SA;27.3;27.31;27.3;27.31;27.31;8100;stock;39.91;-31.57;39.91;-31.57;26.98;SUBIR
2022-04-07;1649289600000;MNDL3.SA;27.95;27.95;26.02;26.02;26.02;1800;stock;39.77;-34.58;39.77;-34.58;24.13;SUBIR
2022-04-08;1649376000000;MNDL3.SA;26.95;26.95;25.01;25.01;25.01;3000;stock;39.62;-36.88;39.62;-36.88;22.16;SUBIR
2022-04-11;1649635200000;MNDL3.SA;24.71;24.71;24.66;24.66;24.66;300;stock;39.48;-37.53;39.48;-37.53;21.5;SUBIR
2022-04-12;1649721600000;MNDL3.SA;24.61;26.99;22.94;22.94;22.94;2900;stock;39.31;-41.65;39.31;-41.65;18.59;SUBIR
2022-04-13;1649808000000;MNDL3.SA;23.14;25.0;23.01;23.01;23.01;7500;stock;39.15;-41.22;39.15;-41.22;19.07;SUBIR
2022-04-14;1649894400000;MNDL3.SA;23.01;24.99;22.5;22.96;22.96;10200;stock;38.99;-41.11;38.99;-41.11;18.99;SUBIR
2022-04-18;1650240000000;MNDL3.SA;22.96;22.96;22.96;22.96;22.96;0;stock;38.83;-40.87;38.83;-40.87;18.99;SUBIR
2022-04-19;1650326400000;MNDL3.SA;22.94;22.95;22.94;22.95;22.95;200;stock;38.67;-40.65;38.67;-40.65;18.97;SUBIR
2022-04-20;1650412800000;MNDL3.SA;22.88;22.88;22.88;22.88;22.88;3000;stock;38.51;-40.59;38.51;-40.59;18.82;SUBIR
2022-04-22;1650585600000;MNDL3.SA;23.95;23.95;23.24;23.24;23.24;300;stock;38.36;-39.42;38.36;-39.42;22.19;SUBIR
2022-04-25;1650844800000;MNDL3.SA;21.11;23.4;21.11;23.4;23.4;1300;stock;38.21;-38.76;38.21;-38.76;23.71;SUBIR
2022-04-26;1650931200000;MNDL3.SA;23.4;23.4;23.4;23.4;23.4;0;stock;38.07;-38.53;38.07;-38.53;23.71;SUBIR
2022-04-27;1651017600000;MNDL3.SA;24.0;25.25;24.0;24.0;24.0;800;stock;37.93;-36.72;37.93;-36.72;29.68;SUBIR
2022-04-28;1651104000000;MNDL3.SA;25.9;27.2;24.8;26.0;26.0;3800;stock;37.81;-31.23;37.81;-31.23;45.09;ESTAVEL
2022-04-29;1651190400000;MNDL3.SA;27.19;28.0;25.04;27.66;27.66;1100;stock;37.71;-26.64;37.71;-26.64;54.09;ESTAVEL
2022-05-02;1651449600000;MNDL3.SA;27.7;27.7;23.8;24.0;24.0;1900;stock;37.57;-36.12;37.57;-36.12;38.94;ESTAVEL
2022-05-03;1651536000000;MNDL3.SA;26.1;26.47;26.1;26.47;26.47;1100;stock;37.46;-29.34;37.46;-29.34;49.27;ESTAVEL
2022-05-04;1651622400000;MNDL3.SA;24.36;27.9;24.3;24.3;24.3;7800;stock;37.33;-34.9;37.33;-34.9;42.47;ESTAVEL
2022-05-05;1651708800000;MNDL3.SA;22.71;22.78;21.41;21.43;21.43;2200;stock;37.17;-42.35;37.17;-42.35;35.5;ESTAVEL
2022-05-06;1651795200000;MNDL3.SA;21.44;22.25;20.5;20.5;20.5;3400;stock;37.0;-44.6;37.0;-44.6;33.57;ESTAVEL
2022-05-09;1652054400000;MNDL3.SA;20.1;21.6;19.5;20.0;20.0;2000;stock;36.83;-45.7;36.83;-45.7;32.55;ESTAVEL
2022-05-10;1652140800000;MNDL3.SA;19.21;20.03;19.21;20.0;20.0;500;stock;36.67;-45.46;36.67;-45.46;32.55;ESTAVEL
2022-05-11;1652227200000;MNDL3.SA;20.01;20.01;20.0;20.0;20.0;4800;stock;36.5;-45.21;36.5;-45.21;32.55;ESTAVEL
2022-05-12;1652313600000;MNDL3.SA;20.01;20.01;18.5;18.5;18.5;1100;stock;36.32;-49.07;36.32;-49.07;29.22;SUBIR
2022-05-13;1652400000000;MNDL3.SA;18.69;20.14;18.68;20.14;20.14;900;stock;36.16;-44.3;36.16;-44.3;36.83;ESTAVEL
2022-05-16;1652659200000;MNDL3.SA;20.14;20.14;19.5;19.5;19.5;600;stock;36.0;-45.83;36.0;-45.83;35.24;ESTAVEL
2022-05-17;1652745600000;MNDL3.SA;19.46;19.91;19.37;19.9;19.9;2000;stock;35.84;-44.47;35.84;-44.47;37.07;ESTAVEL
2022-05-18;1652832000000;MNDL3.SA;18.61;18.91;18.61;18.91;18.91;300;stock;35.67;-46.98;35.67;-46.98;34.47;ESTAVEL
2022-05-19;1652918400000;MNDL3.SA;19.5;19.5;19.5;19.5;19.5;300;stock;35.51;-45.08;35.51;-45.08;37.29;ESTAVEL
2022-05-20;1653004800000;MNDL3.SA;19.5;19.5;19.5;19.5;19.5;0;stock;35.35;-44.83;35.35;-44.83;37.29;ESTAVEL
2022-05-23;1653264000000;MNDL3.SA;19.5;20.1;19.5;20.1;20.1;1200;stock;35.19;-42.89;35.19;-42.89;40.32;ESTAVEL
2022-05-24;1653350400000;MNDL3.SA;22.85;27.17;20.0;20.7;20.7;18400;stock;35.05;-40.94;35.05;-40.94;43.27;ESTAVEL
2022-05-25;1653436800000;MNDL3.SA;20.0;21.99;19.71;19.71;19.71;3500;stock;34.9;-43.52;34.9;-43.52;39.78;ESTAVEL
2022-05-26;1653523200000;MNDL3.SA;19.21;20.51;18.8;19.61;19.61;8000;stock;34.75;-43.56;34.75;-43.56;39.43;ESTAVEL
2022-05-27;1653609600000;MNDL3.SA;19.61;19.7;19.14;19.61;19.61;1700;stock;34.6;-43.32;34.6;-43.32;39.43;ESTAVEL
2022-05-30;1653868800000;MNDL3.SA;19.66;21.15;19.65;20.8;20.8;1300;stock;34.46;-39.64;34.46;-39.64;45.93;ESTAVEL
2022-05-31;1653955200000;MNDL3.SA;20.55;22.5;20.3;22.5;22.5;1500;stock;34.34;-34.48;34.34;-34.48;53.6;ESTAVEL
2022-06-01;1654041600000;MNDL3.SA;21.37;21.99;20.5;21.99;21.99;14200;stock;34.22;-35.73;34.22;-35.73;51.25;ESTAVEL
2022-06-02;1654128000000;MNDL3.SA;22.5;23.0;22.0;22.98;22.98;2300;stock;34.1;-32.62;34.1;-32.62;55.34;ESTAVEL
2022-06-03;1654214400000;MNDL3.SA;24.64;24.94;22.5;22.5;22.5;3900;stock;33.99;-33.8;33.99;-33.8;53.02;ESTAVEL
2022-06-06;1654473600000;MNDL3.SA;22.5;24.54;22.5;24.54;24.54;1800;stock;33.89;-27.6;33.89;-27.6;60.58;ESTAVEL
2022-06-07;1654560000000;MNDL3.SA;24.98;24.98;24.45;24.5;24.5;900;stock;33.8;-27.52;33.8;-27.52;60.38;ESTAVEL
2022-06-08;1654646400000;MNDL3.SA;24.4;24.4;24.4;24.4;24.4;4400;stock;33.71;-27.61;33.71;-27.61;59.83;ESTAVEL
2022-06-09;1654732800000;MNDL3.SA;24.4;24.4;24.4;24.4;24.4;0;stock;33.62;-27.41;33.62;-27.41;59.83;ESTAVEL
2022-06-10;1654819200000;MNDL3.SA;24.4;24.4;24.4;24.4;24.4;0;stock;33.52;-27.22;33.52;-27.22;59.83;ESTAVEL
2022-06-13;1655078400000;MNDL3.SA;21.1;22.79;21.01;21.01;21.01;500;stock;33.4;-37.09;33.4;-37.09;43.27;ESTAVEL
2022-06-14;1655164800000;MNDL3.SA;22.42;23.45;21.05;21.05;21.05;700;stock;33.28;-36.74;33.28;-36.74;43.46;ESTAVEL
2022-06-15;1655251200000;MNDL3.SA;20.8;23.85;20.8;23.85;23.85;1700;stock;33.18;-28.12;33.18;-28.12;55.28;ESTAVEL
2022-06-17;1655424000000;MNDL3.SA;23.85;23.85;23.85;23.85;23.85;0;stock;33.09;-27.92;33.09;-27.92;55.28;ESTAVEL
2022-06-20;1655683200000;MNDL3.SA;23.83;23.83;22.01;22.01;22.01;200;stock;32.98;-33.26;32.98;-33.26;47.69;ESTAVEL
2022-06-21;1655769600000;MNDL3.SA;23.76;23.76;23.47;23.47;23.47;200;stock;32.88;-28.63;32.88;-28.63;53.18;ESTAVEL
2022-06-22;1655856000000;MNDL3.SA;22.5;26.48;22.5;26.15;26.15;8100;stock;32.82;-20.32;32.82;-20.32;61.24;ESTAVEL
2022-06-23;1655942400000;MNDL3.SA;24.06;27.35;24.0;24.0;24.0;5600;stock;32.73;-26.67;32.73;-26.67;53.31;ESTAVEL
2022-06-24;1656028800000;MNDL3.SA;24.05;25.9;21.81;25.9;25.9;1800;stock;32.66;-20.7;32.66;-20.7;58.43;ESTAVEL
2022-06-27;1656288000000;MNDL3.SA;28.0;28.0;25.78;27.12;27.12;2000;stock;32.61;-16.83;32.61;-16.83;61.36;ESTAVEL
2022-06-28;1656374400000;MNDL3.SA;25.02;27.97;25.02;27.5;27.5;1700;stock;32.56;-15.53;32.56;-15.53;62.25;ESTAVEL
2022-06-29;1656460800000;MNDL3.SA;25.32;27.99;25.32;25.56;25.56;1100;stock;32.49;-21.32;32.49;-21.32;55.24;ESTAVEL
2022-06-30;1656547200000;MNDL3.SA;25.0;26.88;23.02;25.39;25.39;3400;stock;32.42;-21.67;32.42;-21.67;54.66;ESTAVEL
2022-07-01;1656633600000;MNDL3.SA;24.02;25.0;22.01;23.16;23.16;5900;stock;32.32;-28.35;32.32;-28.35;47.59;ESTAVEL
2022-07-04;1656892800000;MNDL3.SA;23.11;23.11;21.51;21.51;21.51;700;stock;32.22;-33.23;32.22;-33.23;43.14;ESTAVEL
2022-07-05;1656979200000;MNDL3.SA;20.8;21.45;20.16;20.31;20.31;1700;stock;32.1;-36.72;32.1;-36.72;40.2;ESTAVEL
2022-07-06;1657065600000;MNDL3.SA;20.01;24.27;20.01;22.55;22.55;2400;stock;32.0;-29.54;32.0;-29.54;47.41;ESTAVEL
2022-07-07;1657152000000;MNDL3.SA;23.7;23.98;23.7;23.98;23.98;600;stock;31.92;-24.88;31.92;-24.88;51.43;ESTAVEL
2022-07-08;1657238400000;MNDL3.SA;23.0;25.06;23.0;24.76;24.76;2200;stock;31.85;-22.26;31.85;-22.26;53.52;ESTAVEL
2022-07-11;1657497600000;MNDL3.SA;25.66;25.66;25.65;25.65;25.65;200;stock;31.79;-19.31;31.79;-19.31;55.86;ESTAVEL
2022-07-12;1657584000000;MNDL3.SA;23.97;27.99;23.97;27.99;27.99;1900;stock;31.75;-11.85;31.75;-11.85;61.35;ESTAVEL
2022-07-13;1657670400000;MNDL3.SA;27.65;27.65;27.65;27.65;27.65;200;stock;31.71;-12.81;31.71;-12.81;60.18;ESTAVEL
2022-07-14;1657756800000;MNDL3.SA;25.44;26.0;25.4;25.41;25.41;3700;stock;31.65;-19.71;31.65;-19.71;53.0;ESTAVEL
2022-07-15;1657843200000;MNDL3.SA;25.11;26.99;25.0;26.5;26.5;600;stock;31.6;-16.13;31.6;-16.13;55.76;ESTAVEL
2022-07-18;1658102400000;MNDL3.SA;26.93;26.93;24.0;24.0;24.0;900;stock;31.52;-23.86;31.52;-23.86;48.68;ESTAVEL
2022-07-19;1658188800000;MNDL3.SA;25.91;25.91;25.0;25.89;25.89;2600;stock;31.47;-17.72;31.47;-17.72;53.49;ESTAVEL
2022-07-20;1658275200000;MNDL3.SA;27.79;27.79;24.17;24.17;24.17;2500;stock;31.39;-23.01;31.39;-23.01;48.99;ESTAVEL
2022-07-21;1658361600000;MNDL3.SA;24.54;24.54;24.54;24.54;24.54;100;stock;31.32;-21.66;31.32;-21.66;49.97;ESTAVEL
2022-07-22;1658448000000;MNDL3.SA;24.52;26.94;24.5;26.94;26.94;1700;stock;31.28;-13.88;31.28;-13.88;55.86;ESTAVEL
2022-07-25;1658707200000;MNDL3.SA;26.97;26.97;26.65;26.65;26.65;300;stock;31.24;-14.68;31.24;-14.68;55.02;ESTAVEL
2022-07-26;1658793600000;MNDL3.SA;25.81;25.81;25.01;25.01;25.01;200;stock;31.17;-19.77;31.17;-19.77;50.39;ESTAVEL
2022-07-27;1658880000000;MNDL3.SA;26.84;26.84;26.6;26.6;26.6;200;stock;31.13;-14.55;31.13;-14.55;54.39;ESTAVEL
2022-07-28;1658966400000;MNDL3.SA;26.6;26.6;26.6;26.6;26.6;0;stock;31.08;-14.42;31.08;-14.42;54.39;ESTAVEL
2022-07-29;1659052800000;MNDL3.SA;25.97;26.45;25.8;26.45;26.45;3500;stock;31.04;-14.78;31.04;-14.78;53.92;ESTAVEL
2022-08-01;1659312000000;MNDL3.SA;24.36;26.48;24.36;25.5;25.5;800;stock;30.98;-17.69;30.98;-17.69;50.88;ESTAVEL
2022-08-02;1659398400000;MNDL3.SA;24.55;26.0;24.55;24.68;24.68;1300;stock;30.92;-20.18;30.92;-20.18;48.34;ESTAVEL
2022-08-03;1659484800000;MNDL3.SA;24.72;26.29;24.72;25.0;25.0;1000;stock;30.86;-18.99;30.86;-18.99;49.4;ESTAVEL
2022-08-04;1659571200000;MNDL3.SA;25.96;26.15;24.16;25.0;25.0;5200;stock;30.8;-18.84;30.8;-18.84;49.4;ESTAVEL
2022-08-05;1659657600000;MNDL3.SA;24.83;26.08;24.51;25.0;25.0;900;stock;30.74;-18.68;30.74;-18.68;49.4;ESTAVEL
2022-08-08;1659916800000;MNDL3.SA;24.56;26.0;24.56;25.5;25.5;1300;stock;30.69;-16.92;30.69;-16.92;51.35;ESTAVEL
2022-08-09;1660003200000;MNDL3.SA;25.98;26.2;25.8;25.8;25.8;900;stock;30.64;-15.8;30.64;-15.8;52.53;ESTAVEL
2022-08-10;1660089600000;MNDL3.SA;25.8;27.49;25.8;26.9;26.9;4000;stock;30.61;-12.11;30.61;-12.11;56.68;ESTAVEL
2022-08-11;1660176000000;MNDL3.SA;27.79;27.79;26.35;27.34;27.34;800;stock;30.57;-10.58;30.57;-10.58;58.25;ESTAVEL
2022-08-12;1660262400000;MNDL3.SA;27.75;28.99;27.02;28.64;28.64;5700;stock;30.55;-6.26;30.55;-6.26;62.57;ESTAVEL
2022-08-15;1660521600000;MNDL3.SA;28.8;28.8;26.46;27.99;27.99;3400;stock;30.53;-8.32;30.53;-8.32;59.27;ESTAVEL
2022-08-16;1660608000000;MNDL3.SA;27.99;27.99;27.99;27.99;27.99;0;stock;30.5;-8.24;30.5;-8.24;59.27;ESTAVEL
2022-08-17;1660694400000;MNDL3.SA;27.92;29.0;27.92;28.99;28.99;1000;stock;30.49;-4.91;30.49;-4.91;62.78;ESTAVEL
2022-08-18;1660780800000;MNDL3.SA;29.74;31.37;27.97;29.0;29.0;2200;stock;30.47;-4.83;30.47;-4.83;62.81;ESTAVEL
2022-08-19;1660867200000;MNDL3.SA;28.65;29.0;28.65;29.0;29.0;900;stock;30.46;-4.79;30.46;-4.79;62.81;ESTAVEL
2022-08-22;1661126400000;MNDL3.SA;29.96;29.96;28.03;28.03;28.03;600;stock;30.43;-7.9;30.43;-7.9;56.88;ESTAVEL
2022-08-23;1661212800000;MNDL3.SA;28.03;28.03;28.03;28.03;28.03;0;stock;30.41;-7.83;30.41;-7.83;56.88;ESTAVEL
2022-08-24;1661299200000;MNDL3.SA;28.0;29.83;28.0;29.82;29.82;800;stock;30.4;-1.92;30.4;-1.92;64.13;ESTAVEL
2022-08-25;1661385600000;MNDL3.SA;29.82;31.89;29.82;30.63;30.63;800;stock;30.41;0.73;30.41;0.73;66.84;ESTAVEL
2022-08-26;1661472000000;MNDL3.SA;31.18;31.18;30.78;30.78;30.78;200;stock;30.41;1.21;30.41;1.21;67.34;ESTAVEL
2022-08-29;1661731200000;MNDL3.SA;30.78;30.78;30.78;30.78;30.78;0;stock;30.41;1.2;30.41;1.2;67.34;ESTAVEL
2022-08-30;1661817600000;MNDL3.SA;30.76;30.78;30.76;30.78;30.78;2200;stock;30.42;1.19;30.42;1.19;67.34;ESTAVEL
2022-08-31;1661904000000;MNDL3.SA;30.08;30.08;30.08;30.08;30.08;3000;stock;30.41;-1.1;30.41;-1.1;61.97;ESTAVEL
2022-09-01;1661990400000;MNDL3.SA;30.08;30.08;30.08;30.08;30.08;0;stock;30.41;-1.09;30.41;-1.09;61.97;ESTAVEL
2022-09-02;1662076800000;MNDL3.SA;31.48;31.48;28.0;28.0;28.0;500;stock;30.39;-7.86;30.39;-7.86;48.61;ESTAVEL
2022-09-05;1662336000000;MNDL3.SA;28.3;29.99;27.1;27.95;27.95;1500;stock;30.36;-7.95;30.36;-7.95;48.34;ESTAVEL
2022-09-06;1662422400000;MNDL3.SA;27.68;28.35;27.61;27.61;27.61;3800;stock;30.34;-8.99;30.34;-8.99;46.45;ESTAVEL
2022-09-08;1662595200000;MNDL3.SA;27.61;27.61;27.61;27.61;27.61;200;stock;30.31;-8.9;30.31;-8.9;46.45;ESTAVEL
2022-09-09;1662681600000;MNDL3.SA;27.61;27.61;27.61;27.61;27.61;0;stock;30.28;-8.82;30.28;-8.82;46.45;ESTAVEL
2022-09-12;1662940800000;MNDL3.SA;27.61;27.61;27.61;27.61;27.61;0;stock;30.26;-8.74;30.26;-8.74;46.45;ESTAVEL
2022-09-13;1663027200000;MNDL3.SA;25.44;27.39;25.44;27.39;27.39;200;stock;30.23;-9.38;30.23;-9.38;44.92;ESTAVEL
2022-09-14;1663113600000;MNDL3.SA;29.5;29.51;29.02;29.45;29.45;800;stock;30.22;-2.54;30.22;-2.54;58.63;ESTAVEL
2022-09-15;1663200000000;MNDL3.SA;29.45;29.45;29.45;29.45;29.45;0;stock;30.21;-2.52;30.21;-2.52;58.63;ESTAVEL
2022-09-16;1663286400000;MNDL3.SA;29.45;29.45;29.45;29.45;29.45;0;stock;30.2;-2.5;30.2;-2.5;58.63;ESTAVEL
2022-09-19;1663545600000;MNDL3.SA;27.12;28.5;27.1;28.5;28.5;4000;stock;30.19;-5.59;30.19;-5.59;51.28;ESTAVEL
2022-09-20;1663632000000;MNDL3.SA;29.93;29.93;29.4;29.4;29.4;200;stock;30.18;-2.58;30.18;-2.58;56.81;ESTAVEL
2022-09-21;1663718400000;MNDL3.SA;31.73;31.73;29.49;29.5;29.5;3700;stock;30.17;-2.23;30.17;-2.23;57.39;ESTAVEL
2022-09-22;1663804800000;MNDL3.SA;27.33;29.78;27.33;28.82;28.82;2500;stock;30.16;-4.44;30.16;-4.44;52.26;ESTAVEL
2022-09-23;1663891200000;MNDL3.SA;28.18;28.81;28.17;28.81;28.81;2300;stock;30.15;-4.43;30.15;-4.43;52.19;ESTAVEL
2022-09-26;1664150400000;MNDL3.SA;24.99;28.79;24.99;28.69;28.69;6800;stock;30.13;-4.78;30.13;-4.78;51.25;ESTAVEL
2022-09-27;1664236800000;MNDL3.SA;29.6;29.6;28.0;28.0;28.0;5500;stock;30.11;-7.01;30.11;-7.01;46.13;ESTAVEL
2022-09-28;1664323200000;MNDL3.SA;27.58;28.5;26.8;26.8;26.8;3300;stock;30.08;-10.89;30.08;-10.89;38.86;ESTAVEL
2022-09-29;1664409600000;MNDL3.SA;27.88;28.44;25.3;26.98;26.98;8300;stock;30.05;-10.2;30.05;-10.2;40.38;ESTAVEL
2022-09-30;1664496000000;MNDL3.SA;26.02;26.86;26.0;26.04;26.04;4400;stock;30.01;-13.22;30.01;-13.22;35.43;ESTAVEL
2022-10-03;1664755200000;MNDL3.SA;28.12;29.88;28.0;29.88;29.88;2700;stock;30.0;-0.42;30.0;-0.42;58.05;ESTAVEL
2022-10-04;1664841600000;MNDL3.SA;29.87;30.96;29.87;30.7;30.7;3600;stock;30.01;2.29;30.01;2.29;61.17;ESTAVEL
2022-10-05;1664928000000;MNDL3.SA;30.0;30.0;30.0;30.0;30.0;300;stock;30.01;-0.04;30.01;-0.04;57.25;ESTAVEL
2022-10-06;1665014400000;MNDL3.SA;30.0;30.0;30.0;30.0;30.0;300;stock;30.01;-0.04;30.01;-0.04;57.25;ESTAVEL
2022-10-07;1665100800000;MNDL3.SA;28.92;30.48;28.9;30.2;30.2;1200;stock;30.01;0.62;30.01;0.62;58.14;ESTAVEL
2022-10-10;1665360000000;MNDL3.SA;30.0;31.98;30.0;31.84;31.84;800;stock;30.03;6.02;30.03;6.02;64.64;ESTAVEL
2022-10-11;1665446400000;MNDL3.SA;31.74;31.74;30.0;30.0;30.0;1100;stock;30.03;-0.1;30.03;-0.1;54.43;ESTAVEL
2022-10-13;1665619200000;MNDL3.SA;30.98;31.21;30.6;31.21;31.21;400;stock;30.04;3.88;30.04;3.88;59.01;ESTAVEL
2022-10-14;1665705600000;MNDL3.SA;31.99;31.99;31.5;31.5;31.5;200;stock;30.06;4.8;30.06;4.8;60.05;ESTAVEL
2022-10-17;1665964800000;MNDL3.SA;31.48;32.48;31.0;32.48;32.48;1400;stock;30.08;7.97;30.08;7.97;63.42;ESTAVEL
2022-10-18;1666051200000;MNDL3.SA;33.48;35.68;33.45;35.49;35.49;10800;stock;30.14;17.77;30.14;17.77;71.4;CAIR
2022-10-19;1666137600000;MNDL3.SA;32.68;35.26;32.41;32.41;32.41;1100;stock;30.16;7.47;30.16;7.47;57.56;ESTAVEL
2022-10-20;1666224000000;MNDL3.SA;32.41;32.41;32.41;32.41;32.41;0;stock;30.18;7.39;30.18;7.39;57.56;ESTAVEL
2022-10-21;1666310400000;MNDL3.SA;32.41;32.41;32.41;32.41;32.41;0;stock;30.2;7.31;30.2;7.31;57.56;ESTAVEL
2022-10-24;1666569600000;MNDL3.SA;32.0;32.99;32.0;32.98;32.98;700;stock;30.23;9.1;30.23;9.1;59.38;ESTAVEL
2022-10-25;1666656000000;MNDL3.SA;35.61;35.9;32.8;35.9;35.9;8900;stock;30.29;18.53;30.29;18.53;67.15;ESTAVEL
2022-10-26;1666742400000;MNDL3.SA;36.96;36.96;33.0;33.0;33.0;600;stock;30.31;8.86;30.31;8.86;55.75;ESTAVEL
2022-10-27;1666828800000;MNDL3.SA;35.63;36.75;35.63;36.0;36.0;700;stock;30.37;18.54;30.37;18.54;62.79;ESTAVEL
2022-10-28;1666915200000;MNDL3.SA;35.46;36.0;35.46;36.0;36.0;3200;stock;30.43;18.32;30.43;18.32;62.79;ESTAVEL
2022-10-31;1667174400000;MNDL3.SA;34.21;34.54;34.0;34.0;34.0;900;stock;30.46;11.62;30.46;11.62;55.91;ESTAVEL
2022-11-01;1667260800000;MNDL3.SA;33.05;39.98;33.03;33.53;33.53;2900;stock;30.49;9.96;30.49;9.96;54.4;ESTAVEL
2022-11-03;1667433600000;MNDL3.SA;39.45;39.45;36.23;37.32;37.32;3400;stock;30.56;22.12;30.56;22.12;63.06;ESTAVEL
2022-11-04;1667520000000;MNDL3.SA;39.28;39.28;36.15;39.0;39.0;700;stock;30.64;27.27;30.64;27.27;66.12;ESTAVEL
2022-11-07;1667779200000;MNDL3.SA;39.89;39.89;38.0;38.0;38.0;1100;stock;30.72;23.71;30.72;23.71;62.78;ESTAVEL
2022-11-08;1667865600000;MNDL3.SA;39.18;39.18;39.16;39.16;39.16;1200;stock;30.8;27.14;30.8;27.14;64.99;ESTAVEL
2022-11-09;1667952000000;MNDL3.SA;39.16;39.16;39.16;39.16;39.16;0;stock;30.88;26.79;30.88;26.79;64.99;ESTAVEL
2022-11-10;1668038400000;MNDL3.SA;36.12;38.49;35.0;37.7;37.7;1200;stock;30.95;21.8;30.95;21.8;59.81;ESTAVEL
2022-11-11;1668124800000;MNDL3.SA;39.16;39.16;37.0;39.0;39.0;1600;stock;31.03;25.67;31.03;25.67;62.66;ESTAVEL
2022-11-14;1668384000000;MNDL3.SA;38.78;40.0;38.35;40.0;40.0;1600;stock;31.12;28.53;31.12;28.53;64.74;ESTAVEL
2022-11-16;1668556800000;MNDL3.SA;36.83;38.48;36.26;36.26;36.26;2200;stock;31.17;16.32;31.17;16.32;52.89;ESTAVEL
2022-11-17;1668643200000;MNDL3.SA;39.14;39.14;34.43;36.99;36.99;1400;stock;31.23;18.44;31.23;18.44;54.64;ESTAVEL
2022-11-18;1668729600000;MNDL3.SA;37.0;37.0;37.0;37.0;37.0;400;stock;31.29;18.26;31.29;18.26;54.66;ESTAVEL
2022-11-21;1668988800000;MNDL3.SA;35.0;36.95;35.0;36.95;36.95;2300;stock;31.34;17.88;31.34;17.88;54.5;ESTAVEL
2022-11-22;1669075200000;MNDL3.SA;36.95;38.98;36.95;38.98;38.98;3100;stock;31.42;24.06;31.42;24.06;59.67;ESTAVEL
2022-11-23;1669161600000;MNDL3.SA;37.5;37.5;35.03;35.22;35.22;800;stock;31.46;11.96;31.46;11.96;48.65;ESTAVEL
2022-11-24;1669248000000;MNDL3.SA;38.02;38.02;38.0;38.0;38.0;7200;stock;31.52;20.55;31.52;20.55;55.23;ESTAVEL
2022-11-25;1669334400000;MNDL3.SA;37.51;37.51;37.5;37.5;37.5;400;stock;31.58;18.74;31.58;18.74;53.89;ESTAVEL
2022-11-28;1669593600000;MNDL3.SA;37.5;37.5;37.5;37.5;37.5;0;stock;31.64;18.51;31.64;18.51;53.89;ESTAVEL
2022-11-29;1669680000000;MNDL3.SA;36.0;36.0;35.0;36.0;36.0;500;stock;31.69;13.62;31.69;13.62;49.7;ESTAVEL
2022-11-30;1669766400000;MNDL3.SA;34.01;37.77;34.0;37.77;37.77;2200;stock;31.75;18.98;31.75;18.98;54.23;ESTAVEL
2022-12-01;1669852800000;MNDL3.SA;35.12;35.12;35.12;35.12;35.12;200;stock;31.78;10.51;31.78;10.51;47.36;ESTAVEL
2022-12-02;1669939200000;MNDL3.SA;35.12;35.12;35.12;35.12;35.12;0;stock;31.81;10.4;31.81;10.4;47.36;ESTAVEL
2022-12-05;1670198400000;MNDL3.SA;35.8;35.8;35.8;35.8;35.8;100;stock;31.85;12.39;31.85;12.39;49.27;ESTAVEL
2022-12-06;1670284800000;MNDL3.SA;35.5;37.49;35.5;37.2;37.2;500;stock;31.91;16.6;31.91;16.6;53.05;ESTAVEL
2022-12-07;1670371200000;MNDL3.SA;39.45;39.45;38.3;39.19;39.19;500;stock;31.98;22.55;31.98;22.55;57.86;ESTAVEL
2022-12-08;1670457600000;MNDL3.SA;36.02;37.88;33.53;33.53;33.53;800;stock;31.99;4.8;31.99;4.8;44.04;ESTAVEL
2022-12-09;1670544000000;MNDL3.SA;38.39;38.97;35.3;38.97;38.97;400;stock;32.06;21.54;32.06;21.54;55.13;ESTAVEL
2022-12-12;1670803200000;MNDL3.SA;36.02;37.97;35.54;35.54;35.54;700;stock;32.1;10.73;32.1;10.73;48.59;ESTAVEL
2022-12-13;1670889600000;MNDL3.SA;36.97;37.0;36.52;36.52;36.52;600;stock;32.14;13.62;32.14;13.62;50.4;ESTAVEL
2022-12-14;1670976000000;MNDL3.SA;36.52;36.52;36.52;36.52;36.52;0;stock;32.18;13.47;32.18;13.47;50.4;ESTAVEL
2022-12-15;1671062400000;MNDL3.SA;35.02;35.2;34.5;34.5;34.5;900;stock;32.21;7.12;32.21;7.12;46.49;ESTAVEL
2022-12-16;1671148800000;MNDL3.SA;34.51;37.5;34.5;37.5;37.5;700;stock;32.26;16.24;32.26;16.24;52.4;ESTAVEL
2022-12-19;1671408000000;MNDL3.SA;38.87;38.87;38.0;38.0;38.0;300;stock;32.32;17.58;32.32;17.58;53.33;ESTAVEL
2022-12-20;1671494400000;MNDL3.SA;38.84;38.88;38.83;38.88;38.88;6200;stock;32.38;20.06;32.38;20.06;54.98;ESTAVEL
2022-12-21;1671580800000;MNDL3.SA;39.96;39.96;39.0;39.0;39.0;200;stock;32.45;20.19;32.45;20.19;55.22;ESTAVEL
2022-12-22;1671667200000;MNDL3.SA;39.99;39.99;37.0;37.0;37.0;400;stock;32.49;13.87;32.49;13.87;50.51;ESTAVEL
2022-12-23;1671753600000;MNDL3.SA;39.95;39.95;39.0;39.0;39.0;3200;stock;32.56;19.78;32.56;19.78;54.67;ESTAVEL
2022-12-26;1672012800000;MNDL3.SA;38.98;39.97;38.98;39.5;39.5;900;stock;32.63;21.06;32.63;21.06;55.68;ESTAVEL
2022-12-27;1672099200000;MNDL3.SA;38.66;39.44;38.0;38.0;38.0;4000;stock;32.68;16.27;32.68;16.27;51.96;ESTAVEL
2022-12-28;1672185600000;MNDL3.SA;39.97;39.97;38.99;38.99;38.99;900;stock;32.74;19.08;32.74;19.08;54.14;ESTAVEL
2022-12-29;1672272000000;MNDL3.SA;39.96;39.96;39.0;39.0;39.0;900;stock;32.81;18.88;32.81;18.88;54.16;ESTAVEL
2023-01-02;1672617600000;MNDL3.SA;39.0;39.0;39.0;39.0;39.0;0;stock;32.87;18.66;32.87;18.66;54.16;ESTAVEL
2023-01-03;1672704000000;MNDL3.SA;39.0;39.0;39.0;39.0;39.0;0;stock;32.93;18.44;32.93;18.44;54.16;ESTAVEL
2023-01-04;1672790400000;MNDL3.SA;39.0;39.0;39.0;39.0;39.0;0;stock;32.99;18.22;32.99;18.22;54.16;ESTAVEL
2023-01-05;1672876800000;MNDL3.SA;39.87;39.87;39.85;39.85;39.85;400;stock;33.06;20.55;33.06;20.55;56.6;ESTAVEL
2023-01-06;1672963200000;MNDL3.SA;39.85;39.85;39.85;39.85;39.85;0;stock;33.13;20.3;33.13;20.3;56.6;ESTAVEL
2023-01-09;1673222400000;MNDL3.SA;37.12;39.89;37.0;39.89;39.89;1900;stock;33.19;20.18;33.19;20.18;56.73;ESTAVEL
2023-01-10;1673308800000;MNDL3.SA;38.98;39.88;38.98;39.3;39.3;1100;stock;33.25;18.18;33.25;18.18;54.23;ESTAVEL
2023-01-11;1673395200000;MNDL3.SA;39.23;40.0;39.23;39.98;39.98;2100;stock;33.32;19.99;33.32;19.99;56.6;ESTAVEL
2023-01-12;1673481600000;MNDL3.SA;40.0;40.0;40.0;40.0;40.0;100;stock;33.39;19.81;33.39;19.81;56.67;ESTAVEL
2023-01-13;1673568000000;MNDL3.SA;40.0;40.0;40.0;40.0;40.0;100;stock;33.45;19.57;33.45;19.57;56.67;ESTAVEL
2023-01-16;1673827200000;MNDL3.SA;43.13;43.13;43.13;43.13;43.13;100;stock;33.55;28.56;33.55;28.56;66.61;ESTAVEL
2023-01-17;1673913600000;MNDL3.SA;43.2;43.2;43.2;43.2;43.2;6000;stock;33.64;28.4;33.64;28.4;66.79;ESTAVEL
2023-01-18;1674000000000;MNDL3.SA;43.2;43.2;43.2;43.2;43.2;0;stock;33.74;28.04;33.74;28.04;66.79;ESTAVEL
2023-01-19;1674086400000;MNDL3.SA;43.2;43.2;43.2;43.2;43.2;3000;stock;33.83;27.68;33.83;27.68;66.79;ESTAVEL
2023-01-20;1674172800000;MNDL3.SA;43.2;43.2;43.2;43.2;43.2;0;stock;33.93;27.33;33.93;27.33;66.79;ESTAVEL
2023-01-23;1674432000000;MNDL3.SA;43.2;43.2;43.2;43.2;43.2;0;stock;34.02;26.99;34.02;26.99;66.79;ESTAVEL
2023-01-24;1674518400000;MNDL3.SA;40.0;42.97;40.0;40.01;40.01;700;stock;34.08;17.4;34.08;17.4;49.02;ESTAVEL
2023-01-25;1674604800000;MNDL3.SA;39.75;39.75;39.75;39.75;39.75;100;stock;34.14;16.45;34.14;16.45;47.9;ESTAVEL
2023-01-26;1674691200000;MNDL3.SA;42.9;42.9;39.5;42.34;42.34;700;stock;34.22;23.74;34.22;23.74;58.15;ESTAVEL
2023-01-27;1674777600000;MNDL3.SA;42.0;44.78;41.0;43.95;43.95;2400;stock;34.31;28.08;34.31;28.08;63.02;ESTAVEL
2023-01-30;1675036800000;MNDL3.SA;42.8;42.8;42.8;42.8;42.8;200;stock;34.4;24.42;34.4;24.42;57.84;ESTAVEL
2023-01-31;1675123200000;MNDL3.SA;44.48;44.48;44.48;44.48;44.48;100;stock;34.5;28.93;34.5;28.93;62.66;ESTAVEL
2023-02-01;1675209600000;MNDL3.SA;43.5;44.59;43.5;44.59;44.59;1600;stock;34.6;28.88;34.6;28.88;62.96;ESTAVEL
2023-02-02;1675296000000;MNDL3.SA;44.59;44.59;44.59;44.59;44.59;0;stock;34.7;28.51;34.7;28.51;62.96;ESTAVEL
2023-02-03;1675382400000;MNDL3.SA;44.29;44.29;44.29;44.29;44.29;100;stock;34.79;27.29;34.79;27.29;61.41;ESTAVEL
2023-02-06;1675641600000;MNDL3.SA;44.99;46.99;44.45;46.0;46.0;1100;stock;34.91;31.78;34.91;31.78;66.49;ESTAVEL
2023-02-07;1675728000000;MNDL3.SA;42.33;42.99;40.51;40.51;40.51;1600;stock;34.96;15.87;34.96;15.87;45.69;ESTAVEL
2023-02-08;1675814400000;MNDL3.SA;42.49;44.5;41.37;44.5;44.5;2700;stock;35.06;26.94;35.06;26.94;56.37;ESTAVEL
2023-02-09;1675900800000;MNDL3.SA;44.5;44.5;44.5;44.5;44.5;0;stock;35.15;26.6;35.15;26.6;56.37;ESTAVEL
2023-02-10;1675987200000;MNDL3.SA;44.5;44.5;44.5;44.5;44.5;0;stock;35.24;26.27;35.24;26.27;56.37;ESTAVEL
2023-02-13;1676246400000;MNDL3.SA;44.5;44.5;44.5;44.5;44.5;0;stock;35.34;25.94;35.34;25.94;56.37;ESTAVEL
2023-02-14;1676332800000;MNDL3.SA;42.0;42.89;40.11;40.11;40.11;7600;stock;35.38;13.36;35.38;13.36;43.67;ESTAVEL
2023-02-15;1676419200000;MNDL3.SA;43.29;43.29;39.01;39.01;39.01;1600;stock;35.42;10.14;35.42;10.14;41.16;ESTAVEL
2023-02-16;1676505600000;MNDL3.SA;39.99;42.9;39.99;41.9;41.9;4000;stock;35.48;18.08;35.48;18.08;49.37;ESTAVEL
2023-02-17;1676592000000;MNDL3.SA;41.0;41.0;41.0;41.0;41.0;100;stock;35.54;15.37;35.54;15.37;47.17;ESTAVEL
2023-02-22;1677024000000;MNDL3.SA;41.0;41.0;41.0;41.0;41.0;0;stock;35.59;15.19;35.59;15.19;47.17;ESTAVEL
2023-02-23;1677110400000;MNDL3.SA;41.0;42.88;41.0;42.0;42.0;2100;stock;35.66;17.79;35.66;17.79;50.05;ESTAVEL
2023-02-24;1677196800000;MNDL3.SA;42.76;42.79;42.76;42.79;42.79;300;stock;35.73;19.77;35.73;19.77;52.26;ESTAVEL
2023-02-27;1677456000000;MNDL3.SA;44.79;60.0;44.79;45.02;45.02;11500;stock;35.82;25.68;35.82;25.68;57.93;ESTAVEL
2023-02-28;1677542400000;MNDL3.SA;47.99;54.77;47.99;50.0;50.0;4000;stock;35.96;39.04;35.96;39.04;67.27;ESTAVEL
2023-03-01;1677628800000;MNDL3.SA;53.99;54.25;44.0;44.9;44.9;3500;stock;36.05;24.55;36.05;24.55;54.03;ESTAVEL
2023-03-02;1677715200000;MNDL3.SA;48.49;52.84;44.61;52.5;52.5;5800;stock;36.21;44.97;36.21;44.97;65.06;ESTAVEL
2023-03-03;1677801600000;MNDL3.SA;53.71;54.0;51.0;51.0;51.0;1700;stock;36.36;40.26;36.36;40.26;61.91;ESTAVEL
2023-03-06;1678060800000;MNDL3.SA;54.88;57.0;54.88;56.99;56.99;3600;stock;36.57;55.86;36.57;55.86;68.48;ESTAVEL
2023-03-07;1678147200000;MNDL3.SA;57.01;57.01;55.0;56.0;56.0;800;stock;36.76;52.34;36.76;52.34;66.44;ESTAVEL
2023-03-08;1678233600000;MNDL3.SA;56.5;57.0;51.57;51.57;51.57;1400;stock;36.91;39.73;36.91;39.73;58.1;ESTAVEL
2023-03-09;1678320000000;MNDL3.SA;54.58;55.98;54.56;55.7;55.7;3000;stock;37.09;50.16;37.09;50.16;62.79;ESTAVEL
2023-03-10;1678406400000;MNDL3.SA;54.99;56.0;52.0;54.37;54.37;900;stock;37.27;45.9;37.27;45.9;60.44;ESTAVEL
2023-03-13;1678665600000;MNDL3.SA;50.04;53.98;49.69;49.69;49.69;300;stock;37.39;32.9;37.39;32.9;52.94;ESTAVEL
2023-03-14;1678752000000;MNDL3.SA;53.99;53.99;50.0;50.0;50.0;7200;stock;37.51;33.28;37.51;33.28;53.35;ESTAVEL
2023-03-15;1678838400000;MNDL3.SA;50.0;51.0;50.0;51.0;51.0;700;stock;37.65;35.46;37.65;35.46;54.73;ESTAVEL
2023-03-16;1678924800000;MNDL3.SA;52.18;52.19;51.08;51.08;51.08;5000;stock;37.78;35.19;37.78;35.19;54.85;ESTAVEL
2023-03-17;1679011200000;MNDL3.SA;52.96;52.96;50.99;52.0;52.0;600;stock;37.92;37.12;37.92;37.12;56.23;ESTAVEL
2023-03-20;1679270400000;MNDL3.SA;52.99;54.48;52.99;53.0;53.0;700;stock;38.07;39.2;38.07;39.2;57.74;ESTAVEL
2023-03-21;1679356800000;MNDL3.SA;52.0;53.0;52.0;52.37;52.37;1900;stock;38.22;37.04;38.22;37.04;56.42;ESTAVEL
2023-03-22;1679443200000;MNDL3.SA;54.98;58.0;54.98;57.98;57.98;4400;stock;38.41;50.94;38.41;50.94;64.26;ESTAVEL
2023-03-23;1679529600000;MNDL3.SA;58.39;58.85;56.0;56.39;56.39;3200;stock;38.59;46.12;38.59;46.12;60.91;ESTAVEL
2023-03-24;1679616000000;MNDL3.SA;57.99;60.0;57.48;60.0;60.0;1900;stock;38.8;54.62;38.8;54.62;65.32;ESTAVEL
2023-03-27;1679875200000;MNDL3.SA;59.97;59.98;59.94;59.94;59.94;400;stock;39.02;53.63;39.02;53.63;65.19;ESTAVEL
2023-03-28;1679961600000;MNDL3.SA;59.94;59.94;59.94;59.94;59.94;0;stock;39.22;52.82;39.22;52.82;65.19;ESTAVEL
2023-03-29;1680048000000;MNDL3.SA;55.0;57.99;55.0;57.99;57.99;600;stock;39.41;47.15;39.41;47.15;60.59;ESTAVEL
2023-03-30;1680134400000;MNDL3.SA;59.7;59.7;55.12;57.0;57.0;3700;stock;39.59;43.99;39.59;43.99;58.33;ESTAVEL
2023-03-31;1680220800000;MNDL3.SA;56.99;59.46;56.99;57.0;57.0;2500;stock;39.76;43.37;39.76;43.37;58.33;ESTAVEL
2023-04-03;1680480000000;MNDL3.SA;56.99;56.99;53.75;53.8;53.8;1000;stock;39.9;34.84;39.9;34.84;51.2;ESTAVEL
2023-04-04;1680566400000;MNDL3.SA;56.98;56.98;56.98;56.98;56.98;100;stock;40.07;42.21;40.07;42.21;56.85;ESTAVEL
2023-04-05;1680652800000;MNDL3.SA;55.0;55.0;55.0;55.0;55.0;300;stock;40.22;36.76;40.22;36.76;52.75;ESTAVEL
2023-04-06;1680739200000;MNDL3.SA;53.48;57.76;53.48;57.76;57.76;1400;stock;40.39;43.0;40.39;43.0;57.36;ESTAVEL
2023-04-10;1681084800000;MNDL3.SA;53.18;53.18;53.0;53.0;53.0;200;stock;40.52;30.81;40.52;30.81;48.56;ESTAVEL
2023-04-11;1681171200000;MNDL3.SA;57.22;57.22;56.88;56.88;56.88;5400;stock;40.68;39.82;40.68;39.82;54.67;ESTAVEL
2023-04-12;1681257600000;MNDL3.SA;54.01;56.95;54.0;56.95;56.95;2500;stock;40.84;39.44;40.84;39.44;54.77;ESTAVEL
2023-04-13;1681344000000;MNDL3.SA;56.96;56.97;55.5;55.5;55.5;3700;stock;40.99;35.41;40.99;35.41;52.1;ESTAVEL
2023-04-14;1681430400000;MNDL3.SA;55.48;55.48;55.48;55.48;55.48;100;stock;41.13;34.88;41.13;34.88;52.06;ESTAVEL
2023-04-17;1681689600000;MNDL3.SA;56.86;57.0;56.86;56.89;56.89;1400;stock;41.29;37.79;41.29;37.79;54.56;ESTAVEL
2023-04-18;1681776000000;MNDL3.SA;57.0;57.0;52.35;54.5;54.5;1100;stock;41.42;31.58;41.42;31.58;49.82;ESTAVEL
2023-04-19;1681862400000;MNDL3.SA;54.5;54.5;54.5;54.5;54.5;0;stock;41.55;31.17;41.55;31.17;49.82;ESTAVEL
2023-04-20;1681948800000;MNDL3.SA;54.5;54.5;54.5;54.5;54.5;0;stock;41.68;30.76;41.68;30.76;49.82;ESTAVEL
2023-04-24;1682294400000;MNDL3.SA;50.15;50.15;50.15;50.15;50.15;200;stock;41.76;20.08;41.76;20.08;41.6;ESTAVEL
2023-04-25;1682380800000;MNDL3.SA;50.15;50.15;50.15;50.15;50.15;0;stock;41.85;19.84;41.85;19.84;41.6;ESTAVEL
2023-04-26;1682467200000;MNDL3.SA;49.99;49.99;49.99;49.99;49.99;100;stock;41.93;19.23;41.93;19.23;41.31;ESTAVEL
2023-04-27;1682553600000;MNDL3.SA;49.99;52.0;47.85;47.85;47.85;500;stock;41.99;13.97;41.99;13.97;37.53;ESTAVEL
2023-04-28;1682640000000;MNDL3.SA;47.85;47.85;47.85;47.85;47.85;0;stock;42.04;13.81;42.04;13.81;37.53;ESTAVEL
2023-05-02;1682985600000;MNDL3.SA;47.85;47.85;45.01;45.01;45.01;200;stock;42.07;6.98;42.07;6.98;32.9;ESTAVEL
2023-05-03;1683072000000;MNDL3.SA;45.01;45.01;45.01;45.01;45.01;0;stock;42.1;6.9;42.1;6.9;32.9;ESTAVEL
2023-05-04;1683158400000;MNDL3.SA;45.01;45.01;45.01;45.01;45.01;0;stock;42.13;6.83;42.13;6.83;32.9;ESTAVEL
2023-05-05;1683244800000;MNDL3.SA;45.01;45.01;45.01;45.01;45.01;0;stock;42.16;6.76;42.16;6.76;32.9;ESTAVEL
2023-05-08;1683504000000;MNDL3.SA;43.0;43.0;43.0;43.0;43.0;100;stock;42.17;1.97;42.17;1.97;29.44;ESTAVEL
2023-05-09;1683590400000;MNDL3.SA;46.42;46.44;46.42;46.44;46.44;5400;stock;42.21;10.02;42.21;10.02;40.89;ESTAVEL
2023-05-10;1683676800000;MNDL3.SA;50.14;50.5;50.14;50.5;50.5;400;stock;42.29;19.4;42.29;19.4;51.0;ESTAVEL
2023-05-11;1683763200000;MNDL3.SA;50.5;50.5;50.5;50.5;50.5;0;stock;42.38;19.17;42.38;19.17;51.0;ESTAVEL
2023-05-12;1683849600000;MNDL3.SA;50.5;50.5;50.5;50.5;50.5;0;stock;42.46;18.94;42.46;18.94;51.0;ESTAVEL
2023-05-15;1684108800000;MNDL3.SA;50.5;50.5;50.5;50.5;50.5;0;stock;42.54;18.72;42.54;18.72;51.0;ESTAVEL
2023-05-16;1684195200000;MNDL3.SA;49.98;56.09;48.88;48.88;48.88;2200;stock;42.6;14.74;42.6;14.74;46.71;ESTAVEL
2023-05-17;1684281600000;MNDL3.SA;48.88;48.88;48.88;48.88;48.88;0;stock;42.66;14.57;42.66;14.57;46.71;ESTAVEL
2023-05-18;1684368000000;MNDL3.SA;49.0;49.99;46.01;49.68;49.68;1200;stock;42.73;16.26;42.73;16.26;49.16;ESTAVEL
2023-05-19;1684454400000;MNDL3.SA;49.99;49.99;49.99;49.99;49.99;100;stock;42.8;16.79;42.8;16.79;50.12;ESTAVEL
2023-05-22;1684713600000;MNDL3.SA;51.43;52.0;50.39;52.0;52.0;1300;stock;42.9;21.22;42.9;21.22;55.91;ESTAVEL
2023-05-23;1684800000000;MNDL3.SA;52.99;56.89;52.99;56.6;56.6;2000;stock;43.03;31.53;43.03;31.53;65.72;ESTAVEL
2023-05-24;1684886400000;MNDL3.SA;56.5;56.5;56.44;56.45;56.45;800;stock;43.17;30.77;43.17;30.77;65.21;ESTAVEL
2023-05-25;1684972800000;MNDL3.SA;56.4;56.4;56.4;56.4;56.4;1200;stock;43.3;30.26;43.3;30.26;65.03;ESTAVEL
2023-05-26;1685059200000;MNDL3.SA;56.4;59.48;55.0;55.0;55.0;700;stock;43.41;26.69;43.41;26.69;60.01;ESTAVEL
2023-05-29;1685318400000;MNDL3.SA;56.49;56.49;52.11;52.11;52.11;800;stock;43.5;19.79;43.5;19.79;51.21;ESTAVEL
2023-05-30;1685404800000;MNDL3.SA;52.11;55.0;51.8;51.8;51.8;1500;stock;43.58;18.85;43.58;18.85;50.36;ESTAVEL
2023-05-31;1685491200000;MNDL3.SA;51.8;51.8;51.8;51.8;51.8;0;stock;43.66;18.63;43.66;18.63;50.36;ESTAVEL
2023-06-01;1685577600000;MNDL3.SA;51.8;51.8;51.8;51.8;51.8;0;stock;43.75;18.41;43.75;18.41;50.36;ESTAVEL
2023-06-02;1685664000000;MNDL3.SA;51.8;51.8;51.8;51.8;51.8;100;stock;43.83;18.19;43.83;18.19;50.36;ESTAVEL
2023-06-05;1685923200000;MNDL3.SA;53.9;53.9;51.0;53.73;53.73;900;stock;43.92;22.32;43.92;22.32;56.43;ESTAVEL
2023-06-06;1686009600000;MNDL3.SA;51.96;53.61;51.96;53.0;53.0;5900;stock;44.01;20.41;44.01;20.41;53.76;ESTAVEL
2023-06-07;1686096000000;MNDL3.SA;52.92;56.99;52.92;56.99;56.99;5600;stock;44.14;29.1;44.14;29.1;63.85;ESTAVEL
2023-06-09;1686268800000;MNDL3.SA;57.3;57.3;57.3;57.3;57.3;300;stock;44.27;29.42;44.27;29.42;64.5;ESTAVEL
2023-06-12;1686528000000;MNDL3.SA;56.49;56.5;55.75;55.75;55.75;500;stock;44.39;25.59;44.39;25.59;58.82;ESTAVEL
2023-06-13;1686614400000;MNDL3.SA;56.46;56.46;56.46;56.46;56.46;100;stock;44.51;26.85;44.51;26.85;60.53;ESTAVEL
2023-06-14;1686700800000;MNDL3.SA;55.5;55.5;54.27;54.27;54.27;1000;stock;44.61;21.66;44.61;21.66;53.18;ESTAVEL
2023-06-15;1686787200000;MNDL3.SA;55.99;55.99;54.0;54.0;54.0;1000;stock;44.7;20.81;44.7;20.81;52.33;ESTAVEL
2023-06-16;1686873600000;MNDL3.SA;55.08;56.0;54.22;55.26;55.26;1600;stock;44.8;23.34;44.8;23.34;55.86;ESTAVEL
2023-06-19;1687132800000;MNDL3.SA;55.6;56.48;54.9;54.9;54.9;500;stock;44.91;22.26;44.91;22.26;54.61;ESTAVEL
2023-06-20;1687219200000;MNDL3.SA;55.98;56.0;55.04;55.05;55.05;800;stock;45.01;22.32;45.01;22.32;55.06;ESTAVEL
2023-06-21;1687305600000;MNDL3.SA;55.97;55.97;55.97;55.97;55.97;100;stock;45.12;24.06;45.12;24.06;57.81;ESTAVEL
2023-06-22;1687392000000;MNDL3.SA;55.25;55.25;55.0;55.0;55.0;200;stock;45.21;21.64;45.21;21.64;54.06;ESTAVEL
2023-06-23;1687478400000;MNDL3.SA;54.7;54.7;54.7;54.7;54.7;200;stock;45.31;20.73;45.31;20.73;52.91;ESTAVEL
2023-06-26;1687737600000;MNDL3.SA;54.7;54.7;54.7;54.7;54.7;0;stock;45.4;20.48;45.4;20.48;52.91;ESTAVEL
2023-06-27;1687824000000;MNDL3.SA;55.99;55.99;54.7;54.7;54.7;300;stock;45.49;20.24;45.49;20.24;52.91;ESTAVEL
2023-06-28;1687910400000;MNDL3.SA;54.49;54.49;54.49;54.49;54.49;100;stock;45.58;19.54;45.58;19.54;51.95;ESTAVEL
2023-06-29;1687996800000;MNDL3.SA;54.99;54.99;53.02;53.02;53.02;600;stock;45.66;16.13;45.66;16.13;45.68;ESTAVEL
2023-06-30;1688083200000;MNDL3.SA;55.81;56.09;55.0;56.05;56.05;2300;stock;45.76;22.48;45.76;22.48;57.15;ESTAVEL
2023-07-03;1688342400000;MNDL3.SA;54.95;55.77;51.67;55.77;55.77;400;stock;45.86;21.61;45.86;21.61;55.98;ESTAVEL
2023-07-04;1688428800000;MNDL3.SA;54.98;54.98;54.98;54.98;54.98;5200;stock;45.95;19.65;45.95;19.65;52.68;ESTAVEL
2023-07-05;1688515200000;MNDL3.SA;54.99;56.1;54.99;56.1;56.1;500;stock;46.05;21.82;46.05;21.82;56.58;ESTAVEL
2023-07-06;1688601600000;MNDL3.SA;56.1;56.1;56.1;56.1;56.1;0;stock;46.15;21.55;46.15;21.55;56.58;ESTAVEL
2023-07-07;1688688000000;MNDL3.SA;55.5;55.5;55.5;55.5;55.5;1500;stock;46.25;20.01;46.25;20.01;53.83;ESTAVEL
2023-07-10;1688947200000;MNDL3.SA;55.5;55.5;55.5;55.5;55.5;0;stock;46.34;19.77;46.34;19.77;53.83;ESTAVEL
2023-07-11;1689033600000;MNDL3.SA;55.5;55.5;55.5;55.5;55.5;0;stock;46.43;19.54;46.43;19.54;53.83;ESTAVEL
2023-07-12;1689120000000;MNDL3.SA;55.2;55.2;55.2;55.2;55.2;200;stock;46.52;18.67;46.52;18.67;52.24;ESTAVEL
2023-07-13;1689206400000;MNDL3.SA;55.2;55.2;55.2;55.2;55.2;0;stock;46.6;18.45;46.6;18.45;52.24;ESTAVEL
2023-07-14;1689292800000;MNDL3.SA;55.2;55.2;55.2;55.2;55.2;0;stock;46.69;18.23;46.69;18.23;52.24;ESTAVEL
2023-07-17;1689552000000;MNDL3.SA;56.04;56.04;56.04;56.04;56.04;200;stock;46.78;19.79;46.78;19.79;56.71;ESTAVEL
2023-07-18;1689638400000;MNDL3.SA;56.04;56.04;56.04;56.04;56.04;0;stock;46.87;19.56;46.87;19.56;56.71;ESTAVEL
2023-07-19;1689724800000;MNDL3.SA;56.04;56.04;56.04;56.04;56.04;0;stock;46.96;19.33;46.96;19.33;56.71;ESTAVEL
2023-07-20;1689811200000;MNDL3.SA;56.0;56.0;52.01;52.5;52.5;1700;stock;47.02;11.66;47.02;11.66;37.99;ESTAVEL
2023-07-21;1689897600000;MNDL3.SA;52.5;52.5;52.5;52.5;52.5;0;stock;47.07;11.53;47.07;11.53;37.99;ESTAVEL
2023-07-24;1690156800000;MNDL3.SA;53.0;54.59;53.0;54.0;54.0;800;stock;47.14;14.55;47.14;14.55;46.64;ESTAVEL
2023-07-25;1690243200000;MNDL3.SA;54.0;54.0;54.0;54.0;54.0;0;stock;47.21;14.38;47.21;14.38;46.64;ESTAVEL
2023-07-26;1690329600000;MNDL3.SA;54.0;54.0;54.0;54.0;54.0;0;stock;47.28;14.22;47.28;14.22;46.64;ESTAVEL
2023-07-27;1690416000000;MNDL3.SA;53.0;53.0;53.0;53.0;53.0;500;stock;47.34;11.97;47.34;11.97;41.79;ESTAVEL
2023-07-28;1690502400000;MNDL3.SA;53.0;54.0;53.0;54.0;54.0;1300;stock;47.4;13.92;47.4;13.92;47.66;ESTAVEL
2023-07-31;1690761600000;MNDL3.SA;54.57;58.99;54.57;58.98;58.98;2200;stock;47.52;24.12;47.52;24.12;66.03;ESTAVEL
2023-08-01;1690848000000;MNDL3.SA;58.98;59.98;58.0;59.5;59.5;9000;stock;47.64;24.91;47.64;24.91;67.32;ESTAVEL
2023-08-02;1690934400000;MNDL3.SA;59.84;59.84;56.0;56.0;56.0;1500;stock;47.72;17.35;47.72;17.35;52.79;ESTAVEL
2023-08-03;1691020800000;MNDL3.SA;58.98;59.49;54.74;58.7;58.7;4600;stock;47.83;22.73;47.83;22.73;59.97;ESTAVEL
2023-08-04;1691107200000;MNDL3.SA;58.7;58.7;58.7;58.7;58.7;0;stock;47.94;22.45;47.94;22.45;59.97;ESTAVEL
2023-08-07;1691366400000;MNDL3.SA;58.7;58.7;58.7;58.7;58.7;0;stock;48.04;22.18;48.04;22.18;59.97;ESTAVEL
2023-08-08;1691452800000;MNDL3.SA;54.01;54.01;53.0;53.0;53.0;1300;stock;48.09;10.2;48.09;10.2;42.81;ESTAVEL
2023-08-09;1691539200000;MNDL3.SA;53.0;53.0;53.0;53.0;53.0;500;stock;48.14;10.09;48.14;10.09;42.81;ESTAVEL
2023-08-10;1691625600000;MNDL3.SA;53.0;53.0;53.0;53.0;53.0;0;stock;48.19;9.98;48.19;9.98;42.81;ESTAVEL
2023-08-11;1691712000000;MNDL3.SA;50.35;50.35;50.35;50.35;50.35;100;stock;48.21;4.43;48.21;4.43;36.71;ESTAVEL
2023-08-14;1691971200000;MNDL3.SA;50.35;50.35;50.35;50.35;50.35;800;stock;48.23;4.39;48.23;4.39;36.71;ESTAVEL
2023-08-15;1692057600000;MNDL3.SA;52.79;52.92;49.0;51.0;51.0;1900;stock;48.26;5.68;48.26;5.68;39.17;ESTAVEL
2023-08-16;1692144000000;MNDL3.SA;51.0;51.0;50.0;50.0;50.0;200;stock;48.28;3.57;48.28;3.57;36.8;ESTAVEL
2023-08-17;1692230400000;MNDL3.SA;51.5;52.99;50.01;52.99;52.99;500;stock;48.32;9.65;48.32;9.65;47.12;ESTAVEL
2023-08-18;1692316800000;MNDL3.SA;50.5;50.5;50.5;50.5;50.5;100;stock;48.35;4.45;48.35;4.45;41.1;ESTAVEL
2023-08-21;1692576000000;MNDL3.SA;50.01;50.01;50.0;50.0;50.0;300;stock;48.36;3.38;48.36;3.38;40.0;ESTAVEL
2023-08-22;1692662400000;MNDL3.SA;50.02;52.99;50.0;52.99;52.99;400;stock;48.41;9.46;48.41;9.46;48.85;ESTAVEL
2023-08-23;1692748800000;MNDL3.SA;51.01;51.01;49.51;50.5;50.5;1200;stock;48.43;4.27;48.43;4.27;43.14;ESTAVEL
2023-08-24;1692835200000;MNDL3.SA;50.0;50.02;50.0;50.02;50.02;1000;stock;48.45;3.25;48.45;3.25;42.12;ESTAVEL
2023-08-25;1692921600000;MNDL3.SA;51.99;51.99;51.99;51.99;51.99;200;stock;48.48;7.24;48.48;7.24;47.61;ESTAVEL
2023-08-28;1693180800000;MNDL3.SA;51.99;53.99;50.0;53.9;53.9;900;stock;48.53;11.05;48.53;11.05;52.32;ESTAVEL
2023-08-29;1693267200000;MNDL3.SA;58.19;58.19;56.99;56.99;56.99;5200;stock;48.62;17.22;48.62;17.22;58.79;ESTAVEL
2023-08-30;1693353600000;MNDL3.SA;56.99;56.99;56.99;56.99;56.99;0;stock;48.7;17.02;48.7;17.02;58.79;ESTAVEL
2023-08-31;1693440000000;MNDL3.SA;56.96;56.96;56.96;56.96;56.96;100;stock;48.78;16.76;48.78;16.76;58.7;ESTAVEL
2023-09-01;1693526400000;MNDL3.SA;56.9;56.9;56.9;56.9;56.9;1500;stock;48.87;16.44;48.87;16.44;58.51;ESTAVEL
2023-09-04;1693785600000;MNDL3.SA;56.9;58.0;54.5;58.0;58.0;1100;stock;48.96;18.47;48.96;18.47;61.03;ESTAVEL
2023-09-05;1693872000000;MNDL3.SA;53.87;55.36;53.84;55.36;55.36;700;stock;49.02;12.93;49.02;12.93;52.75;ESTAVEL
2023-09-06;1693958400000;MNDL3.SA;53.53;53.53;52.21;52.21;52.21;1300;stock;49.05;6.44;49.05;6.44;44.92;ESTAVEL
2023-09-08;1694131200000;MNDL3.SA;52.21;52.21;52.21;52.21;52.21;0;stock;49.08;6.37;49.08;6.37;44.92;ESTAVEL
2023-09-11;1694390400000;MNDL3.SA;52.0;54.89;51.78;54.01;54.01;900;stock;49.13;9.93;49.13;9.93;49.85;ESTAVEL
2023-09-12;1694476800000;MNDL3.SA;54.3;55.55;54.3;55.55;55.55;500;stock;49.2;12.92;49.2;12.92;53.68;ESTAVEL
2023-09-13;1694563200000;MNDL3.SA;55.55;55.55;55.55;55.55;55.55;0;stock;49.26;12.77;49.26;12.77;53.68;ESTAVEL
2023-09-14;1694649600000;MNDL3.SA;56.49;56.81;55.05;56.0;56.0;1400;stock;49.33;13.53;49.33;13.53;54.84;ESTAVEL
2023-09-15;1694736000000;MNDL3.SA;58.98;58.98;56.0;56.0;56.0;200;stock;49.39;13.38;49.39;13.38;54.84;ESTAVEL
2023-09-18;1694995200000;MNDL3.SA;56.0;56.0;56.0;56.0;56.0;100;stock;49.46;13.23;49.46;13.23;54.84;ESTAVEL
2023-09-19;1695081600000;MNDL3.SA;55.0;55.0;55.0;55.0;55.0;100;stock;49.51;11.08;49.51;11.08;51.26;ESTAVEL
2023-09-20;1695168000000;MNDL3.SA;55.02;57.56;53.55;57.56;57.56;700;stock;49.59;16.06;49.59;16.06;58.7;ESTAVEL
2023-09-21;1695254400000;MNDL3.SA;55.01;55.01;53.53;53.53;53.53;400;stock;49.63;7.85;49.63;7.85;46.63;ESTAVEL
2023-09-22;1695340800000;MNDL3.SA;54.82;55.0;54.0;55.0;55.0;700;stock;49.69;10.7;49.69;10.7;50.62;ESTAVEL
2023-09-25;1695600000000;MNDL3.SA;51.04;55.0;51.04;55.0;55.0;500;stock;49.74;10.58;49.74;10.58;50.62;ESTAVEL
2023-09-26;1695686400000;MNDL3.SA;53.02;55.49;52.72;55.4;55.4;2200;stock;49.8;11.26;49.8;11.26;51.76;ESTAVEL
2023-09-27;1695772800000;MNDL3.SA;57.49;57.49;56.0;56.0;56.0;200;stock;49.86;12.32;49.86;12.32;53.49;ESTAVEL
2023-09-28;1695859200000;MNDL3.SA;54.5;54.5;54.5;54.5;54.5;3000;stock;49.9;9.21;49.9;9.21;48.78;ESTAVEL
2023-09-29;1695945600000;MNDL3.SA;56.09;56.1;56.09;56.1;56.1;200;stock;49.96;12.28;49.96;12.28;53.48;ESTAVEL
2023-10-02;1696204800000;MNDL3.SA;56.26;56.28;56.26;56.28;56.28;300;stock;50.03;12.5;50.03;12.5;54.0;ESTAVEL
2023-10-03;1696291200000;MNDL3.SA;56.28;56.28;56.28;56.28;56.28;0;stock;50.09;12.36;50.09;12.36;54.0;ESTAVEL
2023-10-04;1696377600000;MNDL3.SA;56.28;56.28;56.28;56.28;56.28;0;stock;50.15;12.22;50.15;12.22;54.0;ESTAVEL
2023-10-05;1696464000000;MNDL3.SA;56.28;56.28;56.28;56.28;56.28;0;stock;50.21;12.08;50.21;12.08;54.0;ESTAVEL
2023-10-06;1696550400000;MNDL3.SA;52.01;54.0;51.78;51.78;51.78;1400;stock;50.23;3.09;50.23;3.09;39.41;ESTAVEL
2023-10-09;1696809600000;MNDL3.SA;55.75;55.75;55.3;55.3;55.3;200;stock;50.28;9.99;50.28;9.99;50.64;ESTAVEL
2023-10-10;1696896000000;MNDL3.SA;55.3;55.3;55.3;55.3;55.3;0;stock;50.33;9.88;50.33;9.88;50.64;ESTAVEL
2023-10-11;1696982400000;MNDL3.SA;52.36;52.36;52.32;52.32;52.32;400;stock;50.35;3.92;50.35;3.92;42.84;ESTAVEL
2023-10-13;1697155200000;MNDL3.SA;52.66;55.96;52.66;55.96;55.96;200;stock;50.4;11.02;50.4;11.02;52.47;ESTAVEL
2023-10-16;1697414400000;MNDL3.SA;51.57;51.57;51.57;51.57;51.57;100;stock;50.42;2.29;50.42;2.29;43.05;ESTAVEL
2023-10-17;1697500800000;MNDL3.SA;51.57;51.57;51.57;51.57;51.57;0;stock;50.43;2.27;50.43;2.27;43.05;ESTAVEL
2023-10-18;1697587200000;MNDL3.SA;50.94;50.94;50.94;50.94;50.94;100;stock;50.43;1.01;50.43;1.01;41.8;ESTAVEL
2023-10-19;1697673600000;MNDL3.SA;50.0;51.05;50.0;51.05;51.05;300;stock;50.44;1.21;50.44;1.21;42.12;ESTAVEL
2023-10-20;1697760000000;MNDL3.SA;47.01;47.01;46.54;46.54;46.54;300;stock;50.4;-7.66;50.4;-7.66;33.98;ESTAVEL
2023-10-23;1698019200000;MNDL3.SA;49.99;49.99;46.0;46.0;46.0;300;stock;50.36;-8.65;50.36;-8.65;33.15;ESTAVEL
2023-10-24;1698105600000;MNDL3.SA;46.0;46.0;42.52;45.88;45.88;500;stock;50.31;-8.81;50.31;-8.81;32.96;ESTAVEL
2023-10-25;1698192000000;MNDL3.SA;45.8;45.8;45.8;45.8;45.8;500;stock;50.27;-8.89;50.27;-8.89;32.82;ESTAVEL
2023-10-26;1698278400000;MNDL3.SA;49.44;49.99;49.44;49.99;49.99;300;stock;50.26;-0.54;50.26;-0.54;45.53;ESTAVEL
2023-10-27;1698364800000;MNDL3.SA;49.95;49.95;49.95;49.95;49.95;1500;stock;50.26;-0.62;50.26;-0.62;45.44;ESTAVEL
2023-10-30;1698624000000;MNDL3.SA;49.99;50.0;45.12;45.5;45.5;700;stock;50.21;-9.39;50.21;-9.39;36.87;ESTAVEL
2023-10-31;1698710400000;MNDL3.SA;43.52;50.0;43.03;50.0;50.0;800;stock;50.21;-0.42;50.21;-0.42;47.63;ESTAVEL
2023-11-01;1698796800000;MNDL3.SA;46.01;51.0;46.01;51.0;51.0;700;stock;50.22;1.56;50.22;1.56;49.68;ESTAVEL
2023-11-03;1698969600000;MNDL3.SA;47.15;52.1;47.15;49.04;49.04;1000;stock;50.21;-2.32;50.21;-2.32;45.89;ESTAVEL
2023-11-06;1699228800000;MNDL3.SA;49.0;49.0;47.0;47.0;47.0;700;stock;50.18;-6.33;50.18;-6.33;42.27;ESTAVEL
2023-11-07;1699315200000;MNDL3.SA;47.0;47.0;47.0;47.0;47.0;0;stock;50.14;-6.27;50.14;-6.27;42.27;ESTAVEL
2023-11-08;1699401600000;MNDL3.SA;46.0;46.0;42.5;42.5;42.5;3900;stock;50.07;-15.11;50.07;-15.11;35.17;ESTAVEL
2023-11-09;1699488000000;MNDL3.SA;42.6;45.1;42.6;45.1;45.1;1300;stock;50.02;-9.83;50.02;-9.83;41.3;ESTAVEL
2023-11-10;1699574400000;MNDL3.SA;48.69;48.7;48.69;48.7;48.7;200;stock;50.01;-2.61;50.01;-2.61;48.56;ESTAVEL
2023-11-13;1699833600000;MNDL3.SA;49.0;50.0;49.0;50.0;50.0;700;stock;50.01;-0.01;50.01;-0.01;50.92;ESTAVEL
2023-11-14;1699920000000;MNDL3.SA;50.0;50.0;48.61;50.0;50.0;2000;stock;50.01;-0.01;50.01;-0.01;50.92;ESTAVEL
2023-11-16;1700092800000;MNDL3.SA;46.03;46.07;46.02;46.07;46.07;600;stock;49.97;-7.8;49.97;-7.8;43.86;ESTAVEL
2023-11-17;1700179200000;MNDL3.SA;44.58;48.58;42.57;46.66;46.66;2300;stock;49.93;-6.55;49.93;-6.55;45.09;ESTAVEL
2023-11-20;1700438400000;MNDL3.SA;42.97;44.03;42.97;43.53;43.53;500;stock;49.87;-12.71;49.87;-12.71;40.08;ESTAVEL
2023-11-21;1700524800000;MNDL3.SA;43.02;44.06;40.65;43.45;43.45;1300;stock;49.81;-12.76;49.81;-12.76;39.96;ESTAVEL
2023-11-22;1700611200000;MNDL3.SA;43.0;47.0;40.21;44.51;44.51;2500;stock;49.75;-10.54;49.75;-10.54;42.46;ESTAVEL
2023-11-23;1700697600000;MNDL3.SA;44.51;52.49;41.3;49.63;49.63;2300;stock;49.75;-0.24;49.75;-0.24;52.73;ESTAVEL
2023-11-24;1700784000000;MNDL3.SA;47.03;48.92;47.0;48.92;48.92;900;stock;49.74;-1.65;49.74;-1.65;51.36;ESTAVEL
2023-11-27;1701043200000;MNDL3.SA;48.92;48.92;48.92;48.92;48.92;0;stock;49.74;-1.64;49.74;-1.64;51.36;ESTAVEL
2023-11-28;1701129600000;MNDL3.SA;48.92;48.92;48.92;48.92;48.92;0;stock;49.73;-1.62;49.73;-1.62;51.36;ESTAVEL
2023-11-29;1701216000000;MNDL3.SA;45.01;48.59;45.01;48.59;48.59;300;stock;49.72;-2.26;49.72;-2.26;50.6;ESTAVEL
2023-11-30;1701302400000;MNDL3.SA;49.99;49.99;49.29;49.29;49.29;200;stock;49.71;-0.85;49.71;-0.85;52.22;ESTAVEL
