s_open_time;open_time;ticker;open;high;low;close;adj_close;volume;type;ema_adj_close_200p;ema_adj_close_200p_diff;ema_close_200p;ema_close_200p_diff;rsi;previsao
2020-02-18;1581984000000;RBED11.SA;179.0;180.14;178.99;180.09;149.11;4450;fii;142.4;4.71;172.0;4.71;55.26;ESTAVEL
2020-02-19;1582070400000;RBED11.SA;179.37;180.0;175.01;176.51;146.14;1625;fii;142.45;2.59;172.05;2.59;46.03;ESTAVEL
2020-02-20;1582156800000;RBED11.SA;176.52;179.59;176.52;177.0;146.55;578;fii;142.49;2.85;172.1;2.84;47.34;ESTAVEL
2020-02-21;1582243200000;RBED11.SA;176.99;179.98;176.51;177.6;147.04;3490;fii;142.55;3.15;172.17;3.16;48.93;ESTAVEL
2020-02-26;1582675200000;RBED11.SA;176.99;178.01;170.0;172.0;142.41;4644;fii;142.54;-0.09;172.17;-0.1;37.41;ESTAVEL
2020-02-27;1582761600000;RBED11.SA;171.9;179.99;170.02;174.9;144.81;6379;fii;142.57;1.57;172.2;1.57;44.68;ESTAVEL
2020-02-28;1582848000000;RBED11.SA;176.0;176.99;170.19;172.8;143.07;2153;fii;142.58;0.35;172.2;0.35;40.97;ESTAVEL
2020-03-02;1583107200000;RBED11.SA;172.0;178.0;170.0;170.0;140.75;1763;fii;142.55;-1.27;172.18;-1.27;36.6;ESTAVEL
2020-03-03;1583193600000;RBED11.SA;174.7;175.0;169.1;172.0;142.41;11010;fii;142.55;-0.1;172.18;-0.1;41.41;ESTAVEL
2020-03-04;1583280000000;RBED11.SA;174.98;174.98;165.03;170.39;141.07;9041;fii;142.54;-1.03;172.16;-1.03;38.85;ESTAVEL
2020-03-05;1583366400000;RBED11.SA;169.98;170.49;166.67;167.89;139.0;845;fii;142.5;-2.45;172.11;-2.45;35.22;ESTAVEL
2020-03-06;1583452800000;RBED11.SA;167.89;167.89;161.02;164.13;135.89;3756;fii;142.42;-4.59;172.02;-4.59;30.6;ESTAVEL
2020-03-09;1583712000000;RBED11.SA;161.0;161.0;151.38;157.0;129.99;24631;fii;142.28;-8.64;171.85;-8.64;24.13;SUBIR
2020-03-10;1583798400000;RBED11.SA;156.8;161.99;156.8;157.3;130.24;3888;fii;142.14;-8.38;171.68;-8.38;24.85;SUBIR
2020-03-11;1583884800000;RBED11.SA;160.77;164.98;156.0;156.01;129.17;8177;fii;142.0;-9.03;171.51;-9.04;23.8;SUBIR
2020-03-12;1583971200000;RBED11.SA;156.01;156.01;142.5;149.49;123.77;5272;fii;141.79;-12.71;171.26;-12.71;19.36;SUBIR
2020-03-13;1584057600000;RBED11.SA;150.0;157.99;150.0;153.0;126.68;2422;fii;141.62;-10.55;171.05;-10.55;27.24;SUBIR
2020-03-16;1584316800000;RBED11.SA;145.0;152.76;142.52;148.0;122.54;3194;fii;141.41;-13.34;170.79;-13.35;23.69;SUBIR
2020-03-17;1584403200000;RBED11.SA;148.0;150.0;145.05;148.03;122.56;2111;fii;141.2;-13.2;170.54;-13.2;23.74;SUBIR
2020-03-18;1584489600000;RBED11.SA;142.95;144.05;130.0;139.7;115.66;6765;fii;140.91;-17.92;170.19;-17.92;18.97;SUBIR
2020-03-19;1584576000000;RBED11.SA;139.69;140.0;120.0;140.0;115.91;2701;fii;140.63;-17.58;169.86;-17.58;19.6;SUBIR
2020-03-20;1584662400000;RBED11.SA;142.24;147.0;137.65;138.51;114.68;976;fii;140.34;-18.28;169.51;-18.29;18.83;SUBIR
2020-03-23;1584921600000;RBED11.SA;138.49;138.49;115.12;125.0;103.49;3214;fii;139.93;-26.04;169.01;-26.04;13.57;SUBIR
2020-03-24;1585008000000;RBED11.SA;131.99;131.99;120.08;120.35;99.64;7073;fii;139.48;-28.56;168.47;-28.56;12.29;SUBIR
2020-03-25;1585094400000;RBED11.SA;124.99;134.19;121.5;131.0;108.46;2014;fii;139.14;-22.05;168.05;-22.05;28.78;SUBIR
2020-03-26;1585180800000;RBED11.SA;130.99;145.0;130.08;140.07;115.97;1597;fii;138.88;-16.49;167.74;-16.49;39.25;ESTAVEL
2020-03-27;1585267200000;RBED11.SA;144.98;144.98;130.1;141.0;116.74;1741;fii;138.63;-15.79;167.44;-15.79;40.22;ESTAVEL
2020-03-30;1585526400000;RBED11.SA;142.0;144.0;140.23;143.98;119.21;1316;fii;138.42;-13.88;167.18;-13.88;43.35;ESTAVEL
2020-03-31;1585612800000;RBED11.SA;143.97;150.81;138.01;147.99;122.53;12089;fii;138.24;-11.36;166.97;-11.37;47.34;ESTAVEL
2020-04-01;1585699200000;RBED11.SA;144.99;144.99;135.1;142.98;118.38;787;fii;138.02;-14.23;166.7;-14.23;43.24;ESTAVEL
2020-04-02;1585785600000;RBED11.SA;141.99;148.85;138.21;148.85;123.24;8730;fii;137.86;-10.6;166.5;-10.6;48.82;ESTAVEL
2020-04-03;1585872000000;RBED11.SA;143.0;144.98;142.5;142.96;118.36;2310;fii;137.64;-14.01;166.24;-14.01;44.13;ESTAVEL
2020-04-06;1586131200000;RBED11.SA;144.98;144.98;142.95;144.5;119.64;2359;fii;137.44;-12.95;166.0;-12.95;45.61;ESTAVEL
2020-04-07;1586217600000;RBED11.SA;144.89;147.95;143.31;147.95;122.49;1310;fii;137.28;-10.77;165.81;-10.77;48.85;ESTAVEL
2020-04-08;1586304000000;RBED11.SA;147.95;147.95;145.51;147.94;122.49;1380;fii;137.12;-10.67;165.61;-10.67;48.85;ESTAVEL
2020-04-09;1586390400000;RBED11.SA;148.0;148.14;145.5;148.14;122.65;1323;fii;136.96;-10.45;165.42;-10.44;49.05;ESTAVEL
2020-04-13;1586736000000;RBED11.SA;148.13;152.49;146.1;148.0;122.54;1135;fii;136.8;-10.42;165.23;-10.43;48.91;ESTAVEL
2020-04-14;1586822400000;RBED11.SA;148.0;151.95;148.0;150.09;124.27;561;fii;136.66;-9.07;165.06;-9.07;51.27;ESTAVEL
2020-04-15;1586908800000;RBED11.SA;150.09;152.48;150.0;152.1;125.93;555;fii;136.54;-7.77;164.92;-7.77;53.48;ESTAVEL
2020-04-16;1586995200000;RBED11.SA;152.0;152.99;151.11;152.98;126.66;1435;fii;136.43;-7.16;164.79;-7.16;54.46;ESTAVEL
2020-04-17;1587081600000;RBED11.SA;153.0;153.66;151.0;153.01;126.68;459;fii;136.33;-7.08;164.66;-7.07;54.49;ESTAVEL
2020-04-20;1587340800000;RBED11.SA;151.1;152.98;151.0;151.5;125.43;655;fii;136.21;-7.91;164.51;-7.91;52.3;ESTAVEL
2020-04-22;1587513600000;RBED11.SA;151.5;151.5;148.12;150.06;124.24;1222;fii;136.08;-8.7;164.36;-8.7;50.23;ESTAVEL
2020-04-23;1587600000000;RBED11.SA;150.24;150.5;149.54;150.1;124.27;1179;fii;135.95;-8.59;164.2;-8.59;50.29;ESTAVEL
2020-04-24;1587686400000;RBED11.SA;149.53;152.97;145.02;149.51;123.79;3528;fii;135.82;-8.85;164.04;-8.86;49.37;ESTAVEL
2020-04-27;1587945600000;RBED11.SA;150.04;153.0;149.51;153.0;126.68;823;fii;135.72;-6.66;163.92;-6.66;54.71;ESTAVEL
2020-04-28;1588032000000;RBED11.SA;150.11;152.89;148.0;150.64;124.72;658;fii;135.6;-8.02;163.78;-8.02;50.8;ESTAVEL
2020-04-29;1588118400000;RBED11.SA;150.9;153.0;150.56;153.0;126.68;889;fii;135.5;-6.51;163.66;-6.51;54.31;ESTAVEL
2020-04-30;1588204800000;RBED11.SA;152.99;153.0;150.93;153.0;126.68;531;fii;135.4;-6.44;163.54;-6.45;54.31;ESTAVEL
2020-05-04;1588550400000;RBED11.SA;153.0;154.16;152.0;153.0;126.68;8581;fii;135.31;-6.38;163.43;-6.38;54.31;ESTAVEL
2020-05-05;1588636800000;RBED11.SA;153.0;153.0;152.04;153.0;126.68;6824;fii;135.22;-6.31;163.31;-6.32;54.31;ESTAVEL
2020-05-06;1588723200000;RBED11.SA;152.99;153.0;152.11;153.0;126.68;1869;fii;135.12;-6.25;163.2;-6.25;54.31;ESTAVEL
2020-05-07;1588809600000;RBED11.SA;152.99;153.0;150.24;153.0;126.68;2076;fii;135.03;-6.19;163.09;-6.19;54.31;ESTAVEL
2020-05-08;1588896000000;RBED11.SA;153.0;153.0;151.75;151.8;125.68;1288;fii;134.93;-6.86;162.97;-6.85;51.39;ESTAVEL
2020-05-11;1589155200000;RBED11.SA;152.97;153.5;151.92;153.5;127.09;1234;fii;134.85;-5.75;162.87;-5.75;55.06;ESTAVEL
2020-05-12;1589241600000;RBED11.SA;153.5;153.5;151.55;153.27;126.9;1966;fii;134.76;-5.83;162.76;-5.83;54.46;ESTAVEL
2020-05-13;1589328000000;RBED11.SA;153.5;153.5;152.0;153.1;126.76;1025;fii;134.67;-5.88;162.66;-5.88;54.0;ESTAVEL
2020-05-14;1589414400000;RBED11.SA;153.1;153.48;152.01;153.02;126.69;3784;fii;134.59;-5.87;162.56;-5.87;53.75;ESTAVEL
2020-05-15;1589500800000;RBED11.SA;153.49;153.5;152.51;153.5;127.09;1390;fii;134.51;-5.51;162.46;-5.51;55.02;ESTAVEL
2020-05-18;1589760000000;RBED11.SA;153.5;153.5;152.74;153.39;127.0;4839;fii;134.43;-5.52;162.36;-5.53;54.66;ESTAVEL
2020-05-19;1589846400000;RBED11.SA;153.39;153.5;152.76;153.5;127.09;3361;fii;134.35;-5.4;162.27;-5.4;54.98;ESTAVEL
2020-05-20;1589932800000;RBED11.SA;153.5;153.5;153.02;153.5;127.09;4730;fii;134.27;-5.35;162.17;-5.35;54.98;ESTAVEL
2020-05-21;1590019200000;RBED11.SA;153.5;153.5;153.22;153.5;127.09;5932;fii;134.19;-5.29;162.08;-5.29;54.98;ESTAVEL
2020-05-22;1590105600000;RBED11.SA;153.5;153.5;153.11;153.5;127.09;2745;fii;134.12;-5.24;161.99;-5.24;54.98;ESTAVEL
2020-05-25;1590364800000;RBED11.SA;153.5;153.5;153.15;153.42;127.02;5018;fii;134.04;-5.24;161.9;-5.24;54.57;ESTAVEL
2020-05-26;1590451200000;RBED11.SA;153.5;153.5;153.2;153.36;126.97;4713;fii;133.97;-5.22;161.8;-5.22;54.27;ESTAVEL
2020-05-27;1590537600000;RBED11.SA;153.5;153.5;153.25;153.43;127.03;3488;fii;133.89;-5.12;161.71;-5.12;54.6;ESTAVEL
2020-05-28;1590624000000;RBED11.SA;153.4;155.0;153.38;155.0;128.33;5524;fii;133.83;-4.11;161.64;-4.11;61.11;ESTAVEL
2020-05-29;1590710400000;RBED11.SA;154.99;159.0;153.5;154.0;127.5;5250;fii;133.76;-4.68;161.56;-4.68;55.62;ESTAVEL
2020-06-01;1590969600000;RBED11.SA;155.01;160.0;155.01;158.99;131.64;3281;fii;133.74;-1.57;161.53;-1.57;70.06;ESTAVEL
2020-06-02;1591056000000;RBED11.SA;158.99;158.99;156.03;157.95;130.77;2074;fii;133.71;-2.2;161.5;-2.2;65.26;ESTAVEL
2020-06-03;1591142400000;RBED11.SA;157.99;164.0;157.99;161.0;133.3;3862;fii;133.71;-0.3;161.49;-0.3;71.4;ESTAVEL
2020-06-04;1591228800000;RBED11.SA;163.75;167.88;161.01;163.21;135.13;1243;fii;133.72;1.05;161.51;1.05;74.86;ESTAVEL
2020-06-05;1591315200000;RBED11.SA;165.11;166.66;163.6;166.66;137.99;1471;fii;133.77;3.16;161.56;3.15;79.12;ESTAVEL
2020-06-08;1591574400000;RBED11.SA;166.0;172.0;162.95;162.95;134.91;6249;fii;133.78;0.85;161.58;0.85;66.13;ESTAVEL
2020-06-09;1591660800000;RBED11.SA;164.7;167.99;163.32;166.01;137.45;1688;fii;133.82;2.71;161.63;2.71;70.44;ESTAVEL
2020-06-10;1591747200000;RBED11.SA;168.0;169.2;164.0;168.5;139.51;1196;fii;133.88;4.21;161.7;4.21;73.4;ESTAVEL
2020-06-12;1591920000000;RBED11.SA;167.35;168.5;166.2;168.48;139.49;1253;fii;133.94;4.15;161.77;4.15;73.32;ESTAVEL
2020-06-15;1592179200000;RBED11.SA;168.47;168.5;165.5;168.5;139.51;1279;fii;134.0;4.11;161.84;4.11;73.35;ESTAVEL
2020-06-16;1592265600000;RBED11.SA;168.5;169.1;168.05;169.1;140.01;2156;fii;134.06;4.44;161.92;4.44;74.13;ESTAVEL
2020-06-17;1592352000000;RBED11.SA;169.2;169.2;166.5;168.0;139.1;1874;fii;134.11;3.72;161.98;3.71;70.1;ESTAVEL
2020-06-18;1592438400000;RBED11.SA;168.0;168.0;166.62;167.98;139.08;2992;fii;134.17;3.66;162.05;3.66;70.01;ESTAVEL
2020-06-19;1592524800000;RBED11.SA;168.0;169.08;167.65;169.07;139.98;1322;fii;134.23;4.29;162.12;4.29;71.77;ESTAVEL
2020-06-22;1592784000000;RBED11.SA;169.08;171.01;167.51;168.5;139.51;3010;fii;134.28;3.89;162.19;3.89;69.48;ESTAVEL
2020-06-23;1592870400000;RBED11.SA;169.2;174.0;168.27;168.5;139.51;2407;fii;134.34;3.85;162.25;3.85;69.48;ESTAVEL
2020-06-24;1592956800000;RBED11.SA;168.99;170.44;168.5;168.71;139.68;1930;fii;134.39;3.93;162.32;3.93;69.88;ESTAVEL
2020-06-25;1593043200000;RBED11.SA;169.2;169.33;167.03;168.0;139.1;3926;fii;134.44;3.46;162.38;3.46;66.64;ESTAVEL
2020-06-26;1593129600000;RBED11.SA;169.0;169.0;167.1;168.0;139.1;2431;fii;134.49;3.42;162.44;3.42;66.64;ESTAVEL
2020-06-29;1593388800000;RBED11.SA;168.0;170.0;168.0;170.0;140.75;2771;fii;134.56;4.6;162.52;4.6;71.07;ESTAVEL
2020-06-30;1593475200000;RBED11.SA;169.99;173.97;168.92;172.18;142.56;3526;fii;134.64;5.88;162.62;5.88;74.98;ESTAVEL
2020-07-01;1593561600000;RBED11.SA;171.0;172.0;169.76;171.88;142.31;1822;fii;134.72;5.63;162.72;5.63;73.5;ESTAVEL
2020-07-02;1593648000000;RBED11.SA;171.88;171.96;169.67;169.67;140.48;1252;fii;134.79;4.23;162.79;4.22;63.6;ESTAVEL
2020-07-03;1593734400000;RBED11.SA;171.36;171.48;169.7;169.7;140.5;946;fii;134.85;4.19;162.87;4.2;63.66;ESTAVEL
2020-07-06;1593993600000;RBED11.SA;169.81;169.99;169.43;169.5;140.34;3086;fii;134.9;4.03;162.94;4.03;62.8;ESTAVEL
2020-07-07;1594080000000;RBED11.SA;169.97;169.99;169.0;169.45;140.3;2069;fii;134.96;3.96;163.01;3.95;62.58;ESTAVEL
2020-07-08;1594166400000;RBED11.SA;169.45;170.64;168.9;170.0;140.75;6081;fii;135.02;4.24;163.08;4.24;64.14;ESTAVEL
2020-07-09;1594252800000;RBED11.SA;169.66;170.65;167.99;170.0;140.75;5353;fii;135.08;4.2;163.15;4.2;64.14;ESTAVEL
2020-07-10;1594339200000;RBED11.SA;170.0;172.0;168.05;170.5;141.17;6046;fii;135.14;4.46;163.23;4.46;65.7;ESTAVEL
2020-07-13;1594598400000;RBED11.SA;171.98;171.98;169.95;171.8;142.24;14257;fii;135.22;5.19;163.32;5.19;69.35;ESTAVEL
2020-07-14;1594684800000;RBED11.SA;170.02;171.8;169.5;170.99;141.57;993;fii;135.29;4.65;163.4;4.65;64.71;ESTAVEL
2020-07-15;1594771200000;RBED11.SA;170.99;171.0;168.02;168.51;139.52;18438;fii;135.33;3.1;163.45;3.09;53.02;ESTAVEL
2020-07-16;1594857600000;RBED11.SA;168.63;170.95;168.63;169.0;139.92;1387;fii;135.38;3.36;163.51;3.36;54.74;ESTAVEL
2020-07-17;1594944000000;RBED11.SA;168.5;170.0;168.39;168.97;139.9;2456;fii;135.43;3.3;163.57;3.3;54.63;ESTAVEL
2020-07-20;1595203200000;RBED11.SA;168.97;170.29;168.1;168.1;139.18;2426;fii;135.46;2.74;163.61;2.74;50.76;ESTAVEL
2020-07-21;1595289600000;RBED11.SA;169.98;170.3;168.5;169.69;140.49;5220;fii;135.52;3.67;163.68;3.67;56.76;ESTAVEL
2020-07-22;1595376000000;RBED11.SA;170.3;171.8;169.8;170.0;140.75;2573;fii;135.57;3.82;163.74;3.82;57.86;ESTAVEL
2020-07-23;1595462400000;RBED11.SA;169.51;170.01;168.01;168.01;139.1;4305;fii;135.61;2.57;163.79;2.58;49.3;ESTAVEL
2020-07-24;1595548800000;RBED11.SA;168.0;169.49;167.99;168.6;139.59;3428;fii;135.65;2.9;163.84;2.91;51.59;ESTAVEL
2020-07-27;1595808000000;RBED11.SA;168.95;168.95;167.5;167.65;138.81;2036;fii;135.68;2.3;163.88;2.3;47.89;ESTAVEL
2020-07-28;1595894400000;RBED11.SA;167.6;168.92;167.55;168.26;139.31;1948;fii;135.72;2.64;163.92;2.65;50.35;ESTAVEL
2020-07-29;1595980800000;RBED11.SA;168.26;168.9;162.84;165.1;136.69;8158;fii;135.73;0.71;163.94;0.71;39.75;ESTAVEL
2020-07-30;1596067200000;RBED11.SA;165.11;165.49;163.99;165.0;136.61;3491;fii;135.74;0.64;163.95;0.64;39.48;ESTAVEL
2020-07-31;1596153600000;RBED11.SA;165.47;168.89;163.8;164.27;136.01;2813;fii;135.74;0.2;163.95;0.19;37.4;ESTAVEL
2020-08-03;1596412800000;RBED11.SA;162.5;164.5;160.27;162.5;134.54;2582;fii;135.73;-0.88;163.94;-0.88;32.84;ESTAVEL
2020-08-04;1596499200000;RBED11.SA;162.5;164.68;162.25;163.88;135.68;1507;fii;135.73;-0.04;163.94;-0.03;39.05;ESTAVEL
2020-08-05;1596585600000;RBED11.SA;163.99;164.2;162.51;163.56;135.42;1388;fii;135.73;-0.23;163.93;-0.23;38.18;ESTAVEL
2020-08-06;1596672000000;RBED11.SA;163.5;164.0;161.2;161.51;133.72;2736;fii;135.71;-1.46;163.91;-1.46;33.02;ESTAVEL
2020-08-07;1596758400000;RBED11.SA;161.48;163.25;161.48;162.4;134.46;770;fii;135.69;-0.91;163.89;-0.91;37.01;ESTAVEL
2020-08-10;1597017600000;RBED11.SA;162.42;164.0;161.75;161.75;133.92;3396;fii;135.67;-1.29;163.87;-1.29;35.36;ESTAVEL
2020-08-11;1597104000000;RBED11.SA;162.99;163.98;160.3;161.0;133.3;4864;fii;135.65;-1.73;163.84;-1.73;33.5;ESTAVEL
2020-08-12;1597190400000;RBED11.SA;162.42;164.65;161.13;161.85;134.0;3787;fii;135.63;-1.2;163.82;-1.2;37.49;ESTAVEL
2020-08-13;1597276800000;RBED11.SA;163.48;165.0;162.0;164.0;135.78;3256;fii;135.63;0.11;163.82;0.11;46.29;ESTAVEL
2020-08-14;1597363200000;RBED11.SA;164.49;169.47;163.0;168.15;139.22;4563;fii;135.67;2.62;163.86;2.62;58.47;ESTAVEL
2020-08-17;1597622400000;RBED11.SA;167.0;168.13;164.0;166.97;138.24;3577;fii;135.7;1.87;163.9;1.88;54.67;ESTAVEL
2020-08-18;1597708800000;RBED11.SA;166.97;168.0;165.0;166.66;137.99;4735;fii;135.72;1.67;163.93;1.67;53.71;ESTAVEL
2020-08-19;1597795200000;RBED11.SA;166.66;168.0;166.0;166.01;137.45;3935;fii;135.74;1.26;163.95;1.26;51.6;ESTAVEL
2020-08-20;1597881600000;RBED11.SA;167.48;167.9;166.1;167.31;138.52;3722;fii;135.77;2.03;163.98;2.03;55.34;ESTAVEL
2020-08-21;1597968000000;RBED11.SA;165.0;168.78;165.0;168.75;139.72;3433;fii;135.81;2.88;164.03;2.88;59.15;ESTAVEL
2020-08-24;1598227200000;RBED11.SA;168.79;168.79;166.5;167.41;138.61;3427;fii;135.84;2.04;164.07;2.04;54.52;ESTAVEL
2020-08-25;1598313600000;RBED11.SA;166.99;169.73;165.5;167.8;138.93;7994;fii;135.87;2.25;164.1;2.25;55.6;ESTAVEL
2020-08-26;1598400000000;RBED11.SA;167.75;168.7;165.5;167.0;138.27;8426;fii;135.89;1.75;164.13;1.75;52.81;ESTAVEL
2020-08-27;1598486400000;RBED11.SA;168.01;168.9;165.5;168.0;139.1;3379;fii;135.93;2.33;164.17;2.33;55.81;ESTAVEL
2020-08-28;1598572800000;RBED11.SA;168.57;171.0;168.0;169.0;139.92;3132;fii;135.97;2.91;164.22;2.91;58.61;ESTAVEL
2020-08-31;1598832000000;RBED11.SA;169.22;174.0;169.0;169.99;140.74;3030;fii;136.02;3.47;164.28;3.47;61.25;ESTAVEL
2020-09-01;1598918400000;RBED11.SA;169.98;172.0;166.0;166.01;137.45;5388;fii;136.03;1.04;164.3;1.04;48.01;ESTAVEL
2020-09-02;1599004800000;RBED11.SA;166.04;167.99;164.0;166.5;137.85;3854;fii;136.05;1.32;164.32;1.32;49.44;ESTAVEL
2020-09-03;1599091200000;RBED11.SA;166.78;166.78;164.5;164.71;136.37;3018;fii;136.06;0.23;164.33;0.23;44.55;ESTAVEL
2020-09-04;1599177600000;RBED11.SA;165.09;165.1;163.94;164.79;136.44;2110;fii;136.06;0.28;164.33;0.28;44.83;ESTAVEL
2020-09-08;1599523200000;RBED11.SA;164.79;164.79;162.26;163.21;135.13;5866;fii;136.05;-0.68;164.32;-0.68;40.72;ESTAVEL
2020-09-09;1599609600000;RBED11.SA;163.22;164.2;163.2;163.2;135.12;2329;fii;136.04;-0.68;164.31;-0.68;40.69;ESTAVEL
2020-09-10;1599696000000;RBED11.SA;164.01;165.81;163.96;164.0;135.78;4813;fii;136.04;-0.19;164.31;-0.19;43.7;ESTAVEL
2020-09-11;1599782400000;RBED11.SA;164.0;165.01;164.0;164.99;136.6;766;fii;136.04;0.41;164.31;0.41;47.29;ESTAVEL
2020-09-14;1600041600000;RBED11.SA;164.08;165.99;164.08;165.87;137.33;581;fii;136.06;0.94;164.33;0.94;50.32;ESTAVEL
2020-09-15;1600128000000;RBED11.SA;165.88;165.88;164.89;165.78;137.26;595;fii;136.07;0.88;164.34;0.87;50.02;ESTAVEL
2020-09-16;1600214400000;RBED11.SA;165.8;166.0;165.3;165.3;136.86;1873;fii;136.08;0.58;164.35;0.58;48.27;ESTAVEL
2020-09-17;1600300800000;RBED11.SA;165.98;166.0;165.63;166.0;137.44;1241;fii;136.09;0.99;164.37;0.99;50.95;ESTAVEL
2020-09-18;1600387200000;RBED11.SA;166.0;166.99;165.71;166.7;138.02;682;fii;136.11;1.4;164.4;1.4;53.55;ESTAVEL
2020-09-21;1600646400000;RBED11.SA;166.7;166.7;165.75;166.15;137.56;768;fii;136.13;1.05;164.41;1.06;51.23;ESTAVEL
2020-09-22;1600732800000;RBED11.SA;166.4;166.99;166.2;166.46;137.82;743;fii;136.14;1.23;164.43;1.23;52.49;ESTAVEL
2020-09-23;1600819200000;RBED11.SA;166.79;166.8;166.51;166.79;138.09;1044;fii;136.16;1.42;164.46;1.42;53.81;ESTAVEL
2020-09-24;1600905600000;RBED11.SA;166.79;166.79;166.5;166.5;137.85;945;fii;136.18;1.23;164.48;1.23;52.41;ESTAVEL
2020-09-25;1600992000000;RBED11.SA;166.11;166.11;159.5;162.87;134.85;5296;fii;136.17;-0.97;164.46;-0.97;38.82;ESTAVEL
2020-09-28;1601251200000;RBED11.SA;163.0;163.35;162.87;162.99;134.95;1541;fii;136.15;-0.88;164.45;-0.89;39.38;ESTAVEL
2020-09-29;1601337600000;RBED11.SA;162.99;164.69;162.99;163.89;135.69;1004;fii;136.15;-0.34;164.44;-0.34;43.53;ESTAVEL
2020-09-30;1601424000000;RBED11.SA;164.22;164.57;163.8;164.57;136.26;1477;fii;136.15;0.08;164.44;0.08;46.57;ESTAVEL
2020-10-01;1601510400000;RBED11.SA;164.7;165.56;163.01;163.01;134.96;1198;fii;136.14;-0.87;164.43;-0.86;41.14;ESTAVEL
2020-10-02;1601596800000;RBED11.SA;164.3;164.31;163.5;163.66;135.5;593;fii;136.13;-0.46;164.42;-0.46;44.06;ESTAVEL
2020-10-05;1601856000000;RBED11.SA;164.21;164.98;163.14;163.35;135.25;818;fii;136.12;-0.64;164.41;-0.64;42.99;ESTAVEL
2020-10-06;1601942400000;RBED11.SA;163.36;164.44;163.29;163.5;135.37;2375;fii;136.12;-0.55;164.4;-0.55;43.7;ESTAVEL
2020-10-07;1602028800000;RBED11.SA;164.33;164.33;163.91;163.99;135.78;901;fii;136.11;-0.24;164.4;-0.25;46.14;ESTAVEL
2020-10-08;1602115200000;RBED11.SA;163.91;164.19;163.0;163.1;135.04;657;fii;136.1;-0.78;164.38;-0.78;42.55;ESTAVEL
2020-10-09;1602201600000;RBED11.SA;163.1;163.88;162.53;163.24;135.15;1378;fii;136.09;-0.69;164.37;-0.69;43.26;ESTAVEL
2020-10-13;1602547200000;RBED11.SA;163.23;163.25;162.8;163.25;135.16;1566;fii;136.08;-0.68;164.36;-0.68;43.33;ESTAVEL
2020-10-14;1602633600000;RBED11.SA;163.4;163.4;162.72;162.98;134.94;1360;fii;136.07;-0.83;164.35;-0.83;42.13;ESTAVEL
2020-10-15;1602720000000;RBED11.SA;162.95;163.45;162.8;163.44;135.32;1217;fii;136.06;-0.55;164.34;-0.55;44.96;ESTAVEL
2020-10-16;1602806400000;RBED11.SA;163.43;163.45;162.65;163.11;135.05;1407;fii;136.05;-0.74;164.32;-0.74;43.34;ESTAVEL
2020-10-19;1603065600000;RBED11.SA;163.44;163.45;162.95;162.95;134.91;1300;fii;136.04;-0.83;164.31;-0.83;42.48;ESTAVEL
2020-10-20;1603152000000;RBED11.SA;163.0;164.0;162.49;162.5;134.54;1623;fii;136.02;-1.09;164.29;-1.09;40.22;ESTAVEL
2020-10-21;1603238400000;RBED11.SA;162.5;162.5;161.99;162.0;134.13;1624;fii;136.01;-1.38;164.27;-1.38;37.81;ESTAVEL
2020-10-22;1603324800000;RBED11.SA;162.0;162.5;161.4;161.4;133.63;1558;fii;135.98;-1.73;164.24;-1.73;35.06;ESTAVEL
2020-10-23;1603411200000;RBED11.SA;161.41;162.5;161.0;161.91;134.05;1947;fii;135.96;-1.41;164.22;-1.4;39.07;ESTAVEL
2020-10-26;1603670400000;RBED11.SA;161.91;162.5;161.0;161.0;133.3;1523;fii;135.93;-1.94;164.18;-1.94;34.92;ESTAVEL
2020-10-27;1603756800000;RBED11.SA;162.12;162.5;161.0;162.3;134.38;1726;fii;135.92;-1.13;164.16;-1.13;44.12;ESTAVEL
2020-10-28;1603843200000;RBED11.SA;161.03;161.99;160.01;161.03;133.32;2983;fii;135.89;-1.89;164.13;-1.89;38.39;ESTAVEL
2020-10-29;1603929600000;RBED11.SA;161.82;161.91;159.04;159.15;131.77;3096;fii;135.85;-3.0;164.08;-3.0;31.86;ESTAVEL
2020-10-30;1604016000000;RBED11.SA;159.33;161.0;159.33;160.0;132.47;1885;fii;135.82;-2.46;164.04;-2.46;37.07;ESTAVEL
2020-11-03;1604361600000;RBED11.SA;160.0;161.0;158.5;159.84;132.34;1274;fii;135.78;-2.53;164.0;-2.53;36.51;ESTAVEL
2020-11-04;1604448000000;RBED11.SA;160.0;160.8;159.5;159.51;132.07;1784;fii;135.74;-2.71;163.95;-2.71;35.32;ESTAVEL
2020-11-05;1604534400000;RBED11.SA;161.19;161.19;158.5;159.1;131.73;6736;fii;135.7;-2.93;163.9;-2.93;33.83;ESTAVEL
2020-11-06;1604620800000;RBED11.SA;159.41;159.79;156.51;156.79;129.81;8069;fii;135.64;-4.3;163.83;-4.3;26.91;SUBIR
2020-11-09;1604880000000;RBED11.SA;156.9;158.21;156.65;157.0;129.99;3778;fii;135.58;-4.13;163.76;-4.13;28.39;SUBIR
2020-11-10;1604966400000;RBED11.SA;157.2;157.24;156.48;156.89;129.9;3859;fii;135.53;-4.15;163.69;-4.15;28.08;SUBIR
2020-11-11;1605052800000;RBED11.SA;156.98;157.0;156.5;156.5;129.57;3314;fii;135.47;-4.35;163.62;-4.35;26.94;SUBIR
2020-11-12;1605139200000;RBED11.SA;156.95;156.95;156.15;156.15;129.28;1933;fii;135.4;-4.52;163.54;-4.52;25.94;SUBIR
2020-11-13;1605225600000;RBED11.SA;156.03;156.98;155.42;155.8;128.99;4144;fii;135.34;-4.69;163.46;-4.69;24.94;SUBIR
2020-11-16;1605484800000;RBED11.SA;155.8;157.0;155.8;155.84;129.03;3640;fii;135.27;-4.62;163.38;-4.62;25.36;SUBIR
2020-11-17;1605571200000;RBED11.SA;155.1;155.84;155.1;155.79;128.99;3997;fii;135.21;-4.6;163.31;-4.6;25.21;SUBIR
2020-11-18;1605657600000;RBED11.SA;155.79;157.1;155.1;156.7;129.74;1778;fii;135.15;-4.01;163.24;-4.01;33.4;ESTAVEL
2020-11-19;1605744000000;RBED11.SA;156.63;156.8;155.74;156.0;129.16;2033;fii;135.09;-4.39;163.17;-4.39;30.61;ESTAVEL
2020-11-23;1606089600000;RBED11.SA;155.98;155.99;155.5;155.83;129.02;1776;fii;135.03;-4.45;163.09;-4.45;29.95;SUBIR
2020-11-24;1606176000000;RBED11.SA;155.9;156.0;155.01;155.99;129.15;4453;fii;134.97;-4.31;163.02;-4.31;31.41;ESTAVEL
2020-11-25;1606262400000;RBED11.SA;155.99;156.19;155.53;156.19;129.32;1094;fii;134.91;-4.15;162.95;-4.15;33.37;ESTAVEL
2020-11-26;1606348800000;RBED11.SA;156.2;156.8;156.16;156.7;129.74;780;fii;134.86;-3.8;162.89;-3.8;38.06;ESTAVEL
2020-11-27;1606435200000;RBED11.SA;156.8;156.8;156.4;156.8;129.82;1685;fii;134.81;-3.7;162.82;-3.7;38.94;ESTAVEL
2020-11-30;1606694400000;RBED11.SA;156.8;156.99;156.21;156.99;129.98;1876;fii;134.76;-3.55;162.77;-3.55;40.76;ESTAVEL
2020-12-01;1606780800000;RBED11.SA;155.98;156.41;155.44;155.9;129.08;1287;fii;134.7;-4.17;162.7;-4.18;34.53;ESTAVEL
2020-12-02;1606867200000;RBED11.SA;155.9;155.99;154.59;155.02;128.35;3051;fii;134.64;-4.67;162.62;-4.67;30.47;ESTAVEL
2020-12-03;1606953600000;RBED11.SA;155.25;155.98;154.72;154.94;128.28;2551;fii;134.57;-4.68;162.54;-4.68;30.1;ESTAVEL
2020-12-04;1607040000000;RBED11.SA;154.71;155.49;154.4;154.55;127.96;2059;fii;134.51;-4.87;162.46;-4.87;28.42;SUBIR
2020-12-07;1607299200000;RBED11.SA;155.0;155.0;153.68;154.2;127.67;3504;fii;134.44;-5.03;162.38;-5.03;26.95;SUBIR
2020-12-08;1607385600000;RBED11.SA;154.19;154.19;153.75;154.05;127.55;2081;fii;134.37;-5.07;162.29;-5.08;26.35;SUBIR
2020-12-09;1607472000000;RBED11.SA;154.09;156.13;152.96;153.89;127.41;5821;fii;134.3;-5.13;162.21;-5.13;25.62;SUBIR
2020-12-10;1607558400000;RBED11.SA;155.98;155.98;154.0;154.94;128.28;924;fii;134.24;-4.44;162.13;-4.44;37.18;ESTAVEL
2020-12-11;1607644800000;RBED11.SA;154.84;154.84;153.79;154.19;127.66;3575;fii;134.17;-4.85;162.05;-4.85;33.22;ESTAVEL
2020-12-14;1607904000000;RBED11.SA;154.19;154.6;151.0;154.01;127.51;2367;fii;134.1;-4.92;161.97;-4.91;32.32;ESTAVEL
2020-12-15;1607990400000;RBED11.SA;154.01;154.09;152.5;153.55;127.13;4297;fii;134.03;-5.15;161.89;-5.15;30.1;ESTAVEL
2020-12-16;1608076800000;RBED11.SA;153.87;153.87;153.01;153.31;126.93;17950;fii;133.96;-5.25;161.8;-5.25;28.98;SUBIR
2020-12-17;1608163200000;RBED11.SA;153.31;154.0;153.04;153.89;127.41;1855;fii;133.89;-4.84;161.72;-4.84;35.24;ESTAVEL
2020-12-18;1608249600000;RBED11.SA;154.0;154.0;153.28;153.28;126.91;4032;fii;133.82;-5.17;161.63;-5.17;32.07;ESTAVEL
2020-12-21;1608508800000;RBED11.SA;153.25;153.99;152.9;153.34;126.96;1843;fii;133.75;-5.08;161.55;-5.08;32.72;ESTAVEL
2020-12-22;1608595200000;RBED11.SA;153.7;153.97;153.12;153.31;126.93;1309;fii;133.69;-5.05;161.47;-5.05;32.52;ESTAVEL
2020-12-23;1608681600000;RBED11.SA;153.44;153.94;152.01;153.92;127.44;7766;fii;133.62;-4.63;161.39;-4.63;39.37;ESTAVEL
2020-12-28;1609113600000;RBED11.SA;153.92;153.97;149.01;153.26;126.89;36306;fii;133.55;-4.99;161.31;-4.99;35.22;ESTAVEL
2020-12-29;1609200000000;RBED11.SA;153.26;153.5;152.42;153.19;126.83;3753;fii;133.49;-4.99;161.22;-4.98;34.79;ESTAVEL
2020-12-30;1609286400000;RBED11.SA;153.18;153.86;153.14;153.8;127.34;6075;fii;133.42;-4.56;161.15;-4.56;41.36;ESTAVEL
2021-01-04;1609718400000;RBED11.SA;152.8;154.0;152.8;153.39;127.0;1917;fii;133.36;-4.77;161.07;-4.77;38.57;ESTAVEL
2021-01-05;1609804800000;RBED11.SA;153.4;153.4;152.92;153.37;126.98;2746;fii;133.29;-4.74;160.99;-4.74;38.4;ESTAVEL
2021-01-06;1609891200000;RBED11.SA;153.59;153.59;153.4;153.55;127.13;2240;fii;133.23;-4.58;160.92;-4.58;40.45;ESTAVEL
2021-01-07;1609977600000;RBED11.SA;153.55;153.64;152.9;153.29;126.92;2742;fii;133.17;-4.69;160.84;-4.69;38.52;ESTAVEL
2021-01-08;1610064000000;RBED11.SA;153.4;153.44;153.0;153.07;126.73;1205;fii;133.1;-4.79;160.76;-4.79;36.81;ESTAVEL
2021-01-11;1610323200000;RBED11.SA;153.0;153.22;152.71;152.71;126.44;1464;fii;133.04;-4.96;160.68;-4.96;34.3;ESTAVEL
2021-01-12;1610409600000;RBED11.SA;152.75;152.99;150.56;152.23;126.04;2651;fii;132.97;-5.21;160.6;-5.21;31.16;ESTAVEL
2021-01-13;1610496000000;RBED11.SA;152.89;152.89;151.0;152.36;126.15;2082;fii;132.9;-5.08;160.51;-5.08;32.98;ESTAVEL
2021-01-14;1610582400000;RBED11.SA;152.36;152.9;150.52;151.99;125.84;1318;fii;132.83;-5.26;160.43;-5.26;30.53;ESTAVEL
2021-01-15;1610668800000;RBED11.SA;152.36;152.84;151.4;152.4;126.18;1999;fii;132.76;-4.95;160.35;-4.96;36.13;ESTAVEL
2021-01-18;1610928000000;RBED11.SA;152.79;152.88;152.41;152.6;126.34;1625;fii;132.69;-4.79;160.27;-4.78;38.64;ESTAVEL
2021-01-19;1611014400000;RBED11.SA;152.79;152.9;152.0;152.7;126.43;2425;fii;132.63;-4.67;160.19;-4.68;40.07;ESTAVEL
2021-01-20;1611100800000;RBED11.SA;152.14;153.0;152.14;153.0;126.68;1398;fii;132.57;-4.44;160.12;-4.45;43.97;ESTAVEL
2021-01-21;1611187200000;RBED11.SA;152.72;153.6;152.72;153.45;127.05;4059;fii;132.51;-4.12;160.05;-4.12;49.23;ESTAVEL
2021-01-22;1611273600000;RBED11.SA;153.58;153.6;153.5;153.6;127.17;5231;fii;132.46;-3.99;159.99;-3.99;50.84;ESTAVEL
2021-01-26;1611619200000;RBED11.SA;153.5;154.24;153.5;154.0;127.5;1300;fii;132.41;-3.71;159.93;-3.71;55.07;ESTAVEL
2021-01-27;1611705600000;RBED11.SA;154.0;154.5;153.81;154.37;127.81;1553;fii;132.36;-3.44;159.87;-3.44;58.66;ESTAVEL
2021-01-28;1611792000000;RBED11.SA;154.0;154.79;154.0;154.59;127.99;475;fii;132.32;-3.27;159.82;-3.27;60.63;ESTAVEL
2021-01-29;1611878400000;RBED11.SA;154.6;154.77;154.0;154.56;127.97;7799;fii;132.28;-3.26;159.76;-3.26;60.29;ESTAVEL
2021-02-01;1612137600000;RBED11.SA;154.56;155.38;149.5;152.59;126.34;6893;fii;132.22;-4.44;159.69;-4.45;40.26;ESTAVEL
2021-02-02;1612224000000;RBED11.SA;152.79;153.5;152.3;153.5;127.09;1847;fii;132.16;-3.84;159.63;-3.84;48.7;ESTAVEL
2021-02-03;1612310400000;RBED11.SA;153.5;153.5;152.31;153.19;126.83;1096;fii;132.11;-4.0;159.56;-3.99;46.26;ESTAVEL
2021-02-04;1612396800000;RBED11.SA;153.24;153.24;152.6;152.67;126.4;1996;fii;132.05;-4.28;159.49;-4.28;42.47;ESTAVEL
2021-02-05;1612483200000;RBED11.SA;152.68;153.5;152.68;153.25;126.88;964;fii;132.0;-3.88;159.43;-3.88;47.63;ESTAVEL
2021-02-08;1612742400000;RBED11.SA;153.25;153.5;152.2;152.69;126.42;3822;fii;131.94;-4.19;159.36;-4.19;43.59;ESTAVEL
2021-02-09;1612828800000;RBED11.SA;152.78;153.07;150.2;151.3;125.27;8787;fii;131.88;-5.01;159.28;-5.01;35.5;ESTAVEL
2021-02-10;1612915200000;RBED11.SA;151.32;151.37;149.98;150.37;124.5;5276;fii;131.8;-5.54;159.19;-5.54;31.3;ESTAVEL
2021-02-11;1613001600000;RBED11.SA;151.35;151.35;149.55;149.6;123.86;4266;fii;131.72;-5.97;159.1;-5.97;28.31;SUBIR
2021-02-12;1613088000000;RBED11.SA;150.3;150.85;149.03;149.03;123.39;6523;fii;131.64;-6.27;158.99;-6.27;26.32;SUBIR
2021-02-17;1613520000000;RBED11.SA;149.49;149.6;148.3;148.69;123.11;6175;fii;131.55;-6.42;158.89;-6.42;25.18;SUBIR
2021-02-18;1613606400000;RBED11.SA;148.04;148.04;144.91;146.52;121.31;12672;fii;131.45;-7.71;158.77;-7.71;19.39;SUBIR
2021-02-19;1613692800000;RBED11.SA;146.52;148.98;146.4;148.01;122.54;4062;fii;131.36;-6.71;158.66;-6.71;31.06;ESTAVEL
2021-02-22;1613952000000;RBED11.SA;148.75;150.0;145.15;148.25;122.74;3840;fii;131.27;-6.5;158.55;-6.5;32.77;ESTAVEL
2021-02-23;1614038400000;RBED11.SA;148.48;150.05;148.25;149.88;124.09;3463;fii;131.2;-5.42;158.47;-5.42;43.01;ESTAVEL
2021-02-24;1614124800000;RBED11.SA;149.88;150.95;149.5;150.79;124.85;1627;fii;131.14;-4.79;158.39;-4.8;47.83;ESTAVEL
2021-02-25;1614211200000;RBED11.SA;150.79;151.63;150.49;151.22;125.2;1701;fii;131.08;-4.48;158.32;-4.48;49.93;ESTAVEL
2021-02-26;1614297600000;RBED11.SA;151.3;151.42;150.5;150.61;124.7;3974;fii;131.01;-4.82;158.24;-4.82;47.02;ESTAVEL
2021-03-01;1614556800000;RBED11.SA;150.61;150.61;146.01;149.0;123.36;2971;fii;130.94;-5.79;158.15;-5.78;40.24;ESTAVEL
2021-03-02;1614643200000;RBED11.SA;149.0;149.0;145.27;146.07;120.94;3014;fii;130.84;-7.56;158.02;-7.57;31.44;ESTAVEL
2021-03-03;1614729600000;RBED11.SA;146.07;146.91;144.75;145.11;120.14;2194;fii;130.73;-8.1;157.89;-8.1;29.16;SUBIR
2021-03-04;1614816000000;RBED11.SA;145.11;149.4;144.4;146.05;120.92;2111;fii;130.63;-7.43;157.78;-7.43;34.16;ESTAVEL
2021-03-05;1614902400000;RBED11.SA;146.16;148.4;146.02;147.38;122.02;1874;fii;130.54;-6.53;157.67;-6.53;40.53;ESTAVEL
2021-03-08;1615161600000;RBED11.SA;147.38;147.48;146.0;146.51;121.3;1480;fii;130.45;-7.01;157.56;-7.01;37.94;ESTAVEL
2021-03-09;1615248000000;RBED11.SA;146.47;147.09;145.89;147.09;121.78;2551;fii;130.36;-6.58;157.45;-6.58;40.66;ESTAVEL
2021-03-10;1615334400000;RBED11.SA;147.09;147.1;146.3;146.52;121.31;1130;fii;130.27;-6.88;157.34;-6.88;38.87;ESTAVEL
2021-03-11;1615420800000;RBED11.SA;146.52;147.1;145.14;145.17;120.19;1121;fii;130.17;-7.67;157.22;-7.67;34.91;ESTAVEL
2021-03-12;1615507200000;RBED11.SA;145.18;147.1;145.18;145.75;120.67;1458;fii;130.08;-7.23;157.11;-7.23;37.83;ESTAVEL
2021-03-15;1615766400000;RBED11.SA;147.46;147.46;145.5;145.63;120.57;1783;fii;129.98;-7.24;156.99;-7.24;37.45;ESTAVEL
2021-03-16;1615852800000;RBED11.SA;145.63;147.5;145.62;147.5;122.12;4701;fii;129.9;-5.99;156.9;-5.99;46.38;ESTAVEL
2021-03-17;1615939200000;RBED11.SA;147.5;147.83;146.98;147.5;122.12;1578;fii;129.82;-5.93;156.8;-5.93;46.38;ESTAVEL
2021-03-18;1616025600000;RBED11.SA;147.0;147.5;146.4;146.77;121.52;612;fii;129.74;-6.34;156.7;-6.34;43.59;ESTAVEL
2021-03-19;1616112000000;RBED11.SA;147.48;147.5;146.0;147.26;121.92;1319;fii;129.66;-5.97;156.61;-5.97;45.92;ESTAVEL
2021-03-22;1616371200000;RBED11.SA;147.49;147.49;146.03;146.35;121.17;655;fii;129.58;-6.49;156.5;-6.49;42.38;ESTAVEL
2021-03-23;1616457600000;RBED11.SA;146.0;146.8;145.7;146.31;121.14;1039;fii;129.49;-6.45;156.4;-6.45;42.24;ESTAVEL
2021-03-24;1616544000000;RBED11.SA;146.02;146.8;145.4;146.18;121.03;1909;fii;129.41;-6.47;156.3;-6.47;41.69;ESTAVEL
2021-03-25;1616630400000;RBED11.SA;146.27;146.93;144.8;146.93;121.65;2645;fii;129.33;-5.94;156.2;-5.94;45.93;ESTAVEL
2021-03-26;1616716800000;RBED11.SA;145.11;145.61;144.9;144.9;119.97;10765;fii;129.23;-7.17;156.09;-7.17;37.89;ESTAVEL
2021-03-29;1616976000000;RBED11.SA;144.99;145.97;144.16;145.0;120.05;4868;fii;129.14;-7.04;155.98;-7.04;38.44;ESTAVEL
2021-03-30;1617062400000;RBED11.SA;145.01;145.9;144.0;145.0;120.05;5959;fii;129.05;-6.97;155.87;-6.97;38.44;ESTAVEL
2021-03-31;1617148800000;RBED11.SA;145.0;146.0;144.09;144.95;120.01;6481;fii;128.96;-6.94;155.76;-6.94;38.25;ESTAVEL
2021-04-01;1617235200000;RBED11.SA;144.98;144.98;142.04;143.02;118.41;2529;fii;128.85;-8.11;155.63;-8.1;31.32;ESTAVEL
2021-04-05;1617580800000;RBED11.SA;143.08;144.95;143.04;143.14;118.51;1878;fii;128.75;-7.95;155.51;-7.95;32.15;ESTAVEL
2021-04-06;1617667200000;RBED11.SA;143.97;144.0;143.5;143.52;118.83;1583;fii;128.65;-7.63;155.39;-7.64;34.85;ESTAVEL
2021-04-07;1617753600000;RBED11.SA;144.2;144.57;143.0;143.0;118.4;2266;fii;128.55;-7.89;155.26;-7.9;32.95;ESTAVEL
2021-04-08;1617840000000;RBED11.SA;143.0;143.99;140.05;141.6;117.24;2981;fii;128.43;-8.72;155.12;-8.72;28.45;SUBIR
2021-04-09;1617926400000;RBED11.SA;143.98;143.98;140.07;142.3;117.82;1915;fii;128.33;-8.19;155.0;-8.19;33.35;ESTAVEL
2021-04-12;1618185600000;RBED11.SA;141.7;142.58;141.05;141.91;117.49;2118;fii;128.22;-8.37;154.86;-8.36;32.01;ESTAVEL
2021-04-13;1618272000000;RBED11.SA;142.3;142.3;141.0;142.0;117.57;1541;fii;128.11;-8.23;154.73;-8.23;32.72;ESTAVEL
2021-04-14;1618358400000;RBED11.SA;142.43;142.43;141.01;141.96;117.54;1073;fii;128.01;-8.18;154.61;-8.18;32.58;ESTAVEL
2021-04-15;1618444800000;RBED11.SA;142.0;143.0;142.0;143.0;118.4;2731;fii;127.91;-7.43;154.49;-7.44;40.3;ESTAVEL
2021-04-16;1618531200000;RBED11.SA;143.0;143.49;139.96;142.3;117.82;4775;fii;127.81;-7.82;154.37;-7.82;37.21;ESTAVEL
2021-04-19;1618790400000;RBED11.SA;142.3;142.3;141.5;141.99;117.56;1646;fii;127.71;-7.94;154.24;-7.94;35.88;ESTAVEL
2021-04-20;1618876800000;RBED11.SA;142.0;143.4;141.85;141.95;117.53;3434;fii;127.6;-7.89;154.12;-7.9;35.72;ESTAVEL
2021-04-22;1619049600000;RBED11.SA;142.0;142.0;141.85;141.96;117.54;1884;fii;127.5;-7.81;154.0;-7.82;35.82;ESTAVEL
2021-04-23;1619136000000;RBED11.SA;141.96;142.73;141.96;142.55;118.02;2754;fii;127.41;-7.37;153.88;-7.37;40.68;ESTAVEL
2021-04-26;1619395200000;RBED11.SA;142.2;143.0;141.97;141.99;117.56;3022;fii;127.31;-7.66;153.76;-7.66;37.73;ESTAVEL
2021-04-27;1619481600000;RBED11.SA;142.0;142.05;141.95;142.05;117.61;1759;fii;127.21;-7.55;153.65;-7.55;38.25;ESTAVEL
2021-04-28;1619568000000;RBED11.SA;142.05;142.09;141.92;142.01;117.58;2156;fii;127.12;-7.5;153.53;-7.5;38.05;ESTAVEL
2021-04-29;1619654400000;RBED11.SA;142.01;143.1;141.95;142.83;118.26;6635;fii;127.03;-6.9;153.42;-6.9;45.27;ESTAVEL
2021-04-30;1619740800000;RBED11.SA;142.5;142.89;141.5;142.49;117.97;4427;fii;126.94;-7.06;153.31;-7.06;42.97;ESTAVEL
2021-05-03;1620000000000;RBED11.SA;142.43;142.43;140.0;141.78;117.39;2593;fii;126.84;-7.45;153.2;-7.45;38.73;ESTAVEL
2021-05-04;1620086400000;RBED11.SA;141.78;141.93;140.5;141.4;117.07;2932;fii;126.74;-7.63;153.08;-7.63;36.59;ESTAVEL
2021-05-05;1620172800000;RBED11.SA;141.4;141.4;139.96;141.0;116.74;2769;fii;126.64;-7.82;152.96;-7.82;34.47;ESTAVEL
2021-05-06;1620259200000;RBED11.SA;141.01;141.5;140.25;141.5;117.15;2762;fii;126.55;-7.43;152.84;-7.42;39.18;ESTAVEL
2021-05-07;1620345600000;RBED11.SA;141.5;141.74;141.38;141.51;117.16;1623;fii;126.45;-7.35;152.73;-7.35;39.3;ESTAVEL
2021-05-10;1620604800000;RBED11.SA;142.0;142.39;141.5;142.39;117.89;4100;fii;126.37;-6.71;152.63;-6.71;47.13;ESTAVEL
2021-05-11;1620691200000;RBED11.SA;142.63;144.47;142.1;143.06;118.45;2195;fii;126.29;-6.21;152.53;-6.21;52.23;ESTAVEL
2021-05-12;1620777600000;RBED11.SA;143.07;148.18;143.07;146.01;120.89;3663;fii;126.23;-4.23;152.47;-4.23;67.11;ESTAVEL
2021-05-13;1620864000000;RBED11.SA;146.01;147.47;146.0;146.0;120.88;2063;fii;126.18;-4.2;152.4;-4.2;67.02;ESTAVEL
2021-05-14;1620950400000;RBED11.SA;146.0;147.59;146.0;147.43;122.06;1631;fii;126.14;-3.23;152.35;-3.23;71.92;ESTAVEL
2021-05-17;1621209600000;RBED11.SA;147.43;147.71;146.0;147.3;121.96;2679;fii;126.1;-3.28;152.3;-3.28;70.95;ESTAVEL
2021-05-18;1621296000000;RBED11.SA;147.33;148.0;147.0;147.0;121.71;3683;fii;126.05;-3.45;152.25;-3.45;68.49;ESTAVEL
2021-05-19;1621382400000;RBED11.SA;147.0;147.89;146.45;147.0;121.71;1538;fii;126.01;-3.41;152.2;-3.41;68.49;ESTAVEL
2021-05-20;1621468800000;RBED11.SA;147.5;147.89;146.0;146.62;121.39;3193;fii;125.96;-3.63;152.14;-3.63;65.13;ESTAVEL
2021-05-21;1621555200000;RBED11.SA;147.83;147.88;146.0;146.62;121.39;3180;fii;125.92;-3.6;152.08;-3.59;65.13;ESTAVEL
2021-05-24;1621814400000;RBED11.SA;146.62;147.88;146.12;147.0;121.71;1078;fii;125.88;-3.31;152.03;-3.31;67.0;ESTAVEL
2021-05-25;1621900800000;RBED11.SA;147.52;148.0;146.01;147.74;122.32;1255;fii;125.84;-2.8;151.99;-2.8;70.29;ESTAVEL
2021-05-26;1621987200000;RBED11.SA;147.74;147.79;146.5;147.38;122.02;870;fii;125.8;-3.01;151.94;-3.0;66.77;ESTAVEL
2021-05-27;1622073600000;RBED11.SA;147.0;147.39;146.03;147.39;122.03;1075;fii;125.76;-2.97;151.9;-2.97;66.83;ESTAVEL
2021-05-28;1622160000000;RBED11.SA;147.39;149.03;147.39;147.49;122.11;2497;fii;125.73;-2.88;151.85;-2.87;67.33;ESTAVEL
2021-05-31;1622419200000;RBED11.SA;147.49;148.4;146.9;147.55;122.16;1300;fii;125.69;-2.81;151.81;-2.81;67.67;ESTAVEL
2021-06-01;1622505600000;RBED11.SA;146.0;147.93;146.0;147.3;121.96;1336;fii;125.65;-2.94;151.77;-2.94;64.83;ESTAVEL
2021-06-02;1622592000000;RBED11.SA;147.3;147.3;146.05;146.63;121.4;863;fii;125.61;-3.35;151.71;-3.35;57.57;ESTAVEL
2021-06-04;1622764800000;RBED11.SA;146.63;148.0;146.6;147.94;122.49;1340;fii;125.58;-2.46;151.68;-2.46;65.64;ESTAVEL
2021-06-07;1623024000000;RBED11.SA;147.5;147.99;146.63;146.86;121.59;2040;fii;125.54;-3.15;151.63;-3.15;56.14;ESTAVEL
2021-06-08;1623110400000;RBED11.SA;147.99;148.49;147.0;147.81;122.38;1283;fii;125.51;-2.49;151.59;-2.49;61.42;ESTAVEL
2021-06-09;1623196800000;RBED11.SA;148.95;148.95;147.79;147.9;122.45;1235;fii;125.48;-2.41;151.55;-2.41;61.86;ESTAVEL
2021-06-10;1623283200000;RBED11.SA;147.74;148.0;146.8;147.81;122.38;1518;fii;125.45;-2.45;151.52;-2.45;61.11;ESTAVEL
2021-06-11;1623369600000;RBED11.SA;148.35;148.35;147.51;148.0;122.54;807;fii;125.42;-2.29;151.48;-2.3;62.23;ESTAVEL
2021-06-14;1623628800000;RBED11.SA;148.0;148.12;147.45;147.77;122.35;1746;fii;125.39;-2.42;151.44;-2.43;60.02;ESTAVEL
2021-06-15;1623715200000;RBED11.SA;148.0;148.35;146.6;147.0;121.71;1269;fii;125.35;-2.9;151.4;-2.91;53.15;ESTAVEL
2021-06-16;1623801600000;RBED11.SA;148.32;148.34;146.61;147.79;122.36;1751;fii;125.32;-2.36;151.36;-2.36;58.36;ESTAVEL
2021-06-17;1623888000000;RBED11.SA;147.99;148.0;146.6;147.35;122.0;942;fii;125.29;-2.62;151.32;-2.63;54.73;ESTAVEL
2021-06-18;1623974400000;RBED11.SA;148.22;148.22;146.8;147.35;122.0;620;fii;125.25;-2.6;151.28;-2.6;54.73;ESTAVEL
2021-06-21;1624233600000;RBED11.SA;148.0;148.0;147.0;147.61;122.21;878;fii;125.22;-2.41;151.25;-2.4;56.56;ESTAVEL
2021-06-22;1624320000000;RBED11.SA;147.63;148.35;144.11;144.11;119.32;3621;fii;125.17;-4.67;151.18;-4.67;35.38;ESTAVEL
2021-06-23;1624406400000;RBED11.SA;145.0;147.99;144.5;145.15;120.18;1724;fii;125.12;-3.94;151.12;-3.95;42.31;ESTAVEL
2021-06-24;1624492800000;RBED11.SA;145.02;145.99;145.02;145.44;120.42;1160;fii;125.07;-3.72;151.06;-3.72;44.11;ESTAVEL
2021-06-25;1624579200000;RBED11.SA;145.29;147.3;141.0;142.5;117.98;4090;fii;125.0;-5.61;150.97;-5.61;32.88;ESTAVEL
2021-06-28;1624838400000;RBED11.SA;142.45;142.45;135.01;138.22;114.44;3676;fii;124.89;-8.37;150.85;-8.37;23.52;SUBIR
2021-06-29;1624924800000;RBED11.SA;139.8;140.95;139.15;140.76;116.54;1985;fii;124.81;-6.62;150.74;-6.62;35.29;ESTAVEL
2021-06-30;1625011200000;RBED11.SA;140.76;142.05;140.54;141.49;117.15;1333;fii;124.73;-6.08;150.65;-6.08;38.26;ESTAVEL
2021-07-01;1625097600000;RBED11.SA;141.5;141.95;140.51;141.95;117.53;702;fii;124.66;-5.72;150.56;-5.72;40.1;ESTAVEL
2021-07-02;1625184000000;RBED11.SA;141.95;142.0;141.9;141.98;117.55;823;fii;124.59;-5.65;150.48;-5.65;40.2;ESTAVEL
2021-07-05;1625443200000;RBED11.SA;141.97;141.98;141.5;141.87;117.46;1237;fii;124.52;-5.67;150.39;-5.67;39.88;ESTAVEL
2021-07-06;1625529600000;RBED11.SA;141.87;141.97;141.53;141.9;117.49;1152;fii;124.45;-5.59;150.31;-5.59;40.05;ESTAVEL
2021-07-07;1625616000000;RBED11.SA;141.94;142.2;140.22;140.31;116.17;1127;fii;124.36;-6.59;150.21;-6.59;35.2;ESTAVEL
2021-07-08;1625702400000;RBED11.SA;140.34;141.88;137.92;140.16;116.05;3468;fii;124.28;-6.62;150.11;-6.63;34.79;ESTAVEL
2021-07-12;1626048000000;RBED11.SA;140.16;144.99;139.16;143.69;118.97;2258;fii;124.23;-4.23;150.04;-4.23;50.11;ESTAVEL
2021-07-13;1626134400000;RBED11.SA;144.99;146.12;142.27;145.65;120.59;1628;fii;124.19;-2.9;150.0;-2.9;56.25;ESTAVEL
2021-07-14;1626220800000;RBED11.SA;145.65;145.65;142.99;145.0;120.05;1820;fii;124.15;-3.3;149.95;-3.3;53.87;ESTAVEL
2021-07-15;1626307200000;RBED11.SA;144.67;145.59;144.0;145.59;120.54;1034;fii;124.11;-2.88;149.91;-2.88;55.7;ESTAVEL
2021-07-16;1626393600000;RBED11.SA;145.7;145.97;145.69;145.88;120.78;1105;fii;124.08;-2.66;149.87;-2.66;56.61;ESTAVEL
2021-07-19;1626652800000;RBED11.SA;145.97;145.97;143.01;143.9;119.14;1967;fii;124.03;-3.94;149.81;-3.94;49.19;ESTAVEL
2021-07-20;1626739200000;RBED11.SA;145.5;145.5;143.0;145.05;120.09;787;fii;123.99;-3.15;149.76;-3.14;53.03;ESTAVEL
2021-07-21;1626825600000;RBED11.SA;145.1;145.87;144.92;144.92;119.99;641;fii;123.95;-3.2;149.71;-3.2;52.58;ESTAVEL
2021-07-22;1626912000000;RBED11.SA;145.39;145.83;145.14;145.14;120.17;307;fii;123.91;-3.02;149.66;-3.02;53.35;ESTAVEL
2021-07-23;1626998400000;RBED11.SA;144.92;145.5;144.86;145.32;120.32;936;fii;123.88;-2.87;149.62;-2.87;54.02;ESTAVEL
2021-07-26;1627257600000;RBED11.SA;145.32;145.32;144.81;145.21;120.23;982;fii;123.84;-2.92;149.58;-2.92;53.52;ESTAVEL
2021-07-27;1627344000000;RBED11.SA;145.21;145.21;144.0;144.77;119.86;1329;fii;123.8;-3.18;149.53;-3.18;51.43;ESTAVEL
2021-07-28;1627430400000;RBED11.SA;144.77;145.09;144.77;144.9;119.97;1421;fii;123.76;-3.07;149.48;-3.07;52.03;ESTAVEL
2021-07-29;1627516800000;RBED11.SA;145.3;145.31;144.0;144.0;119.22;1014;fii;123.72;-3.64;149.43;-3.63;47.7;ESTAVEL
2021-07-30;1627603200000;RBED11.SA;145.3;145.31;144.7;145.23;120.24;753;fii;123.68;-2.78;149.39;-2.78;53.38;ESTAVEL
2021-08-02;1627862400000;RBED11.SA;144.14;144.14;143.02;143.4;118.73;1328;fii;123.63;-3.97;149.33;-3.97;45.5;ESTAVEL
2021-08-03;1627948800000;RBED11.SA;143.68;143.68;141.48;141.51;117.16;1192;fii;123.57;-5.19;149.25;-5.18;39.05;ESTAVEL
2021-08-04;1628035200000;RBED11.SA;141.51;143.68;141.51;142.15;117.69;516;fii;123.51;-4.71;149.18;-4.71;42.04;ESTAVEL
2021-08-05;1628121600000;RBED11.SA;143.67;143.67;140.0;140.95;116.7;2329;fii;123.44;-5.46;149.1;-5.46;38.27;ESTAVEL
2021-08-06;1628208000000;RBED11.SA;142.25;142.25;140.0;141.03;116.77;1469;fii;123.38;-5.35;149.01;-5.36;38.69;ESTAVEL
2021-08-09;1628467200000;RBED11.SA;140.96;140.96;138.88;140.12;116.01;1785;fii;123.3;-5.91;148.93;-5.91;35.84;ESTAVEL
2021-08-10;1628553600000;RBED11.SA;138.89;140.5;138.1;138.95;115.04;1471;fii;123.22;-6.64;148.83;-6.64;32.55;ESTAVEL
2021-08-11;1628640000000;RBED11.SA;140.39;140.4;138.46;139.62;115.6;531;fii;123.14;-6.13;148.73;-6.13;36.19;ESTAVEL
2021-08-12;1628726400000;RBED11.SA;139.8;140.48;139.5;140.0;115.91;782;fii;123.07;-5.82;148.65;-5.82;38.18;ESTAVEL
2021-08-13;1628812800000;RBED11.SA;140.0;141.98;140.0;140.61;116.42;2367;fii;123.01;-5.35;148.57;-5.36;41.42;ESTAVEL
2021-08-16;1629072000000;RBED11.SA;140.4;141.98;139.95;141.14;116.86;905;fii;122.94;-4.95;148.49;-4.95;44.14;ESTAVEL
2021-08-17;1629158400000;RBED11.SA;141.77;141.77;138.52;139.4;115.42;946;fii;122.87;-6.06;148.4;-6.07;37.93;ESTAVEL
2021-08-18;1629244800000;RBED11.SA;139.4;140.0;139.21;139.97;115.89;925;fii;122.8;-5.63;148.32;-5.63;40.86;ESTAVEL
2021-08-19;1629331200000;RBED11.SA;140.0;140.0;135.9;136.7;113.18;2077;fii;122.7;-7.76;148.2;-7.76;31.62;ESTAVEL
2021-08-20;1629417600000;RBED11.SA;139.42;139.43;135.15;136.25;112.81;1597;fii;122.6;-7.99;148.08;-7.99;30.6;ESTAVEL
2021-08-23;1629676800000;RBED11.SA;135.12;135.98;133.99;134.53;111.38;2741;fii;122.49;-9.07;147.95;-9.07;26.98;SUBIR
2021-08-24;1629763200000;RBED11.SA;134.61;138.99;134.61;137.2;113.59;908;fii;122.4;-7.2;147.84;-7.2;38.98;ESTAVEL
2021-08-25;1629849600000;RBED11.SA;138.0;138.75;137.05;138.5;114.67;675;fii;122.33;-6.26;147.75;-6.26;43.84;ESTAVEL
2021-08-26;1629936000000;RBED11.SA;138.49;138.5;136.54;137.7;114.01;669;fii;122.24;-6.74;147.65;-6.74;41.65;ESTAVEL
2021-08-27;1630022400000;RBED11.SA;137.7;137.7;137.03;137.4;113.76;618;fii;122.16;-6.88;147.54;-6.88;40.83;ESTAVEL
2021-08-30;1630281600000;RBED11.SA;137.7;137.7;137.46;137.7;114.01;1405;fii;122.08;-6.61;147.45;-6.61;42.07;ESTAVEL
2021-08-31;1630368000000;RBED11.SA;137.0;137.72;137.0;137.4;113.76;1221;fii;121.99;-6.75;147.35;-6.75;41.14;ESTAVEL
2021-09-01;1630454400000;RBED11.SA;137.41;137.83;136.41;137.52;113.86;1366;fii;121.91;-6.61;147.25;-6.61;41.69;ESTAVEL
2021-09-02;1630540800000;RBED11.SA;136.95;136.95;135.22;135.55;112.23;1192;fii;121.82;-7.87;147.13;-7.87;35.77;ESTAVEL
2021-09-03;1630627200000;RBED11.SA;136.5;136.91;134.98;135.47;112.16;1697;fii;121.72;-7.85;147.01;-7.85;35.54;ESTAVEL
2021-09-06;1630886400000;RBED11.SA;135.06;135.47;134.77;134.8;111.61;1138;fii;121.62;-8.23;146.89;-8.23;33.68;ESTAVEL
2021-09-08;1631059200000;RBED11.SA;135.49;136.0;134.59;134.59;111.43;2068;fii;121.52;-8.3;146.77;-8.3;33.07;ESTAVEL
2021-09-09;1631145600000;RBED11.SA;134.59;134.9;132.28;132.28;109.52;2415;fii;121.4;-9.78;146.63;-9.78;27.4;SUBIR
2021-09-10;1631232000000;RBED11.SA;131.13;133.9;130.4;133.81;110.79;979;fii;121.29;-8.66;146.5;-8.66;35.34;ESTAVEL
2021-09-13;1631491200000;RBED11.SA;133.82;134.83;133.53;133.82;110.8;1491;fii;121.19;-8.57;146.37;-8.57;35.4;ESTAVEL
2021-09-14;1631577600000;RBED11.SA;133.82;134.9;133.78;134.86;111.66;673;fii;121.09;-7.79;146.26;-7.79;40.5;ESTAVEL
2021-09-15;1631664000000;RBED11.SA;134.89;135.0;133.18;134.84;111.64;3019;fii;121.0;-7.73;146.14;-7.73;40.42;ESTAVEL
2021-09-16;1631750400000;RBED11.SA;134.14;134.85;134.0;134.01;110.95;1165;fii;120.9;-8.23;146.02;-8.23;37.66;ESTAVEL
2021-09-17;1631836800000;RBED11.SA;133.95;134.78;133.2;134.0;110.94;963;fii;120.8;-8.16;145.9;-8.16;37.62;ESTAVEL
2021-09-20;1632096000000;RBED11.SA;134.0;135.5;133.82;133.91;110.87;1153;fii;120.7;-8.14;145.78;-8.14;37.32;ESTAVEL
2021-09-21;1632182400000;RBED11.SA;133.91;135.92;133.85;135.05;111.81;1105;fii;120.61;-7.3;145.67;-7.29;43.8;ESTAVEL
2021-09-22;1632268800000;RBED11.SA;135.05;136.52;133.19;133.19;110.27;1054;fii;120.51;-8.5;145.55;-8.49;37.04;ESTAVEL
2021-09-23;1632355200000;RBED11.SA;135.71;136.0;134.0;134.51;111.37;1183;fii;120.42;-7.51;145.44;-7.52;43.72;ESTAVEL
2021-09-24;1632441600000;RBED11.SA;135.57;135.6;134.76;135.3;112.02;1202;fii;120.33;-6.91;145.34;-6.91;47.28;ESTAVEL
2021-09-27;1632700800000;RBED11.SA;135.31;135.52;134.01;134.2;111.11;1265;fii;120.24;-7.59;145.23;-7.59;43.16;ESTAVEL
2021-09-28;1632787200000;RBED11.SA;135.25;136.25;134.25;134.25;111.15;1300;fii;120.15;-7.49;145.12;-7.49;43.4;ESTAVEL
2021-09-29;1632873600000;RBED11.SA;135.47;136.01;134.75;135.22;111.96;505;fii;120.07;-6.75;145.02;-6.76;48.04;ESTAVEL
2021-09-30;1632960000000;RBED11.SA;135.22;135.55;134.9;135.3;112.02;1070;fii;119.99;-6.64;144.92;-6.64;48.38;ESTAVEL
2021-10-01;1633046400000;RBED11.SA;134.24;136.39;132.61;133.9;110.86;968;fii;119.9;-7.54;144.81;-7.54;42.61;ESTAVEL
2021-10-04;1633305600000;RBED11.SA;134.94;135.29;131.9;132.97;110.09;1855;fii;119.8;-8.1;144.69;-8.1;39.26;ESTAVEL
2021-10-05;1633392000000;RBED11.SA;132.99;132.99;132.26;132.64;109.82;944;fii;119.7;-8.25;144.57;-8.25;38.13;ESTAVEL
2021-10-06;1633478400000;RBED11.SA;132.1;133.02;131.54;132.8;109.95;794;fii;119.6;-8.07;144.46;-8.07;39.04;ESTAVEL
2021-10-07;1633564800000;RBED11.SA;132.98;133.05;132.21;133.04;110.15;637;fii;119.51;-7.83;144.34;-7.83;40.49;ESTAVEL
2021-10-08;1633651200000;RBED11.SA;133.05;133.92;132.31;133.92;110.88;718;fii;119.42;-7.15;144.24;-7.15;45.59;ESTAVEL
2021-10-11;1633910400000;RBED11.SA;133.92;134.98;132.8;134.62;111.46;776;fii;119.34;-6.61;144.14;-6.61;49.3;ESTAVEL
2021-10-13;1634083200000;RBED11.SA;134.62;135.99;132.01;132.03;109.31;3792;fii;119.24;-8.33;144.02;-8.33;38.74;ESTAVEL
2021-10-14;1634169600000;RBED11.SA;133.61;134.48;132.2;132.21;109.46;727;fii;119.15;-8.13;143.9;-8.13;39.71;ESTAVEL
2021-10-15;1634256000000;RBED11.SA;132.3;134.12;132.3;134.03;110.97;779;fii;119.06;-6.8;143.81;-6.8;48.55;ESTAVEL
2021-10-18;1634515200000;RBED11.SA;134.03;135.0;133.32;134.15;111.07;1119;fii;118.98;-6.65;143.71;-6.65;49.08;ESTAVEL
2021-10-19;1634601600000;RBED11.SA;134.15;135.28;133.02;134.16;111.08;1167;fii;118.91;-6.58;143.61;-6.58;49.13;ESTAVEL
2021-10-20;1634688000000;RBED11.SA;133.99;133.99;132.94;133.9;110.86;1290;fii;118.82;-6.7;143.52;-6.7;47.87;ESTAVEL
2021-10-21;1634774400000;RBED11.SA;134.0;134.4;132.88;133.8;110.78;1298;fii;118.74;-6.71;143.42;-6.71;47.4;ESTAVEL
2021-10-22;1634860800000;RBED11.SA;133.7;134.38;132.2;132.31;109.55;1617;fii;118.65;-7.67;143.31;-7.68;40.69;ESTAVEL
2021-10-25;1635120000000;RBED11.SA;132.32;132.47;132.31;132.41;109.63;1484;fii;118.56;-7.53;143.2;-7.54;41.27;ESTAVEL
2021-10-26;1635206400000;RBED11.SA;133.5;133.5;131.9;133.06;110.17;901;fii;118.48;-7.01;143.1;-7.02;45.18;ESTAVEL
2021-10-27;1635292800000;RBED11.SA;133.5;134.4;132.04;132.04;109.32;926;fii;118.39;-7.66;142.99;-7.66;40.6;ESTAVEL
2021-10-28;1635379200000;RBED11.SA;132.06;132.14;131.7;132.0;109.29;1554;fii;118.3;-7.61;142.88;-7.61;40.44;ESTAVEL
2021-10-29;1635465600000;RBED11.SA;132.1;134.0;130.0;130.0;107.63;2426;fii;118.19;-8.94;142.75;-8.93;32.91;ESTAVEL
2021-11-01;1635724800000;RBED11.SA;129.99;131.56;126.5;127.4;105.48;1773;fii;118.06;-10.66;142.6;-10.66;26.12;SUBIR
2021-11-03;1635897600000;RBED11.SA;128.9;128.9;126.6;126.82;105.0;2039;fii;117.93;-10.97;142.44;-10.97;24.89;SUBIR
2021-11-04;1635984000000;RBED11.SA;126.36;127.0;124.99;125.21;103.67;1696;fii;117.79;-11.99;142.27;-11.99;21.82;SUBIR
2021-11-05;1636070400000;RBED11.SA;125.21;125.21;122.76;123.75;102.46;1266;fii;117.64;-12.9;142.08;-12.9;19.46;SUBIR
2021-11-08;1636329600000;RBED11.SA;124.86;124.9;122.5;123.66;102.38;1407;fii;117.49;-12.86;141.9;-12.85;19.31;SUBIR
2021-11-09;1636416000000;RBED11.SA;123.4;123.4;122.1;122.12;101.11;1336;fii;117.32;-13.82;141.7;-13.82;17.08;SUBIR
2021-11-10;1636502400000;RBED11.SA;122.12;123.03;121.07;121.11;100.27;1113;fii;117.15;-14.41;141.5;-14.41;15.79;SUBIR
2021-11-11;1636588800000;RBED11.SA;121.12;122.79;118.3;120.0;99.35;1861;fii;116.98;-15.07;141.28;-15.06;14.49;SUBIR
2021-11-12;1636675200000;RBED11.SA;120.0;121.8;118.11;119.0;98.53;2160;fii;116.79;-15.64;141.06;-15.64;13.43;SUBIR
2021-11-16;1637020800000;RBED11.SA;121.0;121.0;120.01;120.98;100.17;1367;fii;116.63;-14.11;140.86;-14.11;25.21;SUBIR
2021-11-17;1637107200000;RBED11.SA;121.0;124.99;118.51;120.51;99.78;2098;fii;116.46;-14.32;140.66;-14.32;24.36;SUBIR
2021-11-18;1637193600000;RBED11.SA;123.46;123.46;119.02;120.76;99.98;947;fii;116.29;-14.03;140.46;-14.03;25.74;SUBIR
2021-11-19;1637280000000;RBED11.SA;120.8;120.95;118.21;119.43;98.88;1902;fii;116.12;-14.85;140.25;-14.85;23.23;SUBIR
2021-11-22;1637539200000;RBED11.SA;119.0;120.0;118.22;119.8;99.19;1190;fii;115.95;-14.46;140.05;-14.46;25.44;SUBIR
2021-11-23;1637625600000;RBED11.SA;120.98;121.06;115.35;115.37;95.52;2433;fii;115.75;-17.48;139.8;-17.48;18.61;SUBIR
2021-11-24;1637712000000;RBED11.SA;115.37;117.4;115.37;116.8;96.7;1218;fii;115.56;-16.32;139.57;-16.32;25.53;SUBIR
2021-11-25;1637798400000;RBED11.SA;117.71;118.46;114.0;116.3;96.29;1319;fii;115.37;-16.54;139.34;-16.54;24.74;SUBIR
2021-11-26;1637884800000;RBED11.SA;116.32;117.31;116.2;116.27;96.27;1305;fii;115.18;-16.41;139.11;-16.42;24.7;SUBIR
2021-11-29;1638144000000;RBED11.SA;116.9;120.0;116.0;119.99;99.35;1039;fii;115.02;-13.62;138.92;-13.63;40.63;ESTAVEL
2021-11-30;1638230400000;RBED11.SA;120.0;123.0;119.9;122.5;101.42;1151;fii;114.88;-11.72;138.76;-11.72;48.51;ESTAVEL
2021-12-01;1638316800000;RBED11.SA;119.0;126.0;117.48;123.55;102.29;1320;fii;114.76;-10.86;138.6;-10.86;51.43;ESTAVEL
2021-12-02;1638403200000;RBED11.SA;124.0;124.35;123.0;123.0;101.84;861;fii;114.63;-11.16;138.45;-11.16;49.85;ESTAVEL
2021-12-03;1638489600000;RBED11.SA;124.99;126.05;123.01;125.97;104.3;774;fii;114.53;-8.93;138.32;-8.93;57.51;ESTAVEL
2021-12-06;1638748800000;RBED11.SA;126.0;129.75;125.97;125.97;104.3;902;fii;114.42;-8.85;138.2;-8.85;57.51;ESTAVEL
2021-12-07;1638835200000;RBED11.SA;129.65;129.73;127.04;127.76;105.78;520;fii;114.34;-7.48;138.1;-7.49;61.6;ESTAVEL
2021-12-08;1638921600000;RBED11.SA;129.69;129.69;125.11;127.48;105.55;781;fii;114.25;-7.61;137.99;-7.62;60.62;ESTAVEL
2021-12-09;1639008000000;RBED11.SA;127.5;129.49;127.5;129.49;107.21;339;fii;114.18;-6.1;137.91;-6.1;64.94;ESTAVEL
2021-12-10;1639094400000;RBED11.SA;129.49;130.08;128.53;130.08;107.7;465;fii;114.12;-5.62;137.83;-5.62;66.12;ESTAVEL
2021-12-13;1639353600000;RBED11.SA;128.29;130.08;126.5;127.71;105.74;1020;fii;114.03;-7.27;137.73;-7.27;57.74;ESTAVEL
2021-12-14;1639440000000;RBED11.SA;130.0;130.0;126.8;127.14;105.27;1429;fii;113.94;-7.61;137.62;-7.62;55.91;ESTAVEL
2021-12-15;1639526400000;RBED11.SA;127.22;129.76;127.2;129.76;107.43;1917;fii;113.88;-5.66;137.54;-5.66;61.89;ESTAVEL
2021-12-16;1639612800000;RBED11.SA;129.51;129.76;128.7;129.2;106.97;1103;fii;113.81;-6.01;137.46;-6.01;60.02;ESTAVEL
2021-12-17;1639699200000;RBED11.SA;129.15;129.15;128.0;128.99;106.8;458;fii;113.74;-6.1;137.38;-6.1;59.31;ESTAVEL
2021-12-20;1639958400000;RBED11.SA;129.0;129.76;127.9;128.83;106.66;759;fii;113.67;-6.17;137.29;-6.16;58.69;ESTAVEL
2021-12-21;1640044800000;RBED11.SA;129.35;129.35;127.51;127.95;105.94;1109;fii;113.59;-6.74;137.2;-6.74;55.49;ESTAVEL
2021-12-22;1640131200000;RBED11.SA;126.51;129.76;126.51;127.81;105.82;1054;fii;113.52;-6.78;137.1;-6.78;54.96;ESTAVEL
2021-12-23;1640217600000;RBED11.SA;129.57;129.57;128.3;128.8;106.64;1772;fii;113.45;-6.0;137.02;-6.0;57.95;ESTAVEL
2021-12-27;1640563200000;RBED11.SA;129.0;129.0;128.0;128.71;106.57;1882;fii;113.38;-6.01;136.94;-6.01;57.6;ESTAVEL
2021-12-28;1640649600000;RBED11.SA;129.06;129.07;128.02;128.81;106.65;1061;fii;113.31;-5.88;136.86;-5.88;57.92;ESTAVEL
2021-12-29;1640736000000;RBED11.SA;129.29;129.3;128.22;128.88;106.71;868;fii;113.25;-5.77;136.78;-5.77;58.17;ESTAVEL
2021-12-30;1640822400000;RBED11.SA;129.0;129.0;128.0;128.28;106.21;2286;fii;113.18;-6.15;136.69;-6.16;55.21;ESTAVEL
2022-01-03;1641168000000;RBED11.SA;129.0;129.0;124.0;126.4;104.65;2323;fii;113.09;-7.46;136.59;-7.46;47.16;ESTAVEL
2022-01-04;1641254400000;RBED11.SA;126.4;126.4;124.5;124.87;103.39;2172;fii;112.99;-8.5;136.47;-8.5;41.85;ESTAVEL
2022-01-05;1641340800000;RBED11.SA;124.53;124.53;123.3;123.45;102.21;2379;fii;112.89;-9.46;136.34;-9.46;37.58;ESTAVEL
2022-01-06;1641427200000;RBED11.SA;123.4;123.41;120.25;120.9;100.1;2688;fii;112.76;-11.23;136.19;-11.23;31.42;ESTAVEL
2022-01-07;1641513600000;RBED11.SA;120.99;120.99;118.88;119.5;98.94;2288;fii;112.62;-12.15;136.02;-12.15;28.63;SUBIR
2022-01-10;1641772800000;RBED11.SA;119.51;119.51;118.0;118.73;98.3;2060;fii;112.48;-12.61;135.85;-12.6;27.2;SUBIR
2022-01-11;1641859200000;RBED11.SA;118.72;120.16;117.08;120.14;99.47;2229;fii;112.35;-11.46;135.7;-11.46;33.72;ESTAVEL
2022-01-12;1641945600000;RBED11.SA;121.97;121.98;119.02;120.0;99.35;1678;fii;112.22;-11.47;135.54;-11.46;33.39;ESTAVEL
2022-01-13;1642032000000;RBED11.SA;121.83;121.83;118.04;118.04;97.73;1135;fii;112.08;-12.8;135.37;-12.8;29.23;SUBIR
2022-01-14;1642118400000;RBED11.SA;118.9;119.99;118.3;119.18;98.67;1263;fii;111.94;-11.86;135.2;-11.85;34.35;ESTAVEL
2022-01-17;1642377600000;RBED11.SA;119.18;124.0;119.03;124.0;102.67;1946;fii;111.85;-8.21;135.09;-8.21;50.68;ESTAVEL
2022-01-18;1642464000000;RBED11.SA;124.0;124.01;121.95;123.71;102.43;1816;fii;111.76;-8.34;134.98;-8.35;49.88;ESTAVEL
2022-01-19;1642550400000;RBED11.SA;124.48;124.48;122.21;123.0;101.84;1425;fii;111.66;-8.79;134.86;-8.79;47.88;ESTAVEL
2022-01-20;1642636800000;RBED11.SA;123.0;123.0;122.0;122.96;101.8;1058;fii;111.56;-8.75;134.74;-8.74;47.74;ESTAVEL
2022-01-21;1642723200000;RBED11.SA;122.99;122.99;121.58;121.87;100.9;1501;fii;111.45;-9.47;134.61;-9.47;44.57;ESTAVEL
2022-01-24;1642982400000;RBED11.SA;122.0;122.0;120.5;120.83;100.04;1787;fii;111.34;-10.15;134.48;-10.15;41.73;ESTAVEL
2022-01-25;1643068800000;RBED11.SA;120.9;121.98;120.01;121.98;100.99;1809;fii;111.24;-9.21;134.35;-9.21;45.84;ESTAVEL
2022-01-26;1643155200000;RBED11.SA;121.0;121.9;119.08;120.89;100.09;3247;fii;111.12;-9.93;134.22;-9.93;42.76;ESTAVEL
2022-01-27;1643241600000;RBED11.SA;119.02;120.95;119.02;119.99;99.35;1139;fii;111.01;-10.5;134.08;-10.51;40.36;ESTAVEL
2022-01-28;1643328000000;RBED11.SA;119.99;121.03;119.69;120.0;99.35;1425;fii;110.89;-10.41;133.93;-10.4;40.36;ESTAVEL
2022-01-31;1643587200000;RBED11.SA;120.0;124.99;119.03;124.99;103.49;2214;fii;110.82;-6.61;133.85;-6.62;56.28;ESTAVEL
2022-02-01;1643673600000;RBED11.SA;122.08;125.54;120.01;122.99;101.83;1840;fii;110.73;-8.04;133.74;-8.04;50.47;ESTAVEL
2022-02-02;1643760000000;RBED11.SA;124.98;124.98;121.05;122.95;101.8;658;fii;110.64;-7.99;133.63;-7.99;50.36;ESTAVEL
2022-02-03;1643846400000;RBED11.SA;124.0;124.99;120.3;124.99;103.49;1329;fii;110.57;-6.4;133.54;-6.41;55.75;ESTAVEL
2022-02-04;1643932800000;RBED11.SA;122.0;122.88;120.03;122.8;101.67;1058;fii;110.48;-7.97;133.44;-7.97;49.52;ESTAVEL
2022-02-07;1644192000000;RBED11.SA;122.81;122.81;118.5;119.34;98.81;4003;fii;110.36;-10.47;133.3;-10.47;41.64;ESTAVEL
2022-02-08;1644278400000;RBED11.SA;119.5;120.86;118.94;119.84;99.22;2647;fii;110.25;-10.01;133.16;-10.0;43.04;ESTAVEL
2022-02-09;1644364800000;RBED11.SA;119.23;119.97;118.94;118.96;98.49;1671;fii;110.13;-10.57;133.02;-10.57;41.15;ESTAVEL
2022-02-10;1644451200000;RBED11.SA;118.94;119.5;118.9;118.98;98.51;1176;fii;110.02;-10.46;132.88;-10.46;41.22;ESTAVEL
2022-02-11;1644537600000;RBED11.SA;118.98;120.34;118.98;119.94;99.3;1187;fii;109.91;-9.66;132.75;-9.65;44.29;ESTAVEL
2022-02-14;1644796800000;RBED11.SA;120.0;120.95;119.42;120.92;100.12;1770;fii;109.81;-8.83;132.63;-8.83;47.36;ESTAVEL
2022-02-15;1644883200000;RBED11.SA;121.0;122.9;121.0;121.65;100.72;560;fii;109.72;-8.21;132.53;-8.21;49.56;ESTAVEL
2022-02-16;1644969600000;RBED11.SA;121.81;122.86;121.0;122.86;101.72;1065;fii;109.64;-7.23;132.43;-7.23;53.06;ESTAVEL
2022-02-17;1645056000000;RBED11.SA;122.8;122.8;121.23;122.49;101.42;648;fii;109.56;-7.43;132.33;-7.44;51.9;ESTAVEL
2022-02-18;1645142400000;RBED11.SA;122.5;122.5;121.27;121.7;100.76;997;fii;109.47;-7.96;132.22;-7.96;49.33;ESTAVEL
2022-02-21;1645401600000;RBED11.SA;122.48;122.5;119.45;121.47;100.57;3465;fii;109.39;-8.06;132.12;-8.06;48.58;ESTAVEL
2022-02-22;1645488000000;RBED11.SA;121.47;122.5;120.39;122.19;101.17;991;fii;109.3;-7.44;132.02;-7.44;51.1;ESTAVEL
2022-02-23;1645574400000;RBED11.SA;122.3;122.5;121.43;122.46;101.39;689;fii;109.23;-7.17;131.92;-7.17;52.02;ESTAVEL
2022-02-24;1645660800000;RBED11.SA;122.46;122.46;120.82;122.0;101.01;818;fii;109.14;-7.45;131.82;-7.45;50.25;ESTAVEL
2022-02-25;1645747200000;RBED11.SA;121.02;122.98;121.02;122.0;101.01;1733;fii;109.06;-7.38;131.73;-7.38;50.25;ESTAVEL
2022-03-02;1646179200000;RBED11.SA;121.99;121.99;120.86;121.51;100.6;567;fii;108.98;-7.69;131.62;-7.68;48.2;ESTAVEL
2022-03-03;1646265600000;RBED11.SA;121.51;122.99;120.0;121.79;100.84;2093;fii;108.9;-7.4;131.53;-7.4;49.5;ESTAVEL
2022-03-04;1646352000000;RBED11.SA;121.6;123.0;120.57;122.69;101.58;1134;fii;108.82;-6.66;131.44;-6.66;53.39;ESTAVEL
2022-03-07;1646611200000;RBED11.SA;122.68;123.7;120.27;123.66;102.38;1082;fii;108.76;-5.87;131.36;-5.86;57.22;ESTAVEL
2022-03-08;1646697600000;RBED11.SA;123.66;123.68;122.11;122.97;101.81;611;fii;108.69;-6.33;131.28;-6.33;53.82;ESTAVEL
2022-03-09;1646784000000;RBED11.SA;122.98;124.0;121.39;123.37;102.14;817;fii;108.63;-5.97;131.2;-5.97;55.47;ESTAVEL
2022-03-10;1646870400000;RBED11.SA;123.37;123.37;121.47;122.0;101.01;729;fii;108.55;-6.95;131.11;-6.95;49.02;ESTAVEL
2022-03-11;1646956800000;RBED11.SA;121.99;123.37;121.0;122.74;101.62;4239;fii;108.48;-6.32;131.02;-6.32;52.25;ESTAVEL
2022-03-14;1647216000000;RBED11.SA;122.0;122.0;121.11;121.97;100.98;1007;fii;108.41;-6.85;130.93;-6.85;48.76;ESTAVEL
2022-03-15;1647302400000;RBED11.SA;121.97;121.98;121.19;121.35;100.47;1965;fii;108.33;-7.25;130.84;-7.25;46.12;ESTAVEL
2022-03-16;1647388800000;RBED11.SA;121.34;121.97;120.59;120.74;99.97;2828;fii;108.24;-7.64;130.74;-7.65;43.62;ESTAVEL
2022-03-17;1647475200000;RBED11.SA;120.73;120.73;120.06;120.14;99.47;1137;fii;108.16;-8.03;130.63;-8.03;41.22;ESTAVEL
2022-03-18;1647561600000;RBED11.SA;120.73;120.75;120.0;120.5;99.77;557;fii;108.07;-7.68;130.53;-7.68;43.24;ESTAVEL
2022-03-21;1647820800000;RBED11.SA;120.5;121.97;120.03;120.5;99.77;2756;fii;107.99;-7.61;130.43;-7.61;43.24;ESTAVEL
2022-03-22;1647907200000;RBED11.SA;121.94;121.96;120.07;120.39;99.68;1230;fii;107.91;-7.62;130.33;-7.63;42.73;ESTAVEL
2022-03-23;1647993600000;RBED11.SA;120.39;120.94;120.17;120.94;100.13;999;fii;107.83;-7.14;130.24;-7.14;46.16;ESTAVEL
2022-03-24;1648080000000;RBED11.SA;120.94;121.32;120.26;121.3;100.43;3107;fii;107.76;-6.8;130.15;-6.8;48.37;ESTAVEL
2022-03-25;1648166400000;RBED11.SA;121.3;122.2;120.53;122.2;101.18;1701;fii;107.69;-6.05;130.07;-6.05;53.52;ESTAVEL
2022-03-28;1648425600000;RBED11.SA;121.71;122.99;121.05;122.1;101.09;1125;fii;107.63;-6.07;129.99;-6.07;52.84;ESTAVEL
2022-03-29;1648512000000;RBED11.SA;122.85;123.19;121.75;123.19;101.99;2076;fii;107.57;-5.19;129.92;-5.18;58.53;ESTAVEL
2022-03-30;1648598400000;RBED11.SA;123.19;123.38;123.18;123.38;102.15;928;fii;107.52;-4.99;129.86;-4.99;59.46;ESTAVEL
2022-03-31;1648684800000;RBED11.SA;123.38;123.81;123.06;123.36;102.14;1862;fii;107.46;-4.95;129.79;-4.96;59.37;ESTAVEL
2022-04-01;1648771200000;RBED11.SA;122.99;124.35;121.77;124.04;102.7;376;fii;107.41;-4.39;129.74;-4.39;62.78;ESTAVEL
2022-04-04;1649030400000;RBED11.SA;124.66;124.84;124.06;124.69;103.24;609;fii;107.37;-3.85;129.69;-3.85;65.76;ESTAVEL
2022-04-05;1649116800000;RBED11.SA;125.12;125.49;124.0;124.93;103.44;2398;fii;107.33;-3.63;129.64;-3.63;66.82;ESTAVEL
2022-04-06;1649203200000;RBED11.SA;125.71;125.71;124.3;124.55;103.12;1777;fii;107.29;-3.89;129.59;-3.89;63.43;ESTAVEL
2022-04-07;1649289600000;RBED11.SA;124.61;125.32;123.0;123.07;101.9;1914;fii;107.24;-4.98;129.52;-4.98;52.52;ESTAVEL
2022-04-08;1649376000000;RBED11.SA;124.0;124.36;123.49;123.6;102.33;1188;fii;107.19;-4.53;129.46;-4.53;55.43;ESTAVEL
2022-04-11;1649635200000;RBED11.SA;123.6;123.99;123.01;123.4;102.17;931;fii;107.14;-4.64;129.4;-4.64;54.1;ESTAVEL
2022-04-12;1649721600000;RBED11.SA;123.9;123.9;122.0;123.39;102.16;1646;fii;107.09;-4.6;129.34;-4.6;54.02;ESTAVEL
2022-04-13;1649808000000;RBED11.SA;123.4;123.99;121.77;123.98;102.65;1715;fii;107.05;-4.11;129.29;-4.11;57.62;ESTAVEL
2022-04-14;1649894400000;RBED11.SA;123.98;124.0;115.0;121.03;100.21;43224;fii;106.98;-6.33;129.21;-6.33;40.57;ESTAVEL
2022-04-18;1650240000000;RBED11.SA;120.8;122.72;120.0;122.0;101.01;2327;fii;106.92;-5.53;129.14;-5.53;46.19;ESTAVEL
2022-04-19;1650326400000;RBED11.SA;122.0;122.0;121.0;121.75;100.8;1421;fii;106.86;-5.67;129.06;-5.67;44.99;ESTAVEL
2022-04-20;1650412800000;RBED11.SA;119.8;121.8;119.8;121.8;100.84;1912;fii;106.8;-5.58;128.99;-5.57;45.28;ESTAVEL
2022-04-22;1650585600000;RBED11.SA;121.8;122.99;120.02;122.09;101.08;1806;fii;106.74;-5.3;128.92;-5.3;47.1;ESTAVEL
2022-04-25;1650844800000;RBED11.SA;122.88;122.88;121.5;122.02;101.03;1736;fii;106.68;-5.3;128.85;-5.3;46.75;ESTAVEL
2022-04-26;1650931200000;RBED11.SA;122.0;122.03;121.51;122.0;101.01;1052;fii;106.63;-5.27;128.78;-5.27;46.6;ESTAVEL
2022-04-27;1651017600000;RBED11.SA;122.0;122.03;121.51;121.79;100.84;799;fii;106.57;-5.38;128.71;-5.38;45.29;ESTAVEL
2022-04-28;1651104000000;RBED11.SA;121.8;122.03;121.5;122.0;101.01;558;fii;106.51;-5.17;128.65;-5.17;46.9;ESTAVEL
2022-04-29;1651190400000;RBED11.SA;121.98;122.62;121.9;122.57;101.48;2143;fii;106.46;-4.68;128.59;-4.68;51.19;ESTAVEL
2022-05-02;1651449600000;RBED11.SA;122.48;122.48;121.26;121.6;101.62;949;fii;106.42;-4.51;128.52;-5.38;52.42;ESTAVEL
2022-05-03;1651536000000;RBED11.SA;121.25;121.9;120.52;121.25;101.33;1247;fii;106.36;-4.73;128.45;-5.6;49.63;ESTAVEL
2022-05-04;1651622400000;RBED11.SA;120.98;122.15;120.01;121.39;101.45;1330;fii;106.32;-4.58;128.38;-5.44;50.8;ESTAVEL
2022-05-05;1651708800000;RBED11.SA;121.39;121.39;119.9;121.33;101.4;2047;fii;106.27;-4.58;128.3;-5.44;50.27;ESTAVEL
2022-05-06;1651795200000;RBED11.SA;120.65;120.93;118.99;120.53;100.73;1333;fii;106.21;-5.16;128.23;-6.0;43.76;ESTAVEL
2022-05-09;1652054400000;RBED11.SA;120.59;120.59;118.89;119.37;99.76;1340;fii;106.15;-6.02;128.14;-6.84;36.41;ESTAVEL
2022-05-10;1652140800000;RBED11.SA;120.53;120.9;119.0;119.76;100.09;1502;fii;106.09;-5.65;128.06;-6.48;40.1;ESTAVEL
2022-05-11;1652227200000;RBED11.SA;119.01;120.04;118.62;119.01;99.46;1924;fii;106.02;-6.19;127.97;-7.0;35.83;ESTAVEL
2022-05-12;1652313600000;RBED11.SA;119.33;119.33;118.55;118.87;99.34;1785;fii;105.95;-6.24;127.88;-7.04;35.06;ESTAVEL
2022-05-13;1652400000000;RBED11.SA;119.18;119.18;118.32;118.98;99.43;1075;fii;105.89;-6.1;127.79;-6.89;36.16;ESTAVEL
2022-05-16;1652659200000;RBED11.SA;118.99;119.0;118.16;118.7;99.2;1825;fii;105.82;-6.26;127.7;-7.05;34.55;ESTAVEL
2022-05-17;1652745600000;RBED11.SA;118.7;119.44;118.41;118.98;99.43;1627;fii;105.76;-5.98;127.61;-6.76;37.55;ESTAVEL
2022-05-18;1652832000000;RBED11.SA;118.97;119.44;118.03;119.33;99.73;1190;fii;105.7;-5.65;127.53;-6.43;41.33;ESTAVEL
2022-05-19;1652918400000;RBED11.SA;119.25;120.26;119.0;120.26;100.5;2549;fii;105.65;-4.87;127.45;-5.64;49.74;ESTAVEL
2022-05-20;1653004800000;RBED11.SA;120.0;120.01;118.04;120.01;100.29;2004;fii;105.59;-5.02;127.38;-5.79;47.73;ESTAVEL
2022-05-23;1653264000000;RBED11.SA;120.01;121.3;119.0;119.03;99.48;1534;fii;105.53;-5.74;127.3;-6.49;40.87;ESTAVEL
2022-05-24;1653350400000;RBED11.SA;119.51;120.31;119.51;119.65;99.99;849;fii;105.48;-5.2;127.22;-5.95;46.12;ESTAVEL
2022-05-25;1653436800000;RBED11.SA;119.65;119.95;119.52;119.52;99.89;1075;fii;105.42;-5.25;127.14;-6.0;45.27;ESTAVEL
2022-05-26;1653523200000;RBED11.SA;121.28;121.28;119.02;119.68;100.02;1546;fii;105.37;-5.08;127.07;-5.82;46.65;ESTAVEL
2022-05-27;1653609600000;RBED11.SA;119.01;120.0;118.8;119.82;100.14;812;fii;105.32;-4.92;127.0;-5.65;47.95;ESTAVEL
2022-05-30;1653868800000;RBED11.SA;120.9;121.25;119.96;119.99;100.28;1695;fii;105.27;-4.74;126.93;-5.47;49.49;ESTAVEL
2022-05-31;1653955200000;RBED11.SA;119.95;121.49;119.95;121.49;101.53;1703;fii;105.23;-3.52;126.87;-4.24;60.71;ESTAVEL
2022-06-01;1654041600000;RBED11.SA;121.39;121.64;118.9;119.55;100.87;1314;fii;105.19;-4.1;126.8;-5.72;53.9;ESTAVEL
2022-06-02;1654128000000;RBED11.SA;119.98;119.98;119.55;119.93;101.19;942;fii;105.15;-3.76;126.73;-5.37;56.45;ESTAVEL
2022-06-03;1654214400000;RBED11.SA;119.97;120.0;119.36;119.41;100.76;1198;fii;105.1;-4.13;126.66;-5.72;52.27;ESTAVEL
2022-06-06;1654473600000;RBED11.SA;119.45;119.5;119.09;119.5;100.83;1575;fii;105.06;-4.03;126.59;-5.6;52.88;ESTAVEL
2022-06-07;1654560000000;RBED11.SA;119.5;119.5;119.0;119.5;100.83;1134;fii;105.02;-3.99;126.52;-5.55;52.88;ESTAVEL
2022-06-08;1654646400000;RBED11.SA;119.5;119.55;118.55;118.79;100.23;2353;fii;104.97;-4.52;126.44;-6.05;46.9;ESTAVEL
2022-06-09;1654732800000;RBED11.SA;118.79;119.29;118.57;118.8;100.24;1225;fii;104.92;-4.46;126.37;-5.99;47.01;ESTAVEL
2022-06-10;1654819200000;RBED11.SA;118.81;119.85;118.6;118.8;100.24;1326;fii;104.88;-4.42;126.29;-5.93;47.01;ESTAVEL
2022-06-13;1655078400000;RBED11.SA;118.6;119.0;117.52;118.5;99.99;2222;fii;104.83;-4.62;126.21;-6.11;44.4;ESTAVEL
2022-06-14;1655164800000;RBED11.SA;118.5;118.57;118.1;118.39;99.89;2589;fii;104.78;-4.67;126.13;-6.14;43.36;ESTAVEL
2022-06-15;1655251200000;RBED11.SA;118.54;118.99;118.3;118.8;100.24;1787;fii;104.73;-4.29;126.06;-5.76;47.94;ESTAVEL
2022-06-17;1655424000000;RBED11.SA;118.79;118.79;118.0;118.2;99.73;1397;fii;104.68;-4.73;125.98;-6.18;42.55;ESTAVEL
2022-06-20;1655683200000;RBED11.SA;118.83;118.83;117.06;117.15;98.85;2302;fii;104.63;-5.52;125.9;-6.95;35.18;ESTAVEL
2022-06-21;1655769600000;RBED11.SA;117.06;118.07;117.05;117.69;99.3;1749;fii;104.57;-5.04;125.81;-6.46;40.82;ESTAVEL
2022-06-22;1655856000000;RBED11.SA;117.08;118.16;117.08;118.08;99.63;2151;fii;104.52;-4.68;125.74;-6.09;44.63;ESTAVEL
2022-06-23;1655942400000;RBED11.SA;118.08;118.48;117.16;117.45;99.1;1877;fii;104.47;-5.14;125.65;-6.53;40.16;ESTAVEL
2022-06-24;1656028800000;RBED11.SA;118.49;118.49;117.11;118.32;99.84;1821;fii;104.42;-4.39;125.58;-5.78;47.99;ESTAVEL
2022-06-27;1656288000000;RBED11.SA;118.49;119.0;117.0;117.9;99.48;2899;fii;104.37;-4.69;125.5;-6.06;44.91;ESTAVEL
2022-06-28;1656374400000;RBED11.SA;117.91;117.91;117.09;117.5;99.14;2217;fii;104.32;-4.97;125.43;-6.32;42.16;ESTAVEL
2022-06-29;1656460800000;RBED11.SA;117.5;118.0;117.36;117.36;99.03;1546;fii;104.27;-5.03;125.34;-6.37;41.28;ESTAVEL
2022-06-30;1656547200000;RBED11.SA;117.99;117.99;117.13;117.9;99.48;2152;fii;104.22;-4.55;125.27;-5.88;46.23;ESTAVEL
2022-07-01;1656633600000;RBED11.SA;117.0;117.0;116.65;116.7;99.46;1127;fii;104.17;-4.53;125.19;-6.78;46.04;ESTAVEL
2022-07-04;1656892800000;RBED11.SA;116.78;116.78;116.11;116.26;99.09;1366;fii;104.12;-4.83;125.1;-7.06;42.63;ESTAVEL
2022-07-05;1656979200000;RBED11.SA;116.55;116.56;114.16;115.42;98.37;2872;fii;104.07;-5.47;125.0;-7.66;36.9;ESTAVEL
2022-07-06;1657065600000;RBED11.SA;115.55;116.59;115.42;116.59;99.37;1106;fii;104.02;-4.47;124.92;-6.67;47.46;ESTAVEL
2022-07-07;1657152000000;RBED11.SA;116.59;116.67;115.54;116.23;99.06;1079;fii;103.97;-4.72;124.83;-6.89;44.95;ESTAVEL
2022-07-08;1657238400000;RBED11.SA;116.22;116.23;115.63;116.2;99.04;1268;fii;103.92;-4.7;124.74;-6.85;44.79;ESTAVEL
2022-07-11;1657497600000;RBED11.SA;116.23;116.4;115.51;116.19;99.03;2009;fii;103.87;-4.66;124.66;-6.79;44.7;ESTAVEL
2022-07-12;1657584000000;RBED11.SA;116.39;116.4;115.44;115.44;98.39;814;fii;103.82;-5.23;124.57;-7.33;39.36;ESTAVEL
2022-07-13;1657670400000;RBED11.SA;115.89;115.89;115.03;115.44;98.39;2418;fii;103.76;-5.18;124.48;-7.26;39.36;ESTAVEL
2022-07-14;1657756800000;RBED11.SA;115.44;115.44;115.33;115.43;98.38;1897;fii;103.71;-5.14;124.39;-7.2;39.27;ESTAVEL
2022-07-15;1657843200000;RBED11.SA;115.43;115.44;115.03;115.39;98.35;1241;fii;103.66;-5.12;124.3;-7.17;39.0;ESTAVEL
2022-07-18;1658102400000;RBED11.SA;115.03;115.8;115.03;115.06;98.07;2795;fii;103.6;-5.34;124.2;-7.36;36.46;ESTAVEL
2022-07-19;1658188800000;RBED11.SA;115.15;115.76;114.5;115.41;98.36;2684;fii;103.55;-5.01;124.12;-7.02;40.76;ESTAVEL
2022-07-20;1658275200000;RBED11.SA;114.89;116.4;114.6;116.39;99.2;1536;fii;103.51;-4.16;124.04;-6.17;51.1;ESTAVEL
2022-07-21;1658361600000;RBED11.SA;116.4;116.4;115.5;116.28;99.11;746;fii;103.46;-4.21;123.96;-6.2;50.09;ESTAVEL
2022-07-22;1658448000000;RBED11.SA;116.28;118.0;116.0;117.08;99.79;1182;fii;103.43;-3.52;123.89;-5.5;56.99;ESTAVEL
2022-07-25;1658707200000;RBED11.SA;117.67;117.7;116.3;117.23;99.92;957;fii;103.39;-3.36;123.83;-5.33;58.18;ESTAVEL
2022-07-26;1658793600000;RBED11.SA;117.34;117.35;116.26;116.72;99.48;1211;fii;103.35;-3.75;123.76;-5.69;52.85;ESTAVEL
2022-07-27;1658880000000;RBED11.SA;116.72;116.72;115.5;116.0;98.87;1460;fii;103.31;-4.3;123.68;-6.21;46.49;ESTAVEL
2022-07-28;1658966400000;RBED11.SA;116.19;116.2;114.53;115.73;98.64;2815;fii;103.26;-4.47;123.6;-6.37;44.32;ESTAVEL
2022-07-29;1659052800000;RBED11.SA;115.73;116.2;115.1;116.17;99.01;2065;fii;103.22;-4.08;123.53;-5.96;48.48;ESTAVEL
2022-08-01;1659312000000;RBED11.SA;117.0;117.0;116.0;116.87;100.63;1015;fii;103.19;-2.48;123.46;-5.34;61.9;ESTAVEL
2022-08-02;1659398400000;RBED11.SA;116.44;117.95;116.0;116.1;99.97;2124;fii;103.16;-3.09;123.39;-5.91;55.55;ESTAVEL
2022-08-03;1659484800000;RBED11.SA;116.79;116.8;116.31;116.68;100.47;1128;fii;103.13;-2.58;123.32;-5.39;58.98;ESTAVEL
2022-08-04;1659571200000;RBED11.SA;116.8;117.73;116.0;117.0;100.74;1246;fii;103.11;-2.3;123.26;-5.08;60.75;ESTAVEL
2022-08-05;1659657600000;RBED11.SA;117.7;117.85;116.3;117.85;101.48;682;fii;103.09;-1.57;123.2;-4.35;65.17;ESTAVEL
2022-08-08;1659916800000;RBED11.SA;118.0;123.77;118.0;121.94;105.0;615;fii;103.11;1.83;123.19;-1.02;77.91;ESTAVEL
2022-08-09;1660003200000;RBED11.SA;121.94;124.5;121.94;124.4;107.12;1069;fii;103.15;3.85;123.2;0.97;82.14;ESTAVEL
2022-08-10;1660089600000;RBED11.SA;123.7;124.49;122.0;123.99;106.76;1668;fii;103.19;3.46;123.21;0.63;79.36;ESTAVEL
2022-08-11;1660176000000;RBED11.SA;124.0;130.5;123.99;130.4;112.28;1689;fii;103.28;8.72;123.28;5.77;86.76;ESTAVEL
2022-08-12;1660262400000;RBED11.SA;130.4;130.4;128.53;130.0;111.94;1690;fii;103.37;8.3;123.35;5.39;84.75;ESTAVEL
2022-08-15;1660521600000;RBED11.SA;129.99;130.0;129.01;129.95;111.89;1891;fii;103.45;8.16;123.42;5.29;84.44;ESTAVEL
2022-08-16;1660608000000;RBED11.SA;130.0;131.0;130.0;130.49;112.36;1139;fii;103.54;8.52;123.49;5.67;84.99;ESTAVEL
2022-08-17;1660694400000;RBED11.SA;130.49;131.19;128.06;130.0;111.94;1892;fii;103.62;8.03;123.55;5.22;82.16;ESTAVEL
2022-08-18;1660780800000;RBED11.SA;130.0;130.69;128.52;129.88;111.83;993;fii;103.7;7.84;123.61;5.07;81.4;ESTAVEL
2022-08-19;1660867200000;RBED11.SA;129.6;129.88;128.51;128.87;110.96;768;fii;103.78;6.92;123.67;4.21;75.42;ESTAVEL
2022-08-22;1661126400000;RBED11.SA;129.35;129.9;128.11;129.79;111.76;3762;fii;103.86;7.61;123.73;4.9;77.09;ESTAVEL
2022-08-23;1661212800000;RBED11.SA;129.85;131.1;129.05;129.39;111.41;1444;fii;103.93;7.2;123.78;4.53;74.7;ESTAVEL
2022-08-24;1661299200000;RBED11.SA;129.39;130.08;128.67;130.08;112.01;1128;fii;104.01;7.69;123.85;5.03;76.07;ESTAVEL
2022-08-25;1661385600000;RBED11.SA;130.08;130.5;129.99;130.0;111.94;734;fii;104.09;7.54;123.91;4.92;75.56;ESTAVEL
2022-08-26;1661472000000;RBED11.SA;130.57;132.0;129.54;131.5;113.23;1848;fii;104.18;8.69;123.98;6.06;78.44;ESTAVEL
2022-08-29;1661731200000;RBED11.SA;131.6;134.25;131.6;134.1;115.47;1062;fii;104.29;10.72;124.08;8.07;82.34;ESTAVEL
2022-08-30;1661817600000;RBED11.SA;134.1;136.59;133.02;135.41;116.6;774;fii;104.42;11.67;124.2;9.03;83.92;ESTAVEL
2022-08-31;1661904000000;RBED11.SA;135.41;137.8;134.98;137.5;118.39;1301;fii;104.56;13.23;124.33;10.59;86.05;ESTAVEL
2022-09-01;1661990400000;RBED11.SA;137.5;138.0;135.46;135.89;118.06;1192;fii;104.69;12.77;124.44;9.2;83.85;ESTAVEL
2022-09-02;1662076800000;RBED11.SA;135.89;138.8;135.53;137.5;119.46;891;fii;104.84;13.95;124.57;10.38;85.54;ESTAVEL
2022-09-05;1662336000000;RBED11.SA;137.0;137.5;135.76;135.79;117.98;810;fii;104.97;12.4;124.69;8.91;76.42;ESTAVEL
2022-09-06;1662422400000;RBED11.SA;135.51;137.0;134.1;134.51;116.87;1196;fii;105.09;11.21;124.78;7.8;70.37;ESTAVEL
2022-09-08;1662595200000;RBED11.SA;134.2;135.77;134.2;135.01;117.3;523;fii;105.21;11.49;124.88;8.11;71.31;ESTAVEL
2022-09-09;1662681600000;RBED11.SA;135.29;135.3;133.87;134.9;117.2;834;fii;105.33;11.27;124.98;7.93;70.75;ESTAVEL
2022-09-12;1662940800000;RBED11.SA;135.01;135.1;134.0;134.0;116.42;675;fii;105.44;10.42;125.07;7.14;66.32;ESTAVEL
2022-09-13;1663027200000;RBED11.SA;134.2;134.35;133.91;134.0;116.42;568;fii;105.55;10.3;125.16;7.06;66.32;ESTAVEL
2022-09-14;1663113600000;RBED11.SA;134.18;134.19;134.0;134.19;116.59;923;fii;105.66;10.35;125.25;7.14;66.84;ESTAVEL
2022-09-15;1663200000000;RBED11.SA;134.2;135.0;131.0;133.95;116.38;1047;fii;105.76;10.04;125.34;6.87;65.49;ESTAVEL
2022-09-16;1663286400000;RBED11.SA;133.95;134.49;132.0;133.6;116.08;1293;fii;105.87;9.65;125.42;6.52;63.5;ESTAVEL
2022-09-19;1663545600000;RBED11.SA;133.6;134.9;133.6;134.55;116.9;834;fii;105.98;10.31;125.51;7.2;66.49;ESTAVEL
2022-09-20;1663632000000;RBED11.SA;134.9;134.9;133.74;133.95;116.38;425;fii;106.08;9.71;125.6;6.65;62.97;ESTAVEL
2022-09-21;1663718400000;RBED11.SA;134.1;134.15;132.53;133.53;116.01;1175;fii;106.18;9.26;125.68;6.25;60.51;ESTAVEL
2022-09-22;1663804800000;RBED11.SA;134.12;134.12;132.85;132.9;115.47;784;fii;106.27;8.66;125.75;5.69;57.02;ESTAVEL
2022-09-23;1663891200000;RBED11.SA;132.9;134.15;132.9;133.71;116.17;1311;fii;106.37;9.21;125.83;6.27;60.23;ESTAVEL
2022-09-26;1664150400000;RBED11.SA;133.71;133.75;132.91;132.91;115.48;959;fii;106.46;8.47;125.9;5.57;55.81;ESTAVEL
2022-09-27;1664236800000;RBED11.SA;134.3;134.35;133.77;134.35;116.73;992;fii;106.56;9.54;125.98;6.64;61.34;ESTAVEL
2022-09-28;1664323200000;RBED11.SA;134.36;134.89;132.86;133.11;115.65;1557;fii;106.65;8.44;126.05;5.6;54.94;ESTAVEL
2022-09-29;1664409600000;RBED11.SA;133.0;133.99;132.0;133.22;115.74;606;fii;106.74;8.43;126.12;5.63;55.36;ESTAVEL
2022-09-30;1664496000000;RBED11.SA;134.12;136.81;133.57;136.81;118.86;866;fii;106.86;11.23;126.23;8.38;66.84;ESTAVEL
2022-10-03;1664755200000;RBED11.SA;135.6;137.0;132.66;132.66;116.3;1454;fii;106.96;8.73;126.29;5.04;54.46;ESTAVEL
2022-10-04;1664841600000;RBED11.SA;134.99;134.99;130.01;132.3;115.99;1888;fii;107.05;8.35;126.35;4.71;53.18;ESTAVEL
2022-10-05;1664928000000;RBED11.SA;132.31;132.31;131.1;131.24;115.06;1126;fii;107.13;7.41;126.4;3.83;49.41;ESTAVEL
2022-10-06;1665014400000;RBED11.SA;131.89;135.0;131.34;135.0;118.36;859;fii;107.24;10.37;126.49;6.73;60.18;ESTAVEL
2022-10-07;1665100800000;RBED11.SA;133.91;134.84;131.9;134.0;117.48;662;fii;107.34;9.45;126.56;5.88;56.72;ESTAVEL
2022-10-10;1665360000000;RBED11.SA;135.0;135.0;132.0;132.02;115.74;1306;fii;107.42;7.74;126.62;4.27;50.52;ESTAVEL
2022-10-11;1665446400000;RBED11.SA;134.48;134.48;132.8;133.78;117.29;294;fii;107.52;9.08;126.69;5.6;55.21;ESTAVEL
2022-10-13;1665619200000;RBED11.SA;133.5;134.39;132.0;134.37;117.8;1002;fii;107.62;9.45;126.76;6.0;56.67;ESTAVEL
2022-10-14;1665705600000;RBED11.SA;134.37;134.49;132.0;133.5;117.04;1046;fii;107.72;8.65;126.83;5.26;53.86;ESTAVEL
2022-10-17;1665964800000;RBED11.SA;133.56;135.0;133.56;134.5;117.92;1339;fii;107.82;9.37;126.91;5.98;56.55;ESTAVEL
2022-10-18;1666051200000;RBED11.SA;134.99;135.49;134.57;135.15;118.49;620;fii;107.93;9.79;126.99;6.43;58.24;ESTAVEL
2022-10-19;1666137600000;RBED11.SA;135.49;135.98;133.53;134.05;117.52;991;fii;108.02;8.79;127.06;5.5;54.35;ESTAVEL
2022-10-20;1666224000000;RBED11.SA;134.05;134.5;132.11;133.97;117.45;828;fii;108.12;8.63;127.13;5.38;54.07;ESTAVEL
2022-10-21;1666310400000;RBED11.SA;132.14;135.0;132.14;134.06;117.53;472;fii;108.21;8.61;127.2;5.39;54.36;ESTAVEL
2022-10-24;1666569600000;RBED11.SA;134.96;134.97;134.09;134.83;118.21;541;fii;108.31;9.14;127.27;5.94;56.86;ESTAVEL
2022-10-25;1666656000000;RBED11.SA;134.97;134.97;133.88;133.88;117.37;504;fii;108.4;8.28;127.34;5.14;53.0;ESTAVEL
2022-10-26;1666742400000;RBED11.SA;134.95;134.96;132.89;132.89;116.51;990;fii;108.48;7.4;127.4;4.31;49.32;ESTAVEL
2022-10-27;1666828800000;RBED11.SA;134.58;134.58;132.87;133.05;116.65;1053;fii;108.56;7.45;127.45;4.39;49.93;ESTAVEL
2022-10-28;1666915200000;RBED11.SA;133.05;133.8;133.0;133.8;117.3;948;fii;108.65;7.96;127.51;4.93;52.77;ESTAVEL
2022-10-31;1667174400000;RBED11.SA;133.1;134.0;130.27;133.29;116.86;4726;fii;108.73;7.48;127.57;4.48;50.67;ESTAVEL
2022-11-01;1667260800000;RBED11.SA;133.29;133.29;131.62;131.69;116.53;699;fii;108.81;7.1;127.61;3.19;49.1;ESTAVEL
2022-11-03;1667433600000;RBED11.SA;131.71;132.39;131.02;131.2;116.1;951;fii;108.88;6.63;127.65;2.78;47.04;ESTAVEL
2022-11-04;1667520000000;RBED11.SA;131.19;131.73;131.15;131.16;116.06;730;fii;108.95;6.52;127.68;2.72;46.85;ESTAVEL
2022-11-07;1667779200000;RBED11.SA;131.16;131.74;129.74;130.84;115.78;2428;fii;109.02;6.2;127.72;2.45;45.42;ESTAVEL
2022-11-08;1667865600000;RBED11.SA;130.84;130.84;129.93;129.97;115.01;1721;fii;109.08;5.44;127.74;1.75;41.65;ESTAVEL
2022-11-09;1667952000000;RBED11.SA;130.0;131.58;129.91;130.99;115.91;942;fii;109.15;6.2;127.77;2.52;47.16;ESTAVEL
2022-11-10;1668038400000;RBED11.SA;130.31;130.6;126.8;127.3;112.64;2430;fii;109.18;3.17;127.77;-0.36;34.44;ESTAVEL
2022-11-11;1668124800000;RBED11.SA;127.13;128.97;127.0;127.8;113.09;1841;fii;109.22;3.54;127.77;0.03;36.96;ESTAVEL
2022-11-14;1668384000000;RBED11.SA;127.9;131.0;127.9;128.29;113.52;1215;fii;109.26;3.9;127.77;0.41;39.36;ESTAVEL
2022-11-16;1668556800000;RBED11.SA;129.2;130.0;127.76;127.86;113.14;1159;fii;109.3;3.51;127.77;0.07;37.98;ESTAVEL
2022-11-17;1668643200000;RBED11.SA;127.98;128.0;124.91;125.9;111.41;1713;fii;109.32;1.91;127.75;-1.45;32.43;ESTAVEL
2022-11-18;1668729600000;RBED11.SA;125.9;127.9;125.73;127.49;112.81;995;fii;109.36;3.16;127.75;-0.2;40.07;ESTAVEL
2022-11-21;1668988800000;RBED11.SA;127.47;127.48;126.0;126.51;111.95;873;fii;109.38;2.35;127.74;-0.96;37.28;ESTAVEL
2022-11-22;1669075200000;RBED11.SA;126.5;127.33;124.79;125.89;111.4;2070;fii;109.4;1.82;127.72;-1.43;35.57;ESTAVEL
2022-11-23;1669161600000;RBED11.SA;125.96;126.0;125.0;125.5;111.05;769;fii;109.42;1.49;127.7;-1.72;34.49;ESTAVEL
2022-11-24;1669248000000;RBED11.SA;125.0;125.0;124.3;124.93;110.55;640;fii;109.43;1.02;127.67;-2.15;32.95;ESTAVEL
2022-11-25;1669334400000;RBED11.SA;124.95;125.0;124.95;125.0;110.61;794;fii;109.44;1.07;127.64;-2.07;33.34;ESTAVEL
2022-11-28;1669593600000;RBED11.SA;124.95;125.09;123.76;125.0;110.61;1922;fii;109.45;1.06;127.62;-2.05;33.34;ESTAVEL
2022-11-29;1669680000000;RBED11.SA;123.28;124.98;123.15;123.59;109.36;1887;fii;109.45;-0.09;127.58;-3.13;29.28;SUBIR
2022-11-30;1669766400000;RBED11.SA;123.59;127.0;123.58;125.55;111.1;1648;fii;109.47;1.49;127.56;-1.57;40.2;ESTAVEL
2022-12-01;1669852800000;RBED11.SA;125.57;126.99;122.73;122.9;109.83;1788;fii;109.47;0.33;127.51;-3.62;35.85;ESTAVEL
2022-12-02;1669939200000;RBED11.SA;122.9;123.0;122.78;122.9;109.83;942;fii;109.48;0.32;127.46;-3.58;35.85;ESTAVEL
2022-12-05;1670198400000;RBED11.SA;123.01;125.0;123.0;124.92;111.63;2672;fii;109.5;1.95;127.44;-1.98;45.53;ESTAVEL
2022-12-06;1670284800000;RBED11.SA;124.89;124.89;122.6;122.86;109.79;788;fii;109.5;0.26;127.39;-3.56;39.04;ESTAVEL
2022-12-07;1670371200000;RBED11.SA;124.85;124.85;120.11;121.0;108.13;1771;fii;109.49;-1.24;127.33;-4.97;34.29;ESTAVEL
2022-12-08;1670457600000;RBED11.SA;121.0;121.0;118.75;118.8;106.16;2618;fii;109.45;-3.01;127.25;-6.64;29.68;SUBIR
2022-12-09;1670544000000;RBED11.SA;118.8;121.83;118.8;121.52;108.59;272;fii;109.45;-0.78;127.19;-4.46;40.34;ESTAVEL
2022-12-12;1670803200000;RBED11.SA;122.0;122.0;119.02;119.47;106.76;2494;fii;109.42;-2.43;127.11;-6.01;35.92;ESTAVEL
2022-12-13;1670889600000;RBED11.SA;120.0;120.0;119.02;119.29;106.6;854;fii;109.39;-2.55;127.03;-6.1;35.56;ESTAVEL
2022-12-14;1670976000000;RBED11.SA;119.3;119.49;115.1;117.01;104.56;2740;fii;109.34;-4.37;126.93;-7.82;31.19;ESTAVEL
2022-12-15;1671062400000;RBED11.SA;117.01;118.19;116.55;117.56;105.05;3514;fii;109.3;-3.89;126.84;-7.32;33.31;ESTAVEL
2022-12-16;1671148800000;RBED11.SA;117.56;119.49;115.64;116.0;103.66;1947;fii;109.24;-5.11;126.73;-8.47;30.44;ESTAVEL
2022-12-19;1671408000000;RBED11.SA;115.99;119.22;115.98;117.95;105.4;1001;fii;109.21;-3.49;126.65;-6.87;37.67;ESTAVEL
2022-12-20;1671494400000;RBED11.SA;117.95;119.16;116.27;117.75;105.22;2744;fii;109.17;-3.61;126.56;-6.96;37.24;ESTAVEL
2022-12-21;1671580800000;RBED11.SA;117.75;118.16;117.25;118.0;105.45;2258;fii;109.13;-3.37;126.47;-6.7;38.21;ESTAVEL
2022-12-22;1671667200000;RBED11.SA;118.0;118.5;117.79;117.8;105.27;2151;fii;109.09;-3.5;126.39;-6.79;37.72;ESTAVEL
2022-12-23;1671753600000;RBED11.SA;118.49;118.49;117.43;117.46;104.97;1704;fii;109.05;-3.74;126.3;-7.0;36.87;ESTAVEL
2022-12-26;1672012800000;RBED11.SA;117.8;117.8;117.2;117.4;104.91;1229;fii;109.01;-3.76;126.21;-6.98;36.69;ESTAVEL
2022-12-27;1672099200000;RBED11.SA;117.2;117.99;116.1;117.96;105.41;2989;fii;108.97;-3.27;126.13;-6.47;39.33;ESTAVEL
2022-12-28;1672185600000;RBED11.SA;117.96;118.0;117.36;117.63;105.12;1284;fii;108.93;-3.5;126.04;-6.67;38.33;ESTAVEL
2022-12-29;1672272000000;RBED11.SA;117.75;117.75;117.66;117.7;105.18;1562;fii;108.9;-3.41;125.96;-6.56;38.68;ESTAVEL
2023-01-02;1672617600000;RBED11.SA;117.35;119.85;115.15;117.46;106.1;1804;fii;108.87;-2.54;125.87;-6.68;43.89;ESTAVEL
2023-01-03;1672704000000;RBED11.SA;117.5;119.0;116.44;117.35;106.0;1694;fii;108.84;-2.61;125.79;-6.71;43.46;ESTAVEL
2023-01-04;1672790400000;RBED11.SA;117.34;118.5;117.29;118.5;107.04;1500;fii;108.82;-1.64;125.72;-5.74;49.08;ESTAVEL
2023-01-05;1672876800000;RBED11.SA;117.61;118.5;117.61;118.03;106.62;905;fii;108.8;-2.0;125.64;-6.06;47.04;ESTAVEL
2023-01-06;1672963200000;RBED11.SA;118.03;118.5;117.61;117.8;106.41;1255;fii;108.78;-2.18;125.56;-6.18;46.02;ESTAVEL
2023-01-09;1673222400000;RBED11.SA;117.8;118.3;117.51;118.3;106.86;887;fii;108.76;-1.75;125.49;-5.73;48.61;ESTAVEL
2023-01-10;1673308800000;RBED11.SA;118.3;118.89;117.81;118.8;107.31;2094;fii;108.74;-1.32;125.42;-5.28;51.13;ESTAVEL
2023-01-11;1673395200000;RBED11.SA;118.8;118.8;118.4;118.75;107.27;1046;fii;108.73;-1.34;125.36;-5.27;50.89;ESTAVEL
2023-01-12;1673481600000;RBED11.SA;118.75;122.81;118.5;119.01;107.5;1317;fii;108.72;-1.12;125.29;-5.02;52.27;ESTAVEL
2023-01-13;1673568000000;RBED11.SA;119.49;125.99;119.48;122.99;111.1;4182;fii;108.74;2.17;125.27;-1.82;67.63;ESTAVEL
2023-01-16;1673827200000;RBED11.SA;123.25;123.25;120.02;121.02;109.32;1319;fii;108.75;0.53;125.23;-3.36;57.74;ESTAVEL
2023-01-17;1673913600000;RBED11.SA;123.0;123.25;118.18;118.27;106.83;2812;fii;108.73;-1.74;125.16;-5.5;47.31;ESTAVEL
2023-01-18;1674000000000;RBED11.SA;118.7;120.99;118.7;120.91;109.22;1111;fii;108.73;0.45;125.12;-3.36;55.6;ESTAVEL
2023-01-19;1674086400000;RBED11.SA;119.77;121.5;119.77;121.37;109.63;498;fii;108.74;0.82;125.08;-2.97;56.85;ESTAVEL
2023-01-20;1674172800000;RBED11.SA;121.37;121.5;120.0;121.27;109.54;1451;fii;108.75;0.73;125.04;-3.02;56.48;ESTAVEL
2023-01-23;1674432000000;RBED11.SA;121.39;121.4;120.23;121.0;109.3;981;fii;108.75;0.5;125.0;-3.2;55.42;ESTAVEL
2023-01-24;1674518400000;RBED11.SA;121.0;121.49;120.43;120.75;109.07;606;fii;108.76;0.29;124.96;-3.37;54.37;ESTAVEL
2023-01-25;1674604800000;RBED11.SA;120.99;120.99;119.0;120.48;108.83;925;fii;108.76;0.07;124.91;-3.55;53.24;ESTAVEL
2023-01-26;1674691200000;RBED11.SA;120.48;120.92;120.0;120.25;108.62;834;fii;108.76;-0.13;124.87;-3.7;52.22;ESTAVEL
2023-01-27;1674777600000;RBED11.SA;120.25;120.25;120.11;120.15;108.53;2192;fii;108.75;-0.21;124.82;-3.74;51.76;ESTAVEL
2023-01-30;1675036800000;RBED11.SA;120.2;120.2;119.52;120.19;108.57;1123;fii;108.75;-0.17;124.78;-3.67;51.96;ESTAVEL
2023-01-31;1675123200000;RBED11.SA;120.2;120.2;119.96;119.96;108.36;1676;fii;108.75;-0.36;124.73;-3.82;50.75;ESTAVEL
2023-02-01;1675209600000;RBED11.SA;119.93;120.08;118.9;119.03;108.66;604;fii;108.75;-0.08;124.67;-4.52;52.45;ESTAVEL
2023-02-02;1675296000000;RBED11.SA;119.04;119.99;119.03;119.99;109.54;615;fii;108.76;0.72;124.62;-3.72;57.11;ESTAVEL
2023-02-03;1675382400000;RBED11.SA;119.05;120.0;119.0;119.12;108.74;1341;fii;108.76;-0.01;124.57;-4.37;52.11;ESTAVEL
2023-02-06;1675641600000;RBED11.SA;119.12;119.5;118.5;119.39;108.99;1817;fii;108.76;0.21;124.52;-4.12;53.48;ESTAVEL
2023-02-07;1675728000000;RBED11.SA;119.39;119.4;119.1;119.1;108.72;369;fii;108.76;-0.03;124.46;-4.31;51.76;ESTAVEL
2023-02-08;1675814400000;RBED11.SA;119.29;119.3;118.07;118.07;107.78;1463;fii;108.75;-0.89;124.4;-5.09;46.18;ESTAVEL
2023-02-09;1675900800000;RBED11.SA;118.07;119.36;117.95;117.96;107.68;1921;fii;108.74;-0.97;124.34;-5.13;45.61;ESTAVEL
2023-02-10;1675987200000;RBED11.SA;117.9;118.88;117.35;118.09;107.8;1088;fii;108.73;-0.85;124.27;-4.98;46.46;ESTAVEL
2023-02-13;1676246400000;RBED11.SA;118.09;119.32;117.8;117.9;107.63;1106;fii;108.72;-1.0;124.21;-5.08;45.38;ESTAVEL
2023-02-14;1676332800000;RBED11.SA;119.17;119.19;117.35;117.61;107.36;1914;fii;108.7;-1.24;124.14;-5.26;43.65;ESTAVEL
2023-02-15;1676419200000;RBED11.SA;117.61;119.19;117.11;117.33;107.11;1882;fii;108.69;-1.45;124.08;-5.44;42.06;ESTAVEL
2023-02-16;1676505600000;RBED11.SA;119.19;119.19;117.17;117.3;107.08;1124;fii;108.67;-1.46;124.01;-5.41;41.86;ESTAVEL
2023-02-17;1676592000000;RBED11.SA;117.3;118.42;117.14;117.5;107.26;2619;fii;108.66;-1.29;123.94;-5.2;43.58;ESTAVEL
2023-02-22;1677024000000;RBED11.SA;117.5;118.59;117.5;118.0;107.72;840;fii;108.65;-0.85;123.89;-4.75;47.81;ESTAVEL
2023-02-23;1677110400000;RBED11.SA;117.8;118.99;117.48;118.82;108.47;865;fii;108.65;-0.16;123.84;-4.05;53.89;ESTAVEL
2023-02-24;1677196800000;RBED11.SA;119.5;120.67;119.31;119.31;108.92;946;fii;108.65;0.25;123.79;-3.62;57.12;ESTAVEL
2023-02-27;1677456000000;RBED11.SA;119.4;120.66;119.31;120.55;110.05;1264;fii;108.66;1.28;123.76;-2.59;63.94;ESTAVEL
2023-02-28;1677542400000;RBED11.SA;120.55;127.0;119.83;122.44;111.77;1171;fii;108.69;2.83;123.74;-1.05;71.4;ESTAVEL
2023-03-01;1677628800000;RBED11.SA;122.45;125.95;119.55;120.87;111.49;733;fii;108.72;2.55;123.72;-2.3;68.9;ESTAVEL
2023-03-02;1677715200000;RBED11.SA;120.87;125.79;118.99;122.99;113.44;667;fii;108.77;4.29;123.71;-0.58;75.37;ESTAVEL
2023-03-03;1677801600000;RBED11.SA;124.47;124.47;121.5;122.5;112.99;533;fii;108.81;3.84;123.7;-0.97;71.67;ESTAVEL
2023-03-06;1678060800000;RBED11.SA;122.98;122.99;121.49;121.86;112.4;561;fii;108.85;3.26;123.68;-1.47;67.02;ESTAVEL
2023-03-07;1678147200000;RBED11.SA;122.98;122.98;121.86;122.1;112.62;552;fii;108.88;3.43;123.66;-1.26;67.85;ESTAVEL
2023-03-08;1678233600000;RBED11.SA;122.01;123.62;121.91;122.19;112.71;754;fii;108.92;3.48;123.65;-1.18;68.21;ESTAVEL
2023-03-09;1678320000000;RBED11.SA;122.11;123.7;119.05;122.8;113.27;1402;fii;108.97;3.95;123.64;-0.68;70.4;ESTAVEL
2023-03-10;1678406400000;RBED11.SA;122.79;123.5;122.0;122.2;112.71;638;fii;109.0;3.4;123.63;-1.15;65.53;ESTAVEL
2023-03-13;1678665600000;RBED11.SA;122.19;122.55;121.18;121.2;111.79;1119;fii;109.03;2.53;123.6;-1.94;58.39;ESTAVEL
2023-03-14;1678752000000;RBED11.SA;122.55;122.6;122.1;122.6;113.08;634;fii;109.07;3.68;123.59;-0.8;64.27;ESTAVEL
2023-03-15;1678838400000;RBED11.SA;122.6;123.5;118.8;121.06;111.66;1138;fii;109.1;2.35;123.57;-2.03;55.04;ESTAVEL
2023-03-16;1678924800000;RBED11.SA;123.47;123.47;121.06;122.1;112.62;531;fii;109.13;3.2;123.55;-1.17;59.3;ESTAVEL
2023-03-17;1679011200000;RBED11.SA;122.1;124.01;119.8;123.84;114.23;1546;fii;109.18;4.62;123.55;0.23;65.24;ESTAVEL
2023-03-20;1679270400000;RBED11.SA;123.82;123.82;121.0;121.2;111.79;753;fii;109.21;2.36;123.53;-1.89;52.69;ESTAVEL
2023-03-21;1679356800000;RBED11.SA;123.49;123.76;121.31;123.69;114.09;612;fii;109.26;4.42;123.53;0.13;60.42;ESTAVEL
2023-03-22;1679443200000;RBED11.SA;123.69;123.7;122.41;123.35;113.78;628;fii;109.3;4.1;123.53;-0.15;59.02;ESTAVEL
2023-03-23;1679529600000;RBED11.SA;123.34;123.34;122.25;122.99;113.44;351;fii;109.34;3.75;123.53;-0.43;57.45;ESTAVEL
2023-03-24;1679616000000;RBED11.SA;123.34;123.35;121.66;122.23;112.74;413;fii;109.38;3.07;123.51;-1.04;54.24;ESTAVEL
2023-03-27;1679875200000;RBED11.SA;122.24;122.24;120.0;120.0;110.69;994;fii;109.39;1.19;123.48;-2.82;46.13;ESTAVEL
2023-03-28;1679961600000;RBED11.SA;121.93;121.93;120.01;120.6;111.24;753;fii;109.41;1.67;123.45;-2.31;48.36;ESTAVEL
2023-03-29;1680048000000;RBED11.SA;120.6;120.6;118.0;120.44;111.09;1513;fii;109.43;1.52;123.42;-2.41;47.78;ESTAVEL
2023-03-30;1680134400000;RBED11.SA;120.39;121.86;120.0;120.43;111.08;587;fii;109.44;1.5;123.39;-2.4;47.74;ESTAVEL
2023-03-31;1680220800000;RBED11.SA;120.55;123.35;120.43;123.29;113.72;7414;fii;109.48;3.87;123.39;-0.08;58.03;ESTAVEL
2023-04-03;1680480000000;RBED11.SA;122.3;122.3;118.35;120.6;112.39;1257;fii;109.51;2.63;123.36;-2.24;52.43;ESTAVEL
2023-04-04;1680566400000;RBED11.SA;120.6;121.97;120.11;120.11;111.93;1250;fii;109.54;2.18;123.33;-2.61;50.61;ESTAVEL
2023-04-05;1680652800000;RBED11.SA;120.2;121.29;118.0;120.0;111.83;1389;fii;109.56;2.07;123.3;-2.67;50.2;ESTAVEL
2023-04-06;1680739200000;RBED11.SA;119.89;120.59;118.5;120.24;112.05;1788;fii;109.58;2.25;123.26;-2.45;51.13;ESTAVEL
2023-04-10;1681084800000;RBED11.SA;120.89;120.89;118.4;119.83;111.67;1408;fii;109.61;1.88;123.23;-2.76;49.41;ESTAVEL
2023-04-11;1681171200000;RBED11.SA;121.2;121.2;119.85;120.93;112.69;1196;fii;109.64;2.79;123.21;-1.85;53.9;ESTAVEL
2023-04-12;1681257600000;RBED11.SA;120.94;120.95;120.0;120.54;112.33;989;fii;109.66;2.43;123.18;-2.14;52.14;ESTAVEL
2023-04-13;1681344000000;RBED11.SA;120.88;120.88;119.89;120.54;112.33;939;fii;109.69;2.41;123.15;-2.12;52.14;ESTAVEL
2023-04-14;1681430400000;RBED11.SA;120.54;122.9;119.46;120.39;112.19;1779;fii;109.71;2.26;123.13;-2.22;51.39;ESTAVEL
2023-04-17;1681689600000;RBED11.SA;120.38;121.54;120.01;120.3;112.11;1742;fii;109.74;2.16;123.1;-2.27;50.93;ESTAVEL
2023-04-18;1681776000000;RBED11.SA;120.3;120.94;119.0;120.2;112.01;2502;fii;109.76;2.05;123.07;-2.33;50.33;ESTAVEL
2023-04-19;1681862400000;RBED11.SA;120.2;120.95;119.15;120.89;112.66;1693;fii;109.79;2.61;123.05;-1.75;54.11;ESTAVEL
2023-04-20;1681948800000;RBED11.SA;119.17;120.84;119.17;119.95;111.78;1887;fii;109.81;1.79;123.02;-2.49;48.71;ESTAVEL
2023-04-24;1682294400000;RBED11.SA;119.53;120.95;119.51;120.02;111.85;958;fii;109.83;1.84;122.99;-2.41;49.14;ESTAVEL
2023-04-25;1682380800000;RBED11.SA;120.02;120.99;120.01;120.52;112.31;1517;fii;109.85;2.24;122.96;-1.99;52.02;ESTAVEL
2023-04-26;1682467200000;RBED11.SA;120.54;120.85;119.6;119.96;111.79;1469;fii;109.87;1.74;122.93;-2.42;48.67;ESTAVEL
2023-04-27;1682553600000;RBED11.SA;119.96;120.19;119.9;119.99;111.82;1492;fii;109.89;1.75;122.9;-2.37;48.87;ESTAVEL
2023-04-28;1682640000000;RBED11.SA;121.0;121.97;119.92;120.05;111.87;3214;fii;109.91;1.78;122.88;-2.3;49.24;ESTAVEL
2023-05-02;1682985600000;RBED11.SA;120.05;120.65;119.0;119.22;112.28;1635;fii;109.94;2.13;122.84;-2.95;52.24;ESTAVEL
2023-05-03;1683072000000;RBED11.SA;119.22;119.44;118.98;119.04;112.11;2649;fii;109.96;1.96;122.8;-3.06;50.89;ESTAVEL
2023-05-04;1683158400000;RBED11.SA;119.43;119.43;119.09;119.34;112.39;1166;fii;109.98;2.19;122.77;-2.79;53.03;ESTAVEL
2023-05-05;1683244800000;RBED11.SA;119.34;119.56;118.95;119.0;112.07;2553;fii;110.0;1.88;122.73;-3.04;50.33;ESTAVEL
2023-05-08;1683504000000;RBED11.SA;119.6;119.74;119.0;119.03;112.1;3755;fii;110.02;1.89;122.69;-2.99;50.59;ESTAVEL
2023-05-09;1683590400000;RBED11.SA;119.0;119.19;118.85;119.05;112.12;1480;fii;110.04;1.89;122.66;-2.94;50.77;ESTAVEL
2023-05-10;1683676800000;RBED11.SA;119.25;119.25;119.09;119.13;112.2;2024;fii;110.07;1.94;122.62;-2.85;51.53;ESTAVEL
2023-05-11;1683763200000;RBED11.SA;119.5;120.01;119.15;120.0;113.01;2111;fii;110.1;2.65;122.6;-2.12;58.55;ESTAVEL
2023-05-12;1683849600000;RBED11.SA;120.01;120.68;119.78;120.12;113.13;1938;fii;110.13;2.73;122.57;-2.0;59.48;ESTAVEL
2023-05-15;1684108800000;RBED11.SA;120.56;121.54;120.14;121.54;114.46;2356;fii;110.17;3.9;122.56;-0.83;68.08;ESTAVEL
2023-05-16;1684195200000;RBED11.SA;123.0;124.79;121.54;122.93;115.77;1164;fii;110.22;5.03;122.56;0.3;73.95;ESTAVEL
2023-05-17;1684281600000;RBED11.SA;124.66;127.89;120.29;122.49;115.36;6601;fii;110.28;4.61;122.56;-0.06;69.63;ESTAVEL
2023-05-18;1684368000000;RBED11.SA;123.2;125.75;122.85;123.71;116.51;1966;fii;110.34;5.59;122.57;0.93;74.18;ESTAVEL
2023-05-19;1684454400000;RBED11.SA;123.7;124.58;122.01;123.0;115.84;2666;fii;110.39;4.93;122.58;0.34;67.81;ESTAVEL
2023-05-22;1684713600000;RBED11.SA;124.31;124.31;122.8;122.8;115.65;1120;fii;110.44;4.71;122.58;0.18;66.08;ESTAVEL
2023-05-23;1684800000000;RBED11.SA;122.79;122.79;122.01;122.12;115.01;1524;fii;110.49;4.09;122.58;-0.37;60.47;ESTAVEL
2023-05-24;1684886400000;RBED11.SA;123.54;123.54;122.45;122.79;115.64;1446;fii;110.54;4.61;122.58;0.17;63.73;ESTAVEL
2023-05-25;1684972800000;RBED11.SA;123.31;124.09;122.51;122.8;115.65;1512;fii;110.59;4.57;122.58;0.18;63.78;ESTAVEL
2023-05-26;1685059200000;RBED11.SA;124.09;124.09;122.52;123.89;116.68;1302;fii;110.65;5.45;122.59;1.06;68.68;ESTAVEL
2023-05-29;1685318400000;RBED11.SA;123.89;124.28;123.01;123.52;116.33;1443;fii;110.71;5.08;122.6;0.75;65.44;ESTAVEL
2023-05-30;1685404800000;RBED11.SA;124.12;125.2;124.11;124.84;117.57;803;fii;110.78;6.13;122.63;1.81;70.71;ESTAVEL
2023-05-31;1685491200000;RBED11.SA;124.99;127.01;124.85;126.96;119.57;1796;fii;110.87;7.85;122.67;3.5;76.84;ESTAVEL
2023-06-01;1685577600000;RBED11.SA;124.72;125.47;123.32;123.43;117.41;1001;fii;110.93;5.84;122.68;0.61;61.8;ESTAVEL
2023-06-02;1685664000000;RBED11.SA;123.44;125.45;123.44;125.45;119.33;872;fii;111.01;7.49;122.7;2.24;67.83;ESTAVEL
2023-06-05;1685923200000;RBED11.SA;125.45;125.45;123.53;124.0;117.95;1658;fii;111.08;6.18;122.72;1.05;60.44;ESTAVEL
2023-06-06;1686009600000;RBED11.SA;124.49;124.97;123.63;124.94;118.85;1768;fii;111.16;6.92;122.74;1.79;63.25;ESTAVEL
2023-06-07;1686096000000;RBED11.SA;124.94;125.32;124.11;124.96;118.87;1175;fii;111.24;6.86;122.76;1.79;63.31;ESTAVEL
2023-06-09;1686268800000;RBED11.SA;125.0;125.96;124.96;124.96;118.87;1326;fii;111.31;6.79;122.78;1.77;63.31;ESTAVEL
2023-06-12;1686528000000;RBED11.SA;125.93;126.65;124.96;125.73;119.6;1340;fii;111.4;7.37;122.81;2.38;65.77;ESTAVEL
2023-06-13;1686614400000;RBED11.SA;124.96;126.7;124.96;125.99;119.85;1256;fii;111.48;7.51;122.84;2.56;66.6;ESTAVEL
2023-06-14;1686700800000;RBED11.SA;125.96;127.75;125.87;127.07;120.87;935;fii;111.57;8.33;122.89;3.4;69.8;ESTAVEL
2023-06-15;1686787200000;RBED11.SA;127.0;129.49;126.55;129.39;123.08;1273;fii;111.69;10.2;122.95;5.24;75.32;CAIR
2023-06-16;1686873600000;RBED11.SA;129.4;130.89;129.4;130.89;124.51;1041;fii;111.81;11.35;123.03;6.39;78.11;CAIR
2023-06-19;1687132800000;RBED11.SA;130.89;131.13;130.0;131.03;124.64;1345;fii;111.94;11.34;123.11;6.43;78.35;CAIR
2023-06-20;1687219200000;RBED11.SA;131.13;132.0;130.47;131.9;125.47;1626;fii;112.08;11.95;123.2;7.06;79.86;CAIR
2023-06-21;1687305600000;RBED11.SA;131.88;132.01;130.57;131.87;125.44;953;fii;112.21;11.79;123.28;6.97;79.64;CAIR
2023-06-22;1687392000000;RBED11.SA;132.2;136.0;132.2;133.0;126.51;2730;fii;112.35;12.6;123.38;7.8;81.57;CAIR
2023-06-23;1687478400000;RBED11.SA;135.0;136.0;132.52;136.0;129.37;1783;fii;112.52;14.97;123.51;10.12;85.51;CAIR
2023-06-26;1687737600000;RBED11.SA;134.0;137.09;134.0;136.94;130.26;798;fii;112.7;15.58;123.64;10.76;86.48;CAIR
2023-06-27;1687824000000;RBED11.SA;136.94;137.25;135.82;137.19;130.5;1010;fii;112.88;15.61;123.77;10.84;86.73;CAIR
2023-06-28;1687910400000;RBED11.SA;137.19;137.6;136.0;136.62;129.96;1497;fii;113.05;14.96;123.9;10.26;82.91;CAIR
2023-06-29;1687996800000;RBED11.SA;136.0;137.5;133.77;135.5;128.89;2058;fii;113.2;13.86;124.02;9.26;75.78;CAIR
2023-06-30;1688083200000;RBED11.SA;136.69;137.98;135.54;137.97;131.24;1134;fii;113.38;15.75;124.16;11.13;79.87;CAIR
2023-07-03;1688342400000;RBED11.SA;137.97;138.9;135.67;136.72;131.25;2238;fii;113.56;15.58;124.28;10.01;79.89;CAIR
2023-07-04;1688428800000;RBED11.SA;138.18;138.18;134.51;137.47;131.97;4343;fii;113.74;16.02;124.41;10.5;81.03;CAIR
2023-07-05;1688515200000;RBED11.SA;137.45;137.46;134.4;135.39;129.97;1585;fii;113.9;14.1;124.52;8.73;69.29;ESTAVEL
2023-07-06;1688601600000;RBED11.SA;137.4;137.4;135.17;135.7;130.27;983;fii;114.07;14.2;124.63;8.88;69.99;ESTAVEL
2023-07-07;1688688000000;RBED11.SA;135.69;140.9;135.49;139.99;134.39;2486;fii;114.27;17.61;124.79;12.18;77.57;CAIR
2023-07-10;1688947200000;RBED11.SA;139.87;139.88;136.51;137.01;131.53;3657;fii;114.44;14.93;124.91;9.69;65.25;ESTAVEL
2023-07-11;1689033600000;RBED11.SA;138.96;138.98;137.55;137.99;132.47;2947;fii;114.62;15.57;125.04;10.36;67.1;ESTAVEL
2023-07-12;1689120000000;RBED11.SA;138.0;139.11;137.59;138.93;133.37;1234;fii;114.81;16.17;125.18;10.99;68.81;ESTAVEL
2023-07-13;1689206400000;RBED11.SA;138.93;138.95;137.21;138.72;133.17;1336;fii;114.99;15.81;125.31;10.7;67.96;ESTAVEL
2023-07-14;1689292800000;RBED11.SA;138.71;138.87;137.0;137.0;131.52;1841;fii;115.15;14.21;125.43;9.23;61.27;ESTAVEL
2023-07-17;1689552000000;RBED11.SA;137.0;139.12;136.97;137.77;132.26;1253;fii;115.33;14.68;125.55;9.73;63.03;ESTAVEL
2023-07-18;1689638400000;RBED11.SA;137.8;137.8;136.81;137.44;131.94;1240;fii;115.49;14.24;125.67;9.37;61.72;ESTAVEL
2023-07-19;1689724800000;RBED11.SA;137.44;137.59;136.73;137.5;132.0;691;fii;115.65;14.13;125.79;9.31;61.88;ESTAVEL
2023-07-20;1689811200000;RBED11.SA;137.5;137.5;136.06;136.8;131.33;1092;fii;115.81;13.4;125.9;8.66;58.93;ESTAVEL
2023-07-21;1689897600000;RBED11.SA;136.8;136.9;135.79;136.0;130.56;5170;fii;115.96;12.59;126.0;7.94;55.64;ESTAVEL
2023-07-24;1690156800000;RBED11.SA;136.0;136.77;135.85;136.74;131.27;5687;fii;116.11;13.06;126.1;8.44;57.97;ESTAVEL
2023-07-25;1690243200000;RBED11.SA;136.74;136.74;135.27;136.48;131.02;1518;fii;116.26;12.7;126.21;8.14;56.84;ESTAVEL
2023-07-26;1690329600000;RBED11.SA;136.48;138.0;136.48;137.28;131.79;1856;fii;116.41;13.21;126.32;8.68;59.46;ESTAVEL
2023-07-27;1690416000000;RBED11.SA;137.3;138.0;135.22;136.95;131.47;1111;fii;116.56;12.79;126.42;8.33;57.89;ESTAVEL
2023-07-28;1690502400000;RBED11.SA;137.0;137.64;137.0;137.46;131.96;971;fii;116.72;13.06;126.53;8.64;59.65;ESTAVEL
2023-07-31;1690761600000;RBED11.SA;137.5;137.6;137.3;137.53;132.03;1528;fii;116.87;12.97;126.64;8.6;59.91;ESTAVEL
2023-08-01;1690848000000;RBED11.SA;137.55;137.65;135.01;136.69;132.6;2801;fii;117.02;13.31;126.74;7.85;62.04;ESTAVEL
2023-08-02;1690934400000;RBED11.SA;137.0;137.0;135.09;135.8;131.74;2340;fii;117.17;12.43;126.83;7.07;57.11;ESTAVEL
2023-08-03;1691020800000;RBED11.SA;136.0;136.48;136.0;136.48;132.4;1195;fii;117.32;12.85;126.93;7.53;59.75;ESTAVEL
2023-08-04;1691107200000;RBED11.SA;136.48;137.0;136.39;136.6;132.51;698;fii;117.47;12.8;127.02;7.54;60.19;ESTAVEL
2023-08-07;1691366400000;RBED11.SA;136.5;136.95;136.44;136.7;132.61;2557;fii;117.62;12.74;127.12;7.54;60.61;ESTAVEL
2023-08-08;1691452800000;RBED11.SA;137.0;137.49;136.71;137.29;133.18;1202;fii;117.78;13.08;127.22;7.91;63.02;ESTAVEL
2023-08-09;1691539200000;RBED11.SA;137.29;137.49;137.03;137.1;133.0;1371;fii;117.93;12.78;127.32;7.68;61.74;ESTAVEL
2023-08-10;1691625600000;RBED11.SA;137.11;137.46;137.1;137.4;133.29;1382;fii;118.08;12.88;127.42;7.83;63.04;ESTAVEL
2023-08-11;1691712000000;RBED11.SA;137.4;138.4;137.0;138.4;134.26;1778;fii;118.24;13.54;127.53;8.52;67.08;ESTAVEL
2023-08-14;1691971200000;RBED11.SA;138.4;138.89;137.5;138.0;133.87;2073;fii;118.4;13.07;127.63;8.12;64.05;ESTAVEL
2023-08-15;1692057600000;RBED11.SA;138.0;138.0;137.46;137.5;133.39;1346;fii;118.55;12.52;127.73;7.65;60.43;ESTAVEL
2023-08-16;1692144000000;RBED11.SA;137.79;138.0;137.3;138.0;133.87;2284;fii;118.7;12.78;127.83;7.95;62.7;ESTAVEL
2023-08-17;1692230400000;RBED11.SA;138.0;138.0;137.43;137.69;133.57;2279;fii;118.85;12.39;127.93;7.63;60.37;ESTAVEL
2023-08-18;1692316800000;RBED11.SA;138.0;138.0;137.77;138.0;133.87;4461;fii;119.0;12.5;128.03;7.79;61.89;ESTAVEL
2023-08-21;1692576000000;RBED11.SA;138.0;138.0;137.69;138.0;133.87;2593;fii;119.15;12.36;128.13;7.7;61.89;ESTAVEL
2023-08-22;1692662400000;RBED11.SA;138.0;139.02;137.76;139.02;134.86;836;fii;119.3;13.04;128.24;8.41;66.79;ESTAVEL
2023-08-23;1692748800000;RBED11.SA;139.99;141.99;139.99;140.74;136.53;1621;fii;119.47;14.28;128.36;9.64;73.07;CAIR
2023-08-24;1692835200000;RBED11.SA;140.8;141.9;140.77;141.5;137.27;1851;fii;119.65;14.72;128.49;10.12;75.3;CAIR
2023-08-25;1692921600000;RBED11.SA;141.51;142.0;140.0;140.99;136.77;1770;fii;119.82;14.14;128.62;9.62;71.02;CAIR
2023-08-28;1693180800000;RBED11.SA;140.99;141.99;140.0;141.48;137.25;1949;fii;120.0;14.38;128.75;9.89;72.63;CAIR
2023-08-29;1693267200000;RBED11.SA;141.48;142.5;139.82;139.88;135.69;1401;fii;120.15;12.93;128.86;8.55;60.82;ESTAVEL
2023-08-30;1693353600000;RBED11.SA;139.88;140.49;138.74;139.59;135.41;1518;fii;120.3;12.56;128.96;8.24;58.96;ESTAVEL
2023-08-31;1693440000000;RBED11.SA;140.03;141.14;139.81;140.5;136.3;986;fii;120.46;13.15;129.08;8.85;62.84;ESTAVEL
2023-09-01;1693526400000;RBED11.SA;140.4;140.99;127.11;133.25;130.59;93148;fii;120.56;8.32;129.12;3.2;38.02;ESTAVEL
2023-09-04;1693785600000;RBED11.SA;134.38;136.66;134.38;135.4;132.7;6093;fii;120.68;9.96;129.18;4.81;46.44;ESTAVEL
2023-09-05;1693872000000;RBED11.SA;135.4;135.4;133.9;134.0;131.33;3438;fii;120.79;8.73;129.23;3.69;42.41;ESTAVEL
2023-09-06;1693958400000;RBED11.SA;134.0;135.57;133.0;134.75;132.06;6813;fii;120.9;9.23;129.29;4.23;45.14;ESTAVEL
2023-09-08;1694131200000;RBED11.SA;134.76;137.88;134.72;137.27;134.53;2189;fii;121.04;11.15;129.37;6.11;53.22;ESTAVEL
2023-09-11;1694390400000;RBED11.SA;137.26;137.26;133.8;136.59;133.87;3075;fii;121.17;10.49;129.44;5.53;51.06;ESTAVEL
2023-09-12;1694476800000;RBED11.SA;136.59;139.84;136.0;138.69;135.92;4168;fii;121.31;12.04;129.53;7.07;56.92;ESTAVEL
2023-09-13;1694563200000;RBED11.SA;137.2;138.49;136.99;137.7;134.95;1129;fii;121.45;11.12;129.61;6.24;53.65;ESTAVEL
2023-09-14;1694649600000;RBED11.SA;138.43;138.43;137.49;137.81;135.06;667;fii;121.58;11.08;129.69;6.26;53.97;ESTAVEL
2023-09-15;1694736000000;RBED11.SA;137.81;138.35;137.4;138.25;135.49;1710;fii;121.72;11.31;129.78;6.53;55.28;ESTAVEL
2023-09-18;1694995200000;RBED11.SA;138.25;140.29;137.4;139.92;137.13;1928;fii;121.88;12.52;129.88;7.73;59.97;ESTAVEL
2023-09-19;1695081600000;RBED11.SA;139.91;140.28;139.85;139.85;137.06;1045;fii;122.03;12.32;129.98;7.6;59.68;ESTAVEL
2023-09-20;1695168000000;RBED11.SA;140.27;141.0;139.85;141.0;138.19;3796;fii;122.19;13.1;130.09;8.39;62.79;ESTAVEL
2023-09-21;1695254400000;RBED11.SA;141.04;141.97;139.66;139.7;136.91;1992;fii;122.33;11.92;130.18;7.31;57.4;ESTAVEL
2023-09-22;1695340800000;RBED11.SA;141.0;141.94;140.0;141.2;138.38;2599;fii;122.49;12.97;130.29;8.37;61.49;ESTAVEL
2023-09-25;1695600000000;RBED11.SA;141.51;141.94;140.3;140.91;138.1;1843;fii;122.65;12.6;130.4;8.06;60.3;ESTAVEL
2023-09-26;1695686400000;RBED11.SA;140.91;140.91;139.4;139.5;136.72;2126;fii;122.79;11.35;130.49;6.91;54.69;ESTAVEL
2023-09-27;1695772800000;RBED11.SA;140.58;141.22;138.02;140.62;137.82;2249;fii;122.94;12.11;130.59;7.68;58.04;ESTAVEL
2023-09-28;1695859200000;RBED11.SA;140.49;140.99;138.61;140.99;138.18;676;fii;123.09;12.26;130.69;7.88;59.11;ESTAVEL
2023-09-29;1695945600000;RBED11.SA;141.33;143.98;141.21;143.86;140.99;1520;fii;123.27;14.38;130.82;9.96;66.3;ESTAVEL
2023-10-02;1696204800000;RBED11.SA;142.42;142.42;139.98;141.82;140.39;1368;fii;123.44;13.73;130.93;8.31;63.72;ESTAVEL
2023-10-03;1696291200000;RBED11.SA;141.82;142.3;141.8;142.15;140.71;1531;fii;123.61;13.83;131.04;8.47;64.51;ESTAVEL
2023-10-04;1696377600000;RBED11.SA;142.2;142.2;140.62;140.63;139.21;1111;fii;123.77;12.48;131.14;7.24;58.11;ESTAVEL
2023-10-05;1696464000000;RBED11.SA;141.85;142.0;140.52;141.46;140.03;1230;fii;123.93;12.99;131.24;7.78;60.42;ESTAVEL
2023-10-06;1696550400000;RBED11.SA;141.46;142.08;141.0;142.0;140.57;873;fii;124.09;13.28;131.35;8.11;61.91;ESTAVEL
2023-10-09;1696809600000;RBED11.SA;142.0;142.18;139.25;141.01;139.59;3797;fii;124.25;12.35;131.45;7.28;57.67;ESTAVEL
2023-10-10;1696896000000;RBED11.SA;140.0;141.99;139.27;141.01;139.59;3003;fii;124.4;12.21;131.54;7.2;57.67;ESTAVEL
2023-10-11;1696982400000;RBED11.SA;141.69;141.78;140.66;140.99;139.57;625;fii;124.55;12.06;131.64;7.11;57.57;ESTAVEL
2023-10-13;1697155200000;RBED11.SA;141.0;141.65;140.65;141.41;139.98;869;fii;124.7;12.25;131.73;7.35;59.04;ESTAVEL
2023-10-16;1697414400000;RBED11.SA;141.41;141.75;140.65;140.79;139.37;1064;fii;124.85;11.63;131.82;6.8;55.94;ESTAVEL
2023-10-17;1697500800000;RBED11.SA;140.79;140.79;139.38;140.5;139.08;2904;fii;124.99;11.27;131.91;6.51;54.48;ESTAVEL
2023-10-18;1697587200000;RBED11.SA;140.6;140.71;139.72;140.49;139.07;738;fii;125.13;11.14;131.99;6.44;54.43;ESTAVEL
2023-10-19;1697673600000;RBED11.SA;140.49;141.43;139.51;139.68;138.27;1351;fii;125.26;10.38;132.07;5.76;50.23;ESTAVEL
2023-10-20;1697760000000;RBED11.SA;139.68;140.44;139.36;139.36;137.95;1132;fii;125.39;10.02;132.14;5.46;48.61;ESTAVEL
2023-10-23;1698019200000;RBED11.SA;139.36;140.0;139.36;139.76;138.35;674;fii;125.52;10.22;132.22;5.7;50.74;ESTAVEL
2023-10-24;1698105600000;RBED11.SA;139.78;142.18;139.78;141.97;140.54;1698;fii;125.67;11.84;132.32;7.3;60.43;ESTAVEL
2023-10-25;1698192000000;RBED11.SA;141.9;142.21;140.2;142.0;140.57;850;fii;125.82;11.73;132.41;7.24;60.54;ESTAVEL
2023-10-26;1698278400000;RBED11.SA;142.0;142.0;140.51;141.68;140.25;1216;fii;125.96;11.35;132.5;6.92;58.6;ESTAVEL
2023-10-27;1698364800000;RBED11.SA;141.54;142.2;140.56;141.85;140.42;1011;fii;126.1;11.35;132.6;6.98;59.34;ESTAVEL
2023-10-30;1698624000000;RBED11.SA;141.0;142.0;141.0;141.47;140.04;861;fii;126.24;10.93;132.69;6.62;56.87;ESTAVEL
2023-10-31;1698710400000;RBED11.SA;141.46;143.5;140.88;143.5;142.05;2741;fii;126.4;12.38;132.79;8.06;65.14;ESTAVEL
2023-11-01;1698796800000;RBED11.SA;142.0;142.0;141.0;141.22;141.22;1086;fii;126.55;11.6;132.88;6.28;60.02;ESTAVEL
2023-11-03;1698969600000;RBED11.SA;141.22;141.97;140.52;140.52;140.52;767;fii;126.69;10.92;132.95;5.69;56.02;ESTAVEL
2023-11-06;1699228800000;RBED11.SA;140.52;141.15;139.58;140.0;140.0;2083;fii;126.82;10.39;133.02;5.24;53.19;ESTAVEL
2023-11-07;1699315200000;RBED11.SA;140.0;140.0;138.0;139.77;139.77;8814;fii;126.95;10.1;133.09;5.02;51.94;ESTAVEL
2023-11-08;1699401600000;RBED11.SA;139.77;139.8;138.02;139.45;139.45;1566;fii;127.07;9.74;133.15;4.73;50.17;ESTAVEL
2023-11-09;1699488000000;RBED11.SA;139.44;139.98;138.99;138.99;138.99;1779;fii;127.19;9.28;133.21;4.34;47.65;ESTAVEL
2023-11-10;1699574400000;RBED11.SA;139.59;140.35;137.05;140.0;140.0;5059;fii;127.32;9.96;133.28;5.04;53.2;ESTAVEL
2023-11-13;1699833600000;RBED11.SA;140.0;140.0;138.36;139.39;139.39;1313;fii;127.44;9.38;133.34;4.54;49.77;ESTAVEL
2023-11-14;1699920000000;RBED11.SA;139.9;141.0;139.4;140.99;140.99;1631;fii;127.57;10.52;133.42;5.68;57.51;ESTAVEL
2023-11-16;1700092800000;RBED11.SA;140.99;141.6;140.01;140.81;140.81;1348;fii;127.7;10.26;133.49;5.48;56.45;ESTAVEL
2023-11-17;1700179200000;RBED11.SA;141.0;141.91;141.0;141.5;141.5;1162;fii;127.84;10.68;133.57;5.94;59.51;ESTAVEL
2023-11-20;1700438400000;RBED11.SA;141.5;142.95;141.09;142.6;142.6;1137;fii;127.99;11.42;133.66;6.69;63.87;ESTAVEL
2023-11-21;1700524800000;RBED11.SA;142.5;142.5;141.01;141.95;141.95;878;fii;128.13;10.79;133.74;6.14;59.78;ESTAVEL
2023-11-22;1700611200000;RBED11.SA;141.98;142.6;141.02;142.02;142.02;1649;fii;128.27;10.72;133.82;6.12;60.07;ESTAVEL
2023-11-23;1700697600000;RBED11.SA;142.12;142.12;141.11;141.39;141.39;878;fii;128.4;10.12;133.9;5.59;56.06;ESTAVEL
2023-11-24;1700784000000;RBED11.SA;141.97;142.55;141.2;142.1;142.1;1076;fii;128.53;10.56;133.98;6.06;59.36;ESTAVEL
2023-11-27;1701043200000;RBED11.SA;141.21;142.15;141.2;141.77;141.77;748;fii;128.66;10.19;134.06;5.75;57.21;ESTAVEL
2023-11-28;1701129600000;RBED11.SA;141.77;142.92;141.26;142.9;142.9;5106;fii;128.81;10.94;134.15;6.52;62.25;ESTAVEL
2023-11-29;1701216000000;RBED11.SA;142.69;142.89;141.36;142.52;142.52;2441;fii;128.94;10.53;134.23;6.18;59.7;ESTAVEL
2023-11-30;1701302400000;RBED11.SA;142.89;145.0;142.14;144.01;144.01;1943;fii;129.09;11.56;134.33;7.21;65.63;ESTAVEL
